# Procedural World Studio OBJ export
# vertices=4381 faces=3325
v 846.663000 498.650000 0.000000
v 843.139000 509.775000 0.000000
v 832.912000 519.810000 0.000000
v 816.983000 527.775000 0.000000
v 796.912000 532.888000 0.000000
v 774.663000 534.650000 0.000000
v 752.413000 532.888000 0.000000
v 732.342000 527.775000 0.000000
v 716.413000 519.810000 0.000000
v 706.187000 509.775000 0.000000
v 702.663000 498.650000 0.000000
v 706.187000 487.526000 0.000000
v 716.413000 477.490000 0.000000
v 732.342000 469.526000 0.000000
v 752.413000 464.412000 0.000000
v 774.663000 462.650000 0.000000
v 796.912000 464.412000 0.000000
v 816.983000 469.526000 0.000000
v 832.912000 477.490000 0.000000
v 843.139000 487.526000 0.000000
v 0.000000 450.000000 0.050000
v 1200.000000 450.000000 0.050000
v 144.000000 0.000000 0.050000
v 1008.000000 900.000000 0.050000
v 0.000000 98.190000 0.000000
v 100.000000 111.845000 0.000000
v 200.000000 124.184000 0.000000
v 300.000000 111.633000 0.000000
v 400.000000 71.400000 0.000000
v 500.000000 64.261000 0.000000
v 600.000000 58.225000 0.000000
v 700.000000 83.678000 0.000000
v 800.000000 106.129000 0.000000
v 900.000000 115.948000 0.000000
v 1000.000000 105.448000 0.000000
v 1100.000000 82.932000 0.000000
v 1200.000000 63.341000 0.000000
v 0.000000 205.534000 0.000000
v 100.000000 203.136000 0.000000
v 200.000000 196.928000 0.000000
v 300.000000 159.563000 0.000000
v 400.000000 145.562000 0.000000
v 500.000000 154.163000 0.000000
v 600.000000 193.071000 0.000000
v 700.000000 209.211000 0.000000
v 800.000000 202.142000 0.000000
v 900.000000 181.365000 0.000000
v 1000.000000 172.122000 0.000000
v 1100.000000 156.321000 0.000000
v 1200.000000 153.752000 0.000000
v 0.000000 300.867000 0.000000
v 100.000000 275.860000 0.000000
v 200.000000 244.846000 0.000000
v 300.000000 235.033000 0.000000
v 400.000000 258.188000 0.000000
v 500.000000 266.895000 0.000000
v 600.000000 290.231000 0.000000
v 700.000000 303.717000 0.000000
v 800.000000 269.831000 0.000000
v 900.000000 253.240000 0.000000
v 1000.000000 244.525000 0.000000
v 1100.000000 258.056000 0.000000
v 1200.000000 277.458000 0.000000
v 0.000000 367.789000 0.000000
v 100.000000 328.608000 0.000000
v 200.000000 332.027000 0.000000
v 300.000000 343.056000 0.000000
v 400.000000 376.801000 0.000000
v 500.000000 398.618000 0.000000
v 600.000000 385.075000 0.000000
v 700.000000 359.015000 0.000000
v 800.000000 341.109000 0.000000
v 900.000000 333.962000 0.000000
v 1000.000000 351.560000 0.000000
v 1100.000000 374.315000 0.000000
v 1200.000000 385.379000 0.000000
v 0.000000 424.596000 0.000000
v 100.000000 415.788000 0.000000
v 200.000000 434.018000 0.000000
v 300.000000 462.507000 0.000000
v 400.000000 475.043000 0.000000
v 500.000000 475.779000 0.000000
v 600.000000 458.859000 0.000000
v 700.000000 416.456000 0.000000
v 800.000000 426.284000 0.000000
v 900.000000 438.198000 0.000000
v 1000.000000 467.645000 0.000000
v 1100.000000 477.039000 0.000000
v 1200.000000 475.257000 0.000000
v 0.000000 503.684000 0.000000
v 100.000000 533.477000 0.000000
v 200.000000 551.609000 0.000000
v 300.000000 562.400000 0.000000
v 400.000000 555.819000 0.000000
v 500.000000 547.176000 0.000000
v 600.000000 511.638000 0.000000
v 700.000000 519.129000 0.000000
v 800.000000 534.603000 0.000000
v 900.000000 560.643000 0.000000
v 1000.000000 580.576000 0.000000
v 1100.000000 557.897000 0.000000
v 1200.000000 544.011000 0.000000
v 0.000000 613.841000 0.000000
v 100.000000 638.617000 0.000000
v 200.000000 661.673000 0.000000
v 300.000000 646.855000 0.000000
v 400.000000 624.700000 0.000000
v 500.000000 598.621000 0.000000
v 600.000000 601.150000 0.000000
v 700.000000 622.492000 0.000000
v 800.000000 646.512000 0.000000
v 900.000000 663.375000 0.000000
v 1000.000000 648.813000 0.000000
v 1100.000000 627.923000 0.000000
v 1200.000000 603.185000 0.000000
v 0.000000 744.226000 0.000000
v 100.000000 754.146000 0.000000
v 200.000000 746.498000 0.000000
v 300.000000 715.652000 0.000000
v 400.000000 700.929000 0.000000
v 500.000000 699.699000 0.000000
v 600.000000 718.729000 0.000000
v 700.000000 732.431000 0.000000
v 800.000000 751.339000 0.000000
v 900.000000 735.851000 0.000000
v 1000.000000 716.681000 0.000000
v 1100.000000 681.923000 0.000000
v 1200.000000 683.214000 0.000000
v 0.000000 843.065000 0.000000
v 100.000000 829.286000 0.000000
v 200.000000 807.406000 0.000000
v 300.000000 781.286000 0.000000
v 400.000000 790.240000 0.000000
v 500.000000 801.283000 0.000000
v 600.000000 825.188000 0.000000
v 700.000000 839.039000 0.000000
v 800.000000 818.799000 0.000000
v 900.000000 800.794000 0.000000
v 1000.000000 771.448000 0.000000
v 1100.000000 783.634000 0.000000
v 1200.000000 814.172000 0.000000
v 72.000000 162.000000 0.050000
v 80.213000 738.000000 0.050000
v 216.000000 162.000000 0.050000
v 206.654000 738.000000 0.050000
v 360.000000 162.000000 0.050000
v 371.851000 738.000000 0.050000
v 504.000000 162.000000 0.050000
v 502.308000 738.000000 0.050000
v 648.000000 162.000000 0.050000
v 660.019000 738.000000 0.050000
v 792.000000 162.000000 0.050000
v 782.312000 738.000000 0.050000
v 936.000000 162.000000 0.050000
v 950.037000 738.000000 0.050000
v 1080.000000 162.000000 0.050000
v 1090.337000 738.000000 0.050000
v 0.000000 0.000000 0.000000
v 312.000000 0.000000 0.000000
v 312.000000 270.000000 0.000000
v 0.000000 270.000000 0.000000
v 308.423000 0.000000 0.000000
v 620.423000 0.000000 0.000000
v 620.423000 270.000000 0.000000
v 308.423000 270.000000 0.000000
v 631.627000 0.000000 0.000000
v 919.627000 0.000000 0.000000
v 919.627000 270.000000 0.000000
v 631.627000 270.000000 0.000000
v 912.000000 0.000000 0.000000
v 1200.000000 0.000000 0.000000
v 1200.000000 270.000000 0.000000
v 912.000000 270.000000 0.000000
v 0.000000 263.005000 0.000000
v 312.000000 263.005000 0.000000
v 312.000000 497.005000 0.000000
v 0.000000 497.005000 0.000000
v 318.034000 277.475000 0.000000
v 630.034000 277.475000 0.000000
v 630.034000 511.475000 0.000000
v 318.034000 511.475000 0.000000
v 621.528000 264.721000 0.000000
v 909.528000 264.721000 0.000000
v 909.528000 498.721000 0.000000
v 621.528000 498.721000 0.000000
v 912.000000 262.065000 0.000000
v 1200.000000 262.065000 0.000000
v 1200.000000 496.065000 0.000000
v 912.000000 496.065000 0.000000
v 0.000000 505.359000 0.000000
v 312.000000 505.359000 0.000000
v 312.000000 703.359000 0.000000
v 0.000000 703.359000 0.000000
v 316.353000 497.308000 0.000000
v 628.353000 497.308000 0.000000
v 628.353000 695.308000 0.000000
v 316.353000 695.308000 0.000000
v 628.982000 496.425000 0.000000
v 916.982000 496.425000 0.000000
v 916.982000 694.425000 0.000000
v 628.982000 694.425000 0.000000
v 912.000000 510.633000 0.000000
v 1200.000000 510.633000 0.000000
v 1200.000000 708.633000 0.000000
v 912.000000 708.633000 0.000000
v 0.000000 702.000000 0.000000
v 312.000000 702.000000 0.000000
v 312.000000 900.000000 0.000000
v 0.000000 900.000000 0.000000
v 306.336000 702.000000 0.000000
v 618.336000 702.000000 0.000000
v 618.336000 900.000000 0.000000
v 306.336000 900.000000 0.000000
v 616.281000 702.000000 0.000000
v 904.281000 702.000000 0.000000
v 904.281000 900.000000 0.000000
v 616.281000 900.000000 0.000000
v 912.000000 702.000000 0.000000
v 1200.000000 702.000000 0.000000
v 1200.000000 900.000000 0.000000
v 912.000000 900.000000 0.000000
v 3.120000 3.120000 0.000000
v 152.880000 0.554000 0.000000
v 152.880000 86.880000 0.000000
v 3.120000 89.446000 0.000000
v 159.120000 3.120000 0.000000
v 308.880000 4.609000 0.000000
v 308.880000 86.880000 0.000000
v 159.120000 85.391000 0.000000
v 3.120000 93.120000 0.000000
v 152.880000 91.180000 0.000000
v 152.880000 176.880000 0.000000
v 3.120000 178.820000 0.000000
v 159.120000 93.120000 0.000000
v 308.880000 90.380000 0.000000
v 308.880000 176.880000 0.000000
v 159.120000 179.620000 0.000000
v 3.120000 183.120000 0.000000
v 152.880000 181.245000 0.000000
v 152.880000 266.880000 0.000000
v 3.120000 268.755000 0.000000
v 159.120000 183.120000 0.000000
v 308.880000 180.798000 0.000000
v 308.880000 266.880000 0.000000
v 159.120000 269.202000 0.000000
v 311.543000 3.120000 0.000000
v 461.303000 2.564000 0.000000
v 461.303000 131.880000 0.000000
v 311.543000 132.436000 0.000000
v 467.543000 3.120000 0.000000
v 617.303000 0.280000 0.000000
v 617.303000 131.880000 0.000000
v 467.543000 134.720000 0.000000
v 311.543000 138.120000 0.000000
v 461.303000 136.713000 0.000000
v 461.303000 266.880000 0.000000
v 311.543000 268.287000 0.000000
v 467.543000 138.120000 0.000000
v 617.303000 137.473000 0.000000
v 617.303000 266.880000 0.000000
v 467.543000 267.527000 0.000000
v 634.507000 2.880000 0.000000
v 724.747000 4.709000 0.000000
v 724.747000 87.120000 0.000000
v 634.507000 85.291000 0.000000
v 730.507000 2.880000 0.000000
v 820.747000 0.292000 0.000000
v 820.747000 87.120000 0.000000
v 730.507000 89.708000 0.000000
v 826.507000 2.880000 0.000000
v 916.747000 0.000000 0.000000
v 916.747000 87.120000 0.000000
v 826.507000 90.107000 0.000000
v 634.507000 92.880000 0.000000
v 724.747000 94.379000 0.000000
v 724.747000 177.120000 0.000000
v 634.507000 175.621000 0.000000
v 730.507000 92.880000 0.000000
v 820.747000 90.910000 0.000000
v 820.747000 177.120000 0.000000
v 730.507000 179.090000 0.000000
v 826.507000 92.880000 0.000000
v 916.747000 92.938000 0.000000
v 916.747000 177.120000 0.000000
v 826.507000 177.062000 0.000000
v 634.507000 182.880000 0.000000
v 724.747000 181.025000 0.000000
v 724.747000 267.120000 0.000000
v 634.507000 268.975000 0.000000
v 730.507000 182.880000 0.000000
v 820.747000 181.510000 0.000000
v 820.747000 267.120000 0.000000
v 730.507000 268.490000 0.000000
v 826.507000 182.880000 0.000000
v 916.747000 180.054000 0.000000
v 916.747000 267.120000 0.000000
v 826.507000 269.946000 0.000000
v 914.880000 2.880000 0.000000
v 1005.120000 5.476000 0.000000
v 1005.120000 87.120000 0.000000
v 914.880000 84.524000 0.000000
v 1010.880000 2.880000 0.000000
v 1101.120000 2.489000 0.000000
v 1101.120000 87.120000 0.000000
v 1010.880000 87.511000 0.000000
v 1106.880000 2.880000 0.000000
v 1197.120000 3.190000 0.000000
v 1197.120000 87.120000 0.000000
v 1106.880000 86.810000 0.000000
v 914.880000 92.880000 0.000000
v 1005.120000 91.643000 0.000000
v 1005.120000 177.120000 0.000000
v 914.880000 178.357000 0.000000
v 1010.880000 92.880000 0.000000
v 1101.120000 93.982000 0.000000
v 1101.120000 177.120000 0.000000
v 1010.880000 176.018000 0.000000
v 1106.880000 92.880000 0.000000
v 1197.120000 93.145000 0.000000
v 1197.120000 177.120000 0.000000
v 1106.880000 176.855000 0.000000
v 914.880000 182.880000 0.000000
v 1005.120000 180.547000 0.000000
v 1005.120000 267.120000 0.000000
v 914.880000 269.453000 0.000000
v 1010.880000 182.880000 0.000000
v 1101.120000 185.421000 0.000000
v 1101.120000 267.120000 0.000000
v 1010.880000 264.579000 0.000000
v 1106.880000 182.880000 0.000000
v 1197.120000 182.968000 0.000000
v 1197.120000 267.120000 0.000000
v 1106.880000 267.032000 0.000000
v 3.120000 266.125000 0.000000
v 152.880000 267.024000 0.000000
v 152.880000 337.885000 0.000000
v 3.120000 336.986000 0.000000
v 159.120000 266.125000 0.000000
v 308.880000 265.596000 0.000000
v 308.880000 337.885000 0.000000
v 159.120000 338.414000 0.000000
v 3.120000 344.125000 0.000000
v 152.880000 342.601000 0.000000
v 152.880000 415.885000 0.000000
v 3.120000 417.409000 0.000000
v 159.120000 344.125000 0.000000
v 308.880000 345.592000 0.000000
v 308.880000 415.885000 0.000000
v 159.120000 414.418000 0.000000
v 3.120000 422.125000 0.000000
v 152.880000 420.195000 0.000000
v 152.880000 493.885000 0.000000
v 3.120000 495.815000 0.000000
v 159.120000 422.125000 0.000000
v 308.880000 419.680000 0.000000
v 308.880000 493.885000 0.000000
v 159.120000 496.330000 0.000000
v 321.154000 280.595000 0.000000
v 418.914000 278.445000 0.000000
v 418.914000 352.355000 0.000000
v 321.154000 354.505000 0.000000
v 425.154000 280.595000 0.000000
v 522.914000 281.499000 0.000000
v 522.914000 352.355000 0.000000
v 425.154000 351.451000 0.000000
v 529.154000 280.595000 0.000000
v 626.914000 282.093000 0.000000
v 626.914000 352.355000 0.000000
v 529.154000 350.857000 0.000000
v 321.154000 358.595000 0.000000
v 418.914000 359.861000 0.000000
v 418.914000 430.355000 0.000000
v 321.154000 429.089000 0.000000
v 425.154000 358.595000 0.000000
v 522.914000 355.778000 0.000000
v 522.914000 430.355000 0.000000
v 425.154000 433.172000 0.000000
v 529.154000 358.595000 0.000000
v 626.914000 358.844000 0.000000
v 626.914000 430.355000 0.000000
v 529.154000 430.106000 0.000000
v 321.154000 436.595000 0.000000
v 418.914000 437.209000 0.000000
v 418.914000 508.355000 0.000000
v 321.154000 507.741000 0.000000
v 425.154000 436.595000 0.000000
v 522.914000 435.955000 0.000000
v 522.914000 508.355000 0.000000
v 425.154000 508.995000 0.000000
v 529.154000 436.595000 0.000000
v 626.914000 437.861000 0.000000
v 626.914000 508.355000 0.000000
v 529.154000 507.089000 0.000000
v 624.408000 267.601000 0.000000
v 714.648000 267.003000 0.000000
v 714.648000 339.841000 0.000000
v 624.408000 340.439000 0.000000
v 720.408000 267.601000 0.000000
v 810.648000 267.332000 0.000000
v 810.648000 339.841000 0.000000
v 720.408000 340.110000 0.000000
v 816.408000 267.601000 0.000000
v 906.648000 269.142000 0.000000
v 906.648000 339.841000 0.000000
v 816.408000 338.300000 0.000000
v 624.408000 345.601000 0.000000
v 714.648000 347.121000 0.000000
v 714.648000 417.841000 0.000000
v 624.408000 416.321000 0.000000
v 720.408000 345.601000 0.000000
v 810.648000 342.606000 0.000000
v 810.648000 417.841000 0.000000
v 720.408000 420.836000 0.000000
v 816.408000 345.601000 0.000000
v 906.648000 344.901000 0.000000
v 906.648000 417.841000 0.000000
v 816.408000 418.541000 0.000000
v 624.408000 423.601000 0.000000
v 714.648000 425.026000 0.000000
v 714.648000 495.841000 0.000000
v 624.408000 494.416000 0.000000
v 720.408000 423.601000 0.000000
v 810.648000 423.043000 0.000000
v 810.648000 495.841000 0.000000
v 720.408000 496.399000 0.000000
v 816.408000 423.601000 0.000000
v 906.648000 426.100000 0.000000
v 906.648000 495.841000 0.000000
v 816.408000 493.342000 0.000000
v 914.880000 264.945000 0.000000
v 1005.120000 262.270000 0.000000
v 1005.120000 337.185000 0.000000
v 914.880000 339.860000 0.000000
v 1010.880000 264.945000 0.000000
v 1101.120000 266.193000 0.000000
v 1101.120000 337.185000 0.000000
v 1010.880000 335.937000 0.000000
v 1106.880000 264.945000 0.000000
v 1197.120000 262.085000 0.000000
v 1197.120000 337.185000 0.000000
v 1106.880000 340.045000 0.000000
v 914.880000 342.945000 0.000000
v 1005.120000 345.884000 0.000000
v 1005.120000 415.185000 0.000000
v 914.880000 412.246000 0.000000
v 1010.880000 342.945000 0.000000
v 1101.120000 340.830000 0.000000
v 1101.120000 415.185000 0.000000
v 1010.880000 417.300000 0.000000
v 1106.880000 342.945000 0.000000
v 1197.120000 343.331000 0.000000
v 1197.120000 415.185000 0.000000
v 1106.880000 414.799000 0.000000
v 914.880000 420.945000 0.000000
v 1005.120000 419.440000 0.000000
v 1005.120000 493.185000 0.000000
v 914.880000 494.690000 0.000000
v 1010.880000 420.945000 0.000000
v 1101.120000 418.484000 0.000000
v 1101.120000 493.185000 0.000000
v 1010.880000 495.646000 0.000000
v 1106.880000 420.945000 0.000000
v 1197.120000 418.475000 0.000000
v 1197.120000 493.185000 0.000000
v 1106.880000 495.655000 0.000000
v 3.120000 508.479000 0.000000
v 152.880000 510.380000 0.000000
v 152.880000 601.239000 0.000000
v 3.120000 599.338000 0.000000
v 159.120000 508.479000 0.000000
v 308.880000 509.236000 0.000000
v 308.880000 601.239000 0.000000
v 159.120000 600.482000 0.000000
v 3.120000 607.479000 0.000000
v 152.880000 607.175000 0.000000
v 152.880000 700.239000 0.000000
v 3.120000 700.543000 0.000000
v 159.120000 607.479000 0.000000
v 308.880000 608.541000 0.000000
v 308.880000 700.239000 0.000000
v 159.120000 699.177000 0.000000
v 319.473000 500.428000 0.000000
v 417.233000 501.291000 0.000000
v 417.233000 560.188000 0.000000
v 319.473000 559.325000 0.000000
v 423.473000 500.428000 0.000000
v 521.233000 498.089000 0.000000
v 521.233000 560.188000 0.000000
v 423.473000 562.527000 0.000000
v 527.473000 500.428000 0.000000
v 625.233000 503.202000 0.000000
v 625.233000 560.188000 0.000000
v 527.473000 557.414000 0.000000
v 319.473000 566.428000 0.000000
v 417.233000 567.625000 0.000000
v 417.233000 626.188000 0.000000
v 319.473000 624.991000 0.000000
v 423.473000 566.428000 0.000000
v 521.233000 566.437000 0.000000
v 521.233000 626.188000 0.000000
v 423.473000 626.179000 0.000000
v 527.473000 566.428000 0.000000
v 625.233000 565.244000 0.000000
v 625.233000 626.188000 0.000000
v 527.473000 627.372000 0.000000
v 319.473000 632.428000 0.000000
v 417.233000 630.679000 0.000000
v 417.233000 692.188000 0.000000
v 319.473000 693.937000 0.000000
v 423.473000 632.428000 0.000000
v 521.233000 629.920000 0.000000
v 521.233000 692.188000 0.000000
v 423.473000 694.696000 0.000000
v 527.473000 632.428000 0.000000
v 625.233000 635.107000 0.000000
v 625.233000 692.188000 0.000000
v 527.473000 689.509000 0.000000
v 631.862000 499.305000 0.000000
v 722.102000 501.880000 0.000000
v 722.102000 559.545000 0.000000
v 631.862000 556.970000 0.000000
v 727.862000 499.305000 0.000000
v 818.102000 502.096000 0.000000
v 818.102000 559.545000 0.000000
v 727.862000 556.754000 0.000000
v 823.862000 499.305000 0.000000
v 914.102000 499.121000 0.000000
v 914.102000 559.545000 0.000000
v 823.862000 559.729000 0.000000
v 631.862000 565.305000 0.000000
v 722.102000 566.016000 0.000000
v 722.102000 625.545000 0.000000
v 631.862000 624.834000 0.000000
v 727.862000 565.305000 0.000000
v 818.102000 567.133000 0.000000
v 818.102000 625.545000 0.000000
v 727.862000 623.717000 0.000000
v 823.862000 565.305000 0.000000
v 914.102000 562.351000 0.000000
v 914.102000 625.545000 0.000000
v 823.862000 628.499000 0.000000
v 631.862000 631.305000 0.000000
v 722.102000 631.665000 0.000000
v 722.102000 691.545000 0.000000
v 631.862000 691.185000 0.000000
v 727.862000 631.305000 0.000000
v 818.102000 628.743000 0.000000
v 818.102000 691.545000 0.000000
v 727.862000 694.107000 0.000000
v 823.862000 631.305000 0.000000
v 914.102000 633.814000 0.000000
v 914.102000 691.545000 0.000000
v 823.862000 689.036000 0.000000
v 914.880000 513.513000 0.000000
v 1005.120000 511.316000 0.000000
v 1005.120000 573.753000 0.000000
v 914.880000 575.950000 0.000000
v 1010.880000 513.513000 0.000000
v 1101.120000 513.024000 0.000000
v 1101.120000 573.753000 0.000000
v 1010.880000 574.242000 0.000000
v 1106.880000 513.513000 0.000000
v 1197.120000 512.255000 0.000000
v 1197.120000 573.753000 0.000000
v 1106.880000 575.011000 0.000000
v 914.880000 579.513000 0.000000
v 1005.120000 577.641000 0.000000
v 1005.120000 639.753000 0.000000
v 914.880000 641.625000 0.000000
v 1010.880000 579.513000 0.000000
v 1101.120000 581.236000 0.000000
v 1101.120000 639.753000 0.000000
v 1010.880000 638.030000 0.000000
v 1106.880000 579.513000 0.000000
v 1197.120000 579.733000 0.000000
v 1197.120000 639.753000 0.000000
v 1106.880000 639.533000 0.000000
v 914.880000 645.513000 0.000000
v 1005.120000 644.701000 0.000000
v 1005.120000 705.753000 0.000000
v 914.880000 706.565000 0.000000
v 1010.880000 645.513000 0.000000
v 1101.120000 648.313000 0.000000
v 1101.120000 705.753000 0.000000
v 1010.880000 702.953000 0.000000
v 1106.880000 645.513000 0.000000
v 1197.120000 646.224000 0.000000
v 1197.120000 705.753000 0.000000
v 1106.880000 705.042000 0.000000
v 3.120000 705.120000 0.000000
v 152.880000 705.926000 0.000000
v 152.880000 797.880000 0.000000
v 3.120000 797.074000 0.000000
v 159.120000 705.120000 0.000000
v 308.880000 705.335000 0.000000
v 308.880000 797.880000 0.000000
v 159.120000 797.665000 0.000000
v 3.120000 804.120000 0.000000
v 152.880000 806.286000 0.000000
v 152.880000 896.880000 0.000000
v 3.120000 894.714000 0.000000
v 159.120000 804.120000 0.000000
v 308.880000 806.548000 0.000000
v 308.880000 896.880000 0.000000
v 159.120000 894.452000 0.000000
v 309.456000 705.120000 0.000000
v 407.216000 703.247000 0.000000
v 407.216000 764.880000 0.000000
v 309.456000 766.753000 0.000000
v 413.456000 705.120000 0.000000
v 511.216000 706.771000 0.000000
v 511.216000 764.880000 0.000000
v 413.456000 763.229000 0.000000
v 517.456000 705.120000 0.000000
v 615.216000 702.828000 0.000000
v 615.216000 764.880000 0.000000
v 517.456000 767.172000 0.000000
v 309.456000 771.120000 0.000000
v 407.216000 769.652000 0.000000
v 407.216000 830.880000 0.000000
v 309.456000 832.348000 0.000000
v 413.456000 771.120000 0.000000
v 511.216000 772.101000 0.000000
v 511.216000 830.880000 0.000000
v 413.456000 829.899000 0.000000
v 517.456000 771.120000 0.000000
v 615.216000 768.879000 0.000000
v 615.216000 830.880000 0.000000
v 517.456000 833.121000 0.000000
v 309.456000 837.120000 0.000000
v 407.216000 837.815000 0.000000
v 407.216000 896.880000 0.000000
v 309.456000 896.185000 0.000000
v 413.456000 837.120000 0.000000
v 511.216000 838.945000 0.000000
v 511.216000 896.880000 0.000000
v 413.456000 895.055000 0.000000
v 517.456000 837.120000 0.000000
v 615.216000 839.456000 0.000000
v 615.216000 896.880000 0.000000
v 517.456000 894.544000 0.000000
v 619.161000 704.880000 0.000000
v 709.401000 701.884000 0.000000
v 709.401000 765.120000 0.000000
v 619.161000 768.116000 0.000000
v 715.161000 704.880000 0.000000
v 805.401000 706.929000 0.000000
v 805.401000 765.120000 0.000000
v 715.161000 763.071000 0.000000
v 811.161000 704.880000 0.000000
v 901.401000 704.059000 0.000000
v 901.401000 765.120000 0.000000
v 811.161000 765.941000 0.000000
v 619.161000 770.880000 0.000000
v 709.401000 769.661000 0.000000
v 709.401000 831.120000 0.000000
v 619.161000 832.339000 0.000000
v 715.161000 770.880000 0.000000
v 805.401000 770.158000 0.000000
v 805.401000 831.120000 0.000000
v 715.161000 831.842000 0.000000
v 811.161000 770.880000 0.000000
v 901.401000 772.955000 0.000000
v 901.401000 831.120000 0.000000
v 811.161000 829.045000 0.000000
v 619.161000 836.880000 0.000000
v 709.401000 839.512000 0.000000
v 709.401000 897.120000 0.000000
v 619.161000 894.488000 0.000000
v 715.161000 836.880000 0.000000
v 805.401000 838.213000 0.000000
v 805.401000 897.120000 0.000000
v 715.161000 895.787000 0.000000
v 811.161000 836.880000 0.000000
v 901.401000 837.401000 0.000000
v 901.401000 897.120000 0.000000
v 811.161000 896.599000 0.000000
v 914.880000 704.880000 0.000000
v 1005.120000 702.802000 0.000000
v 1005.120000 765.120000 0.000000
v 914.880000 767.198000 0.000000
v 1010.880000 704.880000 0.000000
v 1101.120000 705.997000 0.000000
v 1101.120000 765.120000 0.000000
v 1010.880000 764.003000 0.000000
v 1106.880000 704.880000 0.000000
v 1197.120000 703.768000 0.000000
v 1197.120000 765.120000 0.000000
v 1106.880000 766.232000 0.000000
v 914.880000 770.880000 0.000000
v 1005.120000 770.046000 0.000000
v 1005.120000 831.120000 0.000000
v 914.880000 831.954000 0.000000
v 1010.880000 770.880000 0.000000
v 1101.120000 768.555000 0.000000
v 1101.120000 831.120000 0.000000
v 1010.880000 833.445000 0.000000
v 1106.880000 770.880000 0.000000
v 1197.120000 773.663000 0.000000
v 1197.120000 831.120000 0.000000
v 1106.880000 828.337000 0.000000
v 914.880000 836.880000 0.000000
v 1005.120000 833.943000 0.000000
v 1005.120000 897.120000 0.000000
v 914.880000 900.000000 0.000000
v 1010.880000 836.880000 0.000000
v 1101.120000 836.838000 0.000000
v 1101.120000 897.120000 0.000000
v 1010.880000 897.162000 0.000000
v 1106.880000 836.880000 0.000000
v 1197.120000 839.197000 0.000000
v 1197.120000 897.120000 0.000000
v 1106.880000 894.803000 0.000000
v 4.620000 2.054000 0.000000
v 51.540000 2.054000 0.000000
v 51.540000 87.946000 0.000000
v 4.620000 87.946000 0.000000
v 54.540000 2.054000 0.000000
v 101.460000 2.054000 0.000000
v 101.460000 87.946000 0.000000
v 54.540000 87.946000 0.000000
v 104.460000 2.054000 0.000000
v 151.380000 2.054000 0.000000
v 151.380000 87.946000 0.000000
v 104.460000 87.946000 0.000000
v 160.620000 4.620000 0.000000
v 207.540000 4.620000 0.000000
v 207.540000 85.380000 0.000000
v 160.620000 85.380000 0.000000
v 210.540000 4.620000 0.000000
v 257.460000 4.620000 0.000000
v 257.460000 85.380000 0.000000
v 210.540000 85.380000 0.000000
v 260.460000 4.620000 0.000000
v 307.380000 4.620000 0.000000
v 307.380000 85.380000 0.000000
v 260.460000 85.380000 0.000000
v 4.620000 92.680000 0.000000
v 51.540000 92.680000 0.000000
v 51.540000 177.320000 0.000000
v 4.620000 177.320000 0.000000
v 54.540000 92.680000 0.000000
v 101.460000 92.680000 0.000000
v 101.460000 177.320000 0.000000
v 54.540000 177.320000 0.000000
v 104.460000 92.680000 0.000000
v 151.380000 92.680000 0.000000
v 151.380000 177.320000 0.000000
v 104.460000 177.320000 0.000000
v 160.620000 91.880000 0.000000
v 207.540000 91.880000 0.000000
v 207.540000 178.120000 0.000000
v 160.620000 178.120000 0.000000
v 210.540000 91.880000 0.000000
v 257.460000 91.880000 0.000000
v 257.460000 178.120000 0.000000
v 210.540000 178.120000 0.000000
v 260.460000 91.880000 0.000000
v 307.380000 91.880000 0.000000
v 307.380000 178.120000 0.000000
v 260.460000 178.120000 0.000000
v 4.620000 182.745000 0.000000
v 51.540000 182.745000 0.000000
v 51.540000 267.255000 0.000000
v 4.620000 267.255000 0.000000
v 54.540000 182.745000 0.000000
v 101.460000 182.745000 0.000000
v 101.460000 267.255000 0.000000
v 54.540000 267.255000 0.000000
v 104.460000 182.745000 0.000000
v 151.380000 182.745000 0.000000
v 151.380000 267.255000 0.000000
v 104.460000 267.255000 0.000000
v 160.620000 182.298000 0.000000
v 207.540000 182.298000 0.000000
v 207.540000 267.702000 0.000000
v 160.620000 267.702000 0.000000
v 210.540000 182.298000 0.000000
v 257.460000 182.298000 0.000000
v 257.460000 267.702000 0.000000
v 210.540000 267.702000 0.000000
v 260.460000 182.298000 0.000000
v 307.380000 182.298000 0.000000
v 307.380000 267.702000 0.000000
v 260.460000 267.702000 0.000000
v 313.043000 4.064000 0.000000
v 359.963000 4.064000 0.000000
v 359.963000 130.936000 0.000000
v 313.043000 130.936000 0.000000
v 362.963000 4.064000 0.000000
v 409.883000 4.064000 0.000000
v 409.883000 130.936000 0.000000
v 362.963000 130.936000 0.000000
v 412.883000 4.064000 0.000000
v 459.803000 4.064000 0.000000
v 459.803000 130.936000 0.000000
v 412.883000 130.936000 0.000000
v 469.043000 1.780000 0.000000
v 515.963000 1.780000 0.000000
v 515.963000 133.220000 0.000000
v 469.043000 133.220000 0.000000
v 518.963000 1.780000 0.000000
v 565.883000 1.780000 0.000000
v 565.883000 133.220000 0.000000
v 518.963000 133.220000 0.000000
v 568.883000 1.780000 0.000000
v 615.803000 1.780000 0.000000
v 615.803000 133.220000 0.000000
v 568.883000 133.220000 0.000000
v 313.043000 138.213000 0.000000
v 359.963000 138.213000 0.000000
v 359.963000 266.787000 0.000000
v 313.043000 266.787000 0.000000
v 362.963000 138.213000 0.000000
v 409.883000 138.213000 0.000000
v 409.883000 266.787000 0.000000
v 362.963000 266.787000 0.000000
v 412.883000 138.213000 0.000000
v 459.803000 138.213000 0.000000
v 459.803000 266.787000 0.000000
v 412.883000 266.787000 0.000000
v 469.043000 138.973000 0.000000
v 515.963000 138.973000 0.000000
v 515.963000 266.027000 0.000000
v 469.043000 266.027000 0.000000
v 518.963000 138.973000 0.000000
v 565.883000 138.973000 0.000000
v 565.883000 266.027000 0.000000
v 518.963000 266.027000 0.000000
v 568.883000 138.973000 0.000000
v 615.803000 138.973000 0.000000
v 615.803000 266.027000 0.000000
v 568.883000 266.027000 0.000000
v 636.007000 4.380000 0.000000
v 663.087000 4.380000 0.000000
v 663.087000 85.620000 0.000000
v 636.007000 85.620000 0.000000
v 666.087000 4.380000 0.000000
v 693.167000 4.380000 0.000000
v 693.167000 85.620000 0.000000
v 666.087000 85.620000 0.000000
v 696.167000 4.380000 0.000000
v 723.247000 4.380000 0.000000
v 723.247000 85.620000 0.000000
v 696.167000 85.620000 0.000000
v 732.007000 1.792000 0.000000
v 759.087000 1.792000 0.000000
v 759.087000 88.208000 0.000000
v 732.007000 88.208000 0.000000
v 762.087000 1.792000 0.000000
v 789.167000 1.792000 0.000000
v 789.167000 88.208000 0.000000
v 762.087000 88.208000 0.000000
v 792.167000 1.792000 0.000000
v 819.247000 1.792000 0.000000
v 819.247000 88.208000 0.000000
v 792.167000 88.208000 0.000000
v 828.007000 1.500000 0.000000
v 855.087000 1.500000 0.000000
v 855.087000 88.607000 0.000000
v 828.007000 88.607000 0.000000
v 858.087000 1.500000 0.000000
v 885.167000 1.500000 0.000000
v 885.167000 88.607000 0.000000
v 858.087000 88.607000 0.000000
v 888.167000 1.500000 0.000000
v 915.247000 1.500000 0.000000
v 915.247000 88.607000 0.000000
v 888.167000 88.607000 0.000000
v 636.007000 94.380000 0.000000
v 663.087000 94.380000 0.000000
v 663.087000 175.620000 0.000000
v 636.007000 175.620000 0.000000
v 666.087000 94.380000 0.000000
v 693.167000 94.380000 0.000000
v 693.167000 175.620000 0.000000
v 666.087000 175.620000 0.000000
v 696.167000 94.380000 0.000000
v 723.247000 94.380000 0.000000
v 723.247000 175.620000 0.000000
v 696.167000 175.620000 0.000000
v 732.007000 92.410000 0.000000
v 759.087000 92.410000 0.000000
v 759.087000 177.590000 0.000000
v 732.007000 177.590000 0.000000
v 762.087000 92.410000 0.000000
v 789.167000 92.410000 0.000000
v 789.167000 177.590000 0.000000
v 762.087000 177.590000 0.000000
v 792.167000 92.410000 0.000000
v 819.247000 92.410000 0.000000
v 819.247000 177.590000 0.000000
v 792.167000 177.590000 0.000000
v 828.007000 94.380000 0.000000
v 855.087000 94.380000 0.000000
v 855.087000 175.620000 0.000000
v 828.007000 175.620000 0.000000
v 858.087000 94.380000 0.000000
v 885.167000 94.380000 0.000000
v 885.167000 175.620000 0.000000
v 858.087000 175.620000 0.000000
v 888.167000 94.380000 0.000000
v 915.247000 94.380000 0.000000
v 915.247000 175.620000 0.000000
v 888.167000 175.620000 0.000000
v 636.007000 182.525000 0.000000
v 663.087000 182.525000 0.000000
v 663.087000 267.475000 0.000000
v 636.007000 267.475000 0.000000
v 666.087000 182.525000 0.000000
v 693.167000 182.525000 0.000000
v 693.167000 267.475000 0.000000
v 666.087000 267.475000 0.000000
v 696.167000 182.525000 0.000000
v 723.247000 182.525000 0.000000
v 723.247000 267.475000 0.000000
v 696.167000 267.475000 0.000000
v 732.007000 183.010000 0.000000
v 759.087000 183.010000 0.000000
v 759.087000 266.990000 0.000000
v 732.007000 266.990000 0.000000
v 762.087000 183.010000 0.000000
v 789.167000 183.010000 0.000000
v 789.167000 266.990000 0.000000
v 762.087000 266.990000 0.000000
v 792.167000 183.010000 0.000000
v 819.247000 183.010000 0.000000
v 819.247000 266.990000 0.000000
v 792.167000 266.990000 0.000000
v 828.007000 181.554000 0.000000
v 855.087000 181.554000 0.000000
v 855.087000 268.446000 0.000000
v 828.007000 268.446000 0.000000
v 858.087000 181.554000 0.000000
v 885.167000 181.554000 0.000000
v 885.167000 268.446000 0.000000
v 858.087000 268.446000 0.000000
v 888.167000 181.554000 0.000000
v 915.247000 181.554000 0.000000
v 915.247000 268.446000 0.000000
v 888.167000 268.446000 0.000000
v 916.380000 4.380000 0.000000
v 943.460000 4.380000 0.000000
v 943.460000 85.620000 0.000000
v 916.380000 85.620000 0.000000
v 946.460000 4.380000 0.000000
v 973.540000 4.380000 0.000000
v 973.540000 85.620000 0.000000
v 946.460000 85.620000 0.000000
v 976.540000 4.380000 0.000000
v 1003.620000 4.380000 0.000000
v 1003.620000 85.620000 0.000000
v 976.540000 85.620000 0.000000
v 1012.380000 3.989000 0.000000
v 1039.460000 3.989000 0.000000
v 1039.460000 86.011000 0.000000
v 1012.380000 86.011000 0.000000
v 1042.460000 3.989000 0.000000
v 1069.540000 3.989000 0.000000
v 1069.540000 86.011000 0.000000
v 1042.460000 86.011000 0.000000
v 1072.540000 3.989000 0.000000
v 1099.620000 3.989000 0.000000
v 1099.620000 86.011000 0.000000
v 1072.540000 86.011000 0.000000
v 1108.380000 4.380000 0.000000
v 1135.460000 4.380000 0.000000
v 1135.460000 85.620000 0.000000
v 1108.380000 85.620000 0.000000
v 1138.460000 4.380000 0.000000
v 1165.540000 4.380000 0.000000
v 1165.540000 85.620000 0.000000
v 1138.460000 85.620000 0.000000
v 1168.540000 4.380000 0.000000
v 1195.620000 4.380000 0.000000
v 1195.620000 85.620000 0.000000
v 1168.540000 85.620000 0.000000
v 916.380000 93.143000 0.000000
v 943.460000 93.143000 0.000000
v 943.460000 176.857000 0.000000
v 916.380000 176.857000 0.000000
v 946.460000 93.143000 0.000000
v 973.540000 93.143000 0.000000
v 973.540000 176.857000 0.000000
v 946.460000 176.857000 0.000000
v 976.540000 93.143000 0.000000
v 1003.620000 93.143000 0.000000
v 1003.620000 176.857000 0.000000
v 976.540000 176.857000 0.000000
v 1012.380000 94.380000 0.000000
v 1039.460000 94.380000 0.000000
v 1039.460000 175.620000 0.000000
v 1012.380000 175.620000 0.000000
v 1042.460000 94.380000 0.000000
v 1069.540000 94.380000 0.000000
v 1069.540000 175.620000 0.000000
v 1042.460000 175.620000 0.000000
v 1072.540000 94.380000 0.000000
v 1099.620000 94.380000 0.000000
v 1099.620000 175.620000 0.000000
v 1072.540000 175.620000 0.000000
v 1108.380000 94.380000 0.000000
v 1135.460000 94.380000 0.000000
v 1135.460000 175.620000 0.000000
v 1108.380000 175.620000 0.000000
v 1138.460000 94.380000 0.000000
v 1165.540000 94.380000 0.000000
v 1165.540000 175.620000 0.000000
v 1138.460000 175.620000 0.000000
v 1168.540000 94.380000 0.000000
v 1195.620000 94.380000 0.000000
v 1195.620000 175.620000 0.000000
v 1168.540000 175.620000 0.000000
v 916.380000 182.047000 0.000000
v 943.460000 182.047000 0.000000
v 943.460000 267.953000 0.000000
v 916.380000 267.953000 0.000000
v 946.460000 182.047000 0.000000
v 973.540000 182.047000 0.000000
v 973.540000 267.953000 0.000000
v 946.460000 267.953000 0.000000
v 976.540000 182.047000 0.000000
v 1003.620000 182.047000 0.000000
v 1003.620000 267.953000 0.000000
v 976.540000 267.953000 0.000000
v 1012.380000 184.380000 0.000000
v 1039.460000 184.380000 0.000000
v 1039.460000 265.620000 0.000000
v 1012.380000 265.620000 0.000000
v 1042.460000 184.380000 0.000000
v 1069.540000 184.380000 0.000000
v 1069.540000 265.620000 0.000000
v 1042.460000 265.620000 0.000000
v 1072.540000 184.380000 0.000000
v 1099.620000 184.380000 0.000000
v 1099.620000 265.620000 0.000000
v 1072.540000 265.620000 0.000000
v 1108.380000 184.380000 0.000000
v 1135.460000 184.380000 0.000000
v 1135.460000 265.620000 0.000000
v 1108.380000 265.620000 0.000000
v 1138.460000 184.380000 0.000000
v 1165.540000 184.380000 0.000000
v 1165.540000 265.620000 0.000000
v 1138.460000 265.620000 0.000000
v 1168.540000 184.380000 0.000000
v 1195.620000 184.380000 0.000000
v 1195.620000 265.620000 0.000000
v 1168.540000 265.620000 0.000000
v 4.620000 267.625000 0.000000
v 51.540000 267.625000 0.000000
v 51.540000 336.385000 0.000000
v 4.620000 336.385000 0.000000
v 54.540000 267.625000 0.000000
v 101.460000 267.625000 0.000000
v 101.460000 336.385000 0.000000
v 54.540000 336.385000 0.000000
v 104.460000 267.625000 0.000000
v 151.380000 267.625000 0.000000
v 151.380000 336.385000 0.000000
v 104.460000 336.385000 0.000000
v 160.620000 267.096000 0.000000
v 207.540000 267.096000 0.000000
v 207.540000 336.914000 0.000000
v 160.620000 336.914000 0.000000
v 210.540000 267.096000 0.000000
v 257.460000 267.096000 0.000000
v 257.460000 336.914000 0.000000
v 210.540000 336.914000 0.000000
v 260.460000 267.096000 0.000000
v 307.380000 267.096000 0.000000
v 307.380000 336.914000 0.000000
v 260.460000 336.914000 0.000000
v 4.620000 344.101000 0.000000
v 51.540000 344.101000 0.000000
v 51.540000 415.909000 0.000000
v 4.620000 415.909000 0.000000
v 54.540000 344.101000 0.000000
v 101.460000 344.101000 0.000000
v 101.460000 415.909000 0.000000
v 54.540000 415.909000 0.000000
v 104.460000 344.101000 0.000000
v 151.380000 344.101000 0.000000
v 151.380000 415.909000 0.000000
v 104.460000 415.909000 0.000000
v 160.620000 345.625000 0.000000
v 207.540000 345.625000 0.000000
v 207.540000 414.385000 0.000000
v 160.620000 414.385000 0.000000
v 210.540000 345.625000 0.000000
v 257.460000 345.625000 0.000000
v 257.460000 414.385000 0.000000
v 210.540000 414.385000 0.000000
v 260.460000 345.625000 0.000000
v 307.380000 345.625000 0.000000
v 307.380000 414.385000 0.000000
v 260.460000 414.385000 0.000000
v 4.620000 421.695000 0.000000
v 51.540000 421.695000 0.000000
v 51.540000 494.315000 0.000000
v 4.620000 494.315000 0.000000
v 54.540000 421.695000 0.000000
v 101.460000 421.695000 0.000000
v 101.460000 494.315000 0.000000
v 54.540000 494.315000 0.000000
v 104.460000 421.695000 0.000000
v 151.380000 421.695000 0.000000
v 151.380000 494.315000 0.000000
v 104.460000 494.315000 0.000000
v 160.620000 421.180000 0.000000
v 207.540000 421.180000 0.000000
v 207.540000 494.830000 0.000000
v 160.620000 494.830000 0.000000
v 210.540000 421.180000 0.000000
v 257.460000 421.180000 0.000000
v 257.460000 494.830000 0.000000
v 210.540000 494.830000 0.000000
v 260.460000 421.180000 0.000000
v 307.380000 421.180000 0.000000
v 307.380000 494.830000 0.000000
v 260.460000 494.830000 0.000000
v 322.654000 279.945000 0.000000
v 352.241000 279.945000 0.000000
v 352.241000 353.005000 0.000000
v 322.654000 353.005000 0.000000
v 355.241000 279.945000 0.000000
v 384.827000 279.945000 0.000000
v 384.827000 353.005000 0.000000
v 355.241000 353.005000 0.000000
v 387.827000 279.945000 0.000000
v 417.414000 279.945000 0.000000
v 417.414000 353.005000 0.000000
v 387.827000 353.005000 0.000000
v 426.654000 282.095000 0.000000
v 456.241000 282.095000 0.000000
v 456.241000 350.855000 0.000000
v 426.654000 350.855000 0.000000
v 459.241000 282.095000 0.000000
v 488.827000 282.095000 0.000000
v 488.827000 350.855000 0.000000
v 459.241000 350.855000 0.000000
v 491.827000 282.095000 0.000000
v 521.414000 282.095000 0.000000
v 521.414000 350.855000 0.000000
v 491.827000 350.855000 0.000000
v 530.654000 282.095000 0.000000
v 560.241000 282.095000 0.000000
v 560.241000 350.855000 0.000000
v 530.654000 350.855000 0.000000
v 563.241000 282.095000 0.000000
v 592.827000 282.095000 0.000000
v 592.827000 350.855000 0.000000
v 563.241000 350.855000 0.000000
v 595.827000 282.095000 0.000000
v 625.414000 282.095000 0.000000
v 625.414000 350.855000 0.000000
v 595.827000 350.855000 0.000000
v 322.654000 360.095000 0.000000
v 352.241000 360.095000 0.000000
v 352.241000 428.855000 0.000000
v 322.654000 428.855000 0.000000
v 355.241000 360.095000 0.000000
v 384.827000 360.095000 0.000000
v 384.827000 428.855000 0.000000
v 355.241000 428.855000 0.000000
v 387.827000 360.095000 0.000000
v 417.414000 360.095000 0.000000
v 417.414000 428.855000 0.000000
v 387.827000 428.855000 0.000000
v 426.654000 357.278000 0.000000
v 456.241000 357.278000 0.000000
v 456.241000 431.672000 0.000000
v 426.654000 431.672000 0.000000
v 459.241000 357.278000 0.000000
v 488.827000 357.278000 0.000000
v 488.827000 431.672000 0.000000
v 459.241000 431.672000 0.000000
v 491.827000 357.278000 0.000000
v 521.414000 357.278000 0.000000
v 521.414000 431.672000 0.000000
v 491.827000 431.672000 0.000000
v 530.654000 360.095000 0.000000
v 560.241000 360.095000 0.000000
v 560.241000 428.855000 0.000000
v 530.654000 428.855000 0.000000
v 563.241000 360.095000 0.000000
v 592.827000 360.095000 0.000000
v 592.827000 428.855000 0.000000
v 563.241000 428.855000 0.000000
v 595.827000 360.095000 0.000000
v 625.414000 360.095000 0.000000
v 625.414000 428.855000 0.000000
v 595.827000 428.855000 0.000000
v 322.654000 438.095000 0.000000
v 352.241000 438.095000 0.000000
v 352.241000 506.855000 0.000000
v 322.654000 506.855000 0.000000
v 355.241000 438.095000 0.000000
v 384.827000 438.095000 0.000000
v 384.827000 506.855000 0.000000
v 355.241000 506.855000 0.000000
v 387.827000 438.095000 0.000000
v 417.414000 438.095000 0.000000
v 417.414000 506.855000 0.000000
v 387.827000 506.855000 0.000000
v 426.654000 437.455000 0.000000
v 456.241000 437.455000 0.000000
v 456.241000 507.495000 0.000000
v 426.654000 507.495000 0.000000
v 459.241000 437.455000 0.000000
v 488.827000 437.455000 0.000000
v 488.827000 507.495000 0.000000
v 459.241000 507.495000 0.000000
v 491.827000 437.455000 0.000000
v 521.414000 437.455000 0.000000
v 521.414000 507.495000 0.000000
v 491.827000 507.495000 0.000000
v 530.654000 438.095000 0.000000
v 560.241000 438.095000 0.000000
v 560.241000 506.855000 0.000000
v 530.654000 506.855000 0.000000
v 563.241000 438.095000 0.000000
v 592.827000 438.095000 0.000000
v 592.827000 506.855000 0.000000
v 563.241000 506.855000 0.000000
v 595.827000 438.095000 0.000000
v 625.414000 438.095000 0.000000
v 625.414000 506.855000 0.000000
v 595.827000 506.855000 0.000000
v 625.908000 268.503000 0.000000
v 652.988000 268.503000 0.000000
v 652.988000 338.939000 0.000000
v 625.908000 338.939000 0.000000
v 655.988000 268.503000 0.000000
v 683.068000 268.503000 0.000000
v 683.068000 338.939000 0.000000
v 655.988000 338.939000 0.000000
v 686.068000 268.503000 0.000000
v 713.148000 268.503000 0.000000
v 713.148000 338.939000 0.000000
v 686.068000 338.939000 0.000000
v 721.908000 268.832000 0.000000
v 748.988000 268.832000 0.000000
v 748.988000 338.610000 0.000000
v 721.908000 338.610000 0.000000
v 751.988000 268.832000 0.000000
v 779.068000 268.832000 0.000000
v 779.068000 338.610000 0.000000
v 751.988000 338.610000 0.000000
v 782.068000 268.832000 0.000000
v 809.148000 268.832000 0.000000
v 809.148000 338.610000 0.000000
v 782.068000 338.610000 0.000000
v 817.908000 269.101000 0.000000
v 844.988000 269.101000 0.000000
v 844.988000 338.341000 0.000000
v 817.908000 338.341000 0.000000
v 847.988000 269.101000 0.000000
v 875.068000 269.101000 0.000000
v 875.068000 338.341000 0.000000
v 847.988000 338.341000 0.000000
v 878.068000 269.101000 0.000000
v 905.148000 269.101000 0.000000
v 905.148000 338.341000 0.000000
v 878.068000 338.341000 0.000000
v 625.908000 347.101000 0.000000
v 652.988000 347.101000 0.000000
v 652.988000 416.341000 0.000000
v 625.908000 416.341000 0.000000
v 655.988000 347.101000 0.000000
v 683.068000 347.101000 0.000000
v 683.068000 416.341000 0.000000
v 655.988000 416.341000 0.000000
v 686.068000 347.101000 0.000000
v 713.148000 347.101000 0.000000
v 713.148000 416.341000 0.000000
v 686.068000 416.341000 0.000000
v 721.908000 344.106000 0.000000
v 748.988000 344.106000 0.000000
v 748.988000 419.336000 0.000000
v 721.908000 419.336000 0.000000
v 751.988000 344.106000 0.000000
v 779.068000 344.106000 0.000000
v 779.068000 419.336000 0.000000
v 751.988000 419.336000 0.000000
v 782.068000 344.106000 0.000000
v 809.148000 344.106000 0.000000
v 809.148000 419.336000 0.000000
v 782.068000 419.336000 0.000000
v 817.908000 346.401000 0.000000
v 844.988000 346.401000 0.000000
v 844.988000 417.041000 0.000000
v 817.908000 417.041000 0.000000
v 847.988000 346.401000 0.000000
v 875.068000 346.401000 0.000000
v 875.068000 417.041000 0.000000
v 847.988000 417.041000 0.000000
v 878.068000 346.401000 0.000000
v 905.148000 346.401000 0.000000
v 905.148000 417.041000 0.000000
v 878.068000 417.041000 0.000000
v 625.908000 425.101000 0.000000
v 652.988000 425.101000 0.000000
v 652.988000 494.341000 0.000000
v 625.908000 494.341000 0.000000
v 655.988000 425.101000 0.000000
v 683.068000 425.101000 0.000000
v 683.068000 494.341000 0.000000
v 655.988000 494.341000 0.000000
v 686.068000 425.101000 0.000000
v 713.148000 425.101000 0.000000
v 713.148000 494.341000 0.000000
v 686.068000 494.341000 0.000000
v 721.908000 424.543000 0.000000
v 748.988000 424.543000 0.000000
v 748.988000 494.899000 0.000000
v 721.908000 494.899000 0.000000
v 751.988000 424.543000 0.000000
v 779.068000 424.543000 0.000000
v 779.068000 494.899000 0.000000
v 751.988000 494.899000 0.000000
v 782.068000 424.543000 0.000000
v 809.148000 424.543000 0.000000
v 809.148000 494.899000 0.000000
v 782.068000 494.899000 0.000000
v 817.908000 425.101000 0.000000
v 844.988000 425.101000 0.000000
v 844.988000 494.341000 0.000000
v 817.908000 494.341000 0.000000
v 847.988000 425.101000 0.000000
v 875.068000 425.101000 0.000000
v 875.068000 494.341000 0.000000
v 847.988000 494.341000 0.000000
v 878.068000 425.101000 0.000000
v 905.148000 425.101000 0.000000
v 905.148000 494.341000 0.000000
v 878.068000 494.341000 0.000000
v 916.380000 263.770000 0.000000
v 943.460000 263.770000 0.000000
v 943.460000 338.360000 0.000000
v 916.380000 338.360000 0.000000
v 946.460000 263.770000 0.000000
v 973.540000 263.770000 0.000000
v 973.540000 338.360000 0.000000
v 946.460000 338.360000 0.000000
v 976.540000 263.770000 0.000000
v 1003.620000 263.770000 0.000000
v 1003.620000 338.360000 0.000000
v 976.540000 338.360000 0.000000
v 1012.380000 266.445000 0.000000
v 1039.460000 266.445000 0.000000
v 1039.460000 335.685000 0.000000
v 1012.380000 335.685000 0.000000
v 1042.460000 266.445000 0.000000
v 1069.540000 266.445000 0.000000
v 1069.540000 335.685000 0.000000
v 1042.460000 335.685000 0.000000
v 1072.540000 266.445000 0.000000
v 1099.620000 266.445000 0.000000
v 1099.620000 335.685000 0.000000
v 1072.540000 335.685000 0.000000
v 1108.380000 263.585000 0.000000
v 1135.460000 263.585000 0.000000
v 1135.460000 338.545000 0.000000
v 1108.380000 338.545000 0.000000
v 1138.460000 263.585000 0.000000
v 1165.540000 263.585000 0.000000
v 1165.540000 338.545000 0.000000
v 1138.460000 338.545000 0.000000
v 1168.540000 263.585000 0.000000
v 1195.620000 263.585000 0.000000
v 1195.620000 338.545000 0.000000
v 1168.540000 338.545000 0.000000
v 916.380000 344.445000 0.000000
v 943.460000 344.445000 0.000000
v 943.460000 413.685000 0.000000
v 916.380000 413.685000 0.000000
v 946.460000 344.445000 0.000000
v 973.540000 344.445000 0.000000
v 973.540000 413.685000 0.000000
v 946.460000 413.685000 0.000000
v 976.540000 344.445000 0.000000
v 1003.620000 344.445000 0.000000
v 1003.620000 413.685000 0.000000
v 976.540000 413.685000 0.000000
v 1012.380000 342.330000 0.000000
v 1039.460000 342.330000 0.000000
v 1039.460000 415.800000 0.000000
v 1012.380000 415.800000 0.000000
v 1042.460000 342.330000 0.000000
v 1069.540000 342.330000 0.000000
v 1069.540000 415.800000 0.000000
v 1042.460000 415.800000 0.000000
v 1072.540000 342.330000 0.000000
v 1099.620000 342.330000 0.000000
v 1099.620000 415.800000 0.000000
v 1072.540000 415.800000 0.000000
v 1108.380000 344.445000 0.000000
v 1135.460000 344.445000 0.000000
v 1135.460000 413.685000 0.000000
v 1108.380000 413.685000 0.000000
v 1138.460000 344.445000 0.000000
v 1165.540000 344.445000 0.000000
v 1165.540000 413.685000 0.000000
v 1138.460000 413.685000 0.000000
v 1168.540000 344.445000 0.000000
v 1195.620000 344.445000 0.000000
v 1195.620000 413.685000 0.000000
v 1168.540000 413.685000 0.000000
v 916.380000 420.940000 0.000000
v 943.460000 420.940000 0.000000
v 943.460000 493.190000 0.000000
v 916.380000 493.190000 0.000000
v 946.460000 420.940000 0.000000
v 973.540000 420.940000 0.000000
v 973.540000 493.190000 0.000000
v 946.460000 493.190000 0.000000
v 976.540000 420.940000 0.000000
v 1003.620000 420.940000 0.000000
v 1003.620000 493.190000 0.000000
v 976.540000 493.190000 0.000000
v 1012.380000 419.984000 0.000000
v 1039.460000 419.984000 0.000000
v 1039.460000 494.146000 0.000000
v 1012.380000 494.146000 0.000000
v 1042.460000 419.984000 0.000000
v 1069.540000 419.984000 0.000000
v 1069.540000 494.146000 0.000000
v 1042.460000 494.146000 0.000000
v 1072.540000 419.984000 0.000000
v 1099.620000 419.984000 0.000000
v 1099.620000 494.146000 0.000000
v 1072.540000 494.146000 0.000000
v 1108.380000 419.975000 0.000000
v 1135.460000 419.975000 0.000000
v 1135.460000 494.155000 0.000000
v 1108.380000 494.155000 0.000000
v 1138.460000 419.975000 0.000000
v 1165.540000 419.975000 0.000000
v 1165.540000 494.155000 0.000000
v 1138.460000 494.155000 0.000000
v 1168.540000 419.975000 0.000000
v 1195.620000 419.975000 0.000000
v 1195.620000 494.155000 0.000000
v 1168.540000 494.155000 0.000000
v 4.620000 509.979000 0.000000
v 51.540000 509.979000 0.000000
v 51.540000 599.739000 0.000000
v 4.620000 599.739000 0.000000
v 54.540000 509.979000 0.000000
v 101.460000 509.979000 0.000000
v 101.460000 599.739000 0.000000
v 54.540000 599.739000 0.000000
v 104.460000 509.979000 0.000000
v 151.380000 509.979000 0.000000
v 151.380000 599.739000 0.000000
v 104.460000 599.739000 0.000000
v 160.620000 509.979000 0.000000
v 207.540000 509.979000 0.000000
v 207.540000 599.739000 0.000000
v 160.620000 599.739000 0.000000
v 210.540000 509.979000 0.000000
v 257.460000 509.979000 0.000000
v 257.460000 599.739000 0.000000
v 210.540000 599.739000 0.000000
v 260.460000 509.979000 0.000000
v 307.380000 509.979000 0.000000
v 307.380000 599.739000 0.000000
v 260.460000 599.739000 0.000000
v 4.620000 608.675000 0.000000
v 51.540000 608.675000 0.000000
v 51.540000 699.043000 0.000000
v 4.620000 699.043000 0.000000
v 54.540000 608.675000 0.000000
v 101.460000 608.675000 0.000000
v 101.460000 699.043000 0.000000
v 54.540000 699.043000 0.000000
v 104.460000 608.675000 0.000000
v 151.380000 608.675000 0.000000
v 151.380000 699.043000 0.000000
v 104.460000 699.043000 0.000000
v 160.620000 608.979000 0.000000
v 207.540000 608.979000 0.000000
v 207.540000 698.739000 0.000000
v 160.620000 698.739000 0.000000
v 210.540000 608.979000 0.000000
v 257.460000 608.979000 0.000000
v 257.460000 698.739000 0.000000
v 210.540000 698.739000 0.000000
v 260.460000 608.979000 0.000000
v 307.380000 608.979000 0.000000
v 307.380000 698.739000 0.000000
v 260.460000 698.739000 0.000000
v 320.973000 501.928000 0.000000
v 350.560000 501.928000 0.000000
v 350.560000 558.688000 0.000000
v 320.973000 558.688000 0.000000
v 353.560000 501.928000 0.000000
v 383.146000 501.928000 0.000000
v 383.146000 558.688000 0.000000
v 353.560000 558.688000 0.000000
v 386.146000 501.928000 0.000000
v 415.733000 501.928000 0.000000
v 415.733000 558.688000 0.000000
v 386.146000 558.688000 0.000000
v 424.973000 499.589000 0.000000
v 454.560000 499.589000 0.000000
v 454.560000 561.027000 0.000000
v 424.973000 561.027000 0.000000
v 457.560000 499.589000 0.000000
v 487.146000 499.589000 0.000000
v 487.146000 561.027000 0.000000
v 457.560000 561.027000 0.000000
v 490.146000 499.589000 0.000000
v 519.733000 499.589000 0.000000
v 519.733000 561.027000 0.000000
v 490.146000 561.027000 0.000000
v 528.973000 501.928000 0.000000
v 558.560000 501.928000 0.000000
v 558.560000 558.688000 0.000000
v 528.973000 558.688000 0.000000
v 561.560000 501.928000 0.000000
v 591.146000 501.928000 0.000000
v 591.146000 558.688000 0.000000
v 561.560000 558.688000 0.000000
v 594.146000 501.928000 0.000000
v 623.733000 501.928000 0.000000
v 623.733000 558.688000 0.000000
v 594.146000 558.688000 0.000000
v 320.973000 567.928000 0.000000
v 350.560000 567.928000 0.000000
v 350.560000 624.688000 0.000000
v 320.973000 624.688000 0.000000
v 353.560000 567.928000 0.000000
v 383.146000 567.928000 0.000000
v 383.146000 624.688000 0.000000
v 353.560000 624.688000 0.000000
v 386.146000 567.928000 0.000000
v 415.733000 567.928000 0.000000
v 415.733000 624.688000 0.000000
v 386.146000 624.688000 0.000000
v 424.973000 567.928000 0.000000
v 454.560000 567.928000 0.000000
v 454.560000 624.688000 0.000000
v 424.973000 624.688000 0.000000
v 457.560000 567.928000 0.000000
v 487.146000 567.928000 0.000000
v 487.146000 624.688000 0.000000
v 457.560000 624.688000 0.000000
v 490.146000 567.928000 0.000000
v 519.733000 567.928000 0.000000
v 519.733000 624.688000 0.000000
v 490.146000 624.688000 0.000000
v 528.973000 566.744000 0.000000
v 558.560000 566.744000 0.000000
v 558.560000 625.872000 0.000000
v 528.973000 625.872000 0.000000
v 561.560000 566.744000 0.000000
v 591.146000 566.744000 0.000000
v 591.146000 625.872000 0.000000
v 561.560000 625.872000 0.000000
v 594.146000 566.744000 0.000000
v 623.733000 566.744000 0.000000
v 623.733000 625.872000 0.000000
v 594.146000 625.872000 0.000000
v 320.973000 632.179000 0.000000
v 350.560000 632.179000 0.000000
v 350.560000 692.437000 0.000000
v 320.973000 692.437000 0.000000
v 353.560000 632.179000 0.000000
v 383.146000 632.179000 0.000000
v 383.146000 692.437000 0.000000
v 353.560000 692.437000 0.000000
v 386.146000 632.179000 0.000000
v 415.733000 632.179000 0.000000
v 415.733000 692.437000 0.000000
v 386.146000 692.437000 0.000000
v 424.973000 631.420000 0.000000
v 454.560000 631.420000 0.000000
v 454.560000 693.196000 0.000000
v 424.973000 693.196000 0.000000
v 457.560000 631.420000 0.000000
v 487.146000 631.420000 0.000000
v 487.146000 693.196000 0.000000
v 457.560000 693.196000 0.000000
v 490.146000 631.420000 0.000000
v 519.733000 631.420000 0.000000
v 519.733000 693.196000 0.000000
v 490.146000 693.196000 0.000000
v 528.973000 633.928000 0.000000
v 558.560000 633.928000 0.000000
v 558.560000 690.688000 0.000000
v 528.973000 690.688000 0.000000
v 561.560000 633.928000 0.000000
v 591.146000 633.928000 0.000000
v 591.146000 690.688000 0.000000
v 561.560000 690.688000 0.000000
v 594.146000 633.928000 0.000000
v 623.733000 633.928000 0.000000
v 623.733000 690.688000 0.000000
v 594.146000 690.688000 0.000000
v 633.362000 500.805000 0.000000
v 660.442000 500.805000 0.000000
v 660.442000 558.045000 0.000000
v 633.362000 558.045000 0.000000
v 663.442000 500.805000 0.000000
v 690.522000 500.805000 0.000000
v 690.522000 558.045000 0.000000
v 663.442000 558.045000 0.000000
v 693.522000 500.805000 0.000000
v 720.602000 500.805000 0.000000
v 720.602000 558.045000 0.000000
v 693.522000 558.045000 0.000000
v 729.362000 500.805000 0.000000
v 756.442000 500.805000 0.000000
v 756.442000 558.045000 0.000000
v 729.362000 558.045000 0.000000
v 759.442000 500.805000 0.000000
v 786.522000 500.805000 0.000000
v 786.522000 558.045000 0.000000
v 759.442000 558.045000 0.000000
v 789.522000 500.805000 0.000000
v 816.602000 500.805000 0.000000
v 816.602000 558.045000 0.000000
v 789.522000 558.045000 0.000000
v 825.362000 500.621000 0.000000
v 852.442000 500.621000 0.000000
v 852.442000 558.229000 0.000000
v 825.362000 558.229000 0.000000
v 855.442000 500.621000 0.000000
v 882.522000 500.621000 0.000000
v 882.522000 558.229000 0.000000
v 855.442000 558.229000 0.000000
v 885.522000 500.621000 0.000000
v 912.602000 500.621000 0.000000
v 912.602000 558.229000 0.000000
v 885.522000 558.229000 0.000000
v 633.362000 566.805000 0.000000
v 660.442000 566.805000 0.000000
v 660.442000 624.045000 0.000000
v 633.362000 624.045000 0.000000
v 663.442000 566.805000 0.000000
v 690.522000 566.805000 0.000000
v 690.522000 624.045000 0.000000
v 663.442000 624.045000 0.000000
v 693.522000 566.805000 0.000000
v 720.602000 566.805000 0.000000
v 720.602000 624.045000 0.000000
v 693.522000 624.045000 0.000000
v 729.362000 566.805000 0.000000
v 756.442000 566.805000 0.000000
v 756.442000 624.045000 0.000000
v 729.362000 624.045000 0.000000
v 759.442000 566.805000 0.000000
v 786.522000 566.805000 0.000000
v 786.522000 624.045000 0.000000
v 759.442000 624.045000 0.000000
v 789.522000 566.805000 0.000000
v 816.602000 566.805000 0.000000
v 816.602000 624.045000 0.000000
v 789.522000 624.045000 0.000000
v 825.362000 563.851000 0.000000
v 852.442000 563.851000 0.000000
v 852.442000 626.999000 0.000000
v 825.362000 626.999000 0.000000
v 855.442000 563.851000 0.000000
v 882.522000 563.851000 0.000000
v 882.522000 626.999000 0.000000
v 855.442000 626.999000 0.000000
v 885.522000 563.851000 0.000000
v 912.602000 563.851000 0.000000
v 912.602000 626.999000 0.000000
v 885.522000 626.999000 0.000000
v 633.362000 632.805000 0.000000
v 660.442000 632.805000 0.000000
v 660.442000 690.045000 0.000000
v 633.362000 690.045000 0.000000
v 663.442000 632.805000 0.000000
v 690.522000 632.805000 0.000000
v 690.522000 690.045000 0.000000
v 663.442000 690.045000 0.000000
v 693.522000 632.805000 0.000000
v 720.602000 632.805000 0.000000
v 720.602000 690.045000 0.000000
v 693.522000 690.045000 0.000000
v 729.362000 630.243000 0.000000
v 756.442000 630.243000 0.000000
v 756.442000 692.607000 0.000000
v 729.362000 692.607000 0.000000
v 759.442000 630.243000 0.000000
v 786.522000 630.243000 0.000000
v 786.522000 692.607000 0.000000
v 759.442000 692.607000 0.000000
v 789.522000 630.243000 0.000000
v 816.602000 630.243000 0.000000
v 816.602000 692.607000 0.000000
v 789.522000 692.607000 0.000000
v 825.362000 632.805000 0.000000
v 852.442000 632.805000 0.000000
v 852.442000 690.045000 0.000000
v 825.362000 690.045000 0.000000
v 855.442000 632.805000 0.000000
v 882.522000 632.805000 0.000000
v 882.522000 690.045000 0.000000
v 855.442000 690.045000 0.000000
v 885.522000 632.805000 0.000000
v 912.602000 632.805000 0.000000
v 912.602000 690.045000 0.000000
v 885.522000 690.045000 0.000000
v 916.380000 512.816000 0.000000
v 943.460000 512.816000 0.000000
v 943.460000 574.450000 0.000000
v 916.380000 574.450000 0.000000
v 946.460000 512.816000 0.000000
v 973.540000 512.816000 0.000000
v 973.540000 574.450000 0.000000
v 946.460000 574.450000 0.000000
v 976.540000 512.816000 0.000000
v 1003.620000 512.816000 0.000000
v 1003.620000 574.450000 0.000000
v 976.540000 574.450000 0.000000
v 1012.380000 514.524000 0.000000
v 1039.460000 514.524000 0.000000
v 1039.460000 572.742000 0.000000
v 1012.380000 572.742000 0.000000
v 1042.460000 514.524000 0.000000
v 1069.540000 514.524000 0.000000
v 1069.540000 572.742000 0.000000
v 1042.460000 572.742000 0.000000
v 1072.540000 514.524000 0.000000
v 1099.620000 514.524000 0.000000
v 1099.620000 572.742000 0.000000
v 1072.540000 572.742000 0.000000
v 1108.380000 513.755000 0.000000
v 1135.460000 513.755000 0.000000
v 1135.460000 573.511000 0.000000
v 1108.380000 573.511000 0.000000
v 1138.460000 513.755000 0.000000
v 1165.540000 513.755000 0.000000
v 1165.540000 573.511000 0.000000
v 1138.460000 573.511000 0.000000
v 1168.540000 513.755000 0.000000
v 1195.620000 513.755000 0.000000
v 1195.620000 573.511000 0.000000
v 1168.540000 573.511000 0.000000
v 916.380000 579.141000 0.000000
v 943.460000 579.141000 0.000000
v 943.460000 640.125000 0.000000
v 916.380000 640.125000 0.000000
v 946.460000 579.141000 0.000000
v 973.540000 579.141000 0.000000
v 973.540000 640.125000 0.000000
v 946.460000 640.125000 0.000000
v 976.540000 579.141000 0.000000
v 1003.620000 579.141000 0.000000
v 1003.620000 640.125000 0.000000
v 976.540000 640.125000 0.000000
v 1012.380000 581.013000 0.000000
v 1039.460000 581.013000 0.000000
v 1039.460000 638.253000 0.000000
v 1012.380000 638.253000 0.000000
v 1042.460000 581.013000 0.000000
v 1069.540000 581.013000 0.000000
v 1069.540000 638.253000 0.000000
v 1042.460000 638.253000 0.000000
v 1072.540000 581.013000 0.000000
v 1099.620000 581.013000 0.000000
v 1099.620000 638.253000 0.000000
v 1072.540000 638.253000 0.000000
v 1108.380000 581.013000 0.000000
v 1135.460000 581.013000 0.000000
v 1135.460000 638.253000 0.000000
v 1108.380000 638.253000 0.000000
v 1138.460000 581.013000 0.000000
v 1165.540000 581.013000 0.000000
v 1165.540000 638.253000 0.000000
v 1138.460000 638.253000 0.000000
v 1168.540000 581.013000 0.000000
v 1195.620000 581.013000 0.000000
v 1195.620000 638.253000 0.000000
v 1168.540000 638.253000 0.000000
v 916.380000 646.201000 0.000000
v 943.460000 646.201000 0.000000
v 943.460000 705.065000 0.000000
v 916.380000 705.065000 0.000000
v 946.460000 646.201000 0.000000
v 973.540000 646.201000 0.000000
v 973.540000 705.065000 0.000000
v 946.460000 705.065000 0.000000
v 976.540000 646.201000 0.000000
v 1003.620000 646.201000 0.000000
v 1003.620000 705.065000 0.000000
v 976.540000 705.065000 0.000000
v 1012.380000 647.013000 0.000000
v 1039.460000 647.013000 0.000000
v 1039.460000 704.253000 0.000000
v 1012.380000 704.253000 0.000000
v 1042.460000 647.013000 0.000000
v 1069.540000 647.013000 0.000000
v 1069.540000 704.253000 0.000000
v 1042.460000 704.253000 0.000000
v 1072.540000 647.013000 0.000000
v 1099.620000 647.013000 0.000000
v 1099.620000 704.253000 0.000000
v 1072.540000 704.253000 0.000000
v 1108.380000 647.013000 0.000000
v 1135.460000 647.013000 0.000000
v 1135.460000 704.253000 0.000000
v 1108.380000 704.253000 0.000000
v 1138.460000 647.013000 0.000000
v 1165.540000 647.013000 0.000000
v 1165.540000 704.253000 0.000000
v 1138.460000 704.253000 0.000000
v 1168.540000 647.013000 0.000000
v 1195.620000 647.013000 0.000000
v 1195.620000 704.253000 0.000000
v 1168.540000 704.253000 0.000000
v 4.620000 706.620000 0.000000
v 51.540000 706.620000 0.000000
v 51.540000 796.380000 0.000000
v 4.620000 796.380000 0.000000
v 54.540000 706.620000 0.000000
v 101.460000 706.620000 0.000000
v 101.460000 796.380000 0.000000
v 54.540000 796.380000 0.000000
v 104.460000 706.620000 0.000000
v 151.380000 706.620000 0.000000
v 151.380000 796.380000 0.000000
v 104.460000 796.380000 0.000000
v 160.620000 706.620000 0.000000
v 207.540000 706.620000 0.000000
v 207.540000 796.380000 0.000000
v 160.620000 796.380000 0.000000
v 210.540000 706.620000 0.000000
v 257.460000 706.620000 0.000000
v 257.460000 796.380000 0.000000
v 210.540000 796.380000 0.000000
v 260.460000 706.620000 0.000000
v 307.380000 706.620000 0.000000
v 307.380000 796.380000 0.000000
v 260.460000 796.380000 0.000000
v 4.620000 805.620000 0.000000
v 51.540000 805.620000 0.000000
v 51.540000 895.380000 0.000000
v 4.620000 895.380000 0.000000
v 54.540000 805.620000 0.000000
v 101.460000 805.620000 0.000000
v 101.460000 895.380000 0.000000
v 54.540000 895.380000 0.000000
v 104.460000 805.620000 0.000000
v 151.380000 805.620000 0.000000
v 151.380000 895.380000 0.000000
v 104.460000 895.380000 0.000000
v 160.620000 805.620000 0.000000
v 207.540000 805.620000 0.000000
v 207.540000 895.380000 0.000000
v 160.620000 895.380000 0.000000
v 210.540000 805.620000 0.000000
v 257.460000 805.620000 0.000000
v 257.460000 895.380000 0.000000
v 210.540000 895.380000 0.000000
v 260.460000 805.620000 0.000000
v 307.380000 805.620000 0.000000
v 307.380000 895.380000 0.000000
v 260.460000 895.380000 0.000000
v 310.956000 704.747000 0.000000
v 340.543000 704.747000 0.000000
v 340.543000 765.253000 0.000000
v 310.956000 765.253000 0.000000
v 343.543000 704.747000 0.000000
v 373.129000 704.747000 0.000000
v 373.129000 765.253000 0.000000
v 343.543000 765.253000 0.000000
v 376.129000 704.747000 0.000000
v 405.716000 704.747000 0.000000
v 405.716000 765.253000 0.000000
v 376.129000 765.253000 0.000000
v 414.956000 706.620000 0.000000
v 444.543000 706.620000 0.000000
v 444.543000 763.380000 0.000000
v 414.956000 763.380000 0.000000
v 447.543000 706.620000 0.000000
v 477.129000 706.620000 0.000000
v 477.129000 763.380000 0.000000
v 447.543000 763.380000 0.000000
v 480.129000 706.620000 0.000000
v 509.716000 706.620000 0.000000
v 509.716000 763.380000 0.000000
v 480.129000 763.380000 0.000000
v 518.956000 704.328000 0.000000
v 548.543000 704.328000 0.000000
v 548.543000 765.672000 0.000000
v 518.956000 765.672000 0.000000
v 551.543000 704.328000 0.000000
v 581.129000 704.328000 0.000000
v 581.129000 765.672000 0.000000
v 551.543000 765.672000 0.000000
v 584.129000 704.328000 0.000000
v 613.716000 704.328000 0.000000
v 613.716000 765.672000 0.000000
v 584.129000 765.672000 0.000000
v 310.956000 771.152000 0.000000
v 340.543000 771.152000 0.000000
v 340.543000 830.848000 0.000000
v 310.956000 830.848000 0.000000
v 343.543000 771.152000 0.000000
v 373.129000 771.152000 0.000000
v 373.129000 830.848000 0.000000
v 343.543000 830.848000 0.000000
v 376.129000 771.152000 0.000000
v 405.716000 771.152000 0.000000
v 405.716000 830.848000 0.000000
v 376.129000 830.848000 0.000000
v 414.956000 772.620000 0.000000
v 444.543000 772.620000 0.000000
v 444.543000 829.380000 0.000000
v 414.956000 829.380000 0.000000
v 447.543000 772.620000 0.000000
v 477.129000 772.620000 0.000000
v 477.129000 829.380000 0.000000
v 447.543000 829.380000 0.000000
v 480.129000 772.620000 0.000000
v 509.716000 772.620000 0.000000
v 509.716000 829.380000 0.000000
v 480.129000 829.380000 0.000000
v 518.956000 770.379000 0.000000
v 548.543000 770.379000 0.000000
v 548.543000 831.621000 0.000000
v 518.956000 831.621000 0.000000
v 551.543000 770.379000 0.000000
v 581.129000 770.379000 0.000000
v 581.129000 831.621000 0.000000
v 551.543000 831.621000 0.000000
v 584.129000 770.379000 0.000000
v 613.716000 770.379000 0.000000
v 613.716000 831.621000 0.000000
v 584.129000 831.621000 0.000000
v 310.956000 838.620000 0.000000
v 340.543000 838.620000 0.000000
v 340.543000 895.380000 0.000000
v 310.956000 895.380000 0.000000
v 343.543000 838.620000 0.000000
v 373.129000 838.620000 0.000000
v 373.129000 895.380000 0.000000
v 343.543000 895.380000 0.000000
v 376.129000 838.620000 0.000000
v 405.716000 838.620000 0.000000
v 405.716000 895.380000 0.000000
v 376.129000 895.380000 0.000000
v 414.956000 838.620000 0.000000
v 444.543000 838.620000 0.000000
v 444.543000 895.380000 0.000000
v 414.956000 895.380000 0.000000
v 447.543000 838.620000 0.000000
v 477.129000 838.620000 0.000000
v 477.129000 895.380000 0.000000
v 447.543000 895.380000 0.000000
v 480.129000 838.620000 0.000000
v 509.716000 838.620000 0.000000
v 509.716000 895.380000 0.000000
v 480.129000 895.380000 0.000000
v 518.956000 838.620000 0.000000
v 548.543000 838.620000 0.000000
v 548.543000 895.380000 0.000000
v 518.956000 895.380000 0.000000
v 551.543000 838.620000 0.000000
v 581.129000 838.620000 0.000000
v 581.129000 895.380000 0.000000
v 551.543000 895.380000 0.000000
v 584.129000 838.620000 0.000000
v 613.716000 838.620000 0.000000
v 613.716000 895.380000 0.000000
v 584.129000 895.380000 0.000000
v 620.661000 703.384000 0.000000
v 647.741000 703.384000 0.000000
v 647.741000 766.616000 0.000000
v 620.661000 766.616000 0.000000
v 650.741000 703.384000 0.000000
v 677.821000 703.384000 0.000000
v 677.821000 766.616000 0.000000
v 650.741000 766.616000 0.000000
v 680.821000 703.384000 0.000000
v 707.901000 703.384000 0.000000
v 707.901000 766.616000 0.000000
v 680.821000 766.616000 0.000000
v 716.661000 706.380000 0.000000
v 743.741000 706.380000 0.000000
v 743.741000 763.620000 0.000000
v 716.661000 763.620000 0.000000
v 746.741000 706.380000 0.000000
v 773.821000 706.380000 0.000000
v 773.821000 763.620000 0.000000
v 746.741000 763.620000 0.000000
v 776.821000 706.380000 0.000000
v 803.901000 706.380000 0.000000
v 803.901000 763.620000 0.000000
v 776.821000 763.620000 0.000000
v 812.661000 705.559000 0.000000
v 839.741000 705.559000 0.000000
v 839.741000 764.441000 0.000000
v 812.661000 764.441000 0.000000
v 842.741000 705.559000 0.000000
v 869.821000 705.559000 0.000000
v 869.821000 764.441000 0.000000
v 842.741000 764.441000 0.000000
v 872.821000 705.559000 0.000000
v 899.901000 705.559000 0.000000
v 899.901000 764.441000 0.000000
v 872.821000 764.441000 0.000000
v 620.661000 771.161000 0.000000
v 647.741000 771.161000 0.000000
v 647.741000 830.839000 0.000000
v 620.661000 830.839000 0.000000
v 650.741000 771.161000 0.000000
v 677.821000 771.161000 0.000000
v 677.821000 830.839000 0.000000
v 650.741000 830.839000 0.000000
v 680.821000 771.161000 0.000000
v 707.901000 771.161000 0.000000
v 707.901000 830.839000 0.000000
v 680.821000 830.839000 0.000000
v 716.661000 771.658000 0.000000
v 743.741000 771.658000 0.000000
v 743.741000 830.342000 0.000000
v 716.661000 830.342000 0.000000
v 746.741000 771.658000 0.000000
v 773.821000 771.658000 0.000000
v 773.821000 830.342000 0.000000
v 746.741000 830.342000 0.000000
v 776.821000 771.658000 0.000000
v 803.901000 771.658000 0.000000
v 803.901000 830.342000 0.000000
v 776.821000 830.342000 0.000000
v 812.661000 772.380000 0.000000
v 839.741000 772.380000 0.000000
v 839.741000 829.620000 0.000000
v 812.661000 829.620000 0.000000
v 842.741000 772.380000 0.000000
v 869.821000 772.380000 0.000000
v 869.821000 829.620000 0.000000
v 842.741000 829.620000 0.000000
v 872.821000 772.380000 0.000000
v 899.901000 772.380000 0.000000
v 899.901000 829.620000 0.000000
v 872.821000 829.620000 0.000000
v 620.661000 838.380000 0.000000
v 647.741000 838.380000 0.000000
v 647.741000 895.620000 0.000000
v 620.661000 895.620000 0.000000
v 650.741000 838.380000 0.000000
v 677.821000 838.380000 0.000000
v 677.821000 895.620000 0.000000
v 650.741000 895.620000 0.000000
v 680.821000 838.380000 0.000000
v 707.901000 838.380000 0.000000
v 707.901000 895.620000 0.000000
v 680.821000 895.620000 0.000000
v 716.661000 838.380000 0.000000
v 743.741000 838.380000 0.000000
v 743.741000 895.620000 0.000000
v 716.661000 895.620000 0.000000
v 746.741000 838.380000 0.000000
v 773.821000 838.380000 0.000000
v 773.821000 895.620000 0.000000
v 746.741000 895.620000 0.000000
v 776.821000 838.380000 0.000000
v 803.901000 838.380000 0.000000
v 803.901000 895.620000 0.000000
v 776.821000 895.620000 0.000000
v 812.661000 838.380000 0.000000
v 839.741000 838.380000 0.000000
v 839.741000 895.620000 0.000000
v 812.661000 895.620000 0.000000
v 842.741000 838.380000 0.000000
v 869.821000 838.380000 0.000000
v 869.821000 895.620000 0.000000
v 842.741000 895.620000 0.000000
v 872.821000 838.380000 0.000000
v 899.901000 838.380000 0.000000
v 899.901000 895.620000 0.000000
v 872.821000 895.620000 0.000000
v 916.380000 704.302000 0.000000
v 943.460000 704.302000 0.000000
v 943.460000 765.698000 0.000000
v 916.380000 765.698000 0.000000
v 946.460000 704.302000 0.000000
v 973.540000 704.302000 0.000000
v 973.540000 765.698000 0.000000
v 946.460000 765.698000 0.000000
v 976.540000 704.302000 0.000000
v 1003.620000 704.302000 0.000000
v 1003.620000 765.698000 0.000000
v 976.540000 765.698000 0.000000
v 1012.380000 706.380000 0.000000
v 1039.460000 706.380000 0.000000
v 1039.460000 763.620000 0.000000
v 1012.380000 763.620000 0.000000
v 1042.460000 706.380000 0.000000
v 1069.540000 706.380000 0.000000
v 1069.540000 763.620000 0.000000
v 1042.460000 763.620000 0.000000
v 1072.540000 706.380000 0.000000
v 1099.620000 706.380000 0.000000
v 1099.620000 763.620000 0.000000
v 1072.540000 763.620000 0.000000
v 1108.380000 705.268000 0.000000
v 1135.460000 705.268000 0.000000
v 1135.460000 764.732000 0.000000
v 1108.380000 764.732000 0.000000
v 1138.460000 705.268000 0.000000
v 1165.540000 705.268000 0.000000
v 1165.540000 764.732000 0.000000
v 1138.460000 764.732000 0.000000
v 1168.540000 705.268000 0.000000
v 1195.620000 705.268000 0.000000
v 1195.620000 764.732000 0.000000
v 1168.540000 764.732000 0.000000
v 916.380000 771.546000 0.000000
v 943.460000 771.546000 0.000000
v 943.460000 830.454000 0.000000
v 916.380000 830.454000 0.000000
v 946.460000 771.546000 0.000000
v 973.540000 771.546000 0.000000
v 973.540000 830.454000 0.000000
v 946.460000 830.454000 0.000000
v 976.540000 771.546000 0.000000
v 1003.620000 771.546000 0.000000
v 1003.620000 830.454000 0.000000
v 976.540000 830.454000 0.000000
v 1012.380000 770.055000 0.000000
v 1039.460000 770.055000 0.000000
v 1039.460000 831.945000 0.000000
v 1012.380000 831.945000 0.000000
v 1042.460000 770.055000 0.000000
v 1069.540000 770.055000 0.000000
v 1069.540000 831.945000 0.000000
v 1042.460000 831.945000 0.000000
v 1072.540000 770.055000 0.000000
v 1099.620000 770.055000 0.000000
v 1099.620000 831.945000 0.000000
v 1072.540000 831.945000 0.000000
v 1108.380000 772.380000 0.000000
v 1135.460000 772.380000 0.000000
v 1135.460000 829.620000 0.000000
v 1108.380000 829.620000 0.000000
v 1138.460000 772.380000 0.000000
v 1165.540000 772.380000 0.000000
v 1165.540000 829.620000 0.000000
v 1138.460000 829.620000 0.000000
v 1168.540000 772.380000 0.000000
v 1195.620000 772.380000 0.000000
v 1195.620000 829.620000 0.000000
v 1168.540000 829.620000 0.000000
v 916.380000 835.443000 0.000000
v 943.460000 835.443000 0.000000
v 943.460000 898.500000 0.000000
v 916.380000 898.500000 0.000000
v 946.460000 835.443000 0.000000
v 973.540000 835.443000 0.000000
v 973.540000 898.500000 0.000000
v 946.460000 898.500000 0.000000
v 976.540000 835.443000 0.000000
v 1003.620000 835.443000 0.000000
v 1003.620000 898.500000 0.000000
v 976.540000 898.500000 0.000000
v 1012.380000 838.338000 0.000000
v 1039.460000 838.338000 0.000000
v 1039.460000 895.662000 0.000000
v 1012.380000 895.662000 0.000000
v 1042.460000 838.338000 0.000000
v 1069.540000 838.338000 0.000000
v 1069.540000 895.662000 0.000000
v 1042.460000 895.662000 0.000000
v 1072.540000 838.338000 0.000000
v 1099.620000 838.338000 0.000000
v 1099.620000 895.662000 0.000000
v 1072.540000 895.662000 0.000000
v 1108.380000 838.380000 0.000000
v 1135.460000 838.380000 0.000000
v 1135.460000 895.620000 0.000000
v 1108.380000 895.620000 0.000000
v 1138.460000 838.380000 0.000000
v 1165.540000 838.380000 0.000000
v 1165.540000 895.620000 0.000000
v 1138.460000 895.620000 0.000000
v 1168.540000 838.380000 0.000000
v 1195.620000 838.380000 0.000000
v 1195.620000 895.620000 0.000000
v 1168.540000 895.620000 0.000000
v 7.435000 4.869000 0.000000
v 48.725000 4.869000 0.000000
v 48.725000 85.131000 0.000000
v 7.435000 85.131000 0.000000
v 7.435000 4.869000 9.600000
v 48.725000 4.869000 9.600000
v 48.725000 85.131000 9.600000
v 7.435000 85.131000 9.600000
v 107.275000 4.869000 0.000000
v 148.565000 4.869000 0.000000
v 148.565000 85.131000 0.000000
v 107.275000 85.131000 0.000000
v 107.275000 4.869000 6.400000
v 148.565000 4.869000 6.400000
v 148.565000 85.131000 6.400000
v 107.275000 85.131000 6.400000
v 213.355000 7.435000 0.000000
v 254.645000 7.435000 0.000000
v 254.645000 82.565000 0.000000
v 213.355000 82.565000 0.000000
v 213.355000 7.435000 9.600000
v 254.645000 7.435000 9.600000
v 254.645000 82.565000 9.600000
v 213.355000 82.565000 9.600000
v 263.275000 7.435000 0.000000
v 304.565000 7.435000 0.000000
v 304.565000 82.565000 0.000000
v 263.275000 82.565000 0.000000
v 263.275000 7.435000 3.200000
v 304.565000 7.435000 3.200000
v 304.565000 82.565000 3.200000
v 263.275000 82.565000 3.200000
v 7.435000 95.495000 0.000000
v 48.725000 95.495000 0.000000
v 48.725000 174.505000 0.000000
v 7.435000 174.505000 0.000000
v 7.435000 95.495000 12.800000
v 48.725000 95.495000 12.800000
v 48.725000 174.505000 12.800000
v 7.435000 174.505000 12.800000
v 57.355000 95.495000 0.000000
v 98.645000 95.495000 0.000000
v 98.645000 174.505000 0.000000
v 57.355000 174.505000 0.000000
v 57.355000 95.495000 3.200000
v 98.645000 95.495000 3.200000
v 98.645000 174.505000 3.200000
v 57.355000 174.505000 3.200000
v 163.435000 94.695000 0.000000
v 204.725000 94.695000 0.000000
v 204.725000 175.305000 0.000000
v 163.435000 175.305000 0.000000
v 163.435000 94.695000 3.200000
v 204.725000 94.695000 3.200000
v 204.725000 175.305000 3.200000
v 163.435000 175.305000 3.200000
v 213.355000 94.695000 0.000000
v 254.645000 94.695000 0.000000
v 254.645000 175.305000 0.000000
v 213.355000 175.305000 0.000000
v 213.355000 94.695000 12.800000
v 254.645000 94.695000 12.800000
v 254.645000 175.305000 12.800000
v 213.355000 175.305000 12.800000
v 263.275000 94.695000 0.000000
v 304.565000 94.695000 0.000000
v 304.565000 175.305000 0.000000
v 263.275000 175.305000 0.000000
v 263.275000 94.695000 6.400000
v 304.565000 94.695000 6.400000
v 304.565000 175.305000 6.400000
v 263.275000 175.305000 6.400000
v 57.355000 185.560000 0.000000
v 98.645000 185.560000 0.000000
v 98.645000 264.440000 0.000000
v 57.355000 264.440000 0.000000
v 57.355000 185.560000 12.800000
v 98.645000 185.560000 12.800000
v 98.645000 264.440000 12.800000
v 57.355000 264.440000 12.800000
v 107.275000 185.560000 0.000000
v 148.565000 185.560000 0.000000
v 148.565000 264.440000 0.000000
v 107.275000 264.440000 0.000000
v 107.275000 185.560000 12.800000
v 148.565000 185.560000 12.800000
v 148.565000 264.440000 12.800000
v 107.275000 264.440000 12.800000
v 163.435000 185.113000 0.000000
v 204.725000 185.113000 0.000000
v 204.725000 264.887000 0.000000
v 163.435000 264.887000 0.000000
v 163.435000 185.113000 6.400000
v 204.725000 185.113000 6.400000
v 204.725000 264.887000 6.400000
v 163.435000 264.887000 6.400000
v 213.355000 185.113000 0.000000
v 254.645000 185.113000 0.000000
v 254.645000 264.887000 0.000000
v 213.355000 264.887000 0.000000
v 213.355000 185.113000 3.200000
v 254.645000 185.113000 3.200000
v 254.645000 264.887000 3.200000
v 213.355000 264.887000 3.200000
v 263.275000 185.113000 0.000000
v 304.565000 185.113000 0.000000
v 304.565000 264.887000 0.000000
v 263.275000 264.887000 0.000000
v 263.275000 185.113000 6.400000
v 304.565000 185.113000 6.400000
v 304.565000 264.887000 6.400000
v 263.275000 264.887000 6.400000
v 365.778000 6.879000 0.000000
v 407.068000 6.879000 0.000000
v 407.068000 128.121000 0.000000
v 365.778000 128.121000 0.000000
v 365.778000 6.879000 6.400000
v 407.068000 6.879000 6.400000
v 407.068000 128.121000 6.400000
v 365.778000 128.121000 6.400000
v 315.858000 141.028000 0.000000
v 357.148000 141.028000 0.000000
v 357.148000 263.972000 0.000000
v 315.858000 263.972000 0.000000
v 315.858000 141.028000 6.400000
v 357.148000 141.028000 6.400000
v 357.148000 263.972000 6.400000
v 315.858000 263.972000 6.400000
v 471.858000 141.788000 0.000000
v 513.148000 141.788000 0.000000
v 513.148000 263.212000 0.000000
v 471.858000 263.212000 0.000000
v 471.858000 141.788000 3.200000
v 513.148000 141.788000 3.200000
v 513.148000 263.212000 3.200000
v 471.858000 263.212000 3.200000
v 521.778000 141.788000 0.000000
v 563.068000 141.788000 0.000000
v 563.068000 263.212000 0.000000
v 521.778000 263.212000 0.000000
v 521.778000 141.788000 6.400000
v 563.068000 141.788000 6.400000
v 563.068000 263.212000 6.400000
v 521.778000 263.212000 6.400000
v 638.715000 7.088000 0.000000
v 660.379000 7.088000 0.000000
v 660.379000 82.912000 0.000000
v 638.715000 82.912000 0.000000
v 638.715000 7.088000 19.200000
v 660.379000 7.088000 19.200000
v 660.379000 82.912000 19.200000
v 638.715000 82.912000 19.200000
v 668.795000 7.088000 0.000000
v 690.459000 7.088000 0.000000
v 690.459000 82.912000 0.000000
v 668.795000 82.912000 0.000000
v 668.795000 7.088000 28.800000
v 690.459000 7.088000 28.800000
v 690.459000 82.912000 28.800000
v 668.795000 82.912000 28.800000
v 698.875000 7.088000 0.000000
v 720.539000 7.088000 0.000000
v 720.539000 82.912000 0.000000
v 698.875000 82.912000 0.000000
v 698.875000 7.088000 22.400000
v 720.539000 7.088000 22.400000
v 720.539000 82.912000 22.400000
v 698.875000 82.912000 22.400000
v 734.715000 4.500000 0.000000
v 756.379000 4.500000 0.000000
v 756.379000 85.500000 0.000000
v 734.715000 85.500000 0.000000
v 734.715000 4.500000 22.400000
v 756.379000 4.500000 22.400000
v 756.379000 85.500000 22.400000
v 734.715000 85.500000 22.400000
v 764.795000 4.500000 0.000000
v 786.459000 4.500000 0.000000
v 786.459000 85.500000 0.000000
v 764.795000 85.500000 0.000000
v 764.795000 4.500000 12.800000
v 786.459000 4.500000 12.800000
v 786.459000 85.500000 12.800000
v 764.795000 85.500000 12.800000
v 794.875000 4.500000 0.000000
v 816.539000 4.500000 0.000000
v 816.539000 85.500000 0.000000
v 794.875000 85.500000 0.000000
v 794.875000 4.500000 16.000000
v 816.539000 4.500000 16.000000
v 816.539000 85.500000 16.000000
v 794.875000 85.500000 16.000000
v 830.715000 4.208000 0.000000
v 852.379000 4.208000 0.000000
v 852.379000 85.899000 0.000000
v 830.715000 85.899000 0.000000
v 830.715000 4.208000 22.400000
v 852.379000 4.208000 22.400000
v 852.379000 85.899000 22.400000
v 830.715000 85.899000 22.400000
v 890.875000 4.208000 0.000000
v 912.539000 4.208000 0.000000
v 912.539000 85.899000 0.000000
v 890.875000 85.899000 0.000000
v 890.875000 4.208000 12.800000
v 912.539000 4.208000 12.800000
v 912.539000 85.899000 12.800000
v 890.875000 85.899000 12.800000
v 638.715000 97.088000 0.000000
v 660.379000 97.088000 0.000000
v 660.379000 172.912000 0.000000
v 638.715000 172.912000 0.000000
v 638.715000 97.088000 28.800000
v 660.379000 97.088000 28.800000
v 660.379000 172.912000 28.800000
v 638.715000 172.912000 28.800000
v 668.795000 97.088000 0.000000
v 690.459000 97.088000 0.000000
v 690.459000 172.912000 0.000000
v 668.795000 172.912000 0.000000
v 668.795000 97.088000 28.800000
v 690.459000 97.088000 28.800000
v 690.459000 172.912000 28.800000
v 668.795000 172.912000 28.800000
v 698.875000 97.088000 0.000000
v 720.539000 97.088000 0.000000
v 720.539000 172.912000 0.000000
v 698.875000 172.912000 0.000000
v 698.875000 97.088000 28.800000
v 720.539000 97.088000 28.800000
v 720.539000 172.912000 28.800000
v 698.875000 172.912000 28.800000
v 734.715000 95.118000 0.000000
v 756.379000 95.118000 0.000000
v 756.379000 174.882000 0.000000
v 734.715000 174.882000 0.000000
v 734.715000 95.118000 16.000000
v 756.379000 95.118000 16.000000
v 756.379000 174.882000 16.000000
v 734.715000 174.882000 16.000000
v 764.795000 95.118000 0.000000
v 786.459000 95.118000 0.000000
v 786.459000 174.882000 0.000000
v 764.795000 174.882000 0.000000
v 764.795000 95.118000 19.200000
v 786.459000 95.118000 19.200000
v 786.459000 174.882000 19.200000
v 764.795000 174.882000 19.200000
v 794.875000 95.118000 0.000000
v 816.539000 95.118000 0.000000
v 816.539000 174.882000 0.000000
v 794.875000 174.882000 0.000000
v 794.875000 95.118000 28.800000
v 816.539000 95.118000 28.800000
v 816.539000 174.882000 28.800000
v 794.875000 174.882000 28.800000
v 830.715000 97.088000 0.000000
v 852.379000 97.088000 0.000000
v 852.379000 172.912000 0.000000
v 830.715000 172.912000 0.000000
v 830.715000 97.088000 22.400000
v 852.379000 97.088000 22.400000
v 852.379000 172.912000 22.400000
v 830.715000 172.912000 22.400000
v 860.795000 97.088000 0.000000
v 882.459000 97.088000 0.000000
v 882.459000 172.912000 0.000000
v 860.795000 172.912000 0.000000
v 860.795000 97.088000 9.600000
v 882.459000 97.088000 9.600000
v 882.459000 172.912000 9.600000
v 860.795000 172.912000 9.600000
v 890.875000 97.088000 0.000000
v 912.539000 97.088000 0.000000
v 912.539000 172.912000 0.000000
v 890.875000 172.912000 0.000000
v 890.875000 97.088000 22.400000
v 912.539000 97.088000 22.400000
v 912.539000 172.912000 22.400000
v 890.875000 172.912000 22.400000
v 638.715000 185.233000 0.000000
v 660.379000 185.233000 0.000000
v 660.379000 264.767000 0.000000
v 638.715000 264.767000 0.000000
v 638.715000 185.233000 16.000000
v 660.379000 185.233000 16.000000
v 660.379000 264.767000 16.000000
v 638.715000 264.767000 16.000000
v 668.795000 185.233000 0.000000
v 690.459000 185.233000 0.000000
v 690.459000 264.767000 0.000000
v 668.795000 264.767000 0.000000
v 668.795000 185.233000 16.000000
v 690.459000 185.233000 16.000000
v 690.459000 264.767000 16.000000
v 668.795000 264.767000 16.000000
v 698.875000 185.233000 0.000000
v 720.539000 185.233000 0.000000
v 720.539000 264.767000 0.000000
v 698.875000 264.767000 0.000000
v 698.875000 185.233000 16.000000
v 720.539000 185.233000 16.000000
v 720.539000 264.767000 16.000000
v 698.875000 264.767000 16.000000
v 734.715000 185.718000 0.000000
v 756.379000 185.718000 0.000000
v 756.379000 264.282000 0.000000
v 734.715000 264.282000 0.000000
v 734.715000 185.718000 9.600000
v 756.379000 185.718000 9.600000
v 756.379000 264.282000 9.600000
v 734.715000 264.282000 9.600000
v 764.795000 185.718000 0.000000
v 786.459000 185.718000 0.000000
v 786.459000 264.282000 0.000000
v 764.795000 264.282000 0.000000
v 764.795000 185.718000 28.800000
v 786.459000 185.718000 28.800000
v 786.459000 264.282000 28.800000
v 764.795000 264.282000 28.800000
v 794.875000 185.718000 0.000000
v 816.539000 185.718000 0.000000
v 816.539000 264.282000 0.000000
v 794.875000 264.282000 0.000000
v 794.875000 185.718000 16.000000
v 816.539000 185.718000 16.000000
v 816.539000 264.282000 16.000000
v 794.875000 264.282000 16.000000
v 830.715000 184.262000 0.000000
v 852.379000 184.262000 0.000000
v 852.379000 265.738000 0.000000
v 830.715000 265.738000 0.000000
v 830.715000 184.262000 12.800000
v 852.379000 184.262000 12.800000
v 852.379000 265.738000 12.800000
v 830.715000 265.738000 12.800000
v 860.795000 184.262000 0.000000
v 882.459000 184.262000 0.000000
v 882.459000 265.738000 0.000000
v 860.795000 265.738000 0.000000
v 860.795000 184.262000 19.200000
v 882.459000 184.262000 19.200000
v 882.459000 265.738000 19.200000
v 860.795000 265.738000 19.200000
v 890.875000 184.262000 0.000000
v 912.539000 184.262000 0.000000
v 912.539000 265.738000 0.000000
v 890.875000 265.738000 0.000000
v 890.875000 184.262000 16.000000
v 912.539000 184.262000 16.000000
v 912.539000 265.738000 16.000000
v 890.875000 265.738000 16.000000
v 919.088000 7.088000 0.000000
v 940.752000 7.088000 0.000000
v 940.752000 82.912000 0.000000
v 919.088000 82.912000 0.000000
v 919.088000 7.088000 12.800000
v 940.752000 7.088000 12.800000
v 940.752000 82.912000 12.800000
v 919.088000 82.912000 12.800000
v 949.168000 7.088000 0.000000
v 970.832000 7.088000 0.000000
v 970.832000 82.912000 0.000000
v 949.168000 82.912000 0.000000
v 949.168000 7.088000 19.200000
v 970.832000 7.088000 19.200000
v 970.832000 82.912000 19.200000
v 949.168000 82.912000 19.200000
v 979.248000 7.088000 0.000000
v 1000.912000 7.088000 0.000000
v 1000.912000 82.912000 0.000000
v 979.248000 82.912000 0.000000
v 979.248000 7.088000 16.000000
v 1000.912000 7.088000 16.000000
v 1000.912000 82.912000 16.000000
v 979.248000 82.912000 16.000000
v 1045.168000 6.697000 0.000000
v 1066.832000 6.697000 0.000000
v 1066.832000 83.303000 0.000000
v 1045.168000 83.303000 0.000000
v 1045.168000 6.697000 16.000000
v 1066.832000 6.697000 16.000000
v 1066.832000 83.303000 16.000000
v 1045.168000 83.303000 16.000000
v 1075.248000 6.697000 0.000000
v 1096.912000 6.697000 0.000000
v 1096.912000 83.303000 0.000000
v 1075.248000 83.303000 0.000000
v 1075.248000 6.697000 12.800000
v 1096.912000 6.697000 12.800000
v 1096.912000 83.303000 12.800000
v 1075.248000 83.303000 12.800000
v 1111.088000 7.088000 0.000000
v 1132.752000 7.088000 0.000000
v 1132.752000 82.912000 0.000000
v 1111.088000 82.912000 0.000000
v 1111.088000 7.088000 12.800000
v 1132.752000 7.088000 12.800000
v 1132.752000 82.912000 12.800000
v 1111.088000 82.912000 12.800000
v 919.088000 95.851000 0.000000
v 940.752000 95.851000 0.000000
v 940.752000 174.149000 0.000000
v 919.088000 174.149000 0.000000
v 919.088000 95.851000 6.400000
v 940.752000 95.851000 6.400000
v 940.752000 174.149000 6.400000
v 919.088000 174.149000 6.400000
v 949.168000 95.851000 0.000000
v 970.832000 95.851000 0.000000
v 970.832000 174.149000 0.000000
v 949.168000 174.149000 0.000000
v 949.168000 95.851000 9.600000
v 970.832000 95.851000 9.600000
v 970.832000 174.149000 9.600000
v 949.168000 174.149000 9.600000
v 979.248000 95.851000 0.000000
v 1000.912000 95.851000 0.000000
v 1000.912000 174.149000 0.000000
v 979.248000 174.149000 0.000000
v 979.248000 95.851000 19.200000
v 1000.912000 95.851000 19.200000
v 1000.912000 174.149000 19.200000
v 979.248000 174.149000 19.200000
v 1015.088000 97.088000 0.000000
v 1036.752000 97.088000 0.000000
v 1036.752000 172.912000 0.000000
v 1015.088000 172.912000 0.000000
v 1015.088000 97.088000 6.400000
v 1036.752000 97.088000 6.400000
v 1036.752000 172.912000 6.400000
v 1015.088000 172.912000 6.400000
v 1045.168000 97.088000 0.000000
v 1066.832000 97.088000 0.000000
v 1066.832000 172.912000 0.000000
v 1045.168000 172.912000 0.000000
v 1045.168000 97.088000 12.800000
v 1066.832000 97.088000 12.800000
v 1066.832000 172.912000 12.800000
v 1045.168000 172.912000 12.800000
v 1111.088000 97.088000 0.000000
v 1132.752000 97.088000 0.000000
v 1132.752000 172.912000 0.000000
v 1111.088000 172.912000 0.000000
v 1111.088000 97.088000 22.400000
v 1132.752000 97.088000 22.400000
v 1132.752000 172.912000 22.400000
v 1111.088000 172.912000 22.400000
v 1141.168000 97.088000 0.000000
v 1162.832000 97.088000 0.000000
v 1162.832000 172.912000 0.000000
v 1141.168000 172.912000 0.000000
v 1141.168000 97.088000 6.400000
v 1162.832000 97.088000 6.400000
v 1162.832000 172.912000 6.400000
v 1141.168000 172.912000 6.400000
v 1171.248000 97.088000 0.000000
v 1192.912000 97.088000 0.000000
v 1192.912000 172.912000 0.000000
v 1171.248000 172.912000 0.000000
v 1171.248000 97.088000 6.400000
v 1192.912000 97.088000 6.400000
v 1192.912000 172.912000 6.400000
v 1171.248000 172.912000 6.400000
v 919.088000 184.755000 0.000000
v 940.752000 184.755000 0.000000
v 940.752000 265.245000 0.000000
v 919.088000 265.245000 0.000000
v 919.088000 184.755000 16.000000
v 940.752000 184.755000 16.000000
v 940.752000 265.245000 16.000000
v 919.088000 265.245000 16.000000
v 949.168000 184.755000 0.000000
v 970.832000 184.755000 0.000000
v 970.832000 265.245000 0.000000
v 949.168000 265.245000 0.000000
v 949.168000 184.755000 6.400000
v 970.832000 184.755000 6.400000
v 970.832000 265.245000 6.400000
v 949.168000 265.245000 6.400000
v 979.248000 184.755000 0.000000
v 1000.912000 184.755000 0.000000
v 1000.912000 265.245000 0.000000
v 979.248000 265.245000 0.000000
v 979.248000 184.755000 22.400000
v 1000.912000 184.755000 22.400000
v 1000.912000 265.245000 22.400000
v 979.248000 265.245000 22.400000
v 1015.088000 187.088000 0.000000
v 1036.752000 187.088000 0.000000
v 1036.752000 262.912000 0.000000
v 1015.088000 262.912000 0.000000
v 1015.088000 187.088000 19.200000
v 1036.752000 187.088000 19.200000
v 1036.752000 262.912000 19.200000
v 1015.088000 262.912000 19.200000
v 1111.088000 187.088000 0.000000
v 1132.752000 187.088000 0.000000
v 1132.752000 262.912000 0.000000
v 1111.088000 262.912000 0.000000
v 1111.088000 187.088000 6.400000
v 1132.752000 187.088000 6.400000
v 1132.752000 262.912000 6.400000
v 1111.088000 262.912000 6.400000
v 1141.168000 187.088000 0.000000
v 1162.832000 187.088000 0.000000
v 1162.832000 262.912000 0.000000
v 1141.168000 262.912000 0.000000
v 1141.168000 187.088000 12.800000
v 1162.832000 187.088000 12.800000
v 1162.832000 262.912000 12.800000
v 1141.168000 262.912000 12.800000
v 1171.248000 187.088000 0.000000
v 1192.912000 187.088000 0.000000
v 1192.912000 262.912000 0.000000
v 1171.248000 262.912000 0.000000
v 1171.248000 187.088000 6.400000
v 1192.912000 187.088000 6.400000
v 1192.912000 262.912000 6.400000
v 1171.248000 262.912000 6.400000
v 57.355000 270.440000 0.000000
v 98.645000 270.440000 0.000000
v 98.645000 333.570000 0.000000
v 57.355000 333.570000 0.000000
v 57.355000 270.440000 6.400000
v 98.645000 270.440000 6.400000
v 98.645000 333.570000 6.400000
v 57.355000 333.570000 6.400000
v 107.275000 270.440000 0.000000
v 148.565000 270.440000 0.000000
v 148.565000 333.570000 0.000000
v 107.275000 333.570000 0.000000
v 107.275000 270.440000 9.600000
v 148.565000 270.440000 9.600000
v 148.565000 333.570000 9.600000
v 107.275000 333.570000 9.600000
v 163.435000 269.911000 0.000000
v 204.725000 269.911000 0.000000
v 204.725000 334.099000 0.000000
v 163.435000 334.099000 0.000000
v 163.435000 269.911000 3.200000
v 204.725000 269.911000 3.200000
v 204.725000 334.099000 3.200000
v 163.435000 334.099000 3.200000
v 213.355000 269.911000 0.000000
v 254.645000 269.911000 0.000000
v 254.645000 334.099000 0.000000
v 213.355000 334.099000 0.000000
v 213.355000 269.911000 3.200000
v 254.645000 269.911000 3.200000
v 254.645000 334.099000 3.200000
v 213.355000 334.099000 3.200000
v 7.435000 346.916000 0.000000
v 48.725000 346.916000 0.000000
v 48.725000 413.094000 0.000000
v 7.435000 413.094000 0.000000
v 7.435000 346.916000 6.400000
v 48.725000 346.916000 6.400000
v 48.725000 413.094000 6.400000
v 7.435000 413.094000 6.400000
v 57.355000 346.916000 0.000000
v 98.645000 346.916000 0.000000
v 98.645000 413.094000 0.000000
v 57.355000 413.094000 0.000000
v 57.355000 346.916000 6.400000
v 98.645000 346.916000 6.400000
v 98.645000 413.094000 6.400000
v 57.355000 413.094000 6.400000
v 107.275000 346.916000 0.000000
v 148.565000 346.916000 0.000000
v 148.565000 413.094000 0.000000
v 107.275000 413.094000 0.000000
v 107.275000 346.916000 6.400000
v 148.565000 346.916000 6.400000
v 148.565000 413.094000 6.400000
v 107.275000 413.094000 6.400000
v 263.275000 348.440000 0.000000
v 304.565000 348.440000 0.000000
v 304.565000 411.570000 0.000000
v 263.275000 411.570000 0.000000
v 263.275000 348.440000 6.400000
v 304.565000 348.440000 6.400000
v 304.565000 411.570000 6.400000
v 263.275000 411.570000 6.400000
v 7.435000 424.510000 0.000000
v 48.725000 424.510000 0.000000
v 48.725000 491.500000 0.000000
v 7.435000 491.500000 0.000000
v 7.435000 424.510000 9.600000
v 48.725000 424.510000 9.600000
v 48.725000 491.500000 9.600000
v 7.435000 491.500000 9.600000
v 57.355000 424.510000 0.000000
v 98.645000 424.510000 0.000000
v 98.645000 491.500000 0.000000
v 57.355000 491.500000 0.000000
v 57.355000 424.510000 12.800000
v 98.645000 424.510000 12.800000
v 98.645000 491.500000 12.800000
v 57.355000 491.500000 12.800000
v 107.275000 424.510000 0.000000
v 148.565000 424.510000 0.000000
v 148.565000 491.500000 0.000000
v 107.275000 491.500000 0.000000
v 107.275000 424.510000 6.400000
v 148.565000 424.510000 6.400000
v 148.565000 491.500000 6.400000
v 107.275000 491.500000 6.400000
v 163.435000 423.995000 0.000000
v 204.725000 423.995000 0.000000
v 204.725000 492.015000 0.000000
v 163.435000 492.015000 0.000000
v 163.435000 423.995000 6.400000
v 204.725000 423.995000 6.400000
v 204.725000 492.015000 6.400000
v 163.435000 492.015000 6.400000
v 213.355000 423.995000 0.000000
v 254.645000 423.995000 0.000000
v 254.645000 492.015000 0.000000
v 213.355000 492.015000 0.000000
v 213.355000 423.995000 3.200000
v 254.645000 423.995000 3.200000
v 254.645000 492.015000 3.200000
v 213.355000 492.015000 3.200000
v 263.275000 423.995000 0.000000
v 304.565000 423.995000 0.000000
v 304.565000 492.015000 0.000000
v 263.275000 492.015000 0.000000
v 263.275000 423.995000 9.600000
v 304.565000 423.995000 9.600000
v 304.565000 492.015000 9.600000
v 263.275000 492.015000 9.600000
v 325.613000 282.904000 0.000000
v 349.282000 282.904000 0.000000
v 349.282000 350.046000 0.000000
v 325.613000 350.046000 0.000000
v 325.613000 282.904000 57.600000
v 349.282000 282.904000 57.600000
v 349.282000 350.046000 57.600000
v 325.613000 350.046000 57.600000
v 358.200000 282.904000 0.000000
v 381.868000 282.904000 0.000000
v 381.868000 350.046000 0.000000
v 358.200000 350.046000 0.000000
v 358.200000 282.904000 48.000000
v 381.868000 282.904000 48.000000
v 381.868000 350.046000 48.000000
v 358.200000 350.046000 48.000000
v 390.786000 282.904000 0.000000
v 414.455000 282.904000 0.000000
v 414.455000 350.046000 0.000000
v 390.786000 350.046000 0.000000
v 390.786000 282.904000 54.400000
v 414.455000 282.904000 54.400000
v 414.455000 350.046000 54.400000
v 390.786000 350.046000 54.400000
v 429.613000 285.054000 0.000000
v 453.282000 285.054000 0.000000
v 453.282000 347.896000 0.000000
v 429.613000 347.896000 0.000000
v 429.613000 285.054000 28.800000
v 453.282000 285.054000 28.800000
v 453.282000 347.896000 28.800000
v 429.613000 347.896000 28.800000
v 462.200000 285.054000 0.000000
v 485.868000 285.054000 0.000000
v 485.868000 347.896000 0.000000
v 462.200000 347.896000 0.000000
v 462.200000 285.054000 51.200000
v 485.868000 285.054000 51.200000
v 485.868000 347.896000 51.200000
v 462.200000 347.896000 51.200000
v 494.786000 285.054000 0.000000
v 518.455000 285.054000 0.000000
v 518.455000 347.896000 0.000000
v 494.786000 347.896000 0.000000
v 494.786000 285.054000 44.800000
v 518.455000 285.054000 44.800000
v 518.455000 347.896000 44.800000
v 494.786000 347.896000 44.800000
v 533.613000 285.054000 0.000000
v 557.282000 285.054000 0.000000
v 557.282000 347.896000 0.000000
v 533.613000 347.896000 0.000000
v 533.613000 285.054000 19.200000
v 557.282000 285.054000 19.200000
v 557.282000 347.896000 19.200000
v 533.613000 347.896000 19.200000
v 566.200000 285.054000 0.000000
v 589.868000 285.054000 0.000000
v 589.868000 347.896000 0.000000
v 566.200000 347.896000 0.000000
v 566.200000 285.054000 22.400000
v 589.868000 285.054000 22.400000
v 589.868000 347.896000 22.400000
v 566.200000 347.896000 22.400000
v 598.786000 285.054000 0.000000
v 622.455000 285.054000 0.000000
v 622.455000 347.896000 0.000000
v 598.786000 347.896000 0.000000
v 598.786000 285.054000 35.200000
v 622.455000 285.054000 35.200000
v 622.455000 347.896000 35.200000
v 598.786000 347.896000 35.200000
v 325.613000 363.054000 0.000000
v 349.282000 363.054000 0.000000
v 349.282000 425.896000 0.000000
v 325.613000 425.896000 0.000000
v 325.613000 363.054000 57.600000
v 349.282000 363.054000 57.600000
v 349.282000 425.896000 57.600000
v 325.613000 425.896000 57.600000
v 358.200000 363.054000 0.000000
v 381.868000 363.054000 0.000000
v 381.868000 425.896000 0.000000
v 358.200000 425.896000 0.000000
v 358.200000 363.054000 54.400000
v 381.868000 363.054000 54.400000
v 381.868000 425.896000 54.400000
v 358.200000 425.896000 54.400000
v 390.786000 363.054000 0.000000
v 414.455000 363.054000 0.000000
v 414.455000 425.896000 0.000000
v 390.786000 425.896000 0.000000
v 390.786000 363.054000 28.800000
v 414.455000 363.054000 28.800000
v 414.455000 425.896000 28.800000
v 390.786000 425.896000 28.800000
v 429.613000 360.237000 0.000000
v 453.282000 360.237000 0.000000
v 453.282000 428.713000 0.000000
v 429.613000 428.713000 0.000000
v 429.613000 360.237000 35.200000
v 453.282000 360.237000 35.200000
v 453.282000 428.713000 35.200000
v 429.613000 428.713000 35.200000
v 462.200000 360.237000 0.000000
v 485.868000 360.237000 0.000000
v 485.868000 428.713000 0.000000
v 462.200000 428.713000 0.000000
v 462.200000 360.237000 51.200000
v 485.868000 360.237000 51.200000
v 485.868000 428.713000 51.200000
v 462.200000 428.713000 51.200000
v 494.786000 360.237000 0.000000
v 518.455000 360.237000 0.000000
v 518.455000 428.713000 0.000000
v 494.786000 428.713000 0.000000
v 494.786000 360.237000 38.400000
v 518.455000 360.237000 38.400000
v 518.455000 428.713000 38.400000
v 494.786000 428.713000 38.400000
v 566.200000 363.054000 0.000000
v 589.868000 363.054000 0.000000
v 589.868000 425.896000 0.000000
v 566.200000 425.896000 0.000000
v 566.200000 363.054000 22.400000
v 589.868000 363.054000 22.400000
v 589.868000 425.896000 22.400000
v 566.200000 425.896000 22.400000
v 598.786000 363.054000 0.000000
v 622.455000 363.054000 0.000000
v 622.455000 425.896000 0.000000
v 598.786000 425.896000 0.000000
v 598.786000 363.054000 28.800000
v 622.455000 363.054000 28.800000
v 622.455000 425.896000 28.800000
v 598.786000 425.896000 28.800000
v 325.613000 441.054000 0.000000
v 349.282000 441.054000 0.000000
v 349.282000 503.896000 0.000000
v 325.613000 503.896000 0.000000
v 325.613000 441.054000 54.400000
v 349.282000 441.054000 54.400000
v 349.282000 503.896000 54.400000
v 325.613000 503.896000 54.400000
v 358.200000 441.054000 0.000000
v 381.868000 441.054000 0.000000
v 381.868000 503.896000 0.000000
v 358.200000 503.896000 0.000000
v 358.200000 441.054000 44.800000
v 381.868000 441.054000 44.800000
v 381.868000 503.896000 44.800000
v 358.200000 503.896000 44.800000
v 390.786000 441.054000 0.000000
v 414.455000 441.054000 0.000000
v 414.455000 503.896000 0.000000
v 390.786000 503.896000 0.000000
v 390.786000 441.054000 51.200000
v 414.455000 441.054000 51.200000
v 414.455000 503.896000 51.200000
v 390.786000 503.896000 51.200000
v 429.613000 440.414000 0.000000
v 453.282000 440.414000 0.000000
v 453.282000 504.536000 0.000000
v 429.613000 504.536000 0.000000
v 429.613000 440.414000 41.600000
v 453.282000 440.414000 41.600000
v 453.282000 504.536000 41.600000
v 429.613000 504.536000 41.600000
v 462.200000 440.414000 0.000000
v 485.868000 440.414000 0.000000
v 485.868000 504.536000 0.000000
v 462.200000 504.536000 0.000000
v 462.200000 440.414000 54.400000
v 485.868000 440.414000 54.400000
v 485.868000 504.536000 54.400000
v 462.200000 504.536000 54.400000
v 494.786000 440.414000 0.000000
v 518.455000 440.414000 0.000000
v 518.455000 504.536000 0.000000
v 494.786000 504.536000 0.000000
v 494.786000 440.414000 38.400000
v 518.455000 440.414000 38.400000
v 518.455000 504.536000 38.400000
v 494.786000 504.536000 38.400000
v 533.613000 441.054000 0.000000
v 557.282000 441.054000 0.000000
v 557.282000 503.896000 0.000000
v 533.613000 503.896000 0.000000
v 533.613000 441.054000 19.200000
v 557.282000 441.054000 19.200000
v 557.282000 503.896000 19.200000
v 533.613000 503.896000 19.200000
v 598.786000 441.054000 0.000000
v 622.455000 441.054000 0.000000
v 622.455000 503.896000 0.000000
v 598.786000 503.896000 0.000000
v 598.786000 441.054000 22.400000
v 622.455000 441.054000 22.400000
v 622.455000 503.896000 22.400000
v 598.786000 503.896000 22.400000
v 658.696000 271.211000 0.000000
v 680.360000 271.211000 0.000000
v 680.360000 336.231000 0.000000
v 658.696000 336.231000 0.000000
v 658.696000 271.211000 6.400000
v 680.360000 271.211000 6.400000
v 680.360000 336.231000 6.400000
v 658.696000 336.231000 6.400000
v 688.776000 271.211000 0.000000
v 710.440000 271.211000 0.000000
v 710.440000 336.231000 0.000000
v 688.776000 336.231000 0.000000
v 688.776000 271.211000 12.800000
v 710.440000 271.211000 12.800000
v 710.440000 336.231000 12.800000
v 688.776000 336.231000 12.800000
v 724.616000 271.540000 0.000000
v 746.280000 271.540000 0.000000
v 746.280000 335.902000 0.000000
v 724.616000 335.902000 0.000000
v 724.616000 271.540000 9.600000
v 746.280000 271.540000 9.600000
v 746.280000 335.902000 9.600000
v 724.616000 335.902000 9.600000
v 754.696000 271.540000 0.000000
v 776.360000 271.540000 0.000000
v 776.360000 335.902000 0.000000
v 754.696000 335.902000 0.000000
v 754.696000 271.540000 12.800000
v 776.360000 271.540000 12.800000
v 776.360000 335.902000 12.800000
v 754.696000 335.902000 12.800000
v 784.776000 271.540000 0.000000
v 806.440000 271.540000 0.000000
v 806.440000 335.902000 0.000000
v 784.776000 335.902000 0.000000
v 784.776000 271.540000 16.000000
v 806.440000 271.540000 16.000000
v 806.440000 335.902000 16.000000
v 784.776000 335.902000 16.000000
v 820.616000 271.809000 0.000000
v 842.280000 271.809000 0.000000
v 842.280000 335.633000 0.000000
v 820.616000 335.633000 0.000000
v 820.616000 271.809000 9.600000
v 842.280000 271.809000 9.600000
v 842.280000 335.633000 9.600000
v 820.616000 335.633000 9.600000
v 850.696000 271.809000 0.000000
v 872.360000 271.809000 0.000000
v 872.360000 335.633000 0.000000
v 850.696000 335.633000 0.000000
v 850.696000 271.809000 9.600000
v 872.360000 271.809000 9.600000
v 872.360000 335.633000 9.600000
v 850.696000 335.633000 9.600000
v 880.776000 271.809000 0.000000
v 902.440000 271.809000 0.000000
v 902.440000 335.633000 0.000000
v 880.776000 335.633000 0.000000
v 880.776000 271.809000 12.800000
v 902.440000 271.809000 12.800000
v 902.440000 335.633000 12.800000
v 880.776000 335.633000 12.800000
v 628.616000 349.809000 0.000000
v 650.280000 349.809000 0.000000
v 650.280000 413.633000 0.000000
v 628.616000 413.633000 0.000000
v 628.616000 349.809000 9.600000
v 650.280000 349.809000 9.600000
v 650.280000 413.633000 9.600000
v 628.616000 413.633000 9.600000
v 658.696000 349.809000 0.000000
v 680.360000 349.809000 0.000000
v 680.360000 413.633000 0.000000
v 658.696000 413.633000 0.000000
v 658.696000 349.809000 16.000000
v 680.360000 349.809000 16.000000
v 680.360000 413.633000 16.000000
v 658.696000 413.633000 16.000000
v 688.776000 349.809000 0.000000
v 710.440000 349.809000 0.000000
v 710.440000 413.633000 0.000000
v 688.776000 413.633000 0.000000
v 688.776000 349.809000 12.800000
v 710.440000 349.809000 12.800000
v 710.440000 413.633000 12.800000
v 688.776000 413.633000 12.800000
v 724.616000 346.814000 0.000000
v 746.280000 346.814000 0.000000
v 746.280000 416.628000 0.000000
v 724.616000 416.628000 0.000000
v 724.616000 346.814000 9.600000
v 746.280000 346.814000 9.600000
v 746.280000 416.628000 9.600000
v 724.616000 416.628000 9.600000
v 784.776000 346.814000 0.000000
v 806.440000 346.814000 0.000000
v 806.440000 416.628000 0.000000
v 784.776000 416.628000 0.000000
v 784.776000 346.814000 6.400000
v 806.440000 346.814000 6.400000
v 806.440000 416.628000 6.400000
v 784.776000 416.628000 6.400000
v 820.616000 349.109000 0.000000
v 842.280000 349.109000 0.000000
v 842.280000 414.333000 0.000000
v 820.616000 414.333000 0.000000
v 820.616000 349.109000 6.400000
v 842.280000 349.109000 6.400000
v 842.280000 414.333000 6.400000
v 820.616000 414.333000 6.400000
v 850.696000 349.109000 0.000000
v 872.360000 349.109000 0.000000
v 872.360000 414.333000 0.000000
v 850.696000 414.333000 0.000000
v 850.696000 349.109000 12.800000
v 872.360000 349.109000 12.800000
v 872.360000 414.333000 12.800000
v 850.696000 414.333000 12.800000
v 880.776000 349.109000 0.000000
v 902.440000 349.109000 0.000000
v 902.440000 414.333000 0.000000
v 880.776000 414.333000 0.000000
v 880.776000 349.109000 12.800000
v 902.440000 349.109000 12.800000
v 902.440000 414.333000 12.800000
v 880.776000 414.333000 12.800000
v 628.616000 427.809000 0.000000
v 650.280000 427.809000 0.000000
v 650.280000 491.633000 0.000000
v 628.616000 491.633000 0.000000
v 628.616000 427.809000 9.600000
v 650.280000 427.809000 9.600000
v 650.280000 491.633000 9.600000
v 628.616000 491.633000 9.600000
v 724.616000 427.251000 0.000000
v 746.280000 427.251000 0.000000
v 746.280000 492.191000 0.000000
v 724.616000 492.191000 0.000000
v 724.616000 427.251000 6.400000
v 746.280000 427.251000 6.400000
v 746.280000 492.191000 6.400000
v 724.616000 492.191000 6.400000
v 754.696000 427.251000 0.000000
v 776.360000 427.251000 0.000000
v 776.360000 492.191000 0.000000
v 754.696000 492.191000 0.000000
v 754.696000 427.251000 12.800000
v 776.360000 427.251000 12.800000
v 776.360000 492.191000 12.800000
v 754.696000 492.191000 12.800000
v 784.776000 427.251000 0.000000
v 806.440000 427.251000 0.000000
v 806.440000 492.191000 0.000000
v 784.776000 492.191000 0.000000
v 784.776000 427.251000 9.600000
v 806.440000 427.251000 9.600000
v 806.440000 492.191000 9.600000
v 784.776000 492.191000 9.600000
v 880.776000 427.809000 0.000000
v 902.440000 427.809000 0.000000
v 902.440000 491.633000 0.000000
v 880.776000 491.633000 0.000000
v 880.776000 427.809000 6.400000
v 902.440000 427.809000 6.400000
v 902.440000 491.633000 6.400000
v 880.776000 491.633000 6.400000
v 919.088000 266.478000 0.000000
v 940.752000 266.478000 0.000000
v 940.752000 335.652000 0.000000
v 919.088000 335.652000 0.000000
v 919.088000 266.478000 22.400000
v 940.752000 266.478000 22.400000
v 940.752000 335.652000 22.400000
v 919.088000 335.652000 22.400000
v 949.168000 266.478000 0.000000
v 970.832000 266.478000 0.000000
v 970.832000 335.652000 0.000000
v 949.168000 335.652000 0.000000
v 949.168000 266.478000 16.000000
v 970.832000 266.478000 16.000000
v 970.832000 335.652000 16.000000
v 949.168000 335.652000 16.000000
v 979.248000 266.478000 0.000000
v 1000.912000 266.478000 0.000000
v 1000.912000 335.652000 0.000000
v 979.248000 335.652000 0.000000
v 979.248000 266.478000 9.600000
v 1000.912000 266.478000 9.600000
v 1000.912000 335.652000 9.600000
v 979.248000 335.652000 9.600000
v 1015.088000 269.153000 0.000000
v 1036.752000 269.153000 0.000000
v 1036.752000 332.977000 0.000000
v 1015.088000 332.977000 0.000000
v 1015.088000 269.153000 19.200000
v 1036.752000 269.153000 19.200000
v 1036.752000 332.977000 19.200000
v 1015.088000 332.977000 19.200000
v 1045.168000 269.153000 0.000000
v 1066.832000 269.153000 0.000000
v 1066.832000 332.977000 0.000000
v 1045.168000 332.977000 0.000000
v 1045.168000 269.153000 6.400000
v 1066.832000 269.153000 6.400000
v 1066.832000 332.977000 6.400000
v 1045.168000 332.977000 6.400000
v 1075.248000 269.153000 0.000000
v 1096.912000 269.153000 0.000000
v 1096.912000 332.977000 0.000000
v 1075.248000 332.977000 0.000000
v 1075.248000 269.153000 6.400000
v 1096.912000 269.153000 6.400000
v 1096.912000 332.977000 6.400000
v 1075.248000 332.977000 6.400000
v 1111.088000 266.293000 0.000000
v 1132.752000 266.293000 0.000000
v 1132.752000 335.837000 0.000000
v 1111.088000 335.837000 0.000000
v 1111.088000 266.293000 9.600000
v 1132.752000 266.293000 9.600000
v 1132.752000 335.837000 9.600000
v 1111.088000 335.837000 9.600000
v 1141.168000 266.293000 0.000000
v 1162.832000 266.293000 0.000000
v 1162.832000 335.837000 0.000000
v 1141.168000 335.837000 0.000000
v 1141.168000 266.293000 16.000000
v 1162.832000 266.293000 16.000000
v 1162.832000 335.837000 16.000000
v 1141.168000 335.837000 16.000000
v 919.088000 347.153000 0.000000
v 940.752000 347.153000 0.000000
v 940.752000 410.977000 0.000000
v 919.088000 410.977000 0.000000
v 919.088000 347.153000 22.400000
v 940.752000 347.153000 22.400000
v 940.752000 410.977000 22.400000
v 919.088000 410.977000 22.400000
v 949.168000 347.153000 0.000000
v 970.832000 347.153000 0.000000
v 970.832000 410.977000 0.000000
v 949.168000 410.977000 0.000000
v 949.168000 347.153000 6.400000
v 970.832000 347.153000 6.400000
v 970.832000 410.977000 6.400000
v 949.168000 410.977000 6.400000
v 979.248000 347.153000 0.000000
v 1000.912000 347.153000 0.000000
v 1000.912000 410.977000 0.000000
v 979.248000 410.977000 0.000000
v 979.248000 347.153000 19.200000
v 1000.912000 347.153000 19.200000
v 1000.912000 410.977000 19.200000
v 979.248000 410.977000 19.200000
v 1015.088000 345.038000 0.000000
v 1036.752000 345.038000 0.000000
v 1036.752000 413.092000 0.000000
v 1015.088000 413.092000 0.000000
v 1015.088000 345.038000 12.800000
v 1036.752000 345.038000 12.800000
v 1036.752000 413.092000 12.800000
v 1015.088000 413.092000 12.800000
v 1045.168000 345.038000 0.000000
v 1066.832000 345.038000 0.000000
v 1066.832000 413.092000 0.000000
v 1045.168000 413.092000 0.000000
v 1045.168000 345.038000 19.200000
v 1066.832000 345.038000 19.200000
v 1066.832000 413.092000 19.200000
v 1045.168000 413.092000 19.200000
v 1075.248000 345.038000 0.000000
v 1096.912000 345.038000 0.000000
v 1096.912000 413.092000 0.000000
v 1075.248000 413.092000 0.000000
v 1075.248000 345.038000 19.200000
v 1096.912000 345.038000 19.200000
v 1096.912000 413.092000 19.200000
v 1075.248000 413.092000 19.200000
v 1171.248000 347.153000 0.000000
v 1192.912000 347.153000 0.000000
v 1192.912000 410.977000 0.000000
v 1171.248000 410.977000 0.000000
v 1171.248000 347.153000 22.400000
v 1192.912000 347.153000 22.400000
v 1192.912000 410.977000 22.400000
v 1171.248000 410.977000 22.400000
v 949.168000 423.648000 0.000000
v 970.832000 423.648000 0.000000
v 970.832000 490.482000 0.000000
v 949.168000 490.482000 0.000000
v 949.168000 423.648000 6.400000
v 970.832000 423.648000 6.400000
v 970.832000 490.482000 6.400000
v 949.168000 490.482000 6.400000
v 979.248000 423.648000 0.000000
v 1000.912000 423.648000 0.000000
v 1000.912000 490.482000 0.000000
v 979.248000 490.482000 0.000000
v 979.248000 423.648000 12.800000
v 1000.912000 423.648000 12.800000
v 1000.912000 490.482000 12.800000
v 979.248000 490.482000 12.800000
v 1015.088000 422.692000 0.000000
v 1036.752000 422.692000 0.000000
v 1036.752000 491.438000 0.000000
v 1015.088000 491.438000 0.000000
v 1015.088000 422.692000 9.600000
v 1036.752000 422.692000 9.600000
v 1036.752000 491.438000 9.600000
v 1015.088000 491.438000 9.600000
v 1045.168000 422.692000 0.000000
v 1066.832000 422.692000 0.000000
v 1066.832000 491.438000 0.000000
v 1045.168000 491.438000 0.000000
v 1045.168000 422.692000 6.400000
v 1066.832000 422.692000 6.400000
v 1066.832000 491.438000 6.400000
v 1045.168000 491.438000 6.400000
v 1075.248000 422.692000 0.000000
v 1096.912000 422.692000 0.000000
v 1096.912000 491.438000 0.000000
v 1075.248000 491.438000 0.000000
v 1075.248000 422.692000 6.400000
v 1096.912000 422.692000 6.400000
v 1096.912000 491.438000 6.400000
v 1075.248000 491.438000 6.400000
v 1111.088000 422.683000 0.000000
v 1132.752000 422.683000 0.000000
v 1132.752000 491.447000 0.000000
v 1111.088000 491.447000 0.000000
v 1111.088000 422.683000 9.600000
v 1132.752000 422.683000 9.600000
v 1132.752000 491.447000 9.600000
v 1111.088000 491.447000 9.600000
v 1141.168000 422.683000 0.000000
v 1162.832000 422.683000 0.000000
v 1162.832000 491.447000 0.000000
v 1141.168000 491.447000 0.000000
v 1141.168000 422.683000 9.600000
v 1162.832000 422.683000 9.600000
v 1162.832000 491.447000 9.600000
v 1141.168000 491.447000 9.600000
v 263.275000 512.794000 0.000000
v 304.565000 512.794000 0.000000
v 304.565000 596.924000 0.000000
v 263.275000 596.924000 0.000000
v 263.275000 512.794000 3.200000
v 304.565000 512.794000 3.200000
v 304.565000 596.924000 3.200000
v 263.275000 596.924000 3.200000
v 213.355000 611.794000 0.000000
v 254.645000 611.794000 0.000000
v 254.645000 695.924000 0.000000
v 213.355000 695.924000 0.000000
v 213.355000 611.794000 6.400000
v 254.645000 611.794000 6.400000
v 254.645000 695.924000 6.400000
v 213.355000 695.924000 6.400000
v 323.932000 504.887000 0.000000
v 347.601000 504.887000 0.000000
v 347.601000 555.729000 0.000000
v 323.932000 555.729000 0.000000
v 323.932000 504.887000 38.400000
v 347.601000 504.887000 38.400000
v 347.601000 555.729000 38.400000
v 323.932000 555.729000 38.400000
v 356.519000 504.887000 0.000000
v 380.187000 504.887000 0.000000
v 380.187000 555.729000 0.000000
v 356.519000 555.729000 0.000000
v 356.519000 504.887000 19.200000
v 380.187000 504.887000 19.200000
v 380.187000 555.729000 19.200000
v 356.519000 555.729000 19.200000
v 389.105000 504.887000 0.000000
v 412.774000 504.887000 0.000000
v 412.774000 555.729000 0.000000
v 389.105000 555.729000 0.000000
v 389.105000 504.887000 44.800000
v 412.774000 504.887000 44.800000
v 412.774000 555.729000 44.800000
v 389.105000 555.729000 44.800000
v 460.519000 502.548000 0.000000
v 484.187000 502.548000 0.000000
v 484.187000 558.068000 0.000000
v 460.519000 558.068000 0.000000
v 460.519000 502.548000 22.400000
v 484.187000 502.548000 22.400000
v 484.187000 558.068000 22.400000
v 460.519000 558.068000 22.400000
v 493.105000 502.548000 0.000000
v 516.774000 502.548000 0.000000
v 516.774000 558.068000 0.000000
v 493.105000 558.068000 0.000000
v 493.105000 502.548000 32.000000
v 516.774000 502.548000 32.000000
v 516.774000 558.068000 32.000000
v 493.105000 558.068000 32.000000
v 564.519000 504.887000 0.000000
v 588.187000 504.887000 0.000000
v 588.187000 555.729000 0.000000
v 564.519000 555.729000 0.000000
v 564.519000 504.887000 44.800000
v 588.187000 504.887000 44.800000
v 588.187000 555.729000 44.800000
v 564.519000 555.729000 44.800000
v 597.105000 504.887000 0.000000
v 620.774000 504.887000 0.000000
v 620.774000 555.729000 0.000000
v 597.105000 555.729000 0.000000
v 597.105000 504.887000 28.800000
v 620.774000 504.887000 28.800000
v 620.774000 555.729000 28.800000
v 597.105000 555.729000 28.800000
v 323.932000 570.887000 0.000000
v 347.601000 570.887000 0.000000
v 347.601000 621.729000 0.000000
v 323.932000 621.729000 0.000000
v 323.932000 570.887000 44.800000
v 347.601000 570.887000 44.800000
v 347.601000 621.729000 44.800000
v 323.932000 621.729000 44.800000
v 389.105000 570.887000 0.000000
v 412.774000 570.887000 0.000000
v 412.774000 621.729000 0.000000
v 389.105000 621.729000 0.000000
v 389.105000 570.887000 19.200000
v 412.774000 570.887000 19.200000
v 412.774000 621.729000 19.200000
v 389.105000 621.729000 19.200000
v 427.932000 570.887000 0.000000
v 451.601000 570.887000 0.000000
v 451.601000 621.729000 0.000000
v 427.932000 621.729000 0.000000
v 427.932000 570.887000 22.400000
v 451.601000 570.887000 22.400000
v 451.601000 621.729000 22.400000
v 427.932000 621.729000 22.400000
v 460.519000 570.887000 0.000000
v 484.187000 570.887000 0.000000
v 484.187000 621.729000 0.000000
v 460.519000 621.729000 0.000000
v 460.519000 570.887000 41.600000
v 484.187000 570.887000 41.600000
v 484.187000 621.729000 41.600000
v 460.519000 621.729000 41.600000
v 493.105000 570.887000 0.000000
v 516.774000 570.887000 0.000000
v 516.774000 621.729000 0.000000
v 493.105000 621.729000 0.000000
v 493.105000 570.887000 28.800000
v 516.774000 570.887000 28.800000
v 516.774000 621.729000 28.800000
v 493.105000 621.729000 28.800000
v 531.932000 569.703000 0.000000
v 555.601000 569.703000 0.000000
v 555.601000 622.913000 0.000000
v 531.932000 622.913000 0.000000
v 531.932000 569.703000 38.400000
v 555.601000 569.703000 38.400000
v 555.601000 622.913000 38.400000
v 531.932000 622.913000 38.400000
v 564.519000 569.703000 0.000000
v 588.187000 569.703000 0.000000
v 588.187000 622.913000 0.000000
v 564.519000 622.913000 0.000000
v 564.519000 569.703000 19.200000
v 588.187000 569.703000 19.200000
v 588.187000 622.913000 19.200000
v 564.519000 622.913000 19.200000
v 597.105000 569.703000 0.000000
v 620.774000 569.703000 0.000000
v 620.774000 622.913000 0.000000
v 597.105000 622.913000 0.000000
v 597.105000 569.703000 28.800000
v 620.774000 569.703000 28.800000
v 620.774000 622.913000 28.800000
v 597.105000 622.913000 28.800000
v 323.932000 635.138000 0.000000
v 347.601000 635.138000 0.000000
v 347.601000 689.478000 0.000000
v 323.932000 689.478000 0.000000
v 323.932000 635.138000 25.600000
v 347.601000 635.138000 25.600000
v 347.601000 689.478000 25.600000
v 323.932000 689.478000 25.600000
v 356.519000 635.138000 0.000000
v 380.187000 635.138000 0.000000
v 380.187000 689.478000 0.000000
v 356.519000 689.478000 0.000000
v 356.519000 635.138000 16.000000
v 380.187000 635.138000 16.000000
v 380.187000 689.478000 16.000000
v 356.519000 689.478000 16.000000
v 389.105000 635.138000 0.000000
v 412.774000 635.138000 0.000000
v 412.774000 689.478000 0.000000
v 389.105000 689.478000 0.000000
v 389.105000 635.138000 41.600000
v 412.774000 635.138000 41.600000
v 412.774000 689.478000 41.600000
v 389.105000 689.478000 41.600000
v 427.932000 634.379000 0.000000
v 451.601000 634.379000 0.000000
v 451.601000 690.237000 0.000000
v 427.932000 690.237000 0.000000
v 427.932000 634.379000 22.400000
v 451.601000 634.379000 22.400000
v 451.601000 690.237000 22.400000
v 427.932000 690.237000 22.400000
v 460.519000 634.379000 0.000000
v 484.187000 634.379000 0.000000
v 484.187000 690.237000 0.000000
v 460.519000 690.237000 0.000000
v 460.519000 634.379000 41.600000
v 484.187000 634.379000 41.600000
v 484.187000 690.237000 41.600000
v 460.519000 690.237000 41.600000
v 531.932000 636.887000 0.000000
v 555.601000 636.887000 0.000000
v 555.601000 687.729000 0.000000
v 531.932000 687.729000 0.000000
v 531.932000 636.887000 25.600000
v 555.601000 636.887000 25.600000
v 555.601000 687.729000 25.600000
v 531.932000 687.729000 25.600000
v 564.519000 636.887000 0.000000
v 588.187000 636.887000 0.000000
v 588.187000 687.729000 0.000000
v 564.519000 687.729000 0.000000
v 564.519000 636.887000 28.800000
v 588.187000 636.887000 28.800000
v 588.187000 687.729000 28.800000
v 564.519000 687.729000 28.800000
v 597.105000 636.887000 0.000000
v 620.774000 636.887000 0.000000
v 620.774000 687.729000 0.000000
v 597.105000 687.729000 0.000000
v 597.105000 636.887000 44.800000
v 620.774000 636.887000 44.800000
v 620.774000 687.729000 44.800000
v 597.105000 687.729000 44.800000
v 636.070000 503.513000 0.000000
v 657.734000 503.513000 0.000000
v 657.734000 555.337000 0.000000
v 636.070000 555.337000 0.000000
v 636.070000 503.513000 16.000000
v 657.734000 503.513000 16.000000
v 657.734000 555.337000 16.000000
v 636.070000 555.337000 16.000000
v 666.150000 503.513000 0.000000
v 687.814000 503.513000 0.000000
v 687.814000 555.337000 0.000000
v 666.150000 555.337000 0.000000
v 666.150000 503.513000 22.400000
v 687.814000 503.513000 22.400000
v 687.814000 555.337000 22.400000
v 666.150000 555.337000 22.400000
v 732.070000 503.513000 0.000000
v 753.734000 503.513000 0.000000
v 753.734000 555.337000 0.000000
v 732.070000 555.337000 0.000000
v 732.070000 503.513000 25.600000
v 753.734000 503.513000 25.600000
v 753.734000 555.337000 25.600000
v 732.070000 555.337000 25.600000
v 792.230000 503.513000 0.000000
v 813.894000 503.513000 0.000000
v 813.894000 555.337000 0.000000
v 792.230000 555.337000 0.000000
v 792.230000 503.513000 16.000000
v 813.894000 503.513000 16.000000
v 813.894000 555.337000 16.000000
v 792.230000 555.337000 16.000000
v 828.070000 503.329000 0.000000
v 849.734000 503.329000 0.000000
v 849.734000 555.521000 0.000000
v 828.070000 555.521000 0.000000
v 828.070000 503.329000 22.400000
v 849.734000 503.329000 22.400000
v 849.734000 555.521000 22.400000
v 828.070000 555.521000 22.400000
v 858.150000 503.329000 0.000000
v 879.814000 503.329000 0.000000
v 879.814000 555.521000 0.000000
v 858.150000 555.521000 0.000000
v 858.150000 503.329000 28.800000
v 879.814000 503.329000 28.800000
v 879.814000 555.521000 28.800000
v 858.150000 555.521000 28.800000
v 888.230000 503.329000 0.000000
v 909.894000 503.329000 0.000000
v 909.894000 555.521000 0.000000
v 888.230000 555.521000 0.000000
v 888.230000 503.329000 22.400000
v 909.894000 503.329000 22.400000
v 909.894000 555.521000 22.400000
v 888.230000 555.521000 22.400000
v 636.070000 569.513000 0.000000
v 657.734000 569.513000 0.000000
v 657.734000 621.337000 0.000000
v 636.070000 621.337000 0.000000
v 636.070000 569.513000 25.600000
v 657.734000 569.513000 25.600000
v 657.734000 621.337000 25.600000
v 636.070000 621.337000 25.600000
v 666.150000 569.513000 0.000000
v 687.814000 569.513000 0.000000
v 687.814000 621.337000 0.000000
v 666.150000 621.337000 0.000000
v 666.150000 569.513000 16.000000
v 687.814000 569.513000 16.000000
v 687.814000 621.337000 16.000000
v 666.150000 621.337000 16.000000
v 696.230000 569.513000 0.000000
v 717.894000 569.513000 0.000000
v 717.894000 621.337000 0.000000
v 696.230000 621.337000 0.000000
v 696.230000 569.513000 22.400000
v 717.894000 569.513000 22.400000
v 717.894000 621.337000 22.400000
v 696.230000 621.337000 22.400000
v 732.070000 569.513000 0.000000
v 753.734000 569.513000 0.000000
v 753.734000 621.337000 0.000000
v 732.070000 621.337000 0.000000
v 732.070000 569.513000 19.200000
v 753.734000 569.513000 19.200000
v 753.734000 621.337000 19.200000
v 732.070000 621.337000 19.200000
v 762.150000 569.513000 0.000000
v 783.814000 569.513000 0.000000
v 783.814000 621.337000 0.000000
v 762.150000 621.337000 0.000000
v 762.150000 569.513000 22.400000
v 783.814000 569.513000 22.400000
v 783.814000 621.337000 22.400000
v 762.150000 621.337000 22.400000
v 828.070000 566.559000 0.000000
v 849.734000 566.559000 0.000000
v 849.734000 624.291000 0.000000
v 828.070000 624.291000 0.000000
v 828.070000 566.559000 16.000000
v 849.734000 566.559000 16.000000
v 849.734000 624.291000 16.000000
v 828.070000 624.291000 16.000000
v 858.150000 566.559000 0.000000
v 879.814000 566.559000 0.000000
v 879.814000 624.291000 0.000000
v 858.150000 624.291000 0.000000
v 858.150000 566.559000 22.400000
v 879.814000 566.559000 22.400000
v 879.814000 624.291000 22.400000
v 858.150000 624.291000 22.400000
v 888.230000 566.559000 0.000000
v 909.894000 566.559000 0.000000
v 909.894000 624.291000 0.000000
v 888.230000 624.291000 0.000000
v 888.230000 566.559000 28.800000
v 909.894000 566.559000 28.800000
v 909.894000 624.291000 28.800000
v 888.230000 624.291000 28.800000
v 636.070000 635.513000 0.000000
v 657.734000 635.513000 0.000000
v 657.734000 687.337000 0.000000
v 636.070000 687.337000 0.000000
v 636.070000 635.513000 28.800000
v 657.734000 635.513000 28.800000
v 657.734000 687.337000 28.800000
v 636.070000 687.337000 28.800000
v 666.150000 635.513000 0.000000
v 687.814000 635.513000 0.000000
v 687.814000 687.337000 0.000000
v 666.150000 687.337000 0.000000
v 666.150000 635.513000 16.000000
v 687.814000 635.513000 16.000000
v 687.814000 687.337000 16.000000
v 666.150000 687.337000 16.000000
v 696.230000 635.513000 0.000000
v 717.894000 635.513000 0.000000
v 717.894000 687.337000 0.000000
v 696.230000 687.337000 0.000000
v 696.230000 635.513000 9.600000
v 717.894000 635.513000 9.600000
v 717.894000 687.337000 9.600000
v 696.230000 687.337000 9.600000
v 732.070000 632.951000 0.000000
v 753.734000 632.951000 0.000000
v 753.734000 689.899000 0.000000
v 732.070000 689.899000 0.000000
v 732.070000 632.951000 12.800000
v 753.734000 632.951000 12.800000
v 753.734000 689.899000 12.800000
v 732.070000 689.899000 12.800000
v 792.230000 632.951000 0.000000
v 813.894000 632.951000 0.000000
v 813.894000 689.899000 0.000000
v 792.230000 689.899000 0.000000
v 792.230000 632.951000 28.800000
v 813.894000 632.951000 28.800000
v 813.894000 689.899000 28.800000
v 792.230000 689.899000 28.800000
v 828.070000 635.513000 0.000000
v 849.734000 635.513000 0.000000
v 849.734000 687.337000 0.000000
v 828.070000 687.337000 0.000000
v 828.070000 635.513000 16.000000
v 849.734000 635.513000 16.000000
v 849.734000 687.337000 16.000000
v 828.070000 687.337000 16.000000
v 858.150000 635.513000 0.000000
v 879.814000 635.513000 0.000000
v 879.814000 687.337000 0.000000
v 858.150000 687.337000 0.000000
v 858.150000 635.513000 12.800000
v 879.814000 635.513000 12.800000
v 879.814000 687.337000 12.800000
v 858.150000 687.337000 12.800000
v 919.088000 515.524000 0.000000
v 940.752000 515.524000 0.000000
v 940.752000 571.742000 0.000000
v 919.088000 571.742000 0.000000
v 919.088000 515.524000 22.400000
v 940.752000 515.524000 22.400000
v 940.752000 571.742000 22.400000
v 919.088000 571.742000 22.400000
v 949.168000 515.524000 0.000000
v 970.832000 515.524000 0.000000
v 970.832000 571.742000 0.000000
v 949.168000 571.742000 0.000000
v 949.168000 515.524000 22.400000
v 970.832000 515.524000 22.400000
v 970.832000 571.742000 22.400000
v 949.168000 571.742000 22.400000
v 979.248000 515.524000 0.000000
v 1000.912000 515.524000 0.000000
v 1000.912000 571.742000 0.000000
v 979.248000 571.742000 0.000000
v 979.248000 515.524000 16.000000
v 1000.912000 515.524000 16.000000
v 1000.912000 571.742000 16.000000
v 979.248000 571.742000 16.000000
v 1015.088000 517.232000 0.000000
v 1036.752000 517.232000 0.000000
v 1036.752000 570.034000 0.000000
v 1015.088000 570.034000 0.000000
v 1015.088000 517.232000 22.400000
v 1036.752000 517.232000 22.400000
v 1036.752000 570.034000 22.400000
v 1015.088000 570.034000 22.400000
v 1045.168000 517.232000 0.000000
v 1066.832000 517.232000 0.000000
v 1066.832000 570.034000 0.000000
v 1045.168000 570.034000 0.000000
v 1045.168000 517.232000 12.800000
v 1066.832000 517.232000 12.800000
v 1066.832000 570.034000 12.800000
v 1045.168000 570.034000 12.800000
v 1075.248000 517.232000 0.000000
v 1096.912000 517.232000 0.000000
v 1096.912000 570.034000 0.000000
v 1075.248000 570.034000 0.000000
v 1075.248000 517.232000 16.000000
v 1096.912000 517.232000 16.000000
v 1096.912000 570.034000 16.000000
v 1075.248000 570.034000 16.000000
v 1111.088000 516.463000 0.000000
v 1132.752000 516.463000 0.000000
v 1132.752000 570.803000 0.000000
v 1111.088000 570.803000 0.000000
v 1111.088000 516.463000 12.800000
v 1132.752000 516.463000 12.800000
v 1132.752000 570.803000 12.800000
v 1111.088000 570.803000 12.800000
v 1171.248000 516.463000 0.000000
v 1192.912000 516.463000 0.000000
v 1192.912000 570.803000 0.000000
v 1171.248000 570.803000 0.000000
v 1171.248000 516.463000 16.000000
v 1192.912000 516.463000 16.000000
v 1192.912000 570.803000 16.000000
v 1171.248000 570.803000 16.000000
v 919.088000 581.849000 0.000000
v 940.752000 581.849000 0.000000
v 940.752000 637.417000 0.000000
v 919.088000 637.417000 0.000000
v 919.088000 581.849000 9.600000
v 940.752000 581.849000 9.600000
v 940.752000 637.417000 9.600000
v 919.088000 637.417000 9.600000
v 949.168000 581.849000 0.000000
v 970.832000 581.849000 0.000000
v 970.832000 637.417000 0.000000
v 949.168000 637.417000 0.000000
v 949.168000 581.849000 6.400000
v 970.832000 581.849000 6.400000
v 970.832000 637.417000 6.400000
v 949.168000 637.417000 6.400000
v 1045.168000 583.721000 0.000000
v 1066.832000 583.721000 0.000000
v 1066.832000 635.545000 0.000000
v 1045.168000 635.545000 0.000000
v 1045.168000 583.721000 12.800000
v 1066.832000 583.721000 12.800000
v 1066.832000 635.545000 12.800000
v 1045.168000 635.545000 12.800000
v 1075.248000 583.721000 0.000000
v 1096.912000 583.721000 0.000000
v 1096.912000 635.545000 0.000000
v 1075.248000 635.545000 0.000000
v 1075.248000 583.721000 9.600000
v 1096.912000 583.721000 9.600000
v 1096.912000 635.545000 9.600000
v 1075.248000 635.545000 9.600000
v 1111.088000 583.721000 0.000000
v 1132.752000 583.721000 0.000000
v 1132.752000 635.545000 0.000000
v 1111.088000 635.545000 0.000000
v 1111.088000 583.721000 9.600000
v 1132.752000 583.721000 9.600000
v 1132.752000 635.545000 9.600000
v 1111.088000 635.545000 9.600000
v 1141.168000 583.721000 0.000000
v 1162.832000 583.721000 0.000000
v 1162.832000 635.545000 0.000000
v 1141.168000 635.545000 0.000000
v 1141.168000 583.721000 22.400000
v 1162.832000 583.721000 22.400000
v 1162.832000 635.545000 22.400000
v 1141.168000 635.545000 22.400000
v 919.088000 648.909000 0.000000
v 940.752000 648.909000 0.000000
v 940.752000 702.357000 0.000000
v 919.088000 702.357000 0.000000
v 919.088000 648.909000 16.000000
v 940.752000 648.909000 16.000000
v 940.752000 702.357000 16.000000
v 919.088000 702.357000 16.000000
v 979.248000 648.909000 0.000000
v 1000.912000 648.909000 0.000000
v 1000.912000 702.357000 0.000000
v 979.248000 702.357000 0.000000
v 979.248000 648.909000 19.200000
v 1000.912000 648.909000 19.200000
v 1000.912000 702.357000 19.200000
v 979.248000 702.357000 19.200000
v 1045.168000 649.721000 0.000000
v 1066.832000 649.721000 0.000000
v 1066.832000 701.545000 0.000000
v 1045.168000 701.545000 0.000000
v 1045.168000 649.721000 12.800000
v 1066.832000 649.721000 12.800000
v 1066.832000 701.545000 12.800000
v 1045.168000 701.545000 12.800000
v 1075.248000 649.721000 0.000000
v 1096.912000 649.721000 0.000000
v 1096.912000 701.545000 0.000000
v 1075.248000 701.545000 0.000000
v 1075.248000 649.721000 6.400000
v 1096.912000 649.721000 6.400000
v 1096.912000 701.545000 6.400000
v 1075.248000 701.545000 6.400000
v 1111.088000 649.721000 0.000000
v 1132.752000 649.721000 0.000000
v 1132.752000 701.545000 0.000000
v 1111.088000 701.545000 0.000000
v 1111.088000 649.721000 12.800000
v 1132.752000 649.721000 12.800000
v 1132.752000 701.545000 12.800000
v 1111.088000 701.545000 12.800000
v 1141.168000 649.721000 0.000000
v 1162.832000 649.721000 0.000000
v 1162.832000 701.545000 0.000000
v 1141.168000 701.545000 0.000000
v 1141.168000 649.721000 16.000000
v 1162.832000 649.721000 16.000000
v 1162.832000 701.545000 16.000000
v 1141.168000 701.545000 16.000000
v 263.275000 709.435000 0.000000
v 304.565000 709.435000 0.000000
v 304.565000 793.565000 0.000000
v 263.275000 793.565000 0.000000
v 263.275000 709.435000 6.400000
v 304.565000 709.435000 6.400000
v 304.565000 793.565000 6.400000
v 263.275000 793.565000 6.400000
v 107.275000 808.435000 0.000000
v 148.565000 808.435000 0.000000
v 148.565000 892.565000 0.000000
v 107.275000 892.565000 0.000000
v 107.275000 808.435000 3.200000
v 148.565000 808.435000 3.200000
v 148.565000 892.565000 3.200000
v 107.275000 892.565000 3.200000
v 313.915000 707.706000 0.000000
v 337.584000 707.706000 0.000000
v 337.584000 762.294000 0.000000
v 313.915000 762.294000 0.000000
v 313.915000 707.706000 6.400000
v 337.584000 707.706000 6.400000
v 337.584000 762.294000 6.400000
v 313.915000 762.294000 6.400000
v 379.088000 707.706000 0.000000
v 402.757000 707.706000 0.000000
v 402.757000 762.294000 0.000000
v 379.088000 762.294000 0.000000
v 379.088000 707.706000 22.400000
v 402.757000 707.706000 22.400000
v 402.757000 762.294000 22.400000
v 379.088000 762.294000 22.400000
v 417.915000 709.579000 0.000000
v 441.584000 709.579000 0.000000
v 441.584000 760.421000 0.000000
v 417.915000 760.421000 0.000000
v 417.915000 709.579000 9.600000
v 441.584000 709.579000 9.600000
v 441.584000 760.421000 9.600000
v 417.915000 760.421000 9.600000
v 450.502000 709.579000 0.000000
v 474.170000 709.579000 0.000000
v 474.170000 760.421000 0.000000
v 450.502000 760.421000 0.000000
v 450.502000 709.579000 22.400000
v 474.170000 709.579000 22.400000
v 474.170000 760.421000 22.400000
v 450.502000 760.421000 22.400000
v 483.088000 709.579000 0.000000
v 506.757000 709.579000 0.000000
v 506.757000 760.421000 0.000000
v 483.088000 760.421000 0.000000
v 483.088000 709.579000 6.400000
v 506.757000 709.579000 6.400000
v 506.757000 760.421000 6.400000
v 483.088000 760.421000 6.400000
v 521.915000 707.287000 0.000000
v 545.584000 707.287000 0.000000
v 545.584000 762.713000 0.000000
v 521.915000 762.713000 0.000000
v 521.915000 707.287000 19.200000
v 545.584000 707.287000 19.200000
v 545.584000 762.713000 19.200000
v 521.915000 762.713000 19.200000
v 554.502000 707.287000 0.000000
v 578.170000 707.287000 0.000000
v 578.170000 762.713000 0.000000
v 554.502000 762.713000 0.000000
v 554.502000 707.287000 22.400000
v 578.170000 707.287000 22.400000
v 578.170000 762.713000 22.400000
v 554.502000 762.713000 22.400000
v 313.915000 774.111000 0.000000
v 337.584000 774.111000 0.000000
v 337.584000 827.889000 0.000000
v 313.915000 827.889000 0.000000
v 313.915000 774.111000 22.400000
v 337.584000 774.111000 22.400000
v 337.584000 827.889000 22.400000
v 313.915000 827.889000 22.400000
v 346.502000 774.111000 0.000000
v 370.170000 774.111000 0.000000
v 370.170000 827.889000 0.000000
v 346.502000 827.889000 0.000000
v 346.502000 774.111000 19.200000
v 370.170000 774.111000 19.200000
v 370.170000 827.889000 19.200000
v 346.502000 827.889000 19.200000
v 417.915000 775.579000 0.000000
v 441.584000 775.579000 0.000000
v 441.584000 826.421000 0.000000
v 417.915000 826.421000 0.000000
v 417.915000 775.579000 22.400000
v 441.584000 775.579000 22.400000
v 441.584000 826.421000 22.400000
v 417.915000 826.421000 22.400000
v 450.502000 775.579000 0.000000
v 474.170000 775.579000 0.000000
v 474.170000 826.421000 0.000000
v 450.502000 826.421000 0.000000
v 450.502000 775.579000 9.600000
v 474.170000 775.579000 9.600000
v 474.170000 826.421000 9.600000
v 450.502000 826.421000 9.600000
v 554.502000 773.338000 0.000000
v 578.170000 773.338000 0.000000
v 578.170000 828.662000 0.000000
v 554.502000 828.662000 0.000000
v 554.502000 773.338000 6.400000
v 578.170000 773.338000 6.400000
v 578.170000 828.662000 6.400000
v 554.502000 828.662000 6.400000
v 587.088000 773.338000 0.000000
v 610.757000 773.338000 0.000000
v 610.757000 828.662000 0.000000
v 587.088000 828.662000 0.000000
v 587.088000 773.338000 6.400000
v 610.757000 773.338000 6.400000
v 610.757000 828.662000 6.400000
v 587.088000 828.662000 6.400000
v 313.915000 841.579000 0.000000
v 337.584000 841.579000 0.000000
v 337.584000 892.421000 0.000000
v 313.915000 892.421000 0.000000
v 313.915000 841.579000 9.600000
v 337.584000 841.579000 9.600000
v 337.584000 892.421000 9.600000
v 313.915000 892.421000 9.600000
v 346.502000 841.579000 0.000000
v 370.170000 841.579000 0.000000
v 370.170000 892.421000 0.000000
v 346.502000 892.421000 0.000000
v 346.502000 841.579000 12.800000
v 370.170000 841.579000 12.800000
v 370.170000 892.421000 12.800000
v 346.502000 892.421000 12.800000
v 379.088000 841.579000 0.000000
v 402.757000 841.579000 0.000000
v 402.757000 892.421000 0.000000
v 379.088000 892.421000 0.000000
v 379.088000 841.579000 9.600000
v 402.757000 841.579000 9.600000
v 402.757000 892.421000 9.600000
v 379.088000 892.421000 9.600000
v 483.088000 841.579000 0.000000
v 506.757000 841.579000 0.000000
v 506.757000 892.421000 0.000000
v 483.088000 892.421000 0.000000
v 483.088000 841.579000 19.200000
v 506.757000 841.579000 19.200000
v 506.757000 892.421000 19.200000
v 483.088000 892.421000 19.200000
v 521.915000 841.579000 0.000000
v 545.584000 841.579000 0.000000
v 545.584000 892.421000 0.000000
v 521.915000 892.421000 0.000000
v 521.915000 841.579000 9.600000
v 545.584000 841.579000 9.600000
v 545.584000 892.421000 9.600000
v 521.915000 892.421000 9.600000
v 587.088000 841.579000 0.000000
v 610.757000 841.579000 0.000000
v 610.757000 892.421000 0.000000
v 587.088000 892.421000 0.000000
v 587.088000 841.579000 6.400000
v 610.757000 841.579000 6.400000
v 610.757000 892.421000 6.400000
v 587.088000 892.421000 6.400000
v 653.449000 706.092000 0.000000
v 675.113000 706.092000 0.000000
v 675.113000 763.908000 0.000000
v 653.449000 763.908000 0.000000
v 653.449000 706.092000 12.800000
v 675.113000 706.092000 12.800000
v 675.113000 763.908000 12.800000
v 653.449000 763.908000 12.800000
v 683.529000 706.092000 0.000000
v 705.193000 706.092000 0.000000
v 705.193000 763.908000 0.000000
v 683.529000 763.908000 0.000000
v 683.529000 706.092000 12.800000
v 705.193000 706.092000 12.800000
v 705.193000 763.908000 12.800000
v 683.529000 763.908000 12.800000
v 719.369000 709.088000 0.000000
v 741.033000 709.088000 0.000000
v 741.033000 760.912000 0.000000
v 719.369000 760.912000 0.000000
v 719.369000 709.088000 9.600000
v 741.033000 709.088000 9.600000
v 741.033000 760.912000 9.600000
v 719.369000 760.912000 9.600000
v 749.449000 709.088000 0.000000
v 771.113000 709.088000 0.000000
v 771.113000 760.912000 0.000000
v 749.449000 760.912000 0.000000
v 749.449000 709.088000 16.000000
v 771.113000 709.088000 16.000000
v 771.113000 760.912000 16.000000
v 749.449000 760.912000 16.000000
v 815.369000 708.267000 0.000000
v 837.033000 708.267000 0.000000
v 837.033000 761.733000 0.000000
v 815.369000 761.733000 0.000000
v 815.369000 708.267000 19.200000
v 837.033000 708.267000 19.200000
v 837.033000 761.733000 19.200000
v 815.369000 761.733000 19.200000
v 845.449000 708.267000 0.000000
v 867.113000 708.267000 0.000000
v 867.113000 761.733000 0.000000
v 845.449000 761.733000 0.000000
v 845.449000 708.267000 9.600000
v 867.113000 708.267000 9.600000
v 867.113000 761.733000 9.600000
v 845.449000 761.733000 9.600000
v 875.529000 708.267000 0.000000
v 897.193000 708.267000 0.000000
v 897.193000 761.733000 0.000000
v 875.529000 761.733000 0.000000
v 875.529000 708.267000 12.800000
v 897.193000 708.267000 12.800000
v 897.193000 761.733000 12.800000
v 875.529000 761.733000 12.800000
v 623.369000 773.869000 0.000000
v 645.033000 773.869000 0.000000
v 645.033000 828.131000 0.000000
v 623.369000 828.131000 0.000000
v 623.369000 773.869000 12.800000
v 645.033000 773.869000 12.800000
v 645.033000 828.131000 12.800000
v 623.369000 828.131000 12.800000
v 653.449000 773.869000 0.000000
v 675.113000 773.869000 0.000000
v 675.113000 828.131000 0.000000
v 653.449000 828.131000 0.000000
v 653.449000 773.869000 9.600000
v 675.113000 773.869000 9.600000
v 675.113000 828.131000 9.600000
v 653.449000 828.131000 9.600000
v 779.529000 774.366000 0.000000
v 801.193000 774.366000 0.000000
v 801.193000 827.634000 0.000000
v 779.529000 827.634000 0.000000
v 779.529000 774.366000 9.600000
v 801.193000 774.366000 9.600000
v 801.193000 827.634000 9.600000
v 779.529000 827.634000 9.600000
v 815.369000 775.088000 0.000000
v 837.033000 775.088000 0.000000
v 837.033000 826.912000 0.000000
v 815.369000 826.912000 0.000000
v 815.369000 775.088000 16.000000
v 837.033000 775.088000 16.000000
v 837.033000 826.912000 16.000000
v 815.369000 826.912000 16.000000
v 845.449000 775.088000 0.000000
v 867.113000 775.088000 0.000000
v 867.113000 826.912000 0.000000
v 845.449000 826.912000 0.000000
v 845.449000 775.088000 9.600000
v 867.113000 775.088000 9.600000
v 867.113000 826.912000 9.600000
v 845.449000 826.912000 9.600000
v 875.529000 775.088000 0.000000
v 897.193000 775.088000 0.000000
v 897.193000 826.912000 0.000000
v 875.529000 826.912000 0.000000
v 875.529000 775.088000 9.600000
v 897.193000 775.088000 9.600000
v 897.193000 826.912000 9.600000
v 875.529000 826.912000 9.600000
v 623.369000 841.088000 0.000000
v 645.033000 841.088000 0.000000
v 645.033000 892.912000 0.000000
v 623.369000 892.912000 0.000000
v 623.369000 841.088000 19.200000
v 645.033000 841.088000 19.200000
v 645.033000 892.912000 19.200000
v 623.369000 892.912000 19.200000
v 653.449000 841.088000 0.000000
v 675.113000 841.088000 0.000000
v 675.113000 892.912000 0.000000
v 653.449000 892.912000 0.000000
v 653.449000 841.088000 19.200000
v 675.113000 841.088000 19.200000
v 675.113000 892.912000 19.200000
v 653.449000 892.912000 19.200000
v 719.369000 841.088000 0.000000
v 741.033000 841.088000 0.000000
v 741.033000 892.912000 0.000000
v 719.369000 892.912000 0.000000
v 719.369000 841.088000 16.000000
v 741.033000 841.088000 16.000000
v 741.033000 892.912000 16.000000
v 719.369000 892.912000 16.000000
v 749.449000 841.088000 0.000000
v 771.113000 841.088000 0.000000
v 771.113000 892.912000 0.000000
v 749.449000 892.912000 0.000000
v 749.449000 841.088000 16.000000
v 771.113000 841.088000 16.000000
v 771.113000 892.912000 16.000000
v 749.449000 892.912000 16.000000
v 815.369000 841.088000 0.000000
v 837.033000 841.088000 0.000000
v 837.033000 892.912000 0.000000
v 815.369000 892.912000 0.000000
v 815.369000 841.088000 16.000000
v 837.033000 841.088000 16.000000
v 837.033000 892.912000 16.000000
v 815.369000 892.912000 16.000000
v 845.449000 841.088000 0.000000
v 867.113000 841.088000 0.000000
v 867.113000 892.912000 0.000000
v 845.449000 892.912000 0.000000
v 845.449000 841.088000 22.400000
v 867.113000 841.088000 22.400000
v 867.113000 892.912000 22.400000
v 845.449000 892.912000 22.400000
v 949.168000 707.010000 0.000000
v 970.832000 707.010000 0.000000
v 970.832000 762.990000 0.000000
v 949.168000 762.990000 0.000000
v 949.168000 707.010000 28.800000
v 970.832000 707.010000 28.800000
v 970.832000 762.990000 28.800000
v 949.168000 762.990000 28.800000
v 979.248000 707.010000 0.000000
v 1000.912000 707.010000 0.000000
v 1000.912000 762.990000 0.000000
v 979.248000 762.990000 0.000000
v 979.248000 707.010000 22.400000
v 1000.912000 707.010000 22.400000
v 1000.912000 762.990000 22.400000
v 979.248000 762.990000 22.400000
v 1015.088000 709.088000 0.000000
v 1036.752000 709.088000 0.000000
v 1036.752000 760.912000 0.000000
v 1015.088000 760.912000 0.000000
v 1015.088000 709.088000 57.600000
v 1036.752000 709.088000 57.600000
v 1036.752000 760.912000 57.600000
v 1015.088000 760.912000 57.600000
v 1045.168000 709.088000 0.000000
v 1066.832000 709.088000 0.000000
v 1066.832000 760.912000 0.000000
v 1045.168000 760.912000 0.000000
v 1045.168000 709.088000 38.400000
v 1066.832000 709.088000 38.400000
v 1066.832000 760.912000 38.400000
v 1045.168000 760.912000 38.400000
v 1111.088000 707.976000 0.000000
v 1132.752000 707.976000 0.000000
v 1132.752000 762.024000 0.000000
v 1111.088000 762.024000 0.000000
v 1111.088000 707.976000 28.800000
v 1132.752000 707.976000 28.800000
v 1132.752000 762.024000 28.800000
v 1111.088000 762.024000 28.800000
v 919.088000 774.254000 0.000000
v 940.752000 774.254000 0.000000
v 940.752000 827.746000 0.000000
v 919.088000 827.746000 0.000000
v 919.088000 774.254000 38.400000
v 940.752000 774.254000 38.400000
v 940.752000 827.746000 38.400000
v 919.088000 827.746000 38.400000
v 949.168000 774.254000 0.000000
v 970.832000 774.254000 0.000000
v 970.832000 827.746000 0.000000
v 949.168000 827.746000 0.000000
v 949.168000 774.254000 25.600000
v 970.832000 774.254000 25.600000
v 970.832000 827.746000 25.600000
v 949.168000 827.746000 25.600000
v 979.248000 774.254000 0.000000
v 1000.912000 774.254000 0.000000
v 1000.912000 827.746000 0.000000
v 979.248000 827.746000 0.000000
v 979.248000 774.254000 22.400000
v 1000.912000 774.254000 22.400000
v 1000.912000 827.746000 22.400000
v 979.248000 827.746000 22.400000
v 1015.088000 772.763000 0.000000
v 1036.752000 772.763000 0.000000
v 1036.752000 829.237000 0.000000
v 1015.088000 829.237000 0.000000
v 1015.088000 772.763000 51.200000
v 1036.752000 772.763000 51.200000
v 1036.752000 829.237000 51.200000
v 1015.088000 829.237000 51.200000
v 1045.168000 772.763000 0.000000
v 1066.832000 772.763000 0.000000
v 1066.832000 829.237000 0.000000
v 1045.168000 829.237000 0.000000
v 1045.168000 772.763000 38.400000
v 1066.832000 772.763000 38.400000
v 1066.832000 829.237000 38.400000
v 1045.168000 829.237000 38.400000
v 1111.088000 775.088000 0.000000
v 1132.752000 775.088000 0.000000
v 1132.752000 826.912000 0.000000
v 1111.088000 826.912000 0.000000
v 1111.088000 775.088000 28.800000
v 1132.752000 775.088000 28.800000
v 1132.752000 826.912000 28.800000
v 1111.088000 826.912000 28.800000
v 1141.168000 775.088000 0.000000
v 1162.832000 775.088000 0.000000
v 1162.832000 826.912000 0.000000
v 1141.168000 826.912000 0.000000
v 1141.168000 775.088000 38.400000
v 1162.832000 775.088000 38.400000
v 1162.832000 826.912000 38.400000
v 1141.168000 826.912000 38.400000
v 1171.248000 775.088000 0.000000
v 1192.912000 775.088000 0.000000
v 1192.912000 826.912000 0.000000
v 1171.248000 826.912000 0.000000
v 1171.248000 775.088000 28.800000
v 1192.912000 775.088000 28.800000
v 1192.912000 826.912000 28.800000
v 1171.248000 826.912000 28.800000
v 949.168000 838.151000 0.000000
v 970.832000 838.151000 0.000000
v 970.832000 895.792000 0.000000
v 949.168000 895.792000 0.000000
v 949.168000 838.151000 41.600000
v 970.832000 838.151000 41.600000
v 970.832000 895.792000 41.600000
v 949.168000 895.792000 41.600000
v 1015.088000 841.046000 0.000000
v 1036.752000 841.046000 0.000000
v 1036.752000 892.954000 0.000000
v 1015.088000 892.954000 0.000000
v 1015.088000 841.046000 48.000000
v 1036.752000 841.046000 48.000000
v 1036.752000 892.954000 48.000000
v 1015.088000 892.954000 48.000000
v 1045.168000 841.046000 0.000000
v 1066.832000 841.046000 0.000000
v 1066.832000 892.954000 0.000000
v 1045.168000 892.954000 0.000000
v 1045.168000 841.046000 44.800000
v 1066.832000 841.046000 44.800000
v 1066.832000 892.954000 44.800000
v 1045.168000 892.954000 44.800000
v 1075.248000 841.046000 0.000000
v 1096.912000 841.046000 0.000000
v 1096.912000 892.954000 0.000000
v 1075.248000 892.954000 0.000000
v 1075.248000 841.046000 57.600000
v 1096.912000 841.046000 57.600000
v 1096.912000 892.954000 57.600000
v 1075.248000 892.954000 57.600000
v 1111.088000 841.088000 0.000000
v 1132.752000 841.088000 0.000000
v 1132.752000 892.912000 0.000000
v 1111.088000 892.912000 0.000000
v 1111.088000 841.088000 41.600000
v 1132.752000 841.088000 41.600000
v 1132.752000 892.912000 41.600000
v 1111.088000 892.912000 41.600000
v 1141.168000 841.088000 0.000000
v 1162.832000 841.088000 0.000000
v 1162.832000 892.912000 0.000000
v 1141.168000 892.912000 0.000000
v 1141.168000 841.088000 19.200000
v 1162.832000 841.088000 19.200000
v 1162.832000 892.912000 19.200000
v 1141.168000 892.912000 19.200000
v 1171.248000 841.088000 0.000000
v 1192.912000 841.088000 0.000000
v 1192.912000 892.912000 0.000000
v 1171.248000 892.912000 0.000000
v 1171.248000 841.088000 32.000000
v 1192.912000 841.088000 32.000000
v 1192.912000 892.912000 32.000000
v 1171.248000 892.912000 32.000000
g water-lake-01
f 1 3 2
f 1 4 3
f 1 5 4
f 1 6 5
f 1 7 6
f 1 8 7
f 1 9 8
f 1 10 9
f 1 11 10
f 1 12 11
f 1 13 12
f 1 14 13
f 1 15 14
f 1 16 15
f 1 17 16
f 1 18 17
f 1 19 18
f 1 20 19
g road-main-west-001
g road-main-east-002
g road-organic-0-003
f 25 27 26
f 25 28 27
f 25 29 28
f 25 30 29
f 25 31 30
f 25 32 31
f 25 33 32
f 25 34 33
f 25 35 34
f 25 36 35
f 25 37 36
g road-organic-1-004
f 38 40 39
f 38 41 40
f 38 42 41
f 38 43 42
f 38 44 43
f 38 45 44
f 38 46 45
f 38 47 46
f 38 48 47
f 38 49 48
f 38 50 49
g road-organic-2-005
f 51 53 52
f 51 54 53
f 51 55 54
f 51 56 55
f 51 57 56
f 51 58 57
f 51 59 58
f 51 60 59
f 51 61 60
f 51 62 61
f 51 63 62
g road-organic-3-006
f 64 66 65
f 64 67 66
f 64 68 67
f 64 69 68
f 64 70 69
f 64 71 70
f 64 72 71
f 64 73 72
f 64 74 73
f 64 75 74
f 64 76 75
g road-organic-4-007
f 77 79 78
f 77 80 79
f 77 81 80
f 77 82 81
f 77 83 82
f 77 84 83
f 77 85 84
f 77 86 85
f 77 87 86
f 77 88 87
f 77 89 88
g road-organic-5-008
f 90 92 91
f 90 93 92
f 90 94 93
f 90 95 94
f 90 96 95
f 90 97 96
f 90 98 97
f 90 99 98
f 90 100 99
f 90 101 100
f 90 102 101
g road-organic-6-009
f 103 105 104
f 103 106 105
f 103 107 106
f 103 108 107
f 103 109 108
f 103 110 109
f 103 111 110
f 103 112 111
f 103 113 112
f 103 114 113
f 103 115 114
g road-organic-7-010
f 116 118 117
f 116 119 118
f 116 120 119
f 116 121 120
f 116 122 121
f 116 123 122
f 116 124 123
f 116 125 124
f 116 126 125
f 116 127 126
f 116 128 127
g road-organic-8-011
f 129 131 130
f 129 132 131
f 129 133 132
f 129 134 133
f 129 135 134
f 129 136 135
f 129 137 136
f 129 138 137
f 129 139 138
f 129 140 139
f 129 141 140
g road-alley-0-012
g road-alley-1-013
g road-alley-2-014
g road-alley-3-015
g road-alley-4-016
g road-alley-5-017
g road-alley-6-018
g road-alley-7-019
g district-industrial-11
f 158 160 159
f 158 161 160
g district-park-12
f 162 164 163
f 162 165 164
g district-commercial-13
f 166 168 167
f 166 169 168
g district-residential-14
f 170 172 171
f 170 173 172
g district-industrial-21
f 174 176 175
f 174 177 176
g district-business-22
f 178 180 179
f 178 181 180
g district-old_town-23
f 182 184 183
f 182 185 184
g district-residential-24
f 186 188 187
f 186 189 188
g district-park-31
f 190 192 191
f 190 193 192
g district-station_area-32
f 194 196 195
f 194 197 196
g district-commercial-33
f 198 200 199
f 198 201 200
g district-residential-34
f 202 204 203
f 202 205 204
g district-park-41
f 206 208 207
f 206 209 208
g district-residential-42
f 210 212 211
f 210 213 212
g district-residential-43
f 214 216 215
f 214 217 216
g district-business-44
f 218 220 219
f 218 221 220
g block-district-industrial-11-11
f 222 224 223
f 222 225 224
g block-district-industrial-11-12
f 226 228 227
f 226 229 228
g block-district-industrial-11-21
f 230 232 231
f 230 233 232
g block-district-industrial-11-22
f 234 236 235
f 234 237 236
g block-district-industrial-11-31
f 238 240 239
f 238 241 240
g block-district-industrial-11-32
f 242 244 243
f 242 245 244
g block-district-park-12-11
f 246 248 247
f 246 249 248
g block-district-park-12-12
f 250 252 251
f 250 253 252
g block-district-park-12-21
f 254 256 255
f 254 257 256
g block-district-park-12-22
f 258 260 259
f 258 261 260
g block-district-commercial-13-11
f 262 264 263
f 262 265 264
g block-district-commercial-13-12
f 266 268 267
f 266 269 268
g block-district-commercial-13-13
f 270 272 271
f 270 273 272
g block-district-commercial-13-21
f 274 276 275
f 274 277 276
g block-district-commercial-13-22
f 278 280 279
f 278 281 280
g block-district-commercial-13-23
f 282 284 283
f 282 285 284
g block-district-commercial-13-31
f 286 288 287
f 286 289 288
g block-district-commercial-13-32
f 290 292 291
f 290 293 292
g block-district-commercial-13-33
f 294 296 295
f 294 297 296
g block-district-residential-14-11
f 298 300 299
f 298 301 300
g block-district-residential-14-12
f 302 304 303
f 302 305 304
g block-district-residential-14-13
f 306 308 307
f 306 309 308
g block-district-residential-14-21
f 310 312 311
f 310 313 312
g block-district-residential-14-22
f 314 316 315
f 314 317 316
g block-district-residential-14-23
f 318 320 319
f 318 321 320
g block-district-residential-14-31
f 322 324 323
f 322 325 324
g block-district-residential-14-32
f 326 328 327
f 326 329 328
g block-district-residential-14-33
f 330 332 331
f 330 333 332
g block-district-industrial-21-11
f 334 336 335
f 334 337 336
g block-district-industrial-21-12
f 338 340 339
f 338 341 340
g block-district-industrial-21-21
f 342 344 343
f 342 345 344
g block-district-industrial-21-22
f 346 348 347
f 346 349 348
g block-district-industrial-21-31
f 350 352 351
f 350 353 352
g block-district-industrial-21-32
f 354 356 355
f 354 357 356
g block-district-business-22-11
f 358 360 359
f 358 361 360
g block-district-business-22-12
f 362 364 363
f 362 365 364
g block-district-business-22-13
f 366 368 367
f 366 369 368
g block-district-business-22-21
f 370 372 371
f 370 373 372
g block-district-business-22-22
f 374 376 375
f 374 377 376
g block-district-business-22-23
f 378 380 379
f 378 381 380
g block-district-business-22-31
f 382 384 383
f 382 385 384
g block-district-business-22-32
f 386 388 387
f 386 389 388
g block-district-business-22-33
f 390 392 391
f 390 393 392
g block-district-old_town-23-11
f 394 396 395
f 394 397 396
g block-district-old_town-23-12
f 398 400 399
f 398 401 400
g block-district-old_town-23-13
f 402 404 403
f 402 405 404
g block-district-old_town-23-21
f 406 408 407
f 406 409 408
g block-district-old_town-23-22
f 410 412 411
f 410 413 412
g block-district-old_town-23-23
f 414 416 415
f 414 417 416
g block-district-old_town-23-31
f 418 420 419
f 418 421 420
g block-district-old_town-23-32
f 422 424 423
f 422 425 424
g block-district-old_town-23-33
f 426 428 427
f 426 429 428
g block-district-residential-24-11
f 430 432 431
f 430 433 432
g block-district-residential-24-12
f 434 436 435
f 434 437 436
g block-district-residential-24-13
f 438 440 439
f 438 441 440
g block-district-residential-24-21
f 442 444 443
f 442 445 444
g block-district-residential-24-22
f 446 448 447
f 446 449 448
g block-district-residential-24-23
f 450 452 451
f 450 453 452
g block-district-residential-24-31
f 454 456 455
f 454 457 456
g block-district-residential-24-32
f 458 460 459
f 458 461 460
g block-district-residential-24-33
f 462 464 463
f 462 465 464
g block-district-park-31-11
f 466 468 467
f 466 469 468
g block-district-park-31-12
f 470 472 471
f 470 473 472
g block-district-park-31-21
f 474 476 475
f 474 477 476
g block-district-park-31-22
f 478 480 479
f 478 481 480
g block-district-station_area-32-11
f 482 484 483
f 482 485 484
g block-district-station_area-32-12
f 486 488 487
f 486 489 488
g block-district-station_area-32-13
f 490 492 491
f 490 493 492
g block-district-station_area-32-21
f 494 496 495
f 494 497 496
g block-district-station_area-32-22
f 498 500 499
f 498 501 500
g block-district-station_area-32-23
f 502 504 503
f 502 505 504
g block-district-station_area-32-31
f 506 508 507
f 506 509 508
g block-district-station_area-32-32
f 510 512 511
f 510 513 512
g block-district-station_area-32-33
f 514 516 515
f 514 517 516
g block-district-commercial-33-11
f 518 520 519
f 518 521 520
g block-district-commercial-33-12
f 522 524 523
f 522 525 524
g block-district-commercial-33-13
f 526 528 527
f 526 529 528
g block-district-commercial-33-21
f 530 532 531
f 530 533 532
g block-district-commercial-33-22
f 534 536 535
f 534 537 536
g block-district-commercial-33-23
f 538 540 539
f 538 541 540
g block-district-commercial-33-31
f 542 544 543
f 542 545 544
g block-district-commercial-33-32
f 546 548 547
f 546 549 548
g block-district-commercial-33-33
f 550 552 551
f 550 553 552
g block-district-residential-34-11
f 554 556 555
f 554 557 556
g block-district-residential-34-12
f 558 560 559
f 558 561 560
g block-district-residential-34-13
f 562 564 563
f 562 565 564
g block-district-residential-34-21
f 566 568 567
f 566 569 568
g block-district-residential-34-22
f 570 572 571
f 570 573 572
g block-district-residential-34-23
f 574 576 575
f 574 577 576
g block-district-residential-34-31
f 578 580 579
f 578 581 580
g block-district-residential-34-32
f 582 584 583
f 582 585 584
g block-district-residential-34-33
f 586 588 587
f 586 589 588
g block-district-park-41-11
f 590 592 591
f 590 593 592
g block-district-park-41-12
f 594 596 595
f 594 597 596
g block-district-park-41-21
f 598 600 599
f 598 601 600
g block-district-park-41-22
f 602 604 603
f 602 605 604
g block-district-residential-42-11
f 606 608 607
f 606 609 608
g block-district-residential-42-12
f 610 612 611
f 610 613 612
g block-district-residential-42-13
f 614 616 615
f 614 617 616
g block-district-residential-42-21
f 618 620 619
f 618 621 620
g block-district-residential-42-22
f 622 624 623
f 622 625 624
g block-district-residential-42-23
f 626 628 627
f 626 629 628
g block-district-residential-42-31
f 630 632 631
f 630 633 632
g block-district-residential-42-32
f 634 636 635
f 634 637 636
g block-district-residential-42-33
f 638 640 639
f 638 641 640
g block-district-residential-43-11
f 642 644 643
f 642 645 644
g block-district-residential-43-12
f 646 648 647
f 646 649 648
g block-district-residential-43-13
f 650 652 651
f 650 653 652
g block-district-residential-43-21
f 654 656 655
f 654 657 656
g block-district-residential-43-22
f 658 660 659
f 658 661 660
g block-district-residential-43-23
f 662 664 663
f 662 665 664
g block-district-residential-43-31
f 666 668 667
f 666 669 668
g block-district-residential-43-32
f 670 672 671
f 670 673 672
g block-district-residential-43-33
f 674 676 675
f 674 677 676
g block-district-business-44-11
f 678 680 679
f 678 681 680
g block-district-business-44-12
f 682 684 683
f 682 685 684
g block-district-business-44-13
f 686 688 687
f 686 689 688
g block-district-business-44-21
f 690 692 691
f 690 693 692
g block-district-business-44-22
f 694 696 695
f 694 697 696
g block-district-business-44-23
f 698 700 699
f 698 701 700
g block-district-business-44-31
f 702 704 703
f 702 705 704
g block-district-business-44-32
f 706 708 707
f 706 709 708
g block-district-business-44-33
f 710 712 711
f 710 713 712
g lot-block-district-industrial-11-11-1
f 714 716 715
f 714 717 716
g lot-block-district-industrial-11-11-2
f 718 720 719
f 718 721 720
g lot-block-district-industrial-11-11-3
f 722 724 723
f 722 725 724
g lot-block-district-industrial-11-12-1
f 726 728 727
f 726 729 728
g lot-block-district-industrial-11-12-2
f 730 732 731
f 730 733 732
g lot-block-district-industrial-11-12-3
f 734 736 735
f 734 737 736
g lot-block-district-industrial-11-21-1
f 738 740 739
f 738 741 740
g lot-block-district-industrial-11-21-2
f 742 744 743
f 742 745 744
g lot-block-district-industrial-11-21-3
f 746 748 747
f 746 749 748
g lot-block-district-industrial-11-22-1
f 750 752 751
f 750 753 752
g lot-block-district-industrial-11-22-2
f 754 756 755
f 754 757 756
g lot-block-district-industrial-11-22-3
f 758 760 759
f 758 761 760
g lot-block-district-industrial-11-31-1
f 762 764 763
f 762 765 764
g lot-block-district-industrial-11-31-2
f 766 768 767
f 766 769 768
g lot-block-district-industrial-11-31-3
f 770 772 771
f 770 773 772
g lot-block-district-industrial-11-32-1
f 774 776 775
f 774 777 776
g lot-block-district-industrial-11-32-2
f 778 780 779
f 778 781 780
g lot-block-district-industrial-11-32-3
f 782 784 783
f 782 785 784
g lot-block-district-park-12-11-1
f 786 788 787
f 786 789 788
g lot-block-district-park-12-11-2
f 790 792 791
f 790 793 792
g lot-block-district-park-12-11-3
f 794 796 795
f 794 797 796
g lot-block-district-park-12-12-1
f 798 800 799
f 798 801 800
g lot-block-district-park-12-12-2
f 802 804 803
f 802 805 804
g lot-block-district-park-12-12-3
f 806 808 807
f 806 809 808
g lot-block-district-park-12-21-1
f 810 812 811
f 810 813 812
g lot-block-district-park-12-21-2
f 814 816 815
f 814 817 816
g lot-block-district-park-12-21-3
f 818 820 819
f 818 821 820
g lot-block-district-park-12-22-1
f 822 824 823
f 822 825 824
g lot-block-district-park-12-22-2
f 826 828 827
f 826 829 828
g lot-block-district-park-12-22-3
f 830 832 831
f 830 833 832
g lot-block-district-commercial-13-11-1
f 834 836 835
f 834 837 836
g lot-block-district-commercial-13-11-2
f 838 840 839
f 838 841 840
g lot-block-district-commercial-13-11-3
f 842 844 843
f 842 845 844
g lot-block-district-commercial-13-12-1
f 846 848 847
f 846 849 848
g lot-block-district-commercial-13-12-2
f 850 852 851
f 850 853 852
g lot-block-district-commercial-13-12-3
f 854 856 855
f 854 857 856
g lot-block-district-commercial-13-13-1
f 858 860 859
f 858 861 860
g lot-block-district-commercial-13-13-2
f 862 864 863
f 862 865 864
g lot-block-district-commercial-13-13-3
f 866 868 867
f 866 869 868
g lot-block-district-commercial-13-21-1
f 870 872 871
f 870 873 872
g lot-block-district-commercial-13-21-2
f 874 876 875
f 874 877 876
g lot-block-district-commercial-13-21-3
f 878 880 879
f 878 881 880
g lot-block-district-commercial-13-22-1
f 882 884 883
f 882 885 884
g lot-block-district-commercial-13-22-2
f 886 888 887
f 886 889 888
g lot-block-district-commercial-13-22-3
f 890 892 891
f 890 893 892
g lot-block-district-commercial-13-23-1
f 894 896 895
f 894 897 896
g lot-block-district-commercial-13-23-2
f 898 900 899
f 898 901 900
g lot-block-district-commercial-13-23-3
f 902 904 903
f 902 905 904
g lot-block-district-commercial-13-31-1
f 906 908 907
f 906 909 908
g lot-block-district-commercial-13-31-2
f 910 912 911
f 910 913 912
g lot-block-district-commercial-13-31-3
f 914 916 915
f 914 917 916
g lot-block-district-commercial-13-32-1
f 918 920 919
f 918 921 920
g lot-block-district-commercial-13-32-2
f 922 924 923
f 922 925 924
g lot-block-district-commercial-13-32-3
f 926 928 927
f 926 929 928
g lot-block-district-commercial-13-33-1
f 930 932 931
f 930 933 932
g lot-block-district-commercial-13-33-2
f 934 936 935
f 934 937 936
g lot-block-district-commercial-13-33-3
f 938 940 939
f 938 941 940
g lot-block-district-residential-14-11-1
f 942 944 943
f 942 945 944
g lot-block-district-residential-14-11-2
f 946 948 947
f 946 949 948
g lot-block-district-residential-14-11-3
f 950 952 951
f 950 953 952
g lot-block-district-residential-14-12-1
f 954 956 955
f 954 957 956
g lot-block-district-residential-14-12-2
f 958 960 959
f 958 961 960
g lot-block-district-residential-14-12-3
f 962 964 963
f 962 965 964
g lot-block-district-residential-14-13-1
f 966 968 967
f 966 969 968
g lot-block-district-residential-14-13-2
f 970 972 971
f 970 973 972
g lot-block-district-residential-14-13-3
f 974 976 975
f 974 977 976
g lot-block-district-residential-14-21-1
f 978 980 979
f 978 981 980
g lot-block-district-residential-14-21-2
f 982 984 983
f 982 985 984
g lot-block-district-residential-14-21-3
f 986 988 987
f 986 989 988
g lot-block-district-residential-14-22-1
f 990 992 991
f 990 993 992
g lot-block-district-residential-14-22-2
f 994 996 995
f 994 997 996
g lot-block-district-residential-14-22-3
f 998 1000 999
f 998 1001 1000
g lot-block-district-residential-14-23-1
f 1002 1004 1003
f 1002 1005 1004
g lot-block-district-residential-14-23-2
f 1006 1008 1007
f 1006 1009 1008
g lot-block-district-residential-14-23-3
f 1010 1012 1011
f 1010 1013 1012
g lot-block-district-residential-14-31-1
f 1014 1016 1015
f 1014 1017 1016
g lot-block-district-residential-14-31-2
f 1018 1020 1019
f 1018 1021 1020
g lot-block-district-residential-14-31-3
f 1022 1024 1023
f 1022 1025 1024
g lot-block-district-residential-14-32-1
f 1026 1028 1027
f 1026 1029 1028
g lot-block-district-residential-14-32-2
f 1030 1032 1031
f 1030 1033 1032
g lot-block-district-residential-14-32-3
f 1034 1036 1035
f 1034 1037 1036
g lot-block-district-residential-14-33-1
f 1038 1040 1039
f 1038 1041 1040
g lot-block-district-residential-14-33-2
f 1042 1044 1043
f 1042 1045 1044
g lot-block-district-residential-14-33-3
f 1046 1048 1047
f 1046 1049 1048
g lot-block-district-industrial-21-11-1
f 1050 1052 1051
f 1050 1053 1052
g lot-block-district-industrial-21-11-2
f 1054 1056 1055
f 1054 1057 1056
g lot-block-district-industrial-21-11-3
f 1058 1060 1059
f 1058 1061 1060
g lot-block-district-industrial-21-12-1
f 1062 1064 1063
f 1062 1065 1064
g lot-block-district-industrial-21-12-2
f 1066 1068 1067
f 1066 1069 1068
g lot-block-district-industrial-21-12-3
f 1070 1072 1071
f 1070 1073 1072
g lot-block-district-industrial-21-21-1
f 1074 1076 1075
f 1074 1077 1076
g lot-block-district-industrial-21-21-2
f 1078 1080 1079
f 1078 1081 1080
g lot-block-district-industrial-21-21-3
f 1082 1084 1083
f 1082 1085 1084
g lot-block-district-industrial-21-22-1
f 1086 1088 1087
f 1086 1089 1088
g lot-block-district-industrial-21-22-2
f 1090 1092 1091
f 1090 1093 1092
g lot-block-district-industrial-21-22-3
f 1094 1096 1095
f 1094 1097 1096
g lot-block-district-industrial-21-31-1
f 1098 1100 1099
f 1098 1101 1100
g lot-block-district-industrial-21-31-2
f 1102 1104 1103
f 1102 1105 1104
g lot-block-district-industrial-21-31-3
f 1106 1108 1107
f 1106 1109 1108
g lot-block-district-industrial-21-32-1
f 1110 1112 1111
f 1110 1113 1112
g lot-block-district-industrial-21-32-2
f 1114 1116 1115
f 1114 1117 1116
g lot-block-district-industrial-21-32-3
f 1118 1120 1119
f 1118 1121 1120
g lot-block-district-business-22-11-1
f 1122 1124 1123
f 1122 1125 1124
g lot-block-district-business-22-11-2
f 1126 1128 1127
f 1126 1129 1128
g lot-block-district-business-22-11-3
f 1130 1132 1131
f 1130 1133 1132
g lot-block-district-business-22-12-1
f 1134 1136 1135
f 1134 1137 1136
g lot-block-district-business-22-12-2
f 1138 1140 1139
f 1138 1141 1140
g lot-block-district-business-22-12-3
f 1142 1144 1143
f 1142 1145 1144
g lot-block-district-business-22-13-1
f 1146 1148 1147
f 1146 1149 1148
g lot-block-district-business-22-13-2
f 1150 1152 1151
f 1150 1153 1152
g lot-block-district-business-22-13-3
f 1154 1156 1155
f 1154 1157 1156
g lot-block-district-business-22-21-1
f 1158 1160 1159
f 1158 1161 1160
g lot-block-district-business-22-21-2
f 1162 1164 1163
f 1162 1165 1164
g lot-block-district-business-22-21-3
f 1166 1168 1167
f 1166 1169 1168
g lot-block-district-business-22-22-1
f 1170 1172 1171
f 1170 1173 1172
g lot-block-district-business-22-22-2
f 1174 1176 1175
f 1174 1177 1176
g lot-block-district-business-22-22-3
f 1178 1180 1179
f 1178 1181 1180
g lot-block-district-business-22-23-1
f 1182 1184 1183
f 1182 1185 1184
g lot-block-district-business-22-23-2
f 1186 1188 1187
f 1186 1189 1188
g lot-block-district-business-22-23-3
f 1190 1192 1191
f 1190 1193 1192
g lot-block-district-business-22-31-1
f 1194 1196 1195
f 1194 1197 1196
g lot-block-district-business-22-31-2
f 1198 1200 1199
f 1198 1201 1200
g lot-block-district-business-22-31-3
f 1202 1204 1203
f 1202 1205 1204
g lot-block-district-business-22-32-1
f 1206 1208 1207
f 1206 1209 1208
g lot-block-district-business-22-32-2
f 1210 1212 1211
f 1210 1213 1212
g lot-block-district-business-22-32-3
f 1214 1216 1215
f 1214 1217 1216
g lot-block-district-business-22-33-1
f 1218 1220 1219
f 1218 1221 1220
g lot-block-district-business-22-33-2
f 1222 1224 1223
f 1222 1225 1224
g lot-block-district-business-22-33-3
f 1226 1228 1227
f 1226 1229 1228
g lot-block-district-old_town-23-11-1
f 1230 1232 1231
f 1230 1233 1232
g lot-block-district-old_town-23-11-2
f 1234 1236 1235
f 1234 1237 1236
g lot-block-district-old_town-23-11-3
f 1238 1240 1239
f 1238 1241 1240
g lot-block-district-old_town-23-12-1
f 1242 1244 1243
f 1242 1245 1244
g lot-block-district-old_town-23-12-2
f 1246 1248 1247
f 1246 1249 1248
g lot-block-district-old_town-23-12-3
f 1250 1252 1251
f 1250 1253 1252
g lot-block-district-old_town-23-13-1
f 1254 1256 1255
f 1254 1257 1256
g lot-block-district-old_town-23-13-2
f 1258 1260 1259
f 1258 1261 1260
g lot-block-district-old_town-23-13-3
f 1262 1264 1263
f 1262 1265 1264
g lot-block-district-old_town-23-21-1
f 1266 1268 1267
f 1266 1269 1268
g lot-block-district-old_town-23-21-2
f 1270 1272 1271
f 1270 1273 1272
g lot-block-district-old_town-23-21-3
f 1274 1276 1275
f 1274 1277 1276
g lot-block-district-old_town-23-22-1
f 1278 1280 1279
f 1278 1281 1280
g lot-block-district-old_town-23-22-2
f 1282 1284 1283
f 1282 1285 1284
g lot-block-district-old_town-23-22-3
f 1286 1288 1287
f 1286 1289 1288
g lot-block-district-old_town-23-23-1
f 1290 1292 1291
f 1290 1293 1292
g lot-block-district-old_town-23-23-2
f 1294 1296 1295
f 1294 1297 1296
g lot-block-district-old_town-23-23-3
f 1298 1300 1299
f 1298 1301 1300
g lot-block-district-old_town-23-31-1
f 1302 1304 1303
f 1302 1305 1304
g lot-block-district-old_town-23-31-2
f 1306 1308 1307
f 1306 1309 1308
g lot-block-district-old_town-23-31-3
f 1310 1312 1311
f 1310 1313 1312
g lot-block-district-old_town-23-32-1
f 1314 1316 1315
f 1314 1317 1316
g lot-block-district-old_town-23-32-2
f 1318 1320 1319
f 1318 1321 1320
g lot-block-district-old_town-23-32-3
f 1322 1324 1323
f 1322 1325 1324
g lot-block-district-old_town-23-33-1
f 1326 1328 1327
f 1326 1329 1328
g lot-block-district-old_town-23-33-2
f 1330 1332 1331
f 1330 1333 1332
g lot-block-district-old_town-23-33-3
f 1334 1336 1335
f 1334 1337 1336
g lot-block-district-residential-24-11-1
f 1338 1340 1339
f 1338 1341 1340
g lot-block-district-residential-24-11-2
f 1342 1344 1343
f 1342 1345 1344
g lot-block-district-residential-24-11-3
f 1346 1348 1347
f 1346 1349 1348
g lot-block-district-residential-24-12-1
f 1350 1352 1351
f 1350 1353 1352
g lot-block-district-residential-24-12-2
f 1354 1356 1355
f 1354 1357 1356
g lot-block-district-residential-24-12-3
f 1358 1360 1359
f 1358 1361 1360
g lot-block-district-residential-24-13-1
f 1362 1364 1363
f 1362 1365 1364
g lot-block-district-residential-24-13-2
f 1366 1368 1367
f 1366 1369 1368
g lot-block-district-residential-24-13-3
f 1370 1372 1371
f 1370 1373 1372
g lot-block-district-residential-24-21-1
f 1374 1376 1375
f 1374 1377 1376
g lot-block-district-residential-24-21-2
f 1378 1380 1379
f 1378 1381 1380
g lot-block-district-residential-24-21-3
f 1382 1384 1383
f 1382 1385 1384
g lot-block-district-residential-24-22-1
f 1386 1388 1387
f 1386 1389 1388
g lot-block-district-residential-24-22-2
f 1390 1392 1391
f 1390 1393 1392
g lot-block-district-residential-24-22-3
f 1394 1396 1395
f 1394 1397 1396
g lot-block-district-residential-24-23-1
f 1398 1400 1399
f 1398 1401 1400
g lot-block-district-residential-24-23-2
f 1402 1404 1403
f 1402 1405 1404
g lot-block-district-residential-24-23-3
f 1406 1408 1407
f 1406 1409 1408
g lot-block-district-residential-24-31-1
f 1410 1412 1411
f 1410 1413 1412
g lot-block-district-residential-24-31-2
f 1414 1416 1415
f 1414 1417 1416
g lot-block-district-residential-24-31-3
f 1418 1420 1419
f 1418 1421 1420
g lot-block-district-residential-24-32-1
f 1422 1424 1423
f 1422 1425 1424
g lot-block-district-residential-24-32-2
f 1426 1428 1427
f 1426 1429 1428
g lot-block-district-residential-24-32-3
f 1430 1432 1431
f 1430 1433 1432
g lot-block-district-residential-24-33-1
f 1434 1436 1435
f 1434 1437 1436
g lot-block-district-residential-24-33-2
f 1438 1440 1439
f 1438 1441 1440
g lot-block-district-residential-24-33-3
f 1442 1444 1443
f 1442 1445 1444
g lot-block-district-park-31-11-1
f 1446 1448 1447
f 1446 1449 1448
g lot-block-district-park-31-11-2
f 1450 1452 1451
f 1450 1453 1452
g lot-block-district-park-31-11-3
f 1454 1456 1455
f 1454 1457 1456
g lot-block-district-park-31-12-1
f 1458 1460 1459
f 1458 1461 1460
g lot-block-district-park-31-12-2
f 1462 1464 1463
f 1462 1465 1464
g lot-block-district-park-31-12-3
f 1466 1468 1467
f 1466 1469 1468
g lot-block-district-park-31-21-1
f 1470 1472 1471
f 1470 1473 1472
g lot-block-district-park-31-21-2
f 1474 1476 1475
f 1474 1477 1476
g lot-block-district-park-31-21-3
f 1478 1480 1479
f 1478 1481 1480
g lot-block-district-park-31-22-1
f 1482 1484 1483
f 1482 1485 1484
g lot-block-district-park-31-22-2
f 1486 1488 1487
f 1486 1489 1488
g lot-block-district-park-31-22-3
f 1490 1492 1491
f 1490 1493 1492
g lot-block-district-station_area-32-11-1
f 1494 1496 1495
f 1494 1497 1496
g lot-block-district-station_area-32-11-2
f 1498 1500 1499
f 1498 1501 1500
g lot-block-district-station_area-32-11-3
f 1502 1504 1503
f 1502 1505 1504
g lot-block-district-station_area-32-12-1
f 1506 1508 1507
f 1506 1509 1508
g lot-block-district-station_area-32-12-2
f 1510 1512 1511
f 1510 1513 1512
g lot-block-district-station_area-32-12-3
f 1514 1516 1515
f 1514 1517 1516
g lot-block-district-station_area-32-13-1
f 1518 1520 1519
f 1518 1521 1520
g lot-block-district-station_area-32-13-2
f 1522 1524 1523
f 1522 1525 1524
g lot-block-district-station_area-32-13-3
f 1526 1528 1527
f 1526 1529 1528
g lot-block-district-station_area-32-21-1
f 1530 1532 1531
f 1530 1533 1532
g lot-block-district-station_area-32-21-2
f 1534 1536 1535
f 1534 1537 1536
g lot-block-district-station_area-32-21-3
f 1538 1540 1539
f 1538 1541 1540
g lot-block-district-station_area-32-22-1
f 1542 1544 1543
f 1542 1545 1544
g lot-block-district-station_area-32-22-2
f 1546 1548 1547
f 1546 1549 1548
g lot-block-district-station_area-32-22-3
f 1550 1552 1551
f 1550 1553 1552
g lot-block-district-station_area-32-23-1
f 1554 1556 1555
f 1554 1557 1556
g lot-block-district-station_area-32-23-2
f 1558 1560 1559
f 1558 1561 1560
g lot-block-district-station_area-32-23-3
f 1562 1564 1563
f 1562 1565 1564
g lot-block-district-station_area-32-31-1
f 1566 1568 1567
f 1566 1569 1568
g lot-block-district-station_area-32-31-2
f 1570 1572 1571
f 1570 1573 1572
g lot-block-district-station_area-32-31-3
f 1574 1576 1575
f 1574 1577 1576
g lot-block-district-station_area-32-32-1
f 1578 1580 1579
f 1578 1581 1580
g lot-block-district-station_area-32-32-2
f 1582 1584 1583
f 1582 1585 1584
g lot-block-district-station_area-32-32-3
f 1586 1588 1587
f 1586 1589 1588
g lot-block-district-station_area-32-33-1
f 1590 1592 1591
f 1590 1593 1592
g lot-block-district-station_area-32-33-2
f 1594 1596 1595
f 1594 1597 1596
g lot-block-district-station_area-32-33-3
f 1598 1600 1599
f 1598 1601 1600
g lot-block-district-commercial-33-11-1
f 1602 1604 1603
f 1602 1605 1604
g lot-block-district-commercial-33-11-2
f 1606 1608 1607
f 1606 1609 1608
g lot-block-district-commercial-33-11-3
f 1610 1612 1611
f 1610 1613 1612
g lot-block-district-commercial-33-12-1
f 1614 1616 1615
f 1614 1617 1616
g lot-block-district-commercial-33-12-2
f 1618 1620 1619
f 1618 1621 1620
g lot-block-district-commercial-33-12-3
f 1622 1624 1623
f 1622 1625 1624
g lot-block-district-commercial-33-13-1
f 1626 1628 1627
f 1626 1629 1628
g lot-block-district-commercial-33-13-2
f 1630 1632 1631
f 1630 1633 1632
g lot-block-district-commercial-33-13-3
f 1634 1636 1635
f 1634 1637 1636
g lot-block-district-commercial-33-21-1
f 1638 1640 1639
f 1638 1641 1640
g lot-block-district-commercial-33-21-2
f 1642 1644 1643
f 1642 1645 1644
g lot-block-district-commercial-33-21-3
f 1646 1648 1647
f 1646 1649 1648
g lot-block-district-commercial-33-22-1
f 1650 1652 1651
f 1650 1653 1652
g lot-block-district-commercial-33-22-2
f 1654 1656 1655
f 1654 1657 1656
g lot-block-district-commercial-33-22-3
f 1658 1660 1659
f 1658 1661 1660
g lot-block-district-commercial-33-23-1
f 1662 1664 1663
f 1662 1665 1664
g lot-block-district-commercial-33-23-2
f 1666 1668 1667
f 1666 1669 1668
g lot-block-district-commercial-33-23-3
f 1670 1672 1671
f 1670 1673 1672
g lot-block-district-commercial-33-31-1
f 1674 1676 1675
f 1674 1677 1676
g lot-block-district-commercial-33-31-2
f 1678 1680 1679
f 1678 1681 1680
g lot-block-district-commercial-33-31-3
f 1682 1684 1683
f 1682 1685 1684
g lot-block-district-commercial-33-32-1
f 1686 1688 1687
f 1686 1689 1688
g lot-block-district-commercial-33-32-2
f 1690 1692 1691
f 1690 1693 1692
g lot-block-district-commercial-33-32-3
f 1694 1696 1695
f 1694 1697 1696
g lot-block-district-commercial-33-33-1
f 1698 1700 1699
f 1698 1701 1700
g lot-block-district-commercial-33-33-2
f 1702 1704 1703
f 1702 1705 1704
g lot-block-district-commercial-33-33-3
f 1706 1708 1707
f 1706 1709 1708
g lot-block-district-residential-34-11-1
f 1710 1712 1711
f 1710 1713 1712
g lot-block-district-residential-34-11-2
f 1714 1716 1715
f 1714 1717 1716
g lot-block-district-residential-34-11-3
f 1718 1720 1719
f 1718 1721 1720
g lot-block-district-residential-34-12-1
f 1722 1724 1723
f 1722 1725 1724
g lot-block-district-residential-34-12-2
f 1726 1728 1727
f 1726 1729 1728
g lot-block-district-residential-34-12-3
f 1730 1732 1731
f 1730 1733 1732
g lot-block-district-residential-34-13-1
f 1734 1736 1735
f 1734 1737 1736
g lot-block-district-residential-34-13-2
f 1738 1740 1739
f 1738 1741 1740
g lot-block-district-residential-34-13-3
f 1742 1744 1743
f 1742 1745 1744
g lot-block-district-residential-34-21-1
f 1746 1748 1747
f 1746 1749 1748
g lot-block-district-residential-34-21-2
f 1750 1752 1751
f 1750 1753 1752
g lot-block-district-residential-34-21-3
f 1754 1756 1755
f 1754 1757 1756
g lot-block-district-residential-34-22-1
f 1758 1760 1759
f 1758 1761 1760
g lot-block-district-residential-34-22-2
f 1762 1764 1763
f 1762 1765 1764
g lot-block-district-residential-34-22-3
f 1766 1768 1767
f 1766 1769 1768
g lot-block-district-residential-34-23-1
f 1770 1772 1771
f 1770 1773 1772
g lot-block-district-residential-34-23-2
f 1774 1776 1775
f 1774 1777 1776
g lot-block-district-residential-34-23-3
f 1778 1780 1779
f 1778 1781 1780
g lot-block-district-residential-34-31-1
f 1782 1784 1783
f 1782 1785 1784
g lot-block-district-residential-34-31-2
f 1786 1788 1787
f 1786 1789 1788
g lot-block-district-residential-34-31-3
f 1790 1792 1791
f 1790 1793 1792
g lot-block-district-residential-34-32-1
f 1794 1796 1795
f 1794 1797 1796
g lot-block-district-residential-34-32-2
f 1798 1800 1799
f 1798 1801 1800
g lot-block-district-residential-34-32-3
f 1802 1804 1803
f 1802 1805 1804
g lot-block-district-residential-34-33-1
f 1806 1808 1807
f 1806 1809 1808
g lot-block-district-residential-34-33-2
f 1810 1812 1811
f 1810 1813 1812
g lot-block-district-residential-34-33-3
f 1814 1816 1815
f 1814 1817 1816
g lot-block-district-park-41-11-1
f 1818 1820 1819
f 1818 1821 1820
g lot-block-district-park-41-11-2
f 1822 1824 1823
f 1822 1825 1824
g lot-block-district-park-41-11-3
f 1826 1828 1827
f 1826 1829 1828
g lot-block-district-park-41-12-1
f 1830 1832 1831
f 1830 1833 1832
g lot-block-district-park-41-12-2
f 1834 1836 1835
f 1834 1837 1836
g lot-block-district-park-41-12-3
f 1838 1840 1839
f 1838 1841 1840
g lot-block-district-park-41-21-1
f 1842 1844 1843
f 1842 1845 1844
g lot-block-district-park-41-21-2
f 1846 1848 1847
f 1846 1849 1848
g lot-block-district-park-41-21-3
f 1850 1852 1851
f 1850 1853 1852
g lot-block-district-park-41-22-1
f 1854 1856 1855
f 1854 1857 1856
g lot-block-district-park-41-22-2
f 1858 1860 1859
f 1858 1861 1860
g lot-block-district-park-41-22-3
f 1862 1864 1863
f 1862 1865 1864
g lot-block-district-residential-42-11-1
f 1866 1868 1867
f 1866 1869 1868
g lot-block-district-residential-42-11-2
f 1870 1872 1871
f 1870 1873 1872
g lot-block-district-residential-42-11-3
f 1874 1876 1875
f 1874 1877 1876
g lot-block-district-residential-42-12-1
f 1878 1880 1879
f 1878 1881 1880
g lot-block-district-residential-42-12-2
f 1882 1884 1883
f 1882 1885 1884
g lot-block-district-residential-42-12-3
f 1886 1888 1887
f 1886 1889 1888
g lot-block-district-residential-42-13-1
f 1890 1892 1891
f 1890 1893 1892
g lot-block-district-residential-42-13-2
f 1894 1896 1895
f 1894 1897 1896
g lot-block-district-residential-42-13-3
f 1898 1900 1899
f 1898 1901 1900
g lot-block-district-residential-42-21-1
f 1902 1904 1903
f 1902 1905 1904
g lot-block-district-residential-42-21-2
f 1906 1908 1907
f 1906 1909 1908
g lot-block-district-residential-42-21-3
f 1910 1912 1911
f 1910 1913 1912
g lot-block-district-residential-42-22-1
f 1914 1916 1915
f 1914 1917 1916
g lot-block-district-residential-42-22-2
f 1918 1920 1919
f 1918 1921 1920
g lot-block-district-residential-42-22-3
f 1922 1924 1923
f 1922 1925 1924
g lot-block-district-residential-42-23-1
f 1926 1928 1927
f 1926 1929 1928
g lot-block-district-residential-42-23-2
f 1930 1932 1931
f 1930 1933 1932
g lot-block-district-residential-42-23-3
f 1934 1936 1935
f 1934 1937 1936
g lot-block-district-residential-42-31-1
f 1938 1940 1939
f 1938 1941 1940
g lot-block-district-residential-42-31-2
f 1942 1944 1943
f 1942 1945 1944
g lot-block-district-residential-42-31-3
f 1946 1948 1947
f 1946 1949 1948
g lot-block-district-residential-42-32-1
f 1950 1952 1951
f 1950 1953 1952
g lot-block-district-residential-42-32-2
f 1954 1956 1955
f 1954 1957 1956
g lot-block-district-residential-42-32-3
f 1958 1960 1959
f 1958 1961 1960
g lot-block-district-residential-42-33-1
f 1962 1964 1963
f 1962 1965 1964
g lot-block-district-residential-42-33-2
f 1966 1968 1967
f 1966 1969 1968
g lot-block-district-residential-42-33-3
f 1970 1972 1971
f 1970 1973 1972
g lot-block-district-residential-43-11-1
f 1974 1976 1975
f 1974 1977 1976
g lot-block-district-residential-43-11-2
f 1978 1980 1979
f 1978 1981 1980
g lot-block-district-residential-43-11-3
f 1982 1984 1983
f 1982 1985 1984
g lot-block-district-residential-43-12-1
f 1986 1988 1987
f 1986 1989 1988
g lot-block-district-residential-43-12-2
f 1990 1992 1991
f 1990 1993 1992
g lot-block-district-residential-43-12-3
f 1994 1996 1995
f 1994 1997 1996
g lot-block-district-residential-43-13-1
f 1998 2000 1999
f 1998 2001 2000
g lot-block-district-residential-43-13-2
f 2002 2004 2003
f 2002 2005 2004
g lot-block-district-residential-43-13-3
f 2006 2008 2007
f 2006 2009 2008
g lot-block-district-residential-43-21-1
f 2010 2012 2011
f 2010 2013 2012
g lot-block-district-residential-43-21-2
f 2014 2016 2015
f 2014 2017 2016
g lot-block-district-residential-43-21-3
f 2018 2020 2019
f 2018 2021 2020
g lot-block-district-residential-43-22-1
f 2022 2024 2023
f 2022 2025 2024
g lot-block-district-residential-43-22-2
f 2026 2028 2027
f 2026 2029 2028
g lot-block-district-residential-43-22-3
f 2030 2032 2031
f 2030 2033 2032
g lot-block-district-residential-43-23-1
f 2034 2036 2035
f 2034 2037 2036
g lot-block-district-residential-43-23-2
f 2038 2040 2039
f 2038 2041 2040
g lot-block-district-residential-43-23-3
f 2042 2044 2043
f 2042 2045 2044
g lot-block-district-residential-43-31-1
f 2046 2048 2047
f 2046 2049 2048
g lot-block-district-residential-43-31-2
f 2050 2052 2051
f 2050 2053 2052
g lot-block-district-residential-43-31-3
f 2054 2056 2055
f 2054 2057 2056
g lot-block-district-residential-43-32-1
f 2058 2060 2059
f 2058 2061 2060
g lot-block-district-residential-43-32-2
f 2062 2064 2063
f 2062 2065 2064
g lot-block-district-residential-43-32-3
f 2066 2068 2067
f 2066 2069 2068
g lot-block-district-residential-43-33-1
f 2070 2072 2071
f 2070 2073 2072
g lot-block-district-residential-43-33-2
f 2074 2076 2075
f 2074 2077 2076
g lot-block-district-residential-43-33-3
f 2078 2080 2079
f 2078 2081 2080
g lot-block-district-business-44-11-1
f 2082 2084 2083
f 2082 2085 2084
g lot-block-district-business-44-11-2
f 2086 2088 2087
f 2086 2089 2088
g lot-block-district-business-44-11-3
f 2090 2092 2091
f 2090 2093 2092
g lot-block-district-business-44-12-1
f 2094 2096 2095
f 2094 2097 2096
g lot-block-district-business-44-12-2
f 2098 2100 2099
f 2098 2101 2100
g lot-block-district-business-44-12-3
f 2102 2104 2103
f 2102 2105 2104
g lot-block-district-business-44-13-1
f 2106 2108 2107
f 2106 2109 2108
g lot-block-district-business-44-13-2
f 2110 2112 2111
f 2110 2113 2112
g lot-block-district-business-44-13-3
f 2114 2116 2115
f 2114 2117 2116
g lot-block-district-business-44-21-1
f 2118 2120 2119
f 2118 2121 2120
g lot-block-district-business-44-21-2
f 2122 2124 2123
f 2122 2125 2124
g lot-block-district-business-44-21-3
f 2126 2128 2127
f 2126 2129 2128
g lot-block-district-business-44-22-1
f 2130 2132 2131
f 2130 2133 2132
g lot-block-district-business-44-22-2
f 2134 2136 2135
f 2134 2137 2136
g lot-block-district-business-44-22-3
f 2138 2140 2139
f 2138 2141 2140
g lot-block-district-business-44-23-1
f 2142 2144 2143
f 2142 2145 2144
g lot-block-district-business-44-23-2
f 2146 2148 2147
f 2146 2149 2148
g lot-block-district-business-44-23-3
f 2150 2152 2151
f 2150 2153 2152
g lot-block-district-business-44-31-1
f 2154 2156 2155
f 2154 2157 2156
g lot-block-district-business-44-31-2
f 2158 2160 2159
f 2158 2161 2160
g lot-block-district-business-44-31-3
f 2162 2164 2163
f 2162 2165 2164
g lot-block-district-business-44-32-1
f 2166 2168 2167
f 2166 2169 2168
g lot-block-district-business-44-32-2
f 2170 2172 2171
f 2170 2173 2172
g lot-block-district-business-44-32-3
f 2174 2176 2175
f 2174 2177 2176
g lot-block-district-business-44-33-1
f 2178 2180 2179
f 2178 2181 2180
g lot-block-district-business-44-33-2
f 2182 2184 2183
f 2182 2185 2184
g lot-block-district-business-44-33-3
f 2186 2188 2187
f 2186 2189 2188
g building-lot-block-district-industrial-11-11-1
f 2190 2192 2191
f 2190 2193 2192
f 2194 2196 2195
f 2194 2197 2196
f 2190 2191 2195 2194
f 2191 2192 2196 2195
f 2192 2193 2197 2196
f 2193 2190 2194 2197
g building-lot-block-district-industrial-11-11-3
f 2198 2200 2199
f 2198 2201 2200
f 2202 2204 2203
f 2202 2205 2204
f 2198 2199 2203 2202
f 2199 2200 2204 2203
f 2200 2201 2205 2204
f 2201 2198 2202 2205
g building-lot-block-district-industrial-11-12-2
f 2206 2208 2207
f 2206 2209 2208
f 2210 2212 2211
f 2210 2213 2212
f 2206 2207 2211 2210
f 2207 2208 2212 2211
f 2208 2209 2213 2212
f 2209 2206 2210 2213
g building-lot-block-district-industrial-11-12-3
f 2214 2216 2215
f 2214 2217 2216
f 2218 2220 2219
f 2218 2221 2220
f 2214 2215 2219 2218
f 2215 2216 2220 2219
f 2216 2217 2221 2220
f 2217 2214 2218 2221
g building-lot-block-district-industrial-11-21-1
f 2222 2224 2223
f 2222 2225 2224
f 2226 2228 2227
f 2226 2229 2228
f 2222 2223 2227 2226
f 2223 2224 2228 2227
f 2224 2225 2229 2228
f 2225 2222 2226 2229
g building-lot-block-district-industrial-11-21-2
f 2230 2232 2231
f 2230 2233 2232
f 2234 2236 2235
f 2234 2237 2236
f 2230 2231 2235 2234
f 2231 2232 2236 2235
f 2232 2233 2237 2236
f 2233 2230 2234 2237
g building-lot-block-district-industrial-11-22-1
f 2238 2240 2239
f 2238 2241 2240
f 2242 2244 2243
f 2242 2245 2244
f 2238 2239 2243 2242
f 2239 2240 2244 2243
f 2240 2241 2245 2244
f 2241 2238 2242 2245
g building-lot-block-district-industrial-11-22-2
f 2246 2248 2247
f 2246 2249 2248
f 2250 2252 2251
f 2250 2253 2252
f 2246 2247 2251 2250
f 2247 2248 2252 2251
f 2248 2249 2253 2252
f 2249 2246 2250 2253
g building-lot-block-district-industrial-11-22-3
f 2254 2256 2255
f 2254 2257 2256
f 2258 2260 2259
f 2258 2261 2260
f 2254 2255 2259 2258
f 2255 2256 2260 2259
f 2256 2257 2261 2260
f 2257 2254 2258 2261
g building-lot-block-district-industrial-11-31-2
f 2262 2264 2263
f 2262 2265 2264
f 2266 2268 2267
f 2266 2269 2268
f 2262 2263 2267 2266
f 2263 2264 2268 2267
f 2264 2265 2269 2268
f 2265 2262 2266 2269
g building-lot-block-district-industrial-11-31-3
f 2270 2272 2271
f 2270 2273 2272
f 2274 2276 2275
f 2274 2277 2276
f 2270 2271 2275 2274
f 2271 2272 2276 2275
f 2272 2273 2277 2276
f 2273 2270 2274 2277
g building-lot-block-district-industrial-11-32-1
f 2278 2280 2279
f 2278 2281 2280
f 2282 2284 2283
f 2282 2285 2284
f 2278 2279 2283 2282
f 2279 2280 2284 2283
f 2280 2281 2285 2284
f 2281 2278 2282 2285
g building-lot-block-district-industrial-11-32-2
f 2286 2288 2287
f 2286 2289 2288
f 2290 2292 2291
f 2290 2293 2292
f 2286 2287 2291 2290
f 2287 2288 2292 2291
f 2288 2289 2293 2292
f 2289 2286 2290 2293
g building-lot-block-district-industrial-11-32-3
f 2294 2296 2295
f 2294 2297 2296
f 2298 2300 2299
f 2298 2301 2300
f 2294 2295 2299 2298
f 2295 2296 2300 2299
f 2296 2297 2301 2300
f 2297 2294 2298 2301
g building-lot-block-district-park-12-11-2
f 2302 2304 2303
f 2302 2305 2304
f 2306 2308 2307
f 2306 2309 2308
f 2302 2303 2307 2306
f 2303 2304 2308 2307
f 2304 2305 2309 2308
f 2305 2302 2306 2309
g building-lot-block-district-park-12-21-1
f 2310 2312 2311
f 2310 2313 2312
f 2314 2316 2315
f 2314 2317 2316
f 2310 2311 2315 2314
f 2311 2312 2316 2315
f 2312 2313 2317 2316
f 2313 2310 2314 2317
g building-lot-block-district-park-12-22-1
f 2318 2320 2319
f 2318 2321 2320
f 2322 2324 2323
f 2322 2325 2324
f 2318 2319 2323 2322
f 2319 2320 2324 2323
f 2320 2321 2325 2324
f 2321 2318 2322 2325
g building-lot-block-district-park-12-22-2
f 2326 2328 2327
f 2326 2329 2328
f 2330 2332 2331
f 2330 2333 2332
f 2326 2327 2331 2330
f 2327 2328 2332 2331
f 2328 2329 2333 2332
f 2329 2326 2330 2333
g building-lot-block-district-commercial-13-11-1
f 2334 2336 2335
f 2334 2337 2336
f 2338 2340 2339
f 2338 2341 2340
f 2334 2335 2339 2338
f 2335 2336 2340 2339
f 2336 2337 2341 2340
f 2337 2334 2338 2341
g building-lot-block-district-commercial-13-11-2
f 2342 2344 2343
f 2342 2345 2344
f 2346 2348 2347
f 2346 2349 2348
f 2342 2343 2347 2346
f 2343 2344 2348 2347
f 2344 2345 2349 2348
f 2345 2342 2346 2349
g building-lot-block-district-commercial-13-11-3
f 2350 2352 2351
f 2350 2353 2352
f 2354 2356 2355
f 2354 2357 2356
f 2350 2351 2355 2354
f 2351 2352 2356 2355
f 2352 2353 2357 2356
f 2353 2350 2354 2357
g building-lot-block-district-commercial-13-12-1
f 2358 2360 2359
f 2358 2361 2360
f 2362 2364 2363
f 2362 2365 2364
f 2358 2359 2363 2362
f 2359 2360 2364 2363
f 2360 2361 2365 2364
f 2361 2358 2362 2365
g building-lot-block-district-commercial-13-12-2
f 2366 2368 2367
f 2366 2369 2368
f 2370 2372 2371
f 2370 2373 2372
f 2366 2367 2371 2370
f 2367 2368 2372 2371
f 2368 2369 2373 2372
f 2369 2366 2370 2373
g building-lot-block-district-commercial-13-12-3
f 2374 2376 2375
f 2374 2377 2376
f 2378 2380 2379
f 2378 2381 2380
f 2374 2375 2379 2378
f 2375 2376 2380 2379
f 2376 2377 2381 2380
f 2377 2374 2378 2381
g building-lot-block-district-commercial-13-13-1
f 2382 2384 2383
f 2382 2385 2384
f 2386 2388 2387
f 2386 2389 2388
f 2382 2383 2387 2386
f 2383 2384 2388 2387
f 2384 2385 2389 2388
f 2385 2382 2386 2389
g building-lot-block-district-commercial-13-13-3
f 2390 2392 2391
f 2390 2393 2392
f 2394 2396 2395
f 2394 2397 2396
f 2390 2391 2395 2394
f 2391 2392 2396 2395
f 2392 2393 2397 2396
f 2393 2390 2394 2397
g building-lot-block-district-commercial-13-21-1
f 2398 2400 2399
f 2398 2401 2400
f 2402 2404 2403
f 2402 2405 2404
f 2398 2399 2403 2402
f 2399 2400 2404 2403
f 2400 2401 2405 2404
f 2401 2398 2402 2405
g building-lot-block-district-commercial-13-21-2
f 2406 2408 2407
f 2406 2409 2408
f 2410 2412 2411
f 2410 2413 2412
f 2406 2407 2411 2410
f 2407 2408 2412 2411
f 2408 2409 2413 2412
f 2409 2406 2410 2413
g building-lot-block-district-commercial-13-21-3
f 2414 2416 2415
f 2414 2417 2416
f 2418 2420 2419
f 2418 2421 2420
f 2414 2415 2419 2418
f 2415 2416 2420 2419
f 2416 2417 2421 2420
f 2417 2414 2418 2421
g building-lot-block-district-commercial-13-22-1
f 2422 2424 2423
f 2422 2425 2424
f 2426 2428 2427
f 2426 2429 2428
f 2422 2423 2427 2426
f 2423 2424 2428 2427
f 2424 2425 2429 2428
f 2425 2422 2426 2429
g building-lot-block-district-commercial-13-22-2
f 2430 2432 2431
f 2430 2433 2432
f 2434 2436 2435
f 2434 2437 2436
f 2430 2431 2435 2434
f 2431 2432 2436 2435
f 2432 2433 2437 2436
f 2433 2430 2434 2437
g building-lot-block-district-commercial-13-22-3
f 2438 2440 2439
f 2438 2441 2440
f 2442 2444 2443
f 2442 2445 2444
f 2438 2439 2443 2442
f 2439 2440 2444 2443
f 2440 2441 2445 2444
f 2441 2438 2442 2445
g building-lot-block-district-commercial-13-23-1
f 2446 2448 2447
f 2446 2449 2448
f 2450 2452 2451
f 2450 2453 2452
f 2446 2447 2451 2450
f 2447 2448 2452 2451
f 2448 2449 2453 2452
f 2449 2446 2450 2453
g building-lot-block-district-commercial-13-23-2
f 2454 2456 2455
f 2454 2457 2456
f 2458 2460 2459
f 2458 2461 2460
f 2454 2455 2459 2458
f 2455 2456 2460 2459
f 2456 2457 2461 2460
f 2457 2454 2458 2461
g building-lot-block-district-commercial-13-23-3
f 2462 2464 2463
f 2462 2465 2464
f 2466 2468 2467
f 2466 2469 2468
f 2462 2463 2467 2466
f 2463 2464 2468 2467
f 2464 2465 2469 2468
f 2465 2462 2466 2469
g building-lot-block-district-commercial-13-31-1
f 2470 2472 2471
f 2470 2473 2472
f 2474 2476 2475
f 2474 2477 2476
f 2470 2471 2475 2474
f 2471 2472 2476 2475
f 2472 2473 2477 2476
f 2473 2470 2474 2477
g building-lot-block-district-commercial-13-31-2
f 2478 2480 2479
f 2478 2481 2480
f 2482 2484 2483
f 2482 2485 2484
f 2478 2479 2483 2482
f 2479 2480 2484 2483
f 2480 2481 2485 2484
f 2481 2478 2482 2485
g building-lot-block-district-commercial-13-31-3
f 2486 2488 2487
f 2486 2489 2488
f 2490 2492 2491
f 2490 2493 2492
f 2486 2487 2491 2490
f 2487 2488 2492 2491
f 2488 2489 2493 2492
f 2489 2486 2490 2493
g building-lot-block-district-commercial-13-32-1
f 2494 2496 2495
f 2494 2497 2496
f 2498 2500 2499
f 2498 2501 2500
f 2494 2495 2499 2498
f 2495 2496 2500 2499
f 2496 2497 2501 2500
f 2497 2494 2498 2501
g building-lot-block-district-commercial-13-32-2
f 2502 2504 2503
f 2502 2505 2504
f 2506 2508 2507
f 2506 2509 2508
f 2502 2503 2507 2506
f 2503 2504 2508 2507
f 2504 2505 2509 2508
f 2505 2502 2506 2509
g building-lot-block-district-commercial-13-32-3
f 2510 2512 2511
f 2510 2513 2512
f 2514 2516 2515
f 2514 2517 2516
f 2510 2511 2515 2514
f 2511 2512 2516 2515
f 2512 2513 2517 2516
f 2513 2510 2514 2517
g building-lot-block-district-commercial-13-33-1
f 2518 2520 2519
f 2518 2521 2520
f 2522 2524 2523
f 2522 2525 2524
f 2518 2519 2523 2522
f 2519 2520 2524 2523
f 2520 2521 2525 2524
f 2521 2518 2522 2525
g building-lot-block-district-commercial-13-33-2
f 2526 2528 2527
f 2526 2529 2528
f 2530 2532 2531
f 2530 2533 2532
f 2526 2527 2531 2530
f 2527 2528 2532 2531
f 2528 2529 2533 2532
f 2529 2526 2530 2533
g building-lot-block-district-commercial-13-33-3
f 2534 2536 2535
f 2534 2537 2536
f 2538 2540 2539
f 2538 2541 2540
f 2534 2535 2539 2538
f 2535 2536 2540 2539
f 2536 2537 2541 2540
f 2537 2534 2538 2541
g building-lot-block-district-residential-14-11-1
f 2542 2544 2543
f 2542 2545 2544
f 2546 2548 2547
f 2546 2549 2548
f 2542 2543 2547 2546
f 2543 2544 2548 2547
f 2544 2545 2549 2548
f 2545 2542 2546 2549
g building-lot-block-district-residential-14-11-2
f 2550 2552 2551
f 2550 2553 2552
f 2554 2556 2555
f 2554 2557 2556
f 2550 2551 2555 2554
f 2551 2552 2556 2555
f 2552 2553 2557 2556
f 2553 2550 2554 2557
g building-lot-block-district-residential-14-11-3
f 2558 2560 2559
f 2558 2561 2560
f 2562 2564 2563
f 2562 2565 2564
f 2558 2559 2563 2562
f 2559 2560 2564 2563
f 2560 2561 2565 2564
f 2561 2558 2562 2565
g building-lot-block-district-residential-14-12-2
f 2566 2568 2567
f 2566 2569 2568
f 2570 2572 2571
f 2570 2573 2572
f 2566 2567 2571 2570
f 2567 2568 2572 2571
f 2568 2569 2573 2572
f 2569 2566 2570 2573
g building-lot-block-district-residential-14-12-3
f 2574 2576 2575
f 2574 2577 2576
f 2578 2580 2579
f 2578 2581 2580
f 2574 2575 2579 2578
f 2575 2576 2580 2579
f 2576 2577 2581 2580
f 2577 2574 2578 2581
g building-lot-block-district-residential-14-13-1
f 2582 2584 2583
f 2582 2585 2584
f 2586 2588 2587
f 2586 2589 2588
f 2582 2583 2587 2586
f 2583 2584 2588 2587
f 2584 2585 2589 2588
f 2585 2582 2586 2589
g building-lot-block-district-residential-14-21-1
f 2590 2592 2591
f 2590 2593 2592
f 2594 2596 2595
f 2594 2597 2596
f 2590 2591 2595 2594
f 2591 2592 2596 2595
f 2592 2593 2597 2596
f 2593 2590 2594 2597
g building-lot-block-district-residential-14-21-2
f 2598 2600 2599
f 2598 2601 2600
f 2602 2604 2603
f 2602 2605 2604
f 2598 2599 2603 2602
f 2599 2600 2604 2603
f 2600 2601 2605 2604
f 2601 2598 2602 2605
g building-lot-block-district-residential-14-21-3
f 2606 2608 2607
f 2606 2609 2608
f 2610 2612 2611
f 2610 2613 2612
f 2606 2607 2611 2610
f 2607 2608 2612 2611
f 2608 2609 2613 2612
f 2609 2606 2610 2613
g building-lot-block-district-residential-14-22-1
f 2614 2616 2615
f 2614 2617 2616
f 2618 2620 2619
f 2618 2621 2620
f 2614 2615 2619 2618
f 2615 2616 2620 2619
f 2616 2617 2621 2620
f 2617 2614 2618 2621
g building-lot-block-district-residential-14-22-2
f 2622 2624 2623
f 2622 2625 2624
f 2626 2628 2627
f 2626 2629 2628
f 2622 2623 2627 2626
f 2623 2624 2628 2627
f 2624 2625 2629 2628
f 2625 2622 2626 2629
g building-lot-block-district-residential-14-23-1
f 2630 2632 2631
f 2630 2633 2632
f 2634 2636 2635
f 2634 2637 2636
f 2630 2631 2635 2634
f 2631 2632 2636 2635
f 2632 2633 2637 2636
f 2633 2630 2634 2637
g building-lot-block-district-residential-14-23-2
f 2638 2640 2639
f 2638 2641 2640
f 2642 2644 2643
f 2642 2645 2644
f 2638 2639 2643 2642
f 2639 2640 2644 2643
f 2640 2641 2645 2644
f 2641 2638 2642 2645
g building-lot-block-district-residential-14-23-3
f 2646 2648 2647
f 2646 2649 2648
f 2650 2652 2651
f 2650 2653 2652
f 2646 2647 2651 2650
f 2647 2648 2652 2651
f 2648 2649 2653 2652
f 2649 2646 2650 2653
g building-lot-block-district-residential-14-31-1
f 2654 2656 2655
f 2654 2657 2656
f 2658 2660 2659
f 2658 2661 2660
f 2654 2655 2659 2658
f 2655 2656 2660 2659
f 2656 2657 2661 2660
f 2657 2654 2658 2661
g building-lot-block-district-residential-14-31-2
f 2662 2664 2663
f 2662 2665 2664
f 2666 2668 2667
f 2666 2669 2668
f 2662 2663 2667 2666
f 2663 2664 2668 2667
f 2664 2665 2669 2668
f 2665 2662 2666 2669
g building-lot-block-district-residential-14-31-3
f 2670 2672 2671
f 2670 2673 2672
f 2674 2676 2675
f 2674 2677 2676
f 2670 2671 2675 2674
f 2671 2672 2676 2675
f 2672 2673 2677 2676
f 2673 2670 2674 2677
g building-lot-block-district-residential-14-32-1
f 2678 2680 2679
f 2678 2681 2680
f 2682 2684 2683
f 2682 2685 2684
f 2678 2679 2683 2682
f 2679 2680 2684 2683
f 2680 2681 2685 2684
f 2681 2678 2682 2685
g building-lot-block-district-residential-14-33-1
f 2686 2688 2687
f 2686 2689 2688
f 2690 2692 2691
f 2690 2693 2692
f 2686 2687 2691 2690
f 2687 2688 2692 2691
f 2688 2689 2693 2692
f 2689 2686 2690 2693
g building-lot-block-district-residential-14-33-2
f 2694 2696 2695
f 2694 2697 2696
f 2698 2700 2699
f 2698 2701 2700
f 2694 2695 2699 2698
f 2695 2696 2700 2699
f 2696 2697 2701 2700
f 2697 2694 2698 2701
g building-lot-block-district-residential-14-33-3
f 2702 2704 2703
f 2702 2705 2704
f 2706 2708 2707
f 2706 2709 2708
f 2702 2703 2707 2706
f 2703 2704 2708 2707
f 2704 2705 2709 2708
f 2705 2702 2706 2709
g building-lot-block-district-industrial-21-11-2
f 2710 2712 2711
f 2710 2713 2712
f 2714 2716 2715
f 2714 2717 2716
f 2710 2711 2715 2714
f 2711 2712 2716 2715
f 2712 2713 2717 2716
f 2713 2710 2714 2717
g building-lot-block-district-industrial-21-11-3
f 2718 2720 2719
f 2718 2721 2720
f 2722 2724 2723
f 2722 2725 2724
f 2718 2719 2723 2722
f 2719 2720 2724 2723
f 2720 2721 2725 2724
f 2721 2718 2722 2725
g building-lot-block-district-industrial-21-12-1
f 2726 2728 2727
f 2726 2729 2728
f 2730 2732 2731
f 2730 2733 2732
f 2726 2727 2731 2730
f 2727 2728 2732 2731
f 2728 2729 2733 2732
f 2729 2726 2730 2733
g building-lot-block-district-industrial-21-12-2
f 2734 2736 2735
f 2734 2737 2736
f 2738 2740 2739
f 2738 2741 2740
f 2734 2735 2739 2738
f 2735 2736 2740 2739
f 2736 2737 2741 2740
f 2737 2734 2738 2741
g building-lot-block-district-industrial-21-21-1
f 2742 2744 2743
f 2742 2745 2744
f 2746 2748 2747
f 2746 2749 2748
f 2742 2743 2747 2746
f 2743 2744 2748 2747
f 2744 2745 2749 2748
f 2745 2742 2746 2749
g building-lot-block-district-industrial-21-21-2
f 2750 2752 2751
f 2750 2753 2752
f 2754 2756 2755
f 2754 2757 2756
f 2750 2751 2755 2754
f 2751 2752 2756 2755
f 2752 2753 2757 2756
f 2753 2750 2754 2757
g building-lot-block-district-industrial-21-21-3
f 2758 2760 2759
f 2758 2761 2760
f 2762 2764 2763
f 2762 2765 2764
f 2758 2759 2763 2762
f 2759 2760 2764 2763
f 2760 2761 2765 2764
f 2761 2758 2762 2765
g building-lot-block-district-industrial-21-22-3
f 2766 2768 2767
f 2766 2769 2768
f 2770 2772 2771
f 2770 2773 2772
f 2766 2767 2771 2770
f 2767 2768 2772 2771
f 2768 2769 2773 2772
f 2769 2766 2770 2773
g building-lot-block-district-industrial-21-31-1
f 2774 2776 2775
f 2774 2777 2776
f 2778 2780 2779
f 2778 2781 2780
f 2774 2775 2779 2778
f 2775 2776 2780 2779
f 2776 2777 2781 2780
f 2777 2774 2778 2781
g building-lot-block-district-industrial-21-31-2
f 2782 2784 2783
f 2782 2785 2784
f 2786 2788 2787
f 2786 2789 2788
f 2782 2783 2787 2786
f 2783 2784 2788 2787
f 2784 2785 2789 2788
f 2785 2782 2786 2789
g building-lot-block-district-industrial-21-31-3
f 2790 2792 2791
f 2790 2793 2792
f 2794 2796 2795
f 2794 2797 2796
f 2790 2791 2795 2794
f 2791 2792 2796 2795
f 2792 2793 2797 2796
f 2793 2790 2794 2797
g building-lot-block-district-industrial-21-32-1
f 2798 2800 2799
f 2798 2801 2800
f 2802 2804 2803
f 2802 2805 2804
f 2798 2799 2803 2802
f 2799 2800 2804 2803
f 2800 2801 2805 2804
f 2801 2798 2802 2805
g building-lot-block-district-industrial-21-32-2
f 2806 2808 2807
f 2806 2809 2808
f 2810 2812 2811
f 2810 2813 2812
f 2806 2807 2811 2810
f 2807 2808 2812 2811
f 2808 2809 2813 2812
f 2809 2806 2810 2813
g building-lot-block-district-industrial-21-32-3
f 2814 2816 2815
f 2814 2817 2816
f 2818 2820 2819
f 2818 2821 2820
f 2814 2815 2819 2818
f 2815 2816 2820 2819
f 2816 2817 2821 2820
f 2817 2814 2818 2821
g building-lot-block-district-business-22-11-1
f 2822 2824 2823
f 2822 2825 2824
f 2826 2828 2827
f 2826 2829 2828
f 2822 2823 2827 2826
f 2823 2824 2828 2827
f 2824 2825 2829 2828
f 2825 2822 2826 2829
g building-lot-block-district-business-22-11-2
f 2830 2832 2831
f 2830 2833 2832
f 2834 2836 2835
f 2834 2837 2836
f 2830 2831 2835 2834
f 2831 2832 2836 2835
f 2832 2833 2837 2836
f 2833 2830 2834 2837
g building-lot-block-district-business-22-11-3
f 2838 2840 2839
f 2838 2841 2840
f 2842 2844 2843
f 2842 2845 2844
f 2838 2839 2843 2842
f 2839 2840 2844 2843
f 2840 2841 2845 2844
f 2841 2838 2842 2845
g building-lot-block-district-business-22-12-1
f 2846 2848 2847
f 2846 2849 2848
f 2850 2852 2851
f 2850 2853 2852
f 2846 2847 2851 2850
f 2847 2848 2852 2851
f 2848 2849 2853 2852
f 2849 2846 2850 2853
g building-lot-block-district-business-22-12-2
f 2854 2856 2855
f 2854 2857 2856
f 2858 2860 2859
f 2858 2861 2860
f 2854 2855 2859 2858
f 2855 2856 2860 2859
f 2856 2857 2861 2860
f 2857 2854 2858 2861
g building-lot-block-district-business-22-12-3
f 2862 2864 2863
f 2862 2865 2864
f 2866 2868 2867
f 2866 2869 2868
f 2862 2863 2867 2866
f 2863 2864 2868 2867
f 2864 2865 2869 2868
f 2865 2862 2866 2869
g building-lot-block-district-business-22-13-1
f 2870 2872 2871
f 2870 2873 2872
f 2874 2876 2875
f 2874 2877 2876
f 2870 2871 2875 2874
f 2871 2872 2876 2875
f 2872 2873 2877 2876
f 2873 2870 2874 2877
g building-lot-block-district-business-22-13-2
f 2878 2880 2879
f 2878 2881 2880
f 2882 2884 2883
f 2882 2885 2884
f 2878 2879 2883 2882
f 2879 2880 2884 2883
f 2880 2881 2885 2884
f 2881 2878 2882 2885
g building-lot-block-district-business-22-13-3
f 2886 2888 2887
f 2886 2889 2888
f 2890 2892 2891
f 2890 2893 2892
f 2886 2887 2891 2890
f 2887 2888 2892 2891
f 2888 2889 2893 2892
f 2889 2886 2890 2893
g building-lot-block-district-business-22-21-1
f 2894 2896 2895
f 2894 2897 2896
f 2898 2900 2899
f 2898 2901 2900
f 2894 2895 2899 2898
f 2895 2896 2900 2899
f 2896 2897 2901 2900
f 2897 2894 2898 2901
g building-lot-block-district-business-22-21-2
f 2902 2904 2903
f 2902 2905 2904
f 2906 2908 2907
f 2906 2909 2908
f 2902 2903 2907 2906
f 2903 2904 2908 2907
f 2904 2905 2909 2908
f 2905 2902 2906 2909
g building-lot-block-district-business-22-21-3
f 2910 2912 2911
f 2910 2913 2912
f 2914 2916 2915
f 2914 2917 2916
f 2910 2911 2915 2914
f 2911 2912 2916 2915
f 2912 2913 2917 2916
f 2913 2910 2914 2917
g building-lot-block-district-business-22-22-1
f 2918 2920 2919
f 2918 2921 2920
f 2922 2924 2923
f 2922 2925 2924
f 2918 2919 2923 2922
f 2919 2920 2924 2923
f 2920 2921 2925 2924
f 2921 2918 2922 2925
g building-lot-block-district-business-22-22-2
f 2926 2928 2927
f 2926 2929 2928
f 2930 2932 2931
f 2930 2933 2932
f 2926 2927 2931 2930
f 2927 2928 2932 2931
f 2928 2929 2933 2932
f 2929 2926 2930 2933
g building-lot-block-district-business-22-22-3
f 2934 2936 2935
f 2934 2937 2936
f 2938 2940 2939
f 2938 2941 2940
f 2934 2935 2939 2938
f 2935 2936 2940 2939
f 2936 2937 2941 2940
f 2937 2934 2938 2941
g building-lot-block-district-business-22-23-2
f 2942 2944 2943
f 2942 2945 2944
f 2946 2948 2947
f 2946 2949 2948
f 2942 2943 2947 2946
f 2943 2944 2948 2947
f 2944 2945 2949 2948
f 2945 2942 2946 2949
g building-lot-block-district-business-22-23-3
f 2950 2952 2951
f 2950 2953 2952
f 2954 2956 2955
f 2954 2957 2956
f 2950 2951 2955 2954
f 2951 2952 2956 2955
f 2952 2953 2957 2956
f 2953 2950 2954 2957
g building-lot-block-district-business-22-31-1
f 2958 2960 2959
f 2958 2961 2960
f 2962 2964 2963
f 2962 2965 2964
f 2958 2959 2963 2962
f 2959 2960 2964 2963
f 2960 2961 2965 2964
f 2961 2958 2962 2965
g building-lot-block-district-business-22-31-2
f 2966 2968 2967
f 2966 2969 2968
f 2970 2972 2971
f 2970 2973 2972
f 2966 2967 2971 2970
f 2967 2968 2972 2971
f 2968 2969 2973 2972
f 2969 2966 2970 2973
g building-lot-block-district-business-22-31-3
f 2974 2976 2975
f 2974 2977 2976
f 2978 2980 2979
f 2978 2981 2980
f 2974 2975 2979 2978
f 2975 2976 2980 2979
f 2976 2977 2981 2980
f 2977 2974 2978 2981
g building-lot-block-district-business-22-32-1
f 2982 2984 2983
f 2982 2985 2984
f 2986 2988 2987
f 2986 2989 2988
f 2982 2983 2987 2986
f 2983 2984 2988 2987
f 2984 2985 2989 2988
f 2985 2982 2986 2989
g building-lot-block-district-business-22-32-2
f 2990 2992 2991
f 2990 2993 2992
f 2994 2996 2995
f 2994 2997 2996
f 2990 2991 2995 2994
f 2991 2992 2996 2995
f 2992 2993 2997 2996
f 2993 2990 2994 2997
g building-lot-block-district-business-22-32-3
f 2998 3000 2999
f 2998 3001 3000
f 3002 3004 3003
f 3002 3005 3004
f 2998 2999 3003 3002
f 2999 3000 3004 3003
f 3000 3001 3005 3004
f 3001 2998 3002 3005
g building-lot-block-district-business-22-33-1
f 3006 3008 3007
f 3006 3009 3008
f 3010 3012 3011
f 3010 3013 3012
f 3006 3007 3011 3010
f 3007 3008 3012 3011
f 3008 3009 3013 3012
f 3009 3006 3010 3013
g building-lot-block-district-business-22-33-3
f 3014 3016 3015
f 3014 3017 3016
f 3018 3020 3019
f 3018 3021 3020
f 3014 3015 3019 3018
f 3015 3016 3020 3019
f 3016 3017 3021 3020
f 3017 3014 3018 3021
g building-lot-block-district-old_town-23-11-2
f 3022 3024 3023
f 3022 3025 3024
f 3026 3028 3027
f 3026 3029 3028
f 3022 3023 3027 3026
f 3023 3024 3028 3027
f 3024 3025 3029 3028
f 3025 3022 3026 3029
g building-lot-block-district-old_town-23-11-3
f 3030 3032 3031
f 3030 3033 3032
f 3034 3036 3035
f 3034 3037 3036
f 3030 3031 3035 3034
f 3031 3032 3036 3035
f 3032 3033 3037 3036
f 3033 3030 3034 3037
g building-lot-block-district-old_town-23-12-1
f 3038 3040 3039
f 3038 3041 3040
f 3042 3044 3043
f 3042 3045 3044
f 3038 3039 3043 3042
f 3039 3040 3044 3043
f 3040 3041 3045 3044
f 3041 3038 3042 3045
g building-lot-block-district-old_town-23-12-2
f 3046 3048 3047
f 3046 3049 3048
f 3050 3052 3051
f 3050 3053 3052
f 3046 3047 3051 3050
f 3047 3048 3052 3051
f 3048 3049 3053 3052
f 3049 3046 3050 3053
g building-lot-block-district-old_town-23-12-3
f 3054 3056 3055
f 3054 3057 3056
f 3058 3060 3059
f 3058 3061 3060
f 3054 3055 3059 3058
f 3055 3056 3060 3059
f 3056 3057 3061 3060
f 3057 3054 3058 3061
g building-lot-block-district-old_town-23-13-1
f 3062 3064 3063
f 3062 3065 3064
f 3066 3068 3067
f 3066 3069 3068
f 3062 3063 3067 3066
f 3063 3064 3068 3067
f 3064 3065 3069 3068
f 3065 3062 3066 3069
g building-lot-block-district-old_town-23-13-2
f 3070 3072 3071
f 3070 3073 3072
f 3074 3076 3075
f 3074 3077 3076
f 3070 3071 3075 3074
f 3071 3072 3076 3075
f 3072 3073 3077 3076
f 3073 3070 3074 3077
g building-lot-block-district-old_town-23-13-3
f 3078 3080 3079
f 3078 3081 3080
f 3082 3084 3083
f 3082 3085 3084
f 3078 3079 3083 3082
f 3079 3080 3084 3083
f 3080 3081 3085 3084
f 3081 3078 3082 3085
g building-lot-block-district-old_town-23-21-1
f 3086 3088 3087
f 3086 3089 3088
f 3090 3092 3091
f 3090 3093 3092
f 3086 3087 3091 3090
f 3087 3088 3092 3091
f 3088 3089 3093 3092
f 3089 3086 3090 3093
g building-lot-block-district-old_town-23-21-2
f 3094 3096 3095
f 3094 3097 3096
f 3098 3100 3099
f 3098 3101 3100
f 3094 3095 3099 3098
f 3095 3096 3100 3099
f 3096 3097 3101 3100
f 3097 3094 3098 3101
g building-lot-block-district-old_town-23-21-3
f 3102 3104 3103
f 3102 3105 3104
f 3106 3108 3107
f 3106 3109 3108
f 3102 3103 3107 3106
f 3103 3104 3108 3107
f 3104 3105 3109 3108
f 3105 3102 3106 3109
g building-lot-block-district-old_town-23-22-1
f 3110 3112 3111
f 3110 3113 3112
f 3114 3116 3115
f 3114 3117 3116
f 3110 3111 3115 3114
f 3111 3112 3116 3115
f 3112 3113 3117 3116
f 3113 3110 3114 3117
g building-lot-block-district-old_town-23-22-3
f 3118 3120 3119
f 3118 3121 3120
f 3122 3124 3123
f 3122 3125 3124
f 3118 3119 3123 3122
f 3119 3120 3124 3123
f 3120 3121 3125 3124
f 3121 3118 3122 3125
g building-lot-block-district-old_town-23-23-1
f 3126 3128 3127
f 3126 3129 3128
f 3130 3132 3131
f 3130 3133 3132
f 3126 3127 3131 3130
f 3127 3128 3132 3131
f 3128 3129 3133 3132
f 3129 3126 3130 3133
g building-lot-block-district-old_town-23-23-2
f 3134 3136 3135
f 3134 3137 3136
f 3138 3140 3139
f 3138 3141 3140
f 3134 3135 3139 3138
f 3135 3136 3140 3139
f 3136 3137 3141 3140
f 3137 3134 3138 3141
g building-lot-block-district-old_town-23-23-3
f 3142 3144 3143
f 3142 3145 3144
f 3146 3148 3147
f 3146 3149 3148
f 3142 3143 3147 3146
f 3143 3144 3148 3147
f 3144 3145 3149 3148
f 3145 3142 3146 3149
g building-lot-block-district-old_town-23-31-1
f 3150 3152 3151
f 3150 3153 3152
f 3154 3156 3155
f 3154 3157 3156
f 3150 3151 3155 3154
f 3151 3152 3156 3155
f 3152 3153 3157 3156
f 3153 3150 3154 3157
g building-lot-block-district-old_town-23-32-1
f 3158 3160 3159
f 3158 3161 3160
f 3162 3164 3163
f 3162 3165 3164
f 3158 3159 3163 3162
f 3159 3160 3164 3163
f 3160 3161 3165 3164
f 3161 3158 3162 3165
g building-lot-block-district-old_town-23-32-2
f 3166 3168 3167
f 3166 3169 3168
f 3170 3172 3171
f 3170 3173 3172
f 3166 3167 3171 3170
f 3167 3168 3172 3171
f 3168 3169 3173 3172
f 3169 3166 3170 3173
g building-lot-block-district-old_town-23-32-3
f 3174 3176 3175
f 3174 3177 3176
f 3178 3180 3179
f 3178 3181 3180
f 3174 3175 3179 3178
f 3175 3176 3180 3179
f 3176 3177 3181 3180
f 3177 3174 3178 3181
g building-lot-block-district-old_town-23-33-3
f 3182 3184 3183
f 3182 3185 3184
f 3186 3188 3187
f 3186 3189 3188
f 3182 3183 3187 3186
f 3183 3184 3188 3187
f 3184 3185 3189 3188
f 3185 3182 3186 3189
g building-lot-block-district-residential-24-11-1
f 3190 3192 3191
f 3190 3193 3192
f 3194 3196 3195
f 3194 3197 3196
f 3190 3191 3195 3194
f 3191 3192 3196 3195
f 3192 3193 3197 3196
f 3193 3190 3194 3197
g building-lot-block-district-residential-24-11-2
f 3198 3200 3199
f 3198 3201 3200
f 3202 3204 3203
f 3202 3205 3204
f 3198 3199 3203 3202
f 3199 3200 3204 3203
f 3200 3201 3205 3204
f 3201 3198 3202 3205
g building-lot-block-district-residential-24-11-3
f 3206 3208 3207
f 3206 3209 3208
f 3210 3212 3211
f 3210 3213 3212
f 3206 3207 3211 3210
f 3207 3208 3212 3211
f 3208 3209 3213 3212
f 3209 3206 3210 3213
g building-lot-block-district-residential-24-12-1
f 3214 3216 3215
f 3214 3217 3216
f 3218 3220 3219
f 3218 3221 3220
f 3214 3215 3219 3218
f 3215 3216 3220 3219
f 3216 3217 3221 3220
f 3217 3214 3218 3221
g building-lot-block-district-residential-24-12-2
f 3222 3224 3223
f 3222 3225 3224
f 3226 3228 3227
f 3226 3229 3228
f 3222 3223 3227 3226
f 3223 3224 3228 3227
f 3224 3225 3229 3228
f 3225 3222 3226 3229
g building-lot-block-district-residential-24-12-3
f 3230 3232 3231
f 3230 3233 3232
f 3234 3236 3235
f 3234 3237 3236
f 3230 3231 3235 3234
f 3231 3232 3236 3235
f 3232 3233 3237 3236
f 3233 3230 3234 3237
g building-lot-block-district-residential-24-13-1
f 3238 3240 3239
f 3238 3241 3240
f 3242 3244 3243
f 3242 3245 3244
f 3238 3239 3243 3242
f 3239 3240 3244 3243
f 3240 3241 3245 3244
f 3241 3238 3242 3245
g building-lot-block-district-residential-24-13-2
f 3246 3248 3247
f 3246 3249 3248
f 3250 3252 3251
f 3250 3253 3252
f 3246 3247 3251 3250
f 3247 3248 3252 3251
f 3248 3249 3253 3252
f 3249 3246 3250 3253
g building-lot-block-district-residential-24-21-1
f 3254 3256 3255
f 3254 3257 3256
f 3258 3260 3259
f 3258 3261 3260
f 3254 3255 3259 3258
f 3255 3256 3260 3259
f 3256 3257 3261 3260
f 3257 3254 3258 3261
g building-lot-block-district-residential-24-21-2
f 3262 3264 3263
f 3262 3265 3264
f 3266 3268 3267
f 3266 3269 3268
f 3262 3263 3267 3266
f 3263 3264 3268 3267
f 3264 3265 3269 3268
f 3265 3262 3266 3269
g building-lot-block-district-residential-24-21-3
f 3270 3272 3271
f 3270 3273 3272
f 3274 3276 3275
f 3274 3277 3276
f 3270 3271 3275 3274
f 3271 3272 3276 3275
f 3272 3273 3277 3276
f 3273 3270 3274 3277
g building-lot-block-district-residential-24-22-1
f 3278 3280 3279
f 3278 3281 3280
f 3282 3284 3283
f 3282 3285 3284
f 3278 3279 3283 3282
f 3279 3280 3284 3283
f 3280 3281 3285 3284
f 3281 3278 3282 3285
g building-lot-block-district-residential-24-22-2
f 3286 3288 3287
f 3286 3289 3288
f 3290 3292 3291
f 3290 3293 3292
f 3286 3287 3291 3290
f 3287 3288 3292 3291
f 3288 3289 3293 3292
f 3289 3286 3290 3293
g building-lot-block-district-residential-24-22-3
f 3294 3296 3295
f 3294 3297 3296
f 3298 3300 3299
f 3298 3301 3300
f 3294 3295 3299 3298
f 3295 3296 3300 3299
f 3296 3297 3301 3300
f 3297 3294 3298 3301
g building-lot-block-district-residential-24-23-3
f 3302 3304 3303
f 3302 3305 3304
f 3306 3308 3307
f 3306 3309 3308
f 3302 3303 3307 3306
f 3303 3304 3308 3307
f 3304 3305 3309 3308
f 3305 3302 3306 3309
g building-lot-block-district-residential-24-31-2
f 3310 3312 3311
f 3310 3313 3312
f 3314 3316 3315
f 3314 3317 3316
f 3310 3311 3315 3314
f 3311 3312 3316 3315
f 3312 3313 3317 3316
f 3313 3310 3314 3317
g building-lot-block-district-residential-24-31-3
f 3318 3320 3319
f 3318 3321 3320
f 3322 3324 3323
f 3322 3325 3324
f 3318 3319 3323 3322
f 3319 3320 3324 3323
f 3320 3321 3325 3324
f 3321 3318 3322 3325
g building-lot-block-district-residential-24-32-1
f 3326 3328 3327
f 3326 3329 3328
f 3330 3332 3331
f 3330 3333 3332
f 3326 3327 3331 3330
f 3327 3328 3332 3331
f 3328 3329 3333 3332
f 3329 3326 3330 3333
g building-lot-block-district-residential-24-32-2
f 3334 3336 3335
f 3334 3337 3336
f 3338 3340 3339
f 3338 3341 3340
f 3334 3335 3339 3338
f 3335 3336 3340 3339
f 3336 3337 3341 3340
f 3337 3334 3338 3341
g building-lot-block-district-residential-24-32-3
f 3342 3344 3343
f 3342 3345 3344
f 3346 3348 3347
f 3346 3349 3348
f 3342 3343 3347 3346
f 3343 3344 3348 3347
f 3344 3345 3349 3348
f 3345 3342 3346 3349
g building-lot-block-district-residential-24-33-1
f 3350 3352 3351
f 3350 3353 3352
f 3354 3356 3355
f 3354 3357 3356
f 3350 3351 3355 3354
f 3351 3352 3356 3355
f 3352 3353 3357 3356
f 3353 3350 3354 3357
g building-lot-block-district-residential-24-33-2
f 3358 3360 3359
f 3358 3361 3360
f 3362 3364 3363
f 3362 3365 3364
f 3358 3359 3363 3362
f 3359 3360 3364 3363
f 3360 3361 3365 3364
f 3361 3358 3362 3365
g building-lot-block-district-park-31-12-3
f 3366 3368 3367
f 3366 3369 3368
f 3370 3372 3371
f 3370 3373 3372
f 3366 3367 3371 3370
f 3367 3368 3372 3371
f 3368 3369 3373 3372
f 3369 3366 3370 3373
g building-lot-block-district-park-31-22-2
f 3374 3376 3375
f 3374 3377 3376
f 3378 3380 3379
f 3378 3381 3380
f 3374 3375 3379 3378
f 3375 3376 3380 3379
f 3376 3377 3381 3380
f 3377 3374 3378 3381
g building-lot-block-district-station_area-32-11-1
f 3382 3384 3383
f 3382 3385 3384
f 3386 3388 3387
f 3386 3389 3388
f 3382 3383 3387 3386
f 3383 3384 3388 3387
f 3384 3385 3389 3388
f 3385 3382 3386 3389
g building-lot-block-district-station_area-32-11-2
f 3390 3392 3391
f 3390 3393 3392
f 3394 3396 3395
f 3394 3397 3396
f 3390 3391 3395 3394
f 3391 3392 3396 3395
f 3392 3393 3397 3396
f 3393 3390 3394 3397
g building-lot-block-district-station_area-32-11-3
f 3398 3400 3399
f 3398 3401 3400
f 3402 3404 3403
f 3402 3405 3404
f 3398 3399 3403 3402
f 3399 3400 3404 3403
f 3400 3401 3405 3404
f 3401 3398 3402 3405
g building-lot-block-district-station_area-32-12-2
f 3406 3408 3407
f 3406 3409 3408
f 3410 3412 3411
f 3410 3413 3412
f 3406 3407 3411 3410
f 3407 3408 3412 3411
f 3408 3409 3413 3412
f 3409 3406 3410 3413
g building-lot-block-district-station_area-32-12-3
f 3414 3416 3415
f 3414 3417 3416
f 3418 3420 3419
f 3418 3421 3420
f 3414 3415 3419 3418
f 3415 3416 3420 3419
f 3416 3417 3421 3420
f 3417 3414 3418 3421
g building-lot-block-district-station_area-32-13-2
f 3422 3424 3423
f 3422 3425 3424
f 3426 3428 3427
f 3426 3429 3428
f 3422 3423 3427 3426
f 3423 3424 3428 3427
f 3424 3425 3429 3428
f 3425 3422 3426 3429
g building-lot-block-district-station_area-32-13-3
f 3430 3432 3431
f 3430 3433 3432
f 3434 3436 3435
f 3434 3437 3436
f 3430 3431 3435 3434
f 3431 3432 3436 3435
f 3432 3433 3437 3436
f 3433 3430 3434 3437
g building-lot-block-district-station_area-32-21-1
f 3438 3440 3439
f 3438 3441 3440
f 3442 3444 3443
f 3442 3445 3444
f 3438 3439 3443 3442
f 3439 3440 3444 3443
f 3440 3441 3445 3444
f 3441 3438 3442 3445
g building-lot-block-district-station_area-32-21-3
f 3446 3448 3447
f 3446 3449 3448
f 3450 3452 3451
f 3450 3453 3452
f 3446 3447 3451 3450
f 3447 3448 3452 3451
f 3448 3449 3453 3452
f 3449 3446 3450 3453
g building-lot-block-district-station_area-32-22-1
f 3454 3456 3455
f 3454 3457 3456
f 3458 3460 3459
f 3458 3461 3460
f 3454 3455 3459 3458
f 3455 3456 3460 3459
f 3456 3457 3461 3460
f 3457 3454 3458 3461
g building-lot-block-district-station_area-32-22-2
f 3462 3464 3463
f 3462 3465 3464
f 3466 3468 3467
f 3466 3469 3468
f 3462 3463 3467 3466
f 3463 3464 3468 3467
f 3464 3465 3469 3468
f 3465 3462 3466 3469
g building-lot-block-district-station_area-32-22-3
f 3470 3472 3471
f 3470 3473 3472
f 3474 3476 3475
f 3474 3477 3476
f 3470 3471 3475 3474
f 3471 3472 3476 3475
f 3472 3473 3477 3476
f 3473 3470 3474 3477
g building-lot-block-district-station_area-32-23-1
f 3478 3480 3479
f 3478 3481 3480
f 3482 3484 3483
f 3482 3485 3484
f 3478 3479 3483 3482
f 3479 3480 3484 3483
f 3480 3481 3485 3484
f 3481 3478 3482 3485
g building-lot-block-district-station_area-32-23-2
f 3486 3488 3487
f 3486 3489 3488
f 3490 3492 3491
f 3490 3493 3492
f 3486 3487 3491 3490
f 3487 3488 3492 3491
f 3488 3489 3493 3492
f 3489 3486 3490 3493
g building-lot-block-district-station_area-32-23-3
f 3494 3496 3495
f 3494 3497 3496
f 3498 3500 3499
f 3498 3501 3500
f 3494 3495 3499 3498
f 3495 3496 3500 3499
f 3496 3497 3501 3500
f 3497 3494 3498 3501
g building-lot-block-district-station_area-32-31-1
f 3502 3504 3503
f 3502 3505 3504
f 3506 3508 3507
f 3506 3509 3508
f 3502 3503 3507 3506
f 3503 3504 3508 3507
f 3504 3505 3509 3508
f 3505 3502 3506 3509
g building-lot-block-district-station_area-32-31-2
f 3510 3512 3511
f 3510 3513 3512
f 3514 3516 3515
f 3514 3517 3516
f 3510 3511 3515 3514
f 3511 3512 3516 3515
f 3512 3513 3517 3516
f 3513 3510 3514 3517
g building-lot-block-district-station_area-32-31-3
f 3518 3520 3519
f 3518 3521 3520
f 3522 3524 3523
f 3522 3525 3524
f 3518 3519 3523 3522
f 3519 3520 3524 3523
f 3520 3521 3525 3524
f 3521 3518 3522 3525
g building-lot-block-district-station_area-32-32-1
f 3526 3528 3527
f 3526 3529 3528
f 3530 3532 3531
f 3530 3533 3532
f 3526 3527 3531 3530
f 3527 3528 3532 3531
f 3528 3529 3533 3532
f 3529 3526 3530 3533
g building-lot-block-district-station_area-32-32-2
f 3534 3536 3535
f 3534 3537 3536
f 3538 3540 3539
f 3538 3541 3540
f 3534 3535 3539 3538
f 3535 3536 3540 3539
f 3536 3537 3541 3540
f 3537 3534 3538 3541
g building-lot-block-district-station_area-32-33-1
f 3542 3544 3543
f 3542 3545 3544
f 3546 3548 3547
f 3546 3549 3548
f 3542 3543 3547 3546
f 3543 3544 3548 3547
f 3544 3545 3549 3548
f 3545 3542 3546 3549
g building-lot-block-district-station_area-32-33-2
f 3550 3552 3551
f 3550 3553 3552
f 3554 3556 3555
f 3554 3557 3556
f 3550 3551 3555 3554
f 3551 3552 3556 3555
f 3552 3553 3557 3556
f 3553 3550 3554 3557
g building-lot-block-district-station_area-32-33-3
f 3558 3560 3559
f 3558 3561 3560
f 3562 3564 3563
f 3562 3565 3564
f 3558 3559 3563 3562
f 3559 3560 3564 3563
f 3560 3561 3565 3564
f 3561 3558 3562 3565
g building-lot-block-district-commercial-33-11-1
f 3566 3568 3567
f 3566 3569 3568
f 3570 3572 3571
f 3570 3573 3572
f 3566 3567 3571 3570
f 3567 3568 3572 3571
f 3568 3569 3573 3572
f 3569 3566 3570 3573
g building-lot-block-district-commercial-33-11-2
f 3574 3576 3575
f 3574 3577 3576
f 3578 3580 3579
f 3578 3581 3580
f 3574 3575 3579 3578
f 3575 3576 3580 3579
f 3576 3577 3581 3580
f 3577 3574 3578 3581
g building-lot-block-district-commercial-33-12-1
f 3582 3584 3583
f 3582 3585 3584
f 3586 3588 3587
f 3586 3589 3588
f 3582 3583 3587 3586
f 3583 3584 3588 3587
f 3584 3585 3589 3588
f 3585 3582 3586 3589
g building-lot-block-district-commercial-33-12-3
f 3590 3592 3591
f 3590 3593 3592
f 3594 3596 3595
f 3594 3597 3596
f 3590 3591 3595 3594
f 3591 3592 3596 3595
f 3592 3593 3597 3596
f 3593 3590 3594 3597
g building-lot-block-district-commercial-33-13-1
f 3598 3600 3599
f 3598 3601 3600
f 3602 3604 3603
f 3602 3605 3604
f 3598 3599 3603 3602
f 3599 3600 3604 3603
f 3600 3601 3605 3604
f 3601 3598 3602 3605
g building-lot-block-district-commercial-33-13-2
f 3606 3608 3607
f 3606 3609 3608
f 3610 3612 3611
f 3610 3613 3612
f 3606 3607 3611 3610
f 3607 3608 3612 3611
f 3608 3609 3613 3612
f 3609 3606 3610 3613
g building-lot-block-district-commercial-33-13-3
f 3614 3616 3615
f 3614 3617 3616
f 3618 3620 3619
f 3618 3621 3620
f 3614 3615 3619 3618
f 3615 3616 3620 3619
f 3616 3617 3621 3620
f 3617 3614 3618 3621
g building-lot-block-district-commercial-33-21-1
f 3622 3624 3623
f 3622 3625 3624
f 3626 3628 3627
f 3626 3629 3628
f 3622 3623 3627 3626
f 3623 3624 3628 3627
f 3624 3625 3629 3628
f 3625 3622 3626 3629
g building-lot-block-district-commercial-33-21-2
f 3630 3632 3631
f 3630 3633 3632
f 3634 3636 3635
f 3634 3637 3636
f 3630 3631 3635 3634
f 3631 3632 3636 3635
f 3632 3633 3637 3636
f 3633 3630 3634 3637
g building-lot-block-district-commercial-33-21-3
f 3638 3640 3639
f 3638 3641 3640
f 3642 3644 3643
f 3642 3645 3644
f 3638 3639 3643 3642
f 3639 3640 3644 3643
f 3640 3641 3645 3644
f 3641 3638 3642 3645
g building-lot-block-district-commercial-33-22-1
f 3646 3648 3647
f 3646 3649 3648
f 3650 3652 3651
f 3650 3653 3652
f 3646 3647 3651 3650
f 3647 3648 3652 3651
f 3648 3649 3653 3652
f 3649 3646 3650 3653
g building-lot-block-district-commercial-33-22-2
f 3654 3656 3655
f 3654 3657 3656
f 3658 3660 3659
f 3658 3661 3660
f 3654 3655 3659 3658
f 3655 3656 3660 3659
f 3656 3657 3661 3660
f 3657 3654 3658 3661
g building-lot-block-district-commercial-33-23-1
f 3662 3664 3663
f 3662 3665 3664
f 3666 3668 3667
f 3666 3669 3668
f 3662 3663 3667 3666
f 3663 3664 3668 3667
f 3664 3665 3669 3668
f 3665 3662 3666 3669
g building-lot-block-district-commercial-33-23-2
f 3670 3672 3671
f 3670 3673 3672
f 3674 3676 3675
f 3674 3677 3676
f 3670 3671 3675 3674
f 3671 3672 3676 3675
f 3672 3673 3677 3676
f 3673 3670 3674 3677
g building-lot-block-district-commercial-33-23-3
f 3678 3680 3679
f 3678 3681 3680
f 3682 3684 3683
f 3682 3685 3684
f 3678 3679 3683 3682
f 3679 3680 3684 3683
f 3680 3681 3685 3684
f 3681 3678 3682 3685
g building-lot-block-district-commercial-33-31-1
f 3686 3688 3687
f 3686 3689 3688
f 3690 3692 3691
f 3690 3693 3692
f 3686 3687 3691 3690
f 3687 3688 3692 3691
f 3688 3689 3693 3692
f 3689 3686 3690 3693
g building-lot-block-district-commercial-33-31-2
f 3694 3696 3695
f 3694 3697 3696
f 3698 3700 3699
f 3698 3701 3700
f 3694 3695 3699 3698
f 3695 3696 3700 3699
f 3696 3697 3701 3700
f 3697 3694 3698 3701
g building-lot-block-district-commercial-33-31-3
f 3702 3704 3703
f 3702 3705 3704
f 3706 3708 3707
f 3706 3709 3708
f 3702 3703 3707 3706
f 3703 3704 3708 3707
f 3704 3705 3709 3708
f 3705 3702 3706 3709
g building-lot-block-district-commercial-33-32-1
f 3710 3712 3711
f 3710 3713 3712
f 3714 3716 3715
f 3714 3717 3716
f 3710 3711 3715 3714
f 3711 3712 3716 3715
f 3712 3713 3717 3716
f 3713 3710 3714 3717
g building-lot-block-district-commercial-33-32-3
f 3718 3720 3719
f 3718 3721 3720
f 3722 3724 3723
f 3722 3725 3724
f 3718 3719 3723 3722
f 3719 3720 3724 3723
f 3720 3721 3725 3724
f 3721 3718 3722 3725
g building-lot-block-district-commercial-33-33-1
f 3726 3728 3727
f 3726 3729 3728
f 3730 3732 3731
f 3730 3733 3732
f 3726 3727 3731 3730
f 3727 3728 3732 3731
f 3728 3729 3733 3732
f 3729 3726 3730 3733
g building-lot-block-district-commercial-33-33-2
f 3734 3736 3735
f 3734 3737 3736
f 3738 3740 3739
f 3738 3741 3740
f 3734 3735 3739 3738
f 3735 3736 3740 3739
f 3736 3737 3741 3740
f 3737 3734 3738 3741
g building-lot-block-district-residential-34-11-1
f 3742 3744 3743
f 3742 3745 3744
f 3746 3748 3747
f 3746 3749 3748
f 3742 3743 3747 3746
f 3743 3744 3748 3747
f 3744 3745 3749 3748
f 3745 3742 3746 3749
g building-lot-block-district-residential-34-11-2
f 3750 3752 3751
f 3750 3753 3752
f 3754 3756 3755
f 3754 3757 3756
f 3750 3751 3755 3754
f 3751 3752 3756 3755
f 3752 3753 3757 3756
f 3753 3750 3754 3757
g building-lot-block-district-residential-34-11-3
f 3758 3760 3759
f 3758 3761 3760
f 3762 3764 3763
f 3762 3765 3764
f 3758 3759 3763 3762
f 3759 3760 3764 3763
f 3760 3761 3765 3764
f 3761 3758 3762 3765
g building-lot-block-district-residential-34-12-1
f 3766 3768 3767
f 3766 3769 3768
f 3770 3772 3771
f 3770 3773 3772
f 3766 3767 3771 3770
f 3767 3768 3772 3771
f 3768 3769 3773 3772
f 3769 3766 3770 3773
g building-lot-block-district-residential-34-12-2
f 3774 3776 3775
f 3774 3777 3776
f 3778 3780 3779
f 3778 3781 3780
f 3774 3775 3779 3778
f 3775 3776 3780 3779
f 3776 3777 3781 3780
f 3777 3774 3778 3781
g building-lot-block-district-residential-34-12-3
f 3782 3784 3783
f 3782 3785 3784
f 3786 3788 3787
f 3786 3789 3788
f 3782 3783 3787 3786
f 3783 3784 3788 3787
f 3784 3785 3789 3788
f 3785 3782 3786 3789
g building-lot-block-district-residential-34-13-1
f 3790 3792 3791
f 3790 3793 3792
f 3794 3796 3795
f 3794 3797 3796
f 3790 3791 3795 3794
f 3791 3792 3796 3795
f 3792 3793 3797 3796
f 3793 3790 3794 3797
g building-lot-block-district-residential-34-13-3
f 3798 3800 3799
f 3798 3801 3800
f 3802 3804 3803
f 3802 3805 3804
f 3798 3799 3803 3802
f 3799 3800 3804 3803
f 3800 3801 3805 3804
f 3801 3798 3802 3805
g building-lot-block-district-residential-34-21-1
f 3806 3808 3807
f 3806 3809 3808
f 3810 3812 3811
f 3810 3813 3812
f 3806 3807 3811 3810
f 3807 3808 3812 3811
f 3808 3809 3813 3812
f 3809 3806 3810 3813
g building-lot-block-district-residential-34-21-2
f 3814 3816 3815
f 3814 3817 3816
f 3818 3820 3819
f 3818 3821 3820
f 3814 3815 3819 3818
f 3815 3816 3820 3819
f 3816 3817 3821 3820
f 3817 3814 3818 3821
g building-lot-block-district-residential-34-22-2
f 3822 3824 3823
f 3822 3825 3824
f 3826 3828 3827
f 3826 3829 3828
f 3822 3823 3827 3826
f 3823 3824 3828 3827
f 3824 3825 3829 3828
f 3825 3822 3826 3829
g building-lot-block-district-residential-34-22-3
f 3830 3832 3831
f 3830 3833 3832
f 3834 3836 3835
f 3834 3837 3836
f 3830 3831 3835 3834
f 3831 3832 3836 3835
f 3832 3833 3837 3836
f 3833 3830 3834 3837
g building-lot-block-district-residential-34-23-1
f 3838 3840 3839
f 3838 3841 3840
f 3842 3844 3843
f 3842 3845 3844
f 3838 3839 3843 3842
f 3839 3840 3844 3843
f 3840 3841 3845 3844
f 3841 3838 3842 3845
g building-lot-block-district-residential-34-23-2
f 3846 3848 3847
f 3846 3849 3848
f 3850 3852 3851
f 3850 3853 3852
f 3846 3847 3851 3850
f 3847 3848 3852 3851
f 3848 3849 3853 3852
f 3849 3846 3850 3853
g building-lot-block-district-residential-34-31-1
f 3854 3856 3855
f 3854 3857 3856
f 3858 3860 3859
f 3858 3861 3860
f 3854 3855 3859 3858
f 3855 3856 3860 3859
f 3856 3857 3861 3860
f 3857 3854 3858 3861
g building-lot-block-district-residential-34-31-3
f 3862 3864 3863
f 3862 3865 3864
f 3866 3868 3867
f 3866 3869 3868
f 3862 3863 3867 3866
f 3863 3864 3868 3867
f 3864 3865 3869 3868
f 3865 3862 3866 3869
g building-lot-block-district-residential-34-32-2
f 3870 3872 3871
f 3870 3873 3872
f 3874 3876 3875
f 3874 3877 3876
f 3870 3871 3875 3874
f 3871 3872 3876 3875
f 3872 3873 3877 3876
f 3873 3870 3874 3877
g building-lot-block-district-residential-34-32-3
f 3878 3880 3879
f 3878 3881 3880
f 3882 3884 3883
f 3882 3885 3884
f 3878 3879 3883 3882
f 3879 3880 3884 3883
f 3880 3881 3885 3884
f 3881 3878 3882 3885
g building-lot-block-district-residential-34-33-1
f 3886 3888 3887
f 3886 3889 3888
f 3890 3892 3891
f 3890 3893 3892
f 3886 3887 3891 3890
f 3887 3888 3892 3891
f 3888 3889 3893 3892
f 3889 3886 3890 3893
g building-lot-block-district-residential-34-33-2
f 3894 3896 3895
f 3894 3897 3896
f 3898 3900 3899
f 3898 3901 3900
f 3894 3895 3899 3898
f 3895 3896 3900 3899
f 3896 3897 3901 3900
f 3897 3894 3898 3901
g building-lot-block-district-park-41-12-3
f 3902 3904 3903
f 3902 3905 3904
f 3906 3908 3907
f 3906 3909 3908
f 3902 3903 3907 3906
f 3903 3904 3908 3907
f 3904 3905 3909 3908
f 3905 3902 3906 3909
g building-lot-block-district-park-41-21-3
f 3910 3912 3911
f 3910 3913 3912
f 3914 3916 3915
f 3914 3917 3916
f 3910 3911 3915 3914
f 3911 3912 3916 3915
f 3912 3913 3917 3916
f 3913 3910 3914 3917
g building-lot-block-district-residential-42-11-1
f 3918 3920 3919
f 3918 3921 3920
f 3922 3924 3923
f 3922 3925 3924
f 3918 3919 3923 3922
f 3919 3920 3924 3923
f 3920 3921 3925 3924
f 3921 3918 3922 3925
g building-lot-block-district-residential-42-11-3
f 3926 3928 3927
f 3926 3929 3928
f 3930 3932 3931
f 3930 3933 3932
f 3926 3927 3931 3930
f 3927 3928 3932 3931
f 3928 3929 3933 3932
f 3929 3926 3930 3933
g building-lot-block-district-residential-42-12-1
f 3934 3936 3935
f 3934 3937 3936
f 3938 3940 3939
f 3938 3941 3940
f 3934 3935 3939 3938
f 3935 3936 3940 3939
f 3936 3937 3941 3940
f 3937 3934 3938 3941
g building-lot-block-district-residential-42-12-2
f 3942 3944 3943
f 3942 3945 3944
f 3946 3948 3947
f 3946 3949 3948
f 3942 3943 3947 3946
f 3943 3944 3948 3947
f 3944 3945 3949 3948
f 3945 3942 3946 3949
g building-lot-block-district-residential-42-12-3
f 3950 3952 3951
f 3950 3953 3952
f 3954 3956 3955
f 3954 3957 3956
f 3950 3951 3955 3954
f 3951 3952 3956 3955
f 3952 3953 3957 3956
f 3953 3950 3954 3957
g building-lot-block-district-residential-42-13-1
f 3958 3960 3959
f 3958 3961 3960
f 3962 3964 3963
f 3962 3965 3964
f 3958 3959 3963 3962
f 3959 3960 3964 3963
f 3960 3961 3965 3964
f 3961 3958 3962 3965
g building-lot-block-district-residential-42-13-2
f 3966 3968 3967
f 3966 3969 3968
f 3970 3972 3971
f 3970 3973 3972
f 3966 3967 3971 3970
f 3967 3968 3972 3971
f 3968 3969 3973 3972
f 3969 3966 3970 3973
g building-lot-block-district-residential-42-21-1
f 3974 3976 3975
f 3974 3977 3976
f 3978 3980 3979
f 3978 3981 3980
f 3974 3975 3979 3978
f 3975 3976 3980 3979
f 3976 3977 3981 3980
f 3977 3974 3978 3981
g building-lot-block-district-residential-42-21-2
f 3982 3984 3983
f 3982 3985 3984
f 3986 3988 3987
f 3986 3989 3988
f 3982 3983 3987 3986
f 3983 3984 3988 3987
f 3984 3985 3989 3988
f 3985 3982 3986 3989
g building-lot-block-district-residential-42-22-1
f 3990 3992 3991
f 3990 3993 3992
f 3994 3996 3995
f 3994 3997 3996
f 3990 3991 3995 3994
f 3991 3992 3996 3995
f 3992 3993 3997 3996
f 3993 3990 3994 3997
g building-lot-block-district-residential-42-22-2
f 3998 4000 3999
f 3998 4001 4000
f 4002 4004 4003
f 4002 4005 4004
f 3998 3999 4003 4002
f 3999 4000 4004 4003
f 4000 4001 4005 4004
f 4001 3998 4002 4005
g building-lot-block-district-residential-42-23-2
f 4006 4008 4007
f 4006 4009 4008
f 4010 4012 4011
f 4010 4013 4012
f 4006 4007 4011 4010
f 4007 4008 4012 4011
f 4008 4009 4013 4012
f 4009 4006 4010 4013
g building-lot-block-district-residential-42-23-3
f 4014 4016 4015
f 4014 4017 4016
f 4018 4020 4019
f 4018 4021 4020
f 4014 4015 4019 4018
f 4015 4016 4020 4019
f 4016 4017 4021 4020
f 4017 4014 4018 4021
g building-lot-block-district-residential-42-31-1
f 4022 4024 4023
f 4022 4025 4024
f 4026 4028 4027
f 4026 4029 4028
f 4022 4023 4027 4026
f 4023 4024 4028 4027
f 4024 4025 4029 4028
f 4025 4022 4026 4029
g building-lot-block-district-residential-42-31-2
f 4030 4032 4031
f 4030 4033 4032
f 4034 4036 4035
f 4034 4037 4036
f 4030 4031 4035 4034
f 4031 4032 4036 4035
f 4032 4033 4037 4036
f 4033 4030 4034 4037
g building-lot-block-district-residential-42-31-3
f 4038 4040 4039
f 4038 4041 4040
f 4042 4044 4043
f 4042 4045 4044
f 4038 4039 4043 4042
f 4039 4040 4044 4043
f 4040 4041 4045 4044
f 4041 4038 4042 4045
g building-lot-block-district-residential-42-32-3
f 4046 4048 4047
f 4046 4049 4048
f 4050 4052 4051
f 4050 4053 4052
f 4046 4047 4051 4050
f 4047 4048 4052 4051
f 4048 4049 4053 4052
f 4049 4046 4050 4053
g building-lot-block-district-residential-42-33-1
f 4054 4056 4055
f 4054 4057 4056
f 4058 4060 4059
f 4058 4061 4060
f 4054 4055 4059 4058
f 4055 4056 4060 4059
f 4056 4057 4061 4060
f 4057 4054 4058 4061
g building-lot-block-district-residential-42-33-3
f 4062 4064 4063
f 4062 4065 4064
f 4066 4068 4067
f 4066 4069 4068
f 4062 4063 4067 4066
f 4063 4064 4068 4067
f 4064 4065 4069 4068
f 4065 4062 4066 4069
g building-lot-block-district-residential-43-11-2
f 4070 4072 4071
f 4070 4073 4072
f 4074 4076 4075
f 4074 4077 4076
f 4070 4071 4075 4074
f 4071 4072 4076 4075
f 4072 4073 4077 4076
f 4073 4070 4074 4077
g building-lot-block-district-residential-43-11-3
f 4078 4080 4079
f 4078 4081 4080
f 4082 4084 4083
f 4082 4085 4084
f 4078 4079 4083 4082
f 4079 4080 4084 4083
f 4080 4081 4085 4084
f 4081 4078 4082 4085
g building-lot-block-district-residential-43-12-1
f 4086 4088 4087
f 4086 4089 4088
f 4090 4092 4091
f 4090 4093 4092
f 4086 4087 4091 4090
f 4087 4088 4092 4091
f 4088 4089 4093 4092
f 4089 4086 4090 4093
g building-lot-block-district-residential-43-12-2
f 4094 4096 4095
f 4094 4097 4096
f 4098 4100 4099
f 4098 4101 4100
f 4094 4095 4099 4098
f 4095 4096 4100 4099
f 4096 4097 4101 4100
f 4097 4094 4098 4101
g building-lot-block-district-residential-43-13-1
f 4102 4104 4103
f 4102 4105 4104
f 4106 4108 4107
f 4106 4109 4108
f 4102 4103 4107 4106
f 4103 4104 4108 4107
f 4104 4105 4109 4108
f 4105 4102 4106 4109
g building-lot-block-district-residential-43-13-2
f 4110 4112 4111
f 4110 4113 4112
f 4114 4116 4115
f 4114 4117 4116
f 4110 4111 4115 4114
f 4111 4112 4116 4115
f 4112 4113 4117 4116
f 4113 4110 4114 4117
g building-lot-block-district-residential-43-13-3
f 4118 4120 4119
f 4118 4121 4120
f 4122 4124 4123
f 4122 4125 4124
f 4118 4119 4123 4122
f 4119 4120 4124 4123
f 4120 4121 4125 4124
f 4121 4118 4122 4125
g building-lot-block-district-residential-43-21-1
f 4126 4128 4127
f 4126 4129 4128
f 4130 4132 4131
f 4130 4133 4132
f 4126 4127 4131 4130
f 4127 4128 4132 4131
f 4128 4129 4133 4132
f 4129 4126 4130 4133
g building-lot-block-district-residential-43-21-2
f 4134 4136 4135
f 4134 4137 4136
f 4138 4140 4139
f 4138 4141 4140
f 4134 4135 4139 4138
f 4135 4136 4140 4139
f 4136 4137 4141 4140
f 4137 4134 4138 4141
g building-lot-block-district-residential-43-22-3
f 4142 4144 4143
f 4142 4145 4144
f 4146 4148 4147
f 4146 4149 4148
f 4142 4143 4147 4146
f 4143 4144 4148 4147
f 4144 4145 4149 4148
f 4145 4142 4146 4149
g building-lot-block-district-residential-43-23-1
f 4150 4152 4151
f 4150 4153 4152
f 4154 4156 4155
f 4154 4157 4156
f 4150 4151 4155 4154
f 4151 4152 4156 4155
f 4152 4153 4157 4156
f 4153 4150 4154 4157
g building-lot-block-district-residential-43-23-2
f 4158 4160 4159
f 4158 4161 4160
f 4162 4164 4163
f 4162 4165 4164
f 4158 4159 4163 4162
f 4159 4160 4164 4163
f 4160 4161 4165 4164
f 4161 4158 4162 4165
g building-lot-block-district-residential-43-23-3
f 4166 4168 4167
f 4166 4169 4168
f 4170 4172 4171
f 4170 4173 4172
f 4166 4167 4171 4170
f 4167 4168 4172 4171
f 4168 4169 4173 4172
f 4169 4166 4170 4173
g building-lot-block-district-residential-43-31-1
f 4174 4176 4175
f 4174 4177 4176
f 4178 4180 4179
f 4178 4181 4180
f 4174 4175 4179 4178
f 4175 4176 4180 4179
f 4176 4177 4181 4180
f 4177 4174 4178 4181
g building-lot-block-district-residential-43-31-2
f 4182 4184 4183
f 4182 4185 4184
f 4186 4188 4187
f 4186 4189 4188
f 4182 4183 4187 4186
f 4183 4184 4188 4187
f 4184 4185 4189 4188
f 4185 4182 4186 4189
g building-lot-block-district-residential-43-32-1
f 4190 4192 4191
f 4190 4193 4192
f 4194 4196 4195
f 4194 4197 4196
f 4190 4191 4195 4194
f 4191 4192 4196 4195
f 4192 4193 4197 4196
f 4193 4190 4194 4197
g building-lot-block-district-residential-43-32-2
f 4198 4200 4199
f 4198 4201 4200
f 4202 4204 4203
f 4202 4205 4204
f 4198 4199 4203 4202
f 4199 4200 4204 4203
f 4200 4201 4205 4204
f 4201 4198 4202 4205
g building-lot-block-district-residential-43-33-1
f 4206 4208 4207
f 4206 4209 4208
f 4210 4212 4211
f 4210 4213 4212
f 4206 4207 4211 4210
f 4207 4208 4212 4211
f 4208 4209 4213 4212
f 4209 4206 4210 4213
g building-lot-block-district-residential-43-33-2
f 4214 4216 4215
f 4214 4217 4216
f 4218 4220 4219
f 4218 4221 4220
f 4214 4215 4219 4218
f 4215 4216 4220 4219
f 4216 4217 4221 4220
f 4217 4214 4218 4221
g building-lot-block-district-business-44-11-2
f 4222 4224 4223
f 4222 4225 4224
f 4226 4228 4227
f 4226 4229 4228
f 4222 4223 4227 4226
f 4223 4224 4228 4227
f 4224 4225 4229 4228
f 4225 4222 4226 4229
g building-lot-block-district-business-44-11-3
f 4230 4232 4231
f 4230 4233 4232
f 4234 4236 4235
f 4234 4237 4236
f 4230 4231 4235 4234
f 4231 4232 4236 4235
f 4232 4233 4237 4236
f 4233 4230 4234 4237
g building-lot-block-district-business-44-12-1
f 4238 4240 4239
f 4238 4241 4240
f 4242 4244 4243
f 4242 4245 4244
f 4238 4239 4243 4242
f 4239 4240 4244 4243
f 4240 4241 4245 4244
f 4241 4238 4242 4245
g building-lot-block-district-business-44-12-2
f 4246 4248 4247
f 4246 4249 4248
f 4250 4252 4251
f 4250 4253 4252
f 4246 4247 4251 4250
f 4247 4248 4252 4251
f 4248 4249 4253 4252
f 4249 4246 4250 4253
g building-lot-block-district-business-44-13-1
f 4254 4256 4255
f 4254 4257 4256
f 4258 4260 4259
f 4258 4261 4260
f 4254 4255 4259 4258
f 4255 4256 4260 4259
f 4256 4257 4261 4260
f 4257 4254 4258 4261
g building-lot-block-district-business-44-21-1
f 4262 4264 4263
f 4262 4265 4264
f 4266 4268 4267
f 4266 4269 4268
f 4262 4263 4267 4266
f 4263 4264 4268 4267
f 4264 4265 4269 4268
f 4265 4262 4266 4269
g building-lot-block-district-business-44-21-2
f 4270 4272 4271
f 4270 4273 4272
f 4274 4276 4275
f 4274 4277 4276
f 4270 4271 4275 4274
f 4271 4272 4276 4275
f 4272 4273 4277 4276
f 4273 4270 4274 4277
g building-lot-block-district-business-44-21-3
f 4278 4280 4279
f 4278 4281 4280
f 4282 4284 4283
f 4282 4285 4284
f 4278 4279 4283 4282
f 4279 4280 4284 4283
f 4280 4281 4285 4284
f 4281 4278 4282 4285
g building-lot-block-district-business-44-22-1
f 4286 4288 4287
f 4286 4289 4288
f 4290 4292 4291
f 4290 4293 4292
f 4286 4287 4291 4290
f 4287 4288 4292 4291
f 4288 4289 4293 4292
f 4289 4286 4290 4293
g building-lot-block-district-business-44-22-2
f 4294 4296 4295
f 4294 4297 4296
f 4298 4300 4299
f 4298 4301 4300
f 4294 4295 4299 4298
f 4295 4296 4300 4299
f 4296 4297 4301 4300
f 4297 4294 4298 4301
g building-lot-block-district-business-44-23-1
f 4302 4304 4303
f 4302 4305 4304
f 4306 4308 4307
f 4306 4309 4308
f 4302 4303 4307 4306
f 4303 4304 4308 4307
f 4304 4305 4309 4308
f 4305 4302 4306 4309
g building-lot-block-district-business-44-23-2
f 4310 4312 4311
f 4310 4313 4312
f 4314 4316 4315
f 4314 4317 4316
f 4310 4311 4315 4314
f 4311 4312 4316 4315
f 4312 4313 4317 4316
f 4313 4310 4314 4317
g building-lot-block-district-business-44-23-3
f 4318 4320 4319
f 4318 4321 4320
f 4322 4324 4323
f 4322 4325 4324
f 4318 4319 4323 4322
f 4319 4320 4324 4323
f 4320 4321 4325 4324
f 4321 4318 4322 4325
g building-lot-block-district-business-44-31-2
f 4326 4328 4327
f 4326 4329 4328
f 4330 4332 4331
f 4330 4333 4332
f 4326 4327 4331 4330
f 4327 4328 4332 4331
f 4328 4329 4333 4332
f 4329 4326 4330 4333
g building-lot-block-district-business-44-32-1
f 4334 4336 4335
f 4334 4337 4336
f 4338 4340 4339
f 4338 4341 4340
f 4334 4335 4339 4338
f 4335 4336 4340 4339
f 4336 4337 4341 4340
f 4337 4334 4338 4341
g building-lot-block-district-business-44-32-2
f 4342 4344 4343
f 4342 4345 4344
f 4346 4348 4347
f 4346 4349 4348
f 4342 4343 4347 4346
f 4343 4344 4348 4347
f 4344 4345 4349 4348
f 4345 4342 4346 4349
g building-lot-block-district-business-44-32-3
f 4350 4352 4351
f 4350 4353 4352
f 4354 4356 4355
f 4354 4357 4356
f 4350 4351 4355 4354
f 4351 4352 4356 4355
f 4352 4353 4357 4356
f 4353 4350 4354 4357
g building-lot-block-district-business-44-33-1
f 4358 4360 4359
f 4358 4361 4360
f 4362 4364 4363
f 4362 4365 4364
f 4358 4359 4363 4362
f 4359 4360 4364 4363
f 4360 4361 4365 4364
f 4361 4358 4362 4365
g building-lot-block-district-business-44-33-2
f 4366 4368 4367
f 4366 4369 4368
f 4370 4372 4371
f 4370 4373 4372
f 4366 4367 4371 4370
f 4367 4368 4372 4371
f 4368 4369 4373 4372
f 4369 4366 4370 4373
g building-lot-block-district-business-44-33-3
f 4374 4376 4375
f 4374 4377 4376
f 4378 4380 4379
f 4378 4381 4380
f 4374 4375 4379 4378
f 4375 4376 4380 4379
f 4376 4377 4381 4380
f 4377 4374 4378 4381
l 21 22
l 23 24
l 142 143
l 144 145
l 146 147
l 148 149
l 150 151
l 152 153
l 154 155
l 156 157
