{
  "type": "FeatureCollection",
  "name": "Procedural Demo",
  "metadata": {
    "generator_version": "0.1.0",
    "pipeline": [
      "terrain",
      "water",
      "roads",
      "districts",
      "blocks",
      "lots",
      "buildings",
      "harbor",
      "poi",
      "population"
    ],
    "created_seed": 31415,
    "future_engine_targets": [
      "godot",
      "unreal"
    ],
    "city_name": "Procedural Demo",
    "road_pattern": "organic"
  },
  "features": [
    {
      "type": "Feature",
      "id": "water-lake-01",
      "geometry": {
        "type": "Polygon",
        "coordinates": [
          [
            [
              846.663,
              498.65
            ],
            [
              843.139,
              509.775
            ],
            [
              832.912,
              519.81
            ],
            [
              816.983,
              527.775
            ],
            [
              796.912,
              532.888
            ],
            [
              774.663,
              534.65
            ],
            [
              752.413,
              532.888
            ],
            [
              732.342,
              527.775
            ],
            [
              716.413,
              519.81
            ],
            [
              706.187,
              509.775
            ],
            [
              702.663,
              498.65
            ],
            [
              706.187,
              487.526
            ],
            [
              716.413,
              477.49
            ],
            [
              732.342,
              469.526
            ],
            [
              752.413,
              464.412
            ],
            [
              774.663,
              462.65
            ],
            [
              796.912,
              464.412
            ],
            [
              816.983,
              469.526
            ],
            [
              832.912,
              477.49
            ],
            [
              843.139,
              487.526
            ],
            [
              846.663,
              498.65
            ]
          ]
        ]
      },
      "properties": {
        "kind": "lake",
        "depth": 8.0,
        "feature_type": "Lake",
        "parent_id": null,
        "stage": "water",
        "seed": 10771998030637581758
      }
    },
    {
      "type": "Feature",
      "id": "road-main-west-001",
      "geometry": {
        "type": "LineString",
        "coordinates": [
          [
            0.0,
            450.0
          ],
          [
            1200.0,
            450.0
          ]
        ]
      },
      "properties": {
        "road_class": "main",
        "road_type": "Main Road",
        "width": 18,
        "pattern": "organic",
        "surface": "asphalt",
        "speed_limit": 60,
        "feature_type": "Road",
        "parent_id": null,
        "stage": "roads",
        "seed": 8159176073924355975
      }
    },
    {
      "type": "Feature",
      "id": "road-main-east-002",
      "geometry": {
        "type": "LineString",
        "coordinates": [
          [
            144.0,
            0.0
          ],
          [
            1008.0,
            900.0
          ]
        ]
      },
      "properties": {
        "road_class": "main",
        "road_type": "Main Road",
        "width": 16,
        "pattern": "organic",
        "surface": "asphalt",
        "speed_limit": 60,
        "feature_type": "Road",
        "parent_id": null,
        "stage": "roads",
        "seed": 8159176073924355975
      }
    },
    {
      "type": "Feature",
      "id": "road-organic-0-003",
      "geometry": {
        "type": "LineString",
        "coordinates": [
          [
            0.0,
            98.19
          ],
          [
            100.0,
            111.845
          ],
          [
            200.0,
            124.184
          ],
          [
            300.0,
            111.633
          ],
          [
            400.0,
            71.4
          ],
          [
            500.0,
            64.261
          ],
          [
            600.0,
            58.225
          ],
          [
            700.0,
            83.678
          ],
          [
            800.0,
            106.129
          ],
          [
            900.0,
            115.948
          ],
          [
            1000.0,
            105.448
          ],
          [
            1100.0,
            82.932
          ],
          [
            1200.0,
            63.341
          ]
        ]
      },
      "properties": {
        "road_class": "secondary",
        "road_type": "Secondary Road",
        "width": 9,
        "pattern": "organic",
        "surface": "asphalt",
        "speed_limit": 40,
        "feature_type": "Road",
        "parent_id": null,
        "stage": "roads",
        "seed": 8159176073924355975
      }
    },
    {
      "type": "Feature",
      "id": "road-organic-1-004",
      "geometry": {
        "type": "LineString",
        "coordinates": [
          [
            0.0,
            205.534
          ],
          [
            100.0,
            203.136
          ],
          [
            200.0,
            196.928
          ],
          [
            300.0,
            159.563
          ],
          [
            400.0,
            145.562
          ],
          [
            500.0,
            154.163
          ],
          [
            600.0,
            193.071
          ],
          [
            700.0,
            209.211
          ],
          [
            800.0,
            202.142
          ],
          [
            900.0,
            181.365
          ],
          [
            1000.0,
            172.122
          ],
          [
            1100.0,
            156.321
          ],
          [
            1200.0,
            153.752
          ]
        ]
      },
      "properties": {
        "road_class": "secondary",
        "road_type": "Secondary Road",
        "width": 9,
        "pattern": "organic",
        "surface": "asphalt",
        "speed_limit": 40,
        "feature_type": "Road",
        "parent_id": null,
        "stage": "roads",
        "seed": 8159176073924355975
      }
    },
    {
      "type": "Feature",
      "id": "road-organic-2-005",
      "geometry": {
        "type": "LineString",
        "coordinates": [
          [
            0.0,
            300.867
          ],
          [
            100.0,
            275.86
          ],
          [
            200.0,
            244.846
          ],
          [
            300.0,
            235.033
          ],
          [
            400.0,
            258.188
          ],
          [
            500.0,
            266.895
          ],
          [
            600.0,
            290.231
          ],
          [
            700.0,
            303.717
          ],
          [
            800.0,
            269.831
          ],
          [
            900.0,
            253.24
          ],
          [
            1000.0,
            244.525
          ],
          [
            1100.0,
            258.056
          ],
          [
            1200.0,
            277.458
          ]
        ]
      },
      "properties": {
        "road_class": "secondary",
        "road_type": "Secondary Road",
        "width": 9,
        "pattern": "organic",
        "surface": "asphalt",
        "speed_limit": 40,
        "feature_type": "Road",
        "parent_id": null,
        "stage": "roads",
        "seed": 8159176073924355975
      }
    },
    {
      "type": "Feature",
      "id": "road-organic-3-006",
      "geometry": {
        "type": "LineString",
        "coordinates": [
          [
            0.0,
            367.789
          ],
          [
            100.0,
            328.608
          ],
          [
            200.0,
            332.027
          ],
          [
            300.0,
            343.056
          ],
          [
            400.0,
            376.801
          ],
          [
            500.0,
            398.618
          ],
          [
            600.0,
            385.075
          ],
          [
            700.0,
            359.015
          ],
          [
            800.0,
            341.109
          ],
          [
            900.0,
            333.962
          ],
          [
            1000.0,
            351.56
          ],
          [
            1100.0,
            374.315
          ],
          [
            1200.0,
            385.379
          ]
        ]
      },
      "properties": {
        "road_class": "street",
        "road_type": "Street",
        "width": 5,
        "pattern": "organic",
        "surface": "asphalt",
        "speed_limit": 30,
        "feature_type": "Road",
        "parent_id": null,
        "stage": "roads",
        "seed": 8159176073924355975
      }
    },
    {
      "type": "Feature",
      "id": "road-organic-4-007",
      "geometry": {
        "type": "LineString",
        "coordinates": [
          [
            0.0,
            424.596
          ],
          [
            100.0,
            415.788
          ],
          [
            200.0,
            434.018
          ],
          [
            300.0,
            462.507
          ],
          [
            400.0,
            475.043
          ],
          [
            500.0,
            475.779
          ],
          [
            600.0,
            458.859
          ],
          [
            700.0,
            416.456
          ],
          [
            800.0,
            426.284
          ],
          [
            900.0,
            438.198
          ],
          [
            1000.0,
            467.645
          ],
          [
            1100.0,
            477.039
          ],
          [
            1200.0,
            475.257
          ]
        ]
      },
      "properties": {
        "road_class": "street",
        "road_type": "Street",
        "width": 5,
        "pattern": "organic",
        "surface": "asphalt",
        "speed_limit": 30,
        "feature_type": "Road",
        "parent_id": null,
        "stage": "roads",
        "seed": 8159176073924355975
      }
    },
    {
      "type": "Feature",
      "id": "road-organic-5-008",
      "geometry": {
        "type": "LineString",
        "coordinates": [
          [
            0.0,
            503.684
          ],
          [
            100.0,
            533.477
          ],
          [
            200.0,
            551.609
          ],
          [
            300.0,
            562.4
          ],
          [
            400.0,
            555.819
          ],
          [
            500.0,
            547.176
          ],
          [
            600.0,
            511.638
          ],
          [
            700.0,
            519.129
          ],
          [
            800.0,
            534.603
          ],
          [
            900.0,
            560.643
          ],
          [
            1000.0,
            580.576
          ],
          [
            1100.0,
            557.897
          ],
          [
            1200.0,
            544.011
          ]
        ]
      },
      "properties": {
        "road_class": "street",
        "road_type": "Street",
        "width": 5,
        "pattern": "organic",
        "surface": "asphalt",
        "speed_limit": 30,
        "feature_type": "Road",
        "parent_id": null,
        "stage": "roads",
        "seed": 8159176073924355975
      }
    },
    {
      "type": "Feature",
      "id": "road-organic-6-009",
      "geometry": {
        "type": "LineString",
        "coordinates": [
          [
            0.0,
            613.841
          ],
          [
            100.0,
            638.617
          ],
          [
            200.0,
            661.673
          ],
          [
            300.0,
            646.855
          ],
          [
            400.0,
            624.7
          ],
          [
            500.0,
            598.621
          ],
          [
            600.0,
            601.15
          ],
          [
            700.0,
            622.492
          ],
          [
            800.0,
            646.512
          ],
          [
            900.0,
            663.375
          ],
          [
            1000.0,
            648.813
          ],
          [
            1100.0,
            627.923
          ],
          [
            1200.0,
            603.185
          ]
        ]
      },
      "properties": {
        "road_class": "street",
        "road_type": "Street",
        "width": 5,
        "pattern": "organic",
        "surface": "asphalt",
        "speed_limit": 30,
        "feature_type": "Road",
        "parent_id": null,
        "stage": "roads",
        "seed": 8159176073924355975
      }
    },
    {
      "type": "Feature",
      "id": "road-organic-7-010",
      "geometry": {
        "type": "LineString",
        "coordinates": [
          [
            0.0,
            744.226
          ],
          [
            100.0,
            754.146
          ],
          [
            200.0,
            746.498
          ],
          [
            300.0,
            715.652
          ],
          [
            400.0,
            700.929
          ],
          [
            500.0,
            699.699
          ],
          [
            600.0,
            718.729
          ],
          [
            700.0,
            732.431
          ],
          [
            800.0,
            751.339
          ],
          [
            900.0,
            735.851
          ],
          [
            1000.0,
            716.681
          ],
          [
            1100.0,
            681.923
          ],
          [
            1200.0,
            683.214
          ]
        ]
      },
      "properties": {
        "road_class": "street",
        "road_type": "Street",
        "width": 5,
        "pattern": "organic",
        "surface": "asphalt",
        "speed_limit": 30,
        "feature_type": "Road",
        "parent_id": null,
        "stage": "roads",
        "seed": 8159176073924355975
      }
    },
    {
      "type": "Feature",
      "id": "road-organic-8-011",
      "geometry": {
        "type": "LineString",
        "coordinates": [
          [
            0.0,
            843.065
          ],
          [
            100.0,
            829.286
          ],
          [
            200.0,
            807.406
          ],
          [
            300.0,
            781.286
          ],
          [
            400.0,
            790.24
          ],
          [
            500.0,
            801.283
          ],
          [
            600.0,
            825.188
          ],
          [
            700.0,
            839.039
          ],
          [
            800.0,
            818.799
          ],
          [
            900.0,
            800.794
          ],
          [
            1000.0,
            771.448
          ],
          [
            1100.0,
            783.634
          ],
          [
            1200.0,
            814.172
          ]
        ]
      },
      "properties": {
        "road_class": "street",
        "road_type": "Street",
        "width": 5,
        "pattern": "organic",
        "surface": "asphalt",
        "speed_limit": 30,
        "feature_type": "Road",
        "parent_id": null,
        "stage": "roads",
        "seed": 8159176073924355975
      }
    },
    {
      "type": "Feature",
      "id": "road-alley-0-012",
      "geometry": {
        "type": "LineString",
        "coordinates": [
          [
            72.0,
            162.0
          ],
          [
            80.213,
            738.0
          ]
        ]
      },
      "properties": {
        "road_class": "alley",
        "road_type": "Alley",
        "width": 3.5,
        "pattern": "organic",
        "surface": "asphalt",
        "speed_limit": 15,
        "feature_type": "Road",
        "parent_id": null,
        "stage": "roads",
        "seed": 8159176073924355975
      }
    },
    {
      "type": "Feature",
      "id": "road-alley-1-013",
      "geometry": {
        "type": "LineString",
        "coordinates": [
          [
            216.0,
            162.0
          ],
          [
            206.654,
            738.0
          ]
        ]
      },
      "properties": {
        "road_class": "alley",
        "road_type": "Alley",
        "width": 3.5,
        "pattern": "organic",
        "surface": "asphalt",
        "speed_limit": 15,
        "feature_type": "Road",
        "parent_id": null,
        "stage": "roads",
        "seed": 8159176073924355975
      }
    },
    {
      "type": "Feature",
      "id": "road-alley-2-014",
      "geometry": {
        "type": "LineString",
        "coordinates": [
          [
            360.0,
            162.0
          ],
          [
            371.851,
            738.0
          ]
        ]
      },
      "properties": {
        "road_class": "alley",
        "road_type": "Alley",
        "width": 3.5,
        "pattern": "organic",
        "surface": "asphalt",
        "speed_limit": 15,
        "feature_type": "Road",
        "parent_id": null,
        "stage": "roads",
        "seed": 8159176073924355975
      }
    },
    {
      "type": "Feature",
      "id": "road-alley-3-015",
      "geometry": {
        "type": "LineString",
        "coordinates": [
          [
            504.0,
            162.0
          ],
          [
            502.308,
            738.0
          ]
        ]
      },
      "properties": {
        "road_class": "alley",
        "road_type": "Alley",
        "width": 3.5,
        "pattern": "organic",
        "surface": "asphalt",
        "speed_limit": 15,
        "feature_type": "Road",
        "parent_id": null,
        "stage": "roads",
        "seed": 8159176073924355975
      }
    },
    {
      "type": "Feature",
      "id": "road-alley-4-016",
      "geometry": {
        "type": "LineString",
        "coordinates": [
          [
            648.0,
            162.0
          ],
          [
            660.019,
            738.0
          ]
        ]
      },
      "properties": {
        "road_class": "alley",
        "road_type": "Alley",
        "width": 3.5,
        "pattern": "organic",
        "surface": "asphalt",
        "speed_limit": 15,
        "feature_type": "Road",
        "parent_id": null,
        "stage": "roads",
        "seed": 8159176073924355975
      }
    },
    {
      "type": "Feature",
      "id": "road-alley-5-017",
      "geometry": {
        "type": "LineString",
        "coordinates": [
          [
            792.0,
            162.0
          ],
          [
            782.312,
            738.0
          ]
        ]
      },
      "properties": {
        "road_class": "alley",
        "road_type": "Alley",
        "width": 3.5,
        "pattern": "organic",
        "surface": "asphalt",
        "speed_limit": 15,
        "feature_type": "Road",
        "parent_id": null,
        "stage": "roads",
        "seed": 8159176073924355975
      }
    },
    {
      "type": "Feature",
      "id": "road-alley-6-018",
      "geometry": {
        "type": "LineString",
        "coordinates": [
          [
            936.0,
            162.0
          ],
          [
            950.037,
            738.0
          ]
        ]
      },
      "properties": {
        "road_class": "alley",
        "road_type": "Alley",
        "width": 3.5,
        "pattern": "organic",
        "surface": "asphalt",
        "speed_limit": 15,
        "feature_type": "Road",
        "parent_id": null,
        "stage": "roads",
        "seed": 8159176073924355975
      }
    },
    {
      "type": "Feature",
      "id": "road-alley-7-019",
      "geometry": {
        "type": "LineString",
        "coordinates": [
          [
            1080.0,
            162.0
          ],
          [
            1090.337,
            738.0
          ]
        ]
      },
      "properties": {
        "road_class": "alley",
        "road_type": "Alley",
        "width": 3.5,
        "pattern": "organic",
        "surface": "asphalt",
        "speed_limit": 15,
        "feature_type": "Road",
        "parent_id": null,
        "stage": "roads",
        "seed": 8159176073924355975
      }
    },
    {
      "type": "Feature",
      "id": "district-industrial-11",
      "geometry": {
        "type": "Polygon",
        "coordinates": [
          [
            [
              0.0,
              0.0
            ],
            [
              312.0,
              0.0
            ],
            [
              312.0,
              270.0
            ],
            [
              0.0,
              270.0
            ],
            [
              0.0,
              0.0
            ]
          ]
        ]
      },
      "properties": {
        "district_type": "industrial",
        "density": 0.4,
        "green_ratio": 0.06,
        "far": 1.78,
        "rule_set": "industrial_v1",
        "area": 84240.0,
        "feature_type": "District",
        "parent_id": null,
        "stage": "districts",
        "seed": 13910448677843983770
      }
    },
    {
      "type": "Feature",
      "id": "district-park-12",
      "geometry": {
        "type": "Polygon",
        "coordinates": [
          [
            [
              308.423,
              0.0
            ],
            [
              620.423,
              0.0
            ],
            [
              620.423,
              270.0
            ],
            [
              308.423,
              270.0
            ],
            [
              308.423,
              0.0
            ]
          ]
        ]
      },
      "properties": {
        "district_type": "park",
        "density": 0.08,
        "green_ratio": 0.78,
        "far": 0.76,
        "rule_set": "park_v1",
        "area": 84239.99999999999,
        "feature_type": "District",
        "parent_id": null,
        "stage": "districts",
        "seed": 13910448677843983770
      }
    },
    {
      "type": "Feature",
      "id": "district-commercial-13",
      "geometry": {
        "type": "Polygon",
        "coordinates": [
          [
            [
              631.627,
              0.0
            ],
            [
              919.627,
              0.0
            ],
            [
              919.627,
              270.0
            ],
            [
              631.627,
              270.0
            ],
            [
              631.627,
              0.0
            ]
          ]
        ]
      },
      "properties": {
        "district_type": "commercial",
        "density": 0.82,
        "green_ratio": 0.1,
        "far": 3.12,
        "rule_set": "commercial_v1",
        "area": 77760.0,
        "feature_type": "District",
        "parent_id": null,
        "stage": "districts",
        "seed": 13910448677843983770
      }
    },
    {
      "type": "Feature",
      "id": "district-residential-14",
      "geometry": {
        "type": "Polygon",
        "coordinates": [
          [
            [
              912.0,
              0.0
            ],
            [
              1200.0,
              0.0
            ],
            [
              1200.0,
              270.0
            ],
            [
              912.0,
              270.0
            ],
            [
              912.0,
              0.0
            ]
          ]
        ]
      },
      "properties": {
        "district_type": "residential",
        "density": 0.55,
        "green_ratio": 0.22,
        "far": 2.26,
        "rule_set": "residential_v1",
        "area": 77760.0,
        "feature_type": "District",
        "parent_id": null,
        "stage": "districts",
        "seed": 13910448677843983770
      }
    },
    {
      "type": "Feature",
      "id": "district-industrial-21",
      "geometry": {
        "type": "Polygon",
        "coordinates": [
          [
            [
              0.0,
              263.005
            ],
            [
              312.0,
              263.005
            ],
            [
              312.0,
              497.005
            ],
            [
              0.0,
              497.005
            ],
            [
              0.0,
              263.005
            ]
          ]
        ]
      },
      "properties": {
        "district_type": "industrial",
        "density": 0.4,
        "green_ratio": 0.06,
        "far": 1.78,
        "rule_set": "industrial_v1",
        "area": 73008.00000000003,
        "feature_type": "District",
        "parent_id": null,
        "stage": "districts",
        "seed": 13910448677843983770
      }
    },
    {
      "type": "Feature",
      "id": "district-business-22",
      "geometry": {
        "type": "Polygon",
        "coordinates": [
          [
            [
              318.034,
              277.475
            ],
            [
              630.034,
              277.475
            ],
            [
              630.034,
              511.475
            ],
            [
              318.034,
              511.475
            ],
            [
              318.034,
              277.475
            ]
          ]
        ]
      },
      "properties": {
        "district_type": "business",
        "density": 0.95,
        "green_ratio": 0.04,
        "far": 3.54,
        "rule_set": "business_v1",
        "area": 73007.99999999999,
        "feature_type": "District",
        "parent_id": null,
        "stage": "districts",
        "seed": 13910448677843983770
      }
    },
    {
      "type": "Feature",
      "id": "district-old_town-23",
      "geometry": {
        "type": "Polygon",
        "coordinates": [
          [
            [
              621.528,
              264.721
            ],
            [
              909.528,
              264.721
            ],
            [
              909.528,
              498.721
            ],
            [
              621.528,
              498.721
            ],
            [
              621.528,
              264.721
            ]
          ]
        ]
      },
      "properties": {
        "district_type": "old_town",
        "density": 0.67,
        "green_ratio": 0.08,
        "far": 2.64,
        "rule_set": "old_town_v1",
        "area": 67392.00000000003,
        "feature_type": "District",
        "parent_id": null,
        "stage": "districts",
        "seed": 13910448677843983770
      }
    },
    {
      "type": "Feature",
      "id": "district-residential-24",
      "geometry": {
        "type": "Polygon",
        "coordinates": [
          [
            [
              912.0,
              262.065
            ],
            [
              1200.0,
              262.065
            ],
            [
              1200.0,
              496.065
            ],
            [
              912.0,
              496.065
            ],
            [
              912.0,
              262.065
            ]
          ]
        ]
      },
      "properties": {
        "district_type": "residential",
        "density": 0.55,
        "green_ratio": 0.22,
        "far": 2.26,
        "rule_set": "residential_v1",
        "area": 67392.00000000003,
        "feature_type": "District",
        "parent_id": null,
        "stage": "districts",
        "seed": 13910448677843983770
      }
    },
    {
      "type": "Feature",
      "id": "district-park-31",
      "geometry": {
        "type": "Polygon",
        "coordinates": [
          [
            [
              0.0,
              505.359
            ],
            [
              312.0,
              505.359
            ],
            [
              312.0,
              703.359
            ],
            [
              0.0,
              703.359
            ],
            [
              0.0,
              505.359
            ]
          ]
        ]
      },
      "properties": {
        "district_type": "park",
        "density": 0.08,
        "green_ratio": 0.78,
        "far": 0.76,
        "rule_set": "park_v1",
        "area": 61776.0,
        "feature_type": "District",
        "parent_id": null,
        "stage": "districts",
        "seed": 13910448677843983770
      }
    },
    {
      "type": "Feature",
      "id": "district-station_area-32",
      "geometry": {
        "type": "Polygon",
        "coordinates": [
          [
            [
              316.353,
              497.308
            ],
            [
              628.353,
              497.308
            ],
            [
              628.353,
              695.308
            ],
            [
              316.353,
              695.308
            ],
            [
              316.353,
              497.308
            ]
          ]
        ]
      },
      "properties": {
        "district_type": "station_area",
        "density": 0.88,
        "green_ratio": 0.12,
        "far": 3.32,
        "rule_set": "station_area_v1",
        "area": 61775.99999999997,
        "feature_type": "District",
        "parent_id": null,
        "stage": "districts",
        "seed": 13910448677843983770
      }
    },
    {
      "type": "Feature",
      "id": "district-commercial-33",
      "geometry": {
        "type": "Polygon",
        "coordinates": [
          [
            [
              628.982,
              496.425
            ],
            [
              916.982,
              496.425
            ],
            [
              916.982,
              694.425
            ],
            [
              628.982,
              694.425
            ],
            [
              628.982,
              496.425
            ]
          ]
        ]
      },
      "properties": {
        "district_type": "commercial",
        "density": 0.82,
        "green_ratio": 0.1,
        "far": 3.12,
        "rule_set": "commercial_v1",
        "area": 57023.99999999994,
        "feature_type": "District",
        "parent_id": null,
        "stage": "districts",
        "seed": 13910448677843983770
      }
    },
    {
      "type": "Feature",
      "id": "district-residential-34",
      "geometry": {
        "type": "Polygon",
        "coordinates": [
          [
            [
              912.0,
              510.633
            ],
            [
              1200.0,
              510.633
            ],
            [
              1200.0,
              708.633
            ],
            [
              912.0,
              708.633
            ],
            [
              912.0,
              510.633
            ]
          ]
        ]
      },
      "properties": {
        "district_type": "residential",
        "density": 0.55,
        "green_ratio": 0.22,
        "far": 2.26,
        "rule_set": "residential_v1",
        "area": 57023.99999999994,
        "feature_type": "District",
        "parent_id": null,
        "stage": "districts",
        "seed": 13910448677843983770
      }
    },
    {
      "type": "Feature",
      "id": "district-park-41",
      "geometry": {
        "type": "Polygon",
        "coordinates": [
          [
            [
              0.0,
              702.0
            ],
            [
              312.0,
              702.0
            ],
            [
              312.0,
              900.0
            ],
            [
              0.0,
              900.0
            ],
            [
              0.0,
              702.0
            ]
          ]
        ]
      },
      "properties": {
        "district_type": "park",
        "density": 0.08,
        "green_ratio": 0.78,
        "far": 0.76,
        "rule_set": "park_v1",
        "area": 61776.0,
        "feature_type": "District",
        "parent_id": null,
        "stage": "districts",
        "seed": 13910448677843983770
      }
    },
    {
      "type": "Feature",
      "id": "district-residential-42",
      "geometry": {
        "type": "Polygon",
        "coordinates": [
          [
            [
              306.336,
              702.0
            ],
            [
              618.336,
              702.0
            ],
            [
              618.336,
              900.0
            ],
            [
              306.336,
              900.0
            ],
            [
              306.336,
              702.0
            ]
          ]
        ]
      },
      "properties": {
        "district_type": "residential",
        "density": 0.55,
        "green_ratio": 0.22,
        "far": 2.26,
        "rule_set": "residential_v1",
        "area": 61776.0,
        "feature_type": "District",
        "parent_id": null,
        "stage": "districts",
        "seed": 13910448677843983770
      }
    },
    {
      "type": "Feature",
      "id": "district-residential-43",
      "geometry": {
        "type": "Polygon",
        "coordinates": [
          [
            [
              616.281,
              702.0
            ],
            [
              904.281,
              702.0
            ],
            [
              904.281,
              900.0
            ],
            [
              616.281,
              900.0
            ],
            [
              616.281,
              702.0
            ]
          ]
        ]
      },
      "properties": {
        "district_type": "residential",
        "density": 0.55,
        "green_ratio": 0.22,
        "far": 2.26,
        "rule_set": "residential_v1",
        "area": 57024.0,
        "feature_type": "District",
        "parent_id": null,
        "stage": "districts",
        "seed": 13910448677843983770
      }
    },
    {
      "type": "Feature",
      "id": "district-business-44",
      "geometry": {
        "type": "Polygon",
        "coordinates": [
          [
            [
              912.0,
              702.0
            ],
            [
              1200.0,
              702.0
            ],
            [
              1200.0,
              900.0
            ],
            [
              912.0,
              900.0
            ],
            [
              912.0,
              702.0
            ]
          ]
        ]
      },
      "properties": {
        "district_type": "business",
        "density": 0.95,
        "green_ratio": 0.04,
        "far": 3.54,
        "rule_set": "business_v1",
        "area": 57024.0,
        "feature_type": "District",
        "parent_id": null,
        "stage": "districts",
        "seed": 13910448677843983770
      }
    },
    {
      "type": "Feature",
      "id": "block-district-industrial-11-11",
      "geometry": {
        "type": "Polygon",
        "coordinates": [
          [
            [
              3.12,
              3.12
            ],
            [
              152.88,
              0.554
            ],
            [
              152.88,
              86.88
            ],
            [
              3.12,
              89.446
            ],
            [
              3.12,
              3.12
            ]
          ]
        ]
      },
      "properties": {
        "district": "industrial",
        "area": 12928.161670685733,
        "road_access": true,
        "index": [
          0,
          0
        ],
        "feature_type": "Block",
        "parent_id": "district-industrial-11",
        "stage": "blocks",
        "seed": 18232314292702815624
      }
    },
    {
      "type": "Feature",
      "id": "block-district-industrial-11-12",
      "geometry": {
        "type": "Polygon",
        "coordinates": [
          [
            [
              159.12,
              3.12
            ],
            [
              308.88,
              4.609
            ],
            [
              308.88,
              86.88
            ],
            [
              159.12,
              85.391
            ],
            [
              159.12,
              3.12
            ]
          ]
        ]
      },
      "properties": {
        "district": "industrial",
        "area": 12320.94404218635,
        "road_access": true,
        "index": [
          0,
          1
        ],
        "feature_type": "Block",
        "parent_id": "district-industrial-11",
        "stage": "blocks",
        "seed": 18232314292702815624
      }
    },
    {
      "type": "Feature",
      "id": "block-district-industrial-11-21",
      "geometry": {
        "type": "Polygon",
        "coordinates": [
          [
            [
              3.12,
              93.12
            ],
            [
              152.88,
              91.18
            ],
            [
              152.88,
              176.88
            ],
            [
              3.12,
              178.82
            ],
            [
              3.12,
              93.12
            ]
          ]
        ]
      },
      "properties": {
        "district": "industrial",
        "area": 12834.474489053326,
        "road_access": true,
        "index": [
          1,
          0
        ],
        "feature_type": "Block",
        "parent_id": "district-industrial-11",
        "stage": "blocks",
        "seed": 18232314292702815624
      }
    },
    {
      "type": "Feature",
      "id": "block-district-industrial-11-22",
      "geometry": {
        "type": "Polygon",
        "coordinates": [
          [
            [
              159.12,
              93.12
            ],
            [
              308.88,
              90.38
            ],
            [
              308.88,
              176.88
            ],
            [
              159.12,
              179.62
            ],
            [
              159.12,
              93.12
            ]
          ]
        ]
      },
      "properties": {
        "district": "industrial",
        "area": 12954.260870612205,
        "road_access": true,
        "index": [
          1,
          1
        ],
        "feature_type": "Block",
        "parent_id": "district-industrial-11",
        "stage": "blocks",
        "seed": 18232314292702815624
      }
    },
    {
      "type": "Feature",
      "id": "block-district-industrial-11-31",
      "geometry": {
        "type": "Polygon",
        "coordinates": [
          [
            [
              3.12,
              183.12
            ],
            [
              152.88,
              181.245
            ],
            [
              152.88,
              266.88
            ],
            [
              3.12,
              268.755
            ],
            [
              3.12,
              183.12
            ]
          ]
        ]
      },
      "properties": {
        "district": "industrial",
        "area": 12824.706736157,
        "road_access": true,
        "index": [
          2,
          0
        ],
        "feature_type": "Block",
        "parent_id": "district-industrial-11",
        "stage": "blocks",
        "seed": 18232314292702815624
      }
    },
    {
      "type": "Feature",
      "id": "block-district-industrial-11-32",
      "geometry": {
        "type": "Polygon",
        "coordinates": [
          [
            [
              159.12,
              183.12
            ],
            [
              308.88,
              180.798
            ],
            [
              308.88,
              266.88
            ],
            [
              159.12,
              269.202
            ],
            [
              159.12,
              183.12
            ]
          ]
        ]
      },
      "properties": {
        "district": "industrial",
        "area": 12891.696261915167,
        "road_access": true,
        "index": [
          2,
          1
        ],
        "feature_type": "Block",
        "parent_id": "district-industrial-11",
        "stage": "blocks",
        "seed": 18232314292702815624
      }
    },
    {
      "type": "Feature",
      "id": "block-district-park-12-11",
      "geometry": {
        "type": "Polygon",
        "coordinates": [
          [
            [
              311.543,
              3.12
            ],
            [
              461.303,
              2.564
            ],
            [
              461.303,
              131.88
            ],
            [
              311.543,
              132.436
            ],
            [
              311.543,
              3.12
            ]
          ]
        ]
      },
      "properties": {
        "district": "park",
        "area": 19366.37039347022,
        "road_access": true,
        "index": [
          0,
          0
        ],
        "feature_type": "Block",
        "parent_id": "district-park-12",
        "stage": "blocks",
        "seed": 18232314292702815624
      }
    },
    {
      "type": "Feature",
      "id": "block-district-park-12-12",
      "geometry": {
        "type": "Polygon",
        "coordinates": [
          [
            [
              467.543,
              3.12
            ],
            [
              617.303,
              0.28
            ],
            [
              617.303,
              131.88
            ],
            [
              467.543,
              134.72
            ],
            [
              467.543,
              3.12
            ]
          ]
        ]
      },
      "properties": {
        "district": "park",
        "area": 19708.402903910286,
        "road_access": true,
        "index": [
          0,
          1
        ],
        "feature_type": "Block",
        "parent_id": "district-park-12",
        "stage": "blocks",
        "seed": 18232314292702815624
      }
    },
    {
      "type": "Feature",
      "id": "block-district-park-12-21",
      "geometry": {
        "type": "Polygon",
        "coordinates": [
          [
            [
              311.543,
              138.12
            ],
            [
              461.303,
              136.713
            ],
            [
              461.303,
              266.88
            ],
            [
              311.543,
              268.287
            ],
            [
              311.543,
              138.12
            ]
          ]
        ]
      },
      "properties": {
        "district": "park",
        "area": 19493.831504303642,
        "road_access": true,
        "index": [
          1,
          0
        ],
        "feature_type": "Block",
        "parent_id": "district-park-12",
        "stage": "blocks",
        "seed": 18232314292702815624
      }
    },
    {
      "type": "Feature",
      "id": "block-district-park-12-22",
      "geometry": {
        "type": "Polygon",
        "coordinates": [
          [
            [
              467.543,
              138.12
            ],
            [
              617.303,
              137.473
            ],
            [
              617.303,
              266.88
            ],
            [
              467.543,
              267.527
            ],
            [
              467.543,
              138.12
            ]
          ]
        ]
      },
      "properties": {
        "district": "park",
        "area": 19379.926435826397,
        "road_access": true,
        "index": [
          1,
          1
        ],
        "feature_type": "Block",
        "parent_id": "district-park-12",
        "stage": "blocks",
        "seed": 18232314292702815624
      }
    },
    {
      "type": "Feature",
      "id": "block-district-commercial-13-11",
      "geometry": {
        "type": "Polygon",
        "coordinates": [
          [
            [
              634.507,
              2.88
            ],
            [
              724.747,
              4.709
            ],
            [
              724.747,
              87.12
            ],
            [
              634.507,
              85.291
            ],
            [
              634.507,
              2.88
            ]
          ]
        ]
      },
      "properties": {
        "district": "commercial",
        "area": 7436.731618601741,
        "road_access": true,
        "index": [
          0,
          0
        ],
        "feature_type": "Block",
        "parent_id": "district-commercial-13",
        "stage": "blocks",
        "seed": 18232314292702815624
      }
    },
    {
      "type": "Feature",
      "id": "block-district-commercial-13-12",
      "geometry": {
        "type": "Polygon",
        "coordinates": [
          [
            [
              730.507,
              2.88
            ],
            [
              820.747,
              0.292
            ],
            [
              820.747,
              87.12
            ],
            [
              730.507,
              89.708
            ],
            [
              730.507,
              2.88
            ]
          ]
        ]
      },
      "properties": {
        "district": "commercial",
        "area": 7835.353713938299,
        "road_access": true,
        "index": [
          0,
          1
        ],
        "feature_type": "Block",
        "parent_id": "district-commercial-13",
        "stage": "blocks",
        "seed": 18232314292702815624
      }
    },
    {
      "type": "Feature",
      "id": "block-district-commercial-13-13",
      "geometry": {
        "type": "Polygon",
        "coordinates": [
          [
            [
              826.507,
              2.88
            ],
            [
              916.747,
              0.0
            ],
            [
              916.747,
              87.12
            ],
            [
              826.507,
              90.107
            ],
            [
              826.507,
              2.88
            ]
          ]
        ]
      },
      "properties": {
        "district": "commercial",
        "area": 7866.516013086987,
        "road_access": true,
        "index": [
          0,
          2
        ],
        "feature_type": "Block",
        "parent_id": "district-commercial-13",
        "stage": "blocks",
        "seed": 18232314292702815624
      }
    },
    {
      "type": "Feature",
      "id": "block-district-commercial-13-21",
      "geometry": {
        "type": "Polygon",
        "coordinates": [
          [
            [
              634.507,
              92.88
            ],
            [
              724.747,
              94.379
            ],
            [
              724.747,
              177.12
            ],
            [
              634.507,
              175.621
            ],
            [
              634.507,
              92.88
            ]
          ]
        ]
      },
      "properties": {
        "district": "commercial",
        "area": 7466.555344739172,
        "road_access": true,
        "index": [
          1,
          0
        ],
        "feature_type": "Block",
        "parent_id": "district-commercial-13",
        "stage": "blocks",
        "seed": 18232314292702815624
      }
    },
    {
      "type": "Feature",
      "id": "block-district-commercial-13-22",
      "geometry": {
        "type": "Polygon",
        "coordinates": [
          [
            [
              730.507,
              92.88
            ],
            [
              820.747,
              90.91
            ],
            [
              820.747,
              177.12
            ],
            [
              730.507,
              179.09
            ],
            [
              730.507,
              92.88
            ]
          ]
        ]
      },
      "properties": {
        "district": "commercial",
        "area": 7779.596984093601,
        "road_access": true,
        "index": [
          1,
          1
        ],
        "feature_type": "Block",
        "parent_id": "district-commercial-13",
        "stage": "blocks",
        "seed": 18232314292702815624
      }
    },
    {
      "type": "Feature",
      "id": "block-district-commercial-13-23",
      "geometry": {
        "type": "Polygon",
        "coordinates": [
          [
            [
              826.507,
              92.88
            ],
            [
              916.747,
              92.938
            ],
            [
              916.747,
              177.12
            ],
            [
              826.507,
              177.062
            ],
            [
              826.507,
              92.88
            ]
          ]
        ]
      },
      "properties": {
        "district": "commercial",
        "area": 7596.582731200047,
        "road_access": true,
        "index": [
          1,
          2
        ],
        "feature_type": "Block",
        "parent_id": "district-commercial-13",
        "stage": "blocks",
        "seed": 18232314292702815624
      }
    },
    {
      "type": "Feature",
      "id": "block-district-commercial-13-31",
      "geometry": {
        "type": "Polygon",
        "coordinates": [
          [
            [
              634.507,
              182.88
            ],
            [
              724.747,
              181.025
            ],
            [
              724.747,
              267.12
            ],
            [
              634.507,
              268.975
            ],
            [
              634.507,
              182.88
            ]
          ]
        ]
      },
      "properties": {
        "district": "commercial",
        "area": 7769.232793870993,
        "road_access": true,
        "index": [
          2,
          0
        ],
        "feature_type": "Block",
        "parent_id": "district-commercial-13",
        "stage": "blocks",
        "seed": 18232314292702815624
      }
    },
    {
      "type": "Feature",
      "id": "block-district-commercial-13-32",
      "geometry": {
        "type": "Polygon",
        "coordinates": [
          [
            [
              730.507,
              182.88
            ],
            [
              820.747,
              181.51
            ],
            [
              820.747,
              267.12
            ],
            [
              730.507,
              268.49
            ],
            [
              730.507,
              182.88
            ]
          ]
        ]
      },
      "properties": {
        "district": "commercial",
        "area": 7725.486317845236,
        "road_access": true,
        "index": [
          2,
          1
        ],
        "feature_type": "Block",
        "parent_id": "district-commercial-13",
        "stage": "blocks",
        "seed": 18232314292702815624
      }
    },
    {
      "type": "Feature",
      "id": "block-district-commercial-13-33",
      "geometry": {
        "type": "Polygon",
        "coordinates": [
          [
            [
              826.507,
              182.88
            ],
            [
              916.747,
              180.054
            ],
            [
              916.747,
              267.12
            ],
            [
              826.507,
              269.946
            ],
            [
              826.507,
              182.88
            ]
          ]
        ]
      },
      "properties": {
        "district": "commercial",
        "area": 7856.833127475707,
        "road_access": true,
        "index": [
          2,
          2
        ],
        "feature_type": "Block",
        "parent_id": "district-commercial-13",
        "stage": "blocks",
        "seed": 18232314292702815624
      }
    },
    {
      "type": "Feature",
      "id": "block-district-residential-14-11",
      "geometry": {
        "type": "Polygon",
        "coordinates": [
          [
            [
              914.88,
              2.88
            ],
            [
              1005.12,
              5.476
            ],
            [
              1005.12,
              87.12
            ],
            [
              914.88,
              84.524
            ],
            [
              914.88,
              2.88
            ]
          ]
        ]
      },
      "properties": {
        "district": "residential",
        "area": 7367.577736232449,
        "road_access": true,
        "index": [
          0,
          0
        ],
        "feature_type": "Block",
        "parent_id": "district-residential-14",
        "stage": "blocks",
        "seed": 18232314292702815624
      }
    },
    {
      "type": "Feature",
      "id": "block-district-residential-14-12",
      "geometry": {
        "type": "Polygon",
        "coordinates": [
          [
            [
              1010.88,
              2.88
            ],
            [
              1101.12,
              2.489
            ],
            [
              1101.12,
              87.12
            ],
            [
              1010.88,
              87.511
            ],
            [
              1010.88,
              2.88
            ]
          ]
        ]
      },
      "properties": {
        "district": "residential",
        "area": 7637.110016996343,
        "road_access": true,
        "index": [
          0,
          1
        ],
        "feature_type": "Block",
        "parent_id": "district-residential-14",
        "stage": "blocks",
        "seed": 18232314292702815624
      }
    },
    {
      "type": "Feature",
      "id": "block-district-residential-14-13",
      "geometry": {
        "type": "Polygon",
        "coordinates": [
          [
            [
              1106.88,
              2.88
            ],
            [
              1197.12,
              3.19
            ],
            [
              1197.12,
              87.12
            ],
            [
              1106.88,
              86.81
            ],
            [
              1106.88,
              2.88
            ]
          ]
        ]
      },
      "properties": {
        "district": "residential",
        "area": 7573.856381899363,
        "road_access": true,
        "index": [
          0,
          2
        ],
        "feature_type": "Block",
        "parent_id": "district-residential-14",
        "stage": "blocks",
        "seed": 18232314292702815624
      }
    },
    {
      "type": "Feature",
      "id": "block-district-residential-14-21",
      "geometry": {
        "type": "Polygon",
        "coordinates": [
          [
            [
              914.88,
              92.88
            ],
            [
              1005.12,
              91.643
            ],
            [
              1005.12,
              177.12
            ],
            [
              914.88,
              178.357
            ],
            [
              914.88,
              92.88
            ]
          ]
        ]
      },
      "properties": {
        "district": "residential",
        "area": 7713.438607809752,
        "road_access": true,
        "index": [
          1,
          0
        ],
        "feature_type": "Block",
        "parent_id": "district-residential-14",
        "stage": "blocks",
        "seed": 18232314292702815624
      }
    },
    {
      "type": "Feature",
      "id": "block-district-residential-14-22",
      "geometry": {
        "type": "Polygon",
        "coordinates": [
          [
            [
              1010.88,
              92.88
            ],
            [
              1101.12,
              93.982
            ],
            [
              1101.12,
              177.12
            ],
            [
              1010.88,
              176.018
            ],
            [
              1010.88,
              92.88
            ]
          ]
        ]
      },
      "properties": {
        "district": "residential",
        "area": 7502.381769042135,
        "road_access": true,
        "index": [
          1,
          1
        ],
        "feature_type": "Block",
        "parent_id": "district-residential-14",
        "stage": "blocks",
        "seed": 18232314292702815624
      }
    },
    {
      "type": "Feature",
      "id": "block-district-residential-14-23",
      "geometry": {
        "type": "Polygon",
        "coordinates": [
          [
            [
              1106.88,
              92.88
            ],
            [
              1197.12,
              93.145
            ],
            [
              1197.12,
              177.12
            ],
            [
              1106.88,
              176.855
            ],
            [
              1106.88,
              92.88
            ]
          ]
        ]
      },
      "properties": {
        "district": "residential",
        "area": 7577.880680508162,
        "road_access": true,
        "index": [
          1,
          2
        ],
        "feature_type": "Block",
        "parent_id": "district-residential-14",
        "stage": "blocks",
        "seed": 18232314292702815624
      }
    },
    {
      "type": "Feature",
      "id": "block-district-residential-14-31",
      "geometry": {
        "type": "Polygon",
        "coordinates": [
          [
            [
              914.88,
              182.88
            ],
            [
              1005.12,
              180.547
            ],
            [
              1005.12,
              267.12
            ],
            [
              914.88,
              269.453
            ],
            [
              914.88,
              182.88
            ]
          ]
        ]
      },
      "properties": {
        "district": "residential",
        "area": 7812.348166920987,
        "road_access": true,
        "index": [
          2,
          0
        ],
        "feature_type": "Block",
        "parent_id": "district-residential-14",
        "stage": "blocks",
        "seed": 18232314292702815624
      }
    },
    {
      "type": "Feature",
      "id": "block-district-residential-14-32",
      "geometry": {
        "type": "Polygon",
        "coordinates": [
          [
            [
              1010.88,
              182.88
            ],
            [
              1101.12,
              185.421
            ],
            [
              1101.12,
              267.12
            ],
            [
              1010.88,
              264.579
            ],
            [
              1010.88,
              182.88
            ]
          ]
        ]
      },
      "properties": {
        "district": "residential",
        "area": 7372.552122610185,
        "road_access": true,
        "index": [
          2,
          1
        ],
        "feature_type": "Block",
        "parent_id": "district-residential-14",
        "stage": "blocks",
        "seed": 18232314292702815624
      }
    },
    {
      "type": "Feature",
      "id": "block-district-residential-14-33",
      "geometry": {
        "type": "Polygon",
        "coordinates": [
          [
            [
              1106.88,
              182.88
            ],
            [
              1197.12,
              182.968
            ],
            [
              1197.12,
              267.12
            ],
            [
              1106.88,
              267.032
            ],
            [
              1106.88,
              182.88
            ]
          ]
        ]
      },
      "properties": {
        "district": "residential",
        "area": 7593.898355310681,
        "road_access": true,
        "index": [
          2,
          2
        ],
        "feature_type": "Block",
        "parent_id": "district-residential-14",
        "stage": "blocks",
        "seed": 18232314292702815624
      }
    },
    {
      "type": "Feature",
      "id": "block-district-industrial-21-11",
      "geometry": {
        "type": "Polygon",
        "coordinates": [
          [
            [
              3.12,
              266.125
            ],
            [
              152.88,
              267.024
            ],
            [
              152.88,
              337.885
            ],
            [
              3.12,
              336.986
            ],
            [
              3.12,
              266.125
            ]
          ]
        ]
      },
      "properties": {
        "district": "industrial",
        "area": 10612.169991895333,
        "road_access": true,
        "index": [
          0,
          0
        ],
        "feature_type": "Block",
        "parent_id": "district-industrial-21",
        "stage": "blocks",
        "seed": 18232314292702815624
      }
    },
    {
      "type": "Feature",
      "id": "block-district-industrial-21-12",
      "geometry": {
        "type": "Polygon",
        "coordinates": [
          [
            [
              159.12,
              266.125
            ],
            [
              308.88,
              265.596
            ],
            [
              308.88,
              337.885
            ],
            [
              159.12,
              338.414
            ],
            [
              159.12,
              266.125
            ]
          ]
        ]
      },
      "properties": {
        "district": "industrial",
        "area": 10825.92922122679,
        "road_access": true,
        "index": [
          0,
          1
        ],
        "feature_type": "Block",
        "parent_id": "district-industrial-21",
        "stage": "blocks",
        "seed": 18232314292702815624
      }
    },
    {
      "type": "Feature",
      "id": "block-district-industrial-21-21",
      "geometry": {
        "type": "Polygon",
        "coordinates": [
          [
            [
              3.12,
              344.125
            ],
            [
              152.88,
              342.601
            ],
            [
              152.88,
              415.885
            ],
            [
              3.12,
              417.409
            ],
            [
              3.12,
              344.125
            ]
          ]
        ]
      },
      "properties": {
        "district": "industrial",
        "area": 10974.940036232983,
        "road_access": true,
        "index": [
          1,
          0
        ],
        "feature_type": "Block",
        "parent_id": "district-industrial-21",
        "stage": "blocks",
        "seed": 18232314292702815624
      }
    },
    {
      "type": "Feature",
      "id": "block-district-industrial-21-22",
      "geometry": {
        "type": "Polygon",
        "coordinates": [
          [
            [
              159.12,
              344.125
            ],
            [
              308.88,
              345.592
            ],
            [
              308.88,
              415.885
            ],
            [
              159.12,
              414.418
            ],
            [
              159.12,
              344.125
            ]
          ]
        ]
      },
      "properties": {
        "district": "industrial",
        "area": 10527.137310952523,
        "road_access": true,
        "index": [
          1,
          1
        ],
        "feature_type": "Block",
        "parent_id": "district-industrial-21",
        "stage": "blocks",
        "seed": 18232314292702815624
      }
    },
    {
      "type": "Feature",
      "id": "block-district-industrial-21-31",
      "geometry": {
        "type": "Polygon",
        "coordinates": [
          [
            [
              3.12,
              422.125
            ],
            [
              152.88,
              420.195
            ],
            [
              152.88,
              493.885
            ],
            [
              3.12,
              495.815
            ],
            [
              3.12,
              422.125
            ]
          ]
        ]
      },
      "properties": {
        "district": "industrial",
        "area": 11035.84838137712,
        "road_access": true,
        "index": [
          2,
          0
        ],
        "feature_type": "Block",
        "parent_id": "district-industrial-21",
        "stage": "blocks",
        "seed": 18232314292702815624
      }
    },
    {
      "type": "Feature",
      "id": "block-district-industrial-21-32",
      "geometry": {
        "type": "Polygon",
        "coordinates": [
          [
            [
              159.12,
              422.125
            ],
            [
              308.88,
              419.68
            ],
            [
              308.88,
              493.885
            ],
            [
              159.12,
              496.33
            ],
            [
              159.12,
              422.125
            ]
          ]
        ]
      },
      "properties": {
        "district": "industrial",
        "area": 11112.939000985141,
        "road_access": true,
        "index": [
          2,
          1
        ],
        "feature_type": "Block",
        "parent_id": "district-industrial-21",
        "stage": "blocks",
        "seed": 18232314292702815624
      }
    },
    {
      "type": "Feature",
      "id": "block-district-business-22-11",
      "geometry": {
        "type": "Polygon",
        "coordinates": [
          [
            [
              321.154,
              280.595
            ],
            [
              418.914,
              278.445
            ],
            [
              418.914,
              352.355
            ],
            [
              321.154,
              354.505
            ],
            [
              321.154,
              280.595
            ]
          ]
        ]
      },
      "properties": {
        "district": "business",
        "area": 7225.451577938882,
        "road_access": true,
        "index": [
          0,
          0
        ],
        "feature_type": "Block",
        "parent_id": "district-business-22",
        "stage": "blocks",
        "seed": 18232314292702815624
      }
    },
    {
      "type": "Feature",
      "id": "block-district-business-22-12",
      "geometry": {
        "type": "Polygon",
        "coordinates": [
          [
            [
              425.154,
              280.595
            ],
            [
              522.914,
              281.499
            ],
            [
              522.914,
              352.355
            ],
            [
              425.154,
              351.451
            ],
            [
              425.154,
              280.595
            ]
          ]
        ]
      },
      "properties": {
        "district": "business",
        "area": 6926.9230492656425,
        "road_access": true,
        "index": [
          0,
          1
        ],
        "feature_type": "Block",
        "parent_id": "district-business-22",
        "stage": "blocks",
        "seed": 18232314292702815624
      }
    },
    {
      "type": "Feature",
      "id": "block-district-business-22-13",
      "geometry": {
        "type": "Polygon",
        "coordinates": [
          [
            [
              529.154,
              280.595
            ],
            [
              626.914,
              282.093
            ],
            [
              626.914,
              352.355
            ],
            [
              529.154,
              350.857
            ],
            [
              529.154,
              280.595
            ]
          ]
        ]
      },
      "properties": {
        "district": "business",
        "area": 6868.830231170534,
        "road_access": true,
        "index": [
          0,
          2
        ],
        "feature_type": "Block",
        "parent_id": "district-business-22",
        "stage": "blocks",
        "seed": 18232314292702815624
      }
    },
    {
      "type": "Feature",
      "id": "block-district-business-22-21",
      "geometry": {
        "type": "Polygon",
        "coordinates": [
          [
            [
              321.154,
              358.595
            ],
            [
              418.914,
              359.861
            ],
            [
              418.914,
              430.355
            ],
            [
              321.154,
              429.089
            ],
            [
              321.154,
              358.595
            ]
          ]
        ]
      },
      "properties": {
        "district": "business",
        "area": 6891.476101826644,
        "road_access": true,
        "index": [
          1,
          0
        ],
        "feature_type": "Block",
        "parent_id": "district-business-22",
        "stage": "blocks",
        "seed": 18232314292702815624
      }
    },
    {
      "type": "Feature",
      "id": "block-district-business-22-22",
      "geometry": {
        "type": "Polygon",
        "coordinates": [
          [
            [
              425.154,
              358.595
            ],
            [
              522.914,
              355.778
            ],
            [
              522.914,
              430.355
            ],
            [
              425.154,
              433.172
            ],
            [
              425.154,
              358.595
            ]
          ]
        ]
      },
      "properties": {
        "district": "business",
        "area": 7290.61601250431,
        "road_access": true,
        "index": [
          1,
          1
        ],
        "feature_type": "Block",
        "parent_id": "district-business-22",
        "stage": "blocks",
        "seed": 18232314292702815624
      }
    },
    {
      "type": "Feature",
      "id": "block-district-business-22-23",
      "geometry": {
        "type": "Polygon",
        "coordinates": [
          [
            [
              529.154,
              358.595
            ],
            [
              626.914,
              358.844
            ],
            [
              626.914,
              430.355
            ],
            [
              529.154,
              430.106
            ],
            [
              529.154,
              358.595
            ]
          ]
        ]
      },
      "properties": {
        "district": "business",
        "area": 6990.87139540413,
        "road_access": true,
        "index": [
          1,
          2
        ],
        "feature_type": "Block",
        "parent_id": "district-business-22",
        "stage": "blocks",
        "seed": 18232314292702815624
      }
    },
    {
      "type": "Feature",
      "id": "block-district-business-22-31",
      "geometry": {
        "type": "Polygon",
        "coordinates": [
          [
            [
              321.154,
              436.595
            ],
            [
              418.914,
              437.209
            ],
            [
              418.914,
              508.355
            ],
            [
              321.154,
              507.741
            ],
            [
              321.154,
              436.595
            ]
          ]
        ]
      },
      "properties": {
        "district": "business",
        "area": 6955.259353980015,
        "road_access": true,
        "index": [
          2,
          0
        ],
        "feature_type": "Block",
        "parent_id": "district-business-22",
        "stage": "blocks",
        "seed": 18232314292702815624
      }
    },
    {
      "type": "Feature",
      "id": "block-district-business-22-32",
      "geometry": {
        "type": "Polygon",
        "coordinates": [
          [
            [
              425.154,
              436.595
            ],
            [
              522.914,
              435.955
            ],
            [
              522.914,
              508.355
            ],
            [
              425.154,
              508.995
            ],
            [
              425.154,
              436.595
            ]
          ]
        ]
      },
      "properties": {
        "district": "business",
        "area": 7077.865153950537,
        "road_access": true,
        "index": [
          2,
          1
        ],
        "feature_type": "Block",
        "parent_id": "district-business-22",
        "stage": "blocks",
        "seed": 18232314292702815624
      }
    },
    {
      "type": "Feature",
      "id": "block-district-business-22-33",
      "geometry": {
        "type": "Polygon",
        "coordinates": [
          [
            [
              529.154,
              436.595
            ],
            [
              626.914,
              437.861
            ],
            [
              626.914,
              508.355
            ],
            [
              529.154,
              507.089
            ],
            [
              529.154,
              436.595
            ]
          ]
        ]
      },
      "properties": {
        "district": "business",
        "area": 6891.4764411419455,
        "road_access": true,
        "index": [
          2,
          2
        ],
        "feature_type": "Block",
        "parent_id": "district-business-22",
        "stage": "blocks",
        "seed": 18232314292702815624
      }
    },
    {
      "type": "Feature",
      "id": "block-district-old_town-23-11",
      "geometry": {
        "type": "Polygon",
        "coordinates": [
          [
            [
              624.408,
              267.601
            ],
            [
              714.648,
              267.003
            ],
            [
              714.648,
              339.841
            ],
            [
              624.408,
              340.439
            ],
            [
              624.408,
              267.601
            ]
          ]
        ]
      },
      "properties": {
        "district": "old_town",
        "area": 6572.918643992845,
        "road_access": true,
        "index": [
          0,
          0
        ],
        "feature_type": "Block",
        "parent_id": "district-old_town-23",
        "stage": "blocks",
        "seed": 18232314292702815624
      }
    },
    {
      "type": "Feature",
      "id": "block-district-old_town-23-12",
      "geometry": {
        "type": "Polygon",
        "coordinates": [
          [
            [
              720.408,
              267.601
            ],
            [
              810.648,
              267.332
            ],
            [
              810.648,
              339.841
            ],
            [
              720.408,
              340.11
            ],
            [
              720.408,
              267.601
            ]
          ]
        ]
      },
      "properties": {
        "district": "old_town",
        "area": 6543.254711847301,
        "road_access": true,
        "index": [
          0,
          1
        ],
        "feature_type": "Block",
        "parent_id": "district-old_town-23",
        "stage": "blocks",
        "seed": 18232314292702815624
      }
    },
    {
      "type": "Feature",
      "id": "block-district-old_town-23-13",
      "geometry": {
        "type": "Polygon",
        "coordinates": [
          [
            [
              816.408,
              267.601
            ],
            [
              906.648,
              269.142
            ],
            [
              906.648,
              339.841
            ],
            [
              816.408,
              338.3
            ],
            [
              816.408,
              267.601
            ]
          ]
        ]
      },
      "properties": {
        "district": "old_town",
        "area": 6379.879316213453,
        "road_access": true,
        "index": [
          0,
          2
        ],
        "feature_type": "Block",
        "parent_id": "district-old_town-23",
        "stage": "blocks",
        "seed": 18232314292702815624
      }
    },
    {
      "type": "Feature",
      "id": "block-district-old_town-23-21",
      "geometry": {
        "type": "Polygon",
        "coordinates": [
          [
            [
              624.408,
              345.601
            ],
            [
              714.648,
              347.121
            ],
            [
              714.648,
              417.841
            ],
            [
              624.408,
              416.321
            ],
            [
              624.408,
              345.601
            ]
          ]
        ]
      },
      "properties": {
        "district": "old_town",
        "area": 6381.802376615131,
        "road_access": true,
        "index": [
          1,
          0
        ],
        "feature_type": "Block",
        "parent_id": "district-old_town-23",
        "stage": "blocks",
        "seed": 18232314292702815624
      }
    },
    {
      "type": "Feature",
      "id": "block-district-old_town-23-22",
      "geometry": {
        "type": "Polygon",
        "coordinates": [
          [
            [
              720.408,
              345.601
            ],
            [
              810.648,
              342.606
            ],
            [
              810.648,
              417.841
            ],
            [
              720.408,
              420.836
            ],
            [
              720.408,
              345.601
            ]
          ]
        ]
      },
      "properties": {
        "district": "old_town",
        "area": 6789.188539212904,
        "road_access": true,
        "index": [
          1,
          1
        ],
        "feature_type": "Block",
        "parent_id": "district-old_town-23",
        "stage": "blocks",
        "seed": 18232314292702815624
      }
    },
    {
      "type": "Feature",
      "id": "block-district-old_town-23-23",
      "geometry": {
        "type": "Polygon",
        "coordinates": [
          [
            [
              816.408,
              345.601
            ],
            [
              906.648,
              344.901
            ],
            [
              906.648,
              417.841
            ],
            [
              816.408,
              418.541
            ],
            [
              816.408,
              345.601
            ]
          ]
        ]
      },
      "properties": {
        "district": "old_town",
        "area": 6582.077975115681,
        "road_access": true,
        "index": [
          1,
          2
        ],
        "feature_type": "Block",
        "parent_id": "district-old_town-23",
        "stage": "blocks",
        "seed": 18232314292702815624
      }
    },
    {
      "type": "Feature",
      "id": "block-district-old_town-23-31",
      "geometry": {
        "type": "Polygon",
        "coordinates": [
          [
            [
              624.408,
              423.601
            ],
            [
              714.648,
              425.026
            ],
            [
              714.648,
              495.841
            ],
            [
              624.408,
              494.416
            ],
            [
              624.408,
              423.601
            ]
          ]
        ]
      },
      "properties": {
        "district": "old_town",
        "area": 6390.348855816643,
        "road_access": true,
        "index": [
          2,
          0
        ],
        "feature_type": "Block",
        "parent_id": "district-old_town-23",
        "stage": "blocks",
        "seed": 18232314292702815624
      }
    },
    {
      "type": "Feature",
      "id": "block-district-old_town-23-32",
      "geometry": {
        "type": "Polygon",
        "coordinates": [
          [
            [
              720.408,
              423.601
            ],
            [
              810.648,
              423.043
            ],
            [
              810.648,
              495.841
            ],
            [
              720.408,
              496.399
            ],
            [
              720.408,
              423.601
            ]
          ]
        ]
      },
      "properties": {
        "district": "old_town",
        "area": 6569.262053502753,
        "road_access": true,
        "index": [
          2,
          1
        ],
        "feature_type": "Block",
        "parent_id": "district-old_town-23",
        "stage": "blocks",
        "seed": 18232314292702815624
      }
    },
    {
      "type": "Feature",
      "id": "block-district-old_town-23-33",
      "geometry": {
        "type": "Polygon",
        "coordinates": [
          [
            [
              816.408,
              423.601
            ],
            [
              906.648,
              426.1
            ],
            [
              906.648,
              495.841
            ],
            [
              816.408,
              493.342
            ],
            [
              816.408,
              423.601
            ]
          ]
        ]
      },
      "properties": {
        "district": "old_town",
        "area": 6293.469269380381,
        "road_access": true,
        "index": [
          2,
          2
        ],
        "feature_type": "Block",
        "parent_id": "district-old_town-23",
        "stage": "blocks",
        "seed": 18232314292702815624
      }
    },
    {
      "type": "Feature",
      "id": "block-district-residential-24-11",
      "geometry": {
        "type": "Polygon",
        "coordinates": [
          [
            [
              914.88,
              264.945
            ],
            [
              1005.12,
              262.27
            ],
            [
              1005.12,
              337.185
            ],
            [
              914.88,
              339.86
            ],
            [
              914.88,
              264.945
            ]
          ]
        ]
      },
      "properties": {
        "district": "residential",
        "area": 6760.348836791949,
        "road_access": true,
        "index": [
          0,
          0
        ],
        "feature_type": "Block",
        "parent_id": "district-residential-24",
        "stage": "blocks",
        "seed": 18232314292702815624
      }
    },
    {
      "type": "Feature",
      "id": "block-district-residential-24-12",
      "geometry": {
        "type": "Polygon",
        "coordinates": [
          [
            [
              1010.88,
              264.945
            ],
            [
              1101.12,
              266.193
            ],
            [
              1101.12,
              337.185
            ],
            [
              1010.88,
              335.937
            ],
            [
              1010.88,
              264.945
            ]
          ]
        ]
      },
      "properties": {
        "district": "residential",
        "area": 6406.278254922712,
        "road_access": true,
        "index": [
          0,
          1
        ],
        "feature_type": "Block",
        "parent_id": "district-residential-24",
        "stage": "blocks",
        "seed": 18232314292702815624
      }
    },
    {
      "type": "Feature",
      "id": "block-district-residential-24-13",
      "geometry": {
        "type": "Polygon",
        "coordinates": [
          [
            [
              1106.88,
              264.945
            ],
            [
              1197.12,
              262.085
            ],
            [
              1197.12,
              337.185
            ],
            [
              1106.88,
              340.045
            ],
            [
              1106.88,
              264.945
            ]
          ]
        ]
      },
      "properties": {
        "district": "residential",
        "area": 6777.0195833918115,
        "road_access": true,
        "index": [
          0,
          2
        ],
        "feature_type": "Block",
        "parent_id": "district-residential-24",
        "stage": "blocks",
        "seed": 18232314292702815624
      }
    },
    {
      "type": "Feature",
      "id": "block-district-residential-24-21",
      "geometry": {
        "type": "Polygon",
        "coordinates": [
          [
            [
              914.88,
              342.945
            ],
            [
              1005.12,
              345.884
            ],
            [
              1005.12,
              415.185
            ],
            [
              914.88,
              412.246
            ],
            [
              914.88,
              342.945
            ]
          ]
        ]
      },
      "properties": {
        "district": "residential",
        "area": 6253.72858482122,
        "road_access": true,
        "index": [
          1,
          0
        ],
        "feature_type": "Block",
        "parent_id": "district-residential-24",
        "stage": "blocks",
        "seed": 18232314292702815624
      }
    },
    {
      "type": "Feature",
      "id": "block-district-residential-24-22",
      "geometry": {
        "type": "Polygon",
        "coordinates": [
          [
            [
              1010.88,
              342.945
            ],
            [
              1101.12,
              340.83
            ],
            [
              1101.12,
              415.185
            ],
            [
              1010.88,
              417.3
            ],
            [
              1010.88,
              342.945
            ]
          ]
        ]
      },
      "properties": {
        "district": "residential",
        "area": 6709.803776310058,
        "road_access": true,
        "index": [
          1,
          1
        ],
        "feature_type": "Block",
        "parent_id": "district-residential-24",
        "stage": "blocks",
        "seed": 18232314292702815624
      }
    },
    {
      "type": "Feature",
      "id": "block-district-residential-24-23",
      "geometry": {
        "type": "Polygon",
        "coordinates": [
          [
            [
              1106.88,
              342.945
            ],
            [
              1197.12,
              343.331
            ],
            [
              1197.12,
              415.185
            ],
            [
              1106.88,
              414.799
            ],
            [
              1106.88,
              342.945
            ]
          ]
        ]
      },
      "properties": {
        "district": "residential",
        "area": 6484.111445328977,
        "road_access": true,
        "index": [
          1,
          2
        ],
        "feature_type": "Block",
        "parent_id": "district-residential-24",
        "stage": "blocks",
        "seed": 18232314292702815624
      }
    },
    {
      "type": "Feature",
      "id": "block-district-residential-24-31",
      "geometry": {
        "type": "Polygon",
        "coordinates": [
          [
            [
              914.88,
              420.945
            ],
            [
              1005.12,
              419.44
            ],
            [
              1005.12,
              493.185
            ],
            [
              914.88,
              494.69
            ],
            [
              914.88,
              420.945
            ]
          ]
        ]
      },
      "properties": {
        "district": "residential",
        "area": 6654.77393682691,
        "road_access": true,
        "index": [
          2,
          0
        ],
        "feature_type": "Block",
        "parent_id": "district-residential-24",
        "stage": "blocks",
        "seed": 18232314292702815624
      }
    },
    {
      "type": "Feature",
      "id": "block-district-residential-24-32",
      "geometry": {
        "type": "Polygon",
        "coordinates": [
          [
            [
              1010.88,
              420.945
            ],
            [
              1101.12,
              418.484
            ],
            [
              1101.12,
              493.185
            ],
            [
              1010.88,
              495.646
            ],
            [
              1010.88,
              420.945
            ]
          ]
        ]
      },
      "properties": {
        "district": "residential",
        "area": 6741.060059754993,
        "road_access": true,
        "index": [
          2,
          1
        ],
        "feature_type": "Block",
        "parent_id": "district-residential-24",
        "stage": "blocks",
        "seed": 18232314292702815624
      }
    },
    {
      "type": "Feature",
      "id": "block-district-residential-24-33",
      "geometry": {
        "type": "Polygon",
        "coordinates": [
          [
            [
              1106.88,
              420.945
            ],
            [
              1197.12,
              418.475
            ],
            [
              1197.12,
              493.185
            ],
            [
              1106.88,
              495.655
            ],
            [
              1106.88,
              420.945
            ]
          ]
        ]
      },
      "properties": {
        "district": "residential",
        "area": 6741.810490062984,
        "road_access": true,
        "index": [
          2,
          2
        ],
        "feature_type": "Block",
        "parent_id": "district-residential-24",
        "stage": "blocks",
        "seed": 18232314292702815624
      }
    },
    {
      "type": "Feature",
      "id": "block-district-park-31-11",
      "geometry": {
        "type": "Polygon",
        "coordinates": [
          [
            [
              3.12,
              508.479
            ],
            [
              152.88,
              510.38
            ],
            [
              152.88,
              601.239
            ],
            [
              3.12,
              599.338
            ],
            [
              3.12,
              508.479
            ]
          ]
        ]
      },
      "properties": {
        "district": "park",
        "area": 13607.084032216237,
        "road_access": true,
        "index": [
          0,
          0
        ],
        "feature_type": "Block",
        "parent_id": "district-park-31",
        "stage": "blocks",
        "seed": 18232314292702815624
      }
    },
    {
      "type": "Feature",
      "id": "block-district-park-31-12",
      "geometry": {
        "type": "Polygon",
        "coordinates": [
          [
            [
              159.12,
              508.479
            ],
            [
              308.88,
              509.236
            ],
            [
              308.88,
              601.239
            ],
            [
              159.12,
              600.482
            ],
            [
              159.12,
              508.479
            ]
          ]
        ]
      },
      "properties": {
        "district": "park",
        "area": 13778.430937500365,
        "road_access": true,
        "index": [
          0,
          1
        ],
        "feature_type": "Block",
        "parent_id": "district-park-31",
        "stage": "blocks",
        "seed": 18232314292702815624
      }
    },
    {
      "type": "Feature",
      "id": "block-district-park-31-21",
      "geometry": {
        "type": "Polygon",
        "coordinates": [
          [
            [
              3.12,
              607.479
            ],
            [
              152.88,
              607.175
            ],
            [
              152.88,
              700.239
            ],
            [
              3.12,
              700.543
            ],
            [
              3.12,
              607.479
            ]
          ]
        ]
      },
      "properties": {
        "district": "park",
        "area": 13937.303234039553,
        "road_access": true,
        "index": [
          1,
          0
        ],
        "feature_type": "Block",
        "parent_id": "district-park-31",
        "stage": "blocks",
        "seed": 18232314292702815624
      }
    },
    {
      "type": "Feature",
      "id": "block-district-park-31-22",
      "geometry": {
        "type": "Polygon",
        "coordinates": [
          [
            [
              159.12,
              607.479
            ],
            [
              308.88,
              608.541
            ],
            [
              308.88,
              700.239
            ],
            [
              159.12,
              699.177
            ],
            [
              159.12,
              607.479
            ]
          ]
        ]
      },
      "properties": {
        "district": "park",
        "area": 13732.717894886831,
        "road_access": true,
        "index": [
          1,
          1
        ],
        "feature_type": "Block",
        "parent_id": "district-park-31",
        "stage": "blocks",
        "seed": 18232314292702815624
      }
    },
    {
      "type": "Feature",
      "id": "block-district-station_area-32-11",
      "geometry": {
        "type": "Polygon",
        "coordinates": [
          [
            [
              319.473,
              500.428
            ],
            [
              417.233,
              501.291
            ],
            [
              417.233,
              560.188
            ],
            [
              319.473,
              559.325
            ],
            [
              319.473,
              500.428
            ]
          ]
        ]
      },
      "properties": {
        "district": "station_area",
        "area": 5757.73598859804,
        "road_access": true,
        "index": [
          0,
          0
        ],
        "feature_type": "Block",
        "parent_id": "district-station_area-32",
        "stage": "blocks",
        "seed": 18232314292702815624
      }
    },
    {
      "type": "Feature",
      "id": "block-district-station_area-32-12",
      "geometry": {
        "type": "Polygon",
        "coordinates": [
          [
            [
              423.473,
              500.428
            ],
            [
              521.233,
              498.089
            ],
            [
              521.233,
              560.188
            ],
            [
              423.473,
              562.527
            ],
            [
              423.473,
              500.428
            ]
          ]
        ]
      },
      "properties": {
        "district": "station_area",
        "area": 6070.83789049364,
        "road_access": true,
        "index": [
          0,
          1
        ],
        "feature_type": "Block",
        "parent_id": "district-station_area-32",
        "stage": "blocks",
        "seed": 18232314292702815624
      }
    },
    {
      "type": "Feature",
      "id": "block-district-station_area-32-13",
      "geometry": {
        "type": "Polygon",
        "coordinates": [
          [
            [
              527.473,
              500.428
            ],
            [
              625.233,
              503.202
            ],
            [
              625.233,
              560.188
            ],
            [
              527.473,
              557.414
            ],
            [
              527.473,
              500.428
            ]
          ]
        ]
      },
      "properties": {
        "district": "station_area",
        "area": 5570.916597317118,
        "road_access": true,
        "index": [
          0,
          2
        ],
        "feature_type": "Block",
        "parent_id": "district-station_area-32",
        "stage": "blocks",
        "seed": 18232314292702815624
      }
    },
    {
      "type": "Feature",
      "id": "block-district-station_area-32-21",
      "geometry": {
        "type": "Polygon",
        "coordinates": [
          [
            [
              319.473,
              566.428
            ],
            [
              417.233,
              567.625
            ],
            [
              417.233,
              626.188
            ],
            [
              319.473,
              624.991
            ],
            [
              319.473,
              566.428
            ]
          ]
        ]
      },
      "properties": {
        "district": "station_area",
        "area": 5725.106045009976,
        "road_access": true,
        "index": [
          1,
          0
        ],
        "feature_type": "Block",
        "parent_id": "district-station_area-32",
        "stage": "blocks",
        "seed": 18232314292702815624
      }
    },
    {
      "type": "Feature",
      "id": "block-district-station_area-32-22",
      "geometry": {
        "type": "Polygon",
        "coordinates": [
          [
            [
              423.473,
              566.428
            ],
            [
              521.233,
              566.437
            ],
            [
              521.233,
              626.188
            ],
            [
              423.473,
              626.179
            ],
            [
              423.473,
              566.428
            ]
          ]
        ]
      },
      "properties": {
        "district": "station_area",
        "area": 5841.226084773312,
        "road_access": true,
        "index": [
          1,
          1
        ],
        "feature_type": "Block",
        "parent_id": "district-station_area-32",
        "stage": "blocks",
        "seed": 18232314292702815624
      }
    },
    {
      "type": "Feature",
      "id": "block-district-station_area-32-23",
      "geometry": {
        "type": "Polygon",
        "coordinates": [
          [
            [
              527.473,
              566.428
            ],
            [
              625.233,
              565.244
            ],
            [
              625.233,
              626.188
            ],
            [
              527.473,
              627.372
            ],
            [
              527.473,
              566.428
            ]
          ]
        ]
      },
      "properties": {
        "district": "station_area",
        "area": 5957.916234691453,
        "road_access": true,
        "index": [
          1,
          2
        ],
        "feature_type": "Block",
        "parent_id": "district-station_area-32",
        "stage": "blocks",
        "seed": 18232314292702815624
      }
    },
    {
      "type": "Feature",
      "id": "block-district-station_area-32-31",
      "geometry": {
        "type": "Polygon",
        "coordinates": [
          [
            [
              319.473,
              632.428
            ],
            [
              417.233,
              630.679
            ],
            [
              417.233,
              692.188
            ],
            [
              319.473,
              693.937
            ],
            [
              319.473,
              632.428
            ]
          ]
        ]
      },
      "properties": {
        "district": "station_area",
        "area": 6013.155905416788,
        "road_access": true,
        "index": [
          2,
          0
        ],
        "feature_type": "Block",
        "parent_id": "district-station_area-32",
        "stage": "blocks",
        "seed": 18232314292702815624
      }
    },
    {
      "type": "Feature",
      "id": "block-district-station_area-32-32",
      "geometry": {
        "type": "Polygon",
        "coordinates": [
          [
            [
              423.473,
              632.428
            ],
            [
              521.233,
              629.92
            ],
            [
              521.233,
              692.188
            ],
            [
              423.473,
              694.696
            ],
            [
              423.473,
              632.428
            ]
          ]
        ]
      },
      "properties": {
        "district": "station_area",
        "area": 6087.306505646993,
        "road_access": true,
        "index": [
          2,
          1
        ],
        "feature_type": "Block",
        "parent_id": "district-station_area-32",
        "stage": "blocks",
        "seed": 18232314292702815624
      }
    },
    {
      "type": "Feature",
      "id": "block-district-station_area-32-33",
      "geometry": {
        "type": "Polygon",
        "coordinates": [
          [
            [
              527.473,
              632.428
            ],
            [
              625.233,
              635.107
            ],
            [
              625.233,
              692.188
            ],
            [
              527.473,
              689.509
            ],
            [
              527.473,
              632.428
            ]
          ]
        ]
      },
      "properties": {
        "district": "station_area",
        "area": 5580.198349994025,
        "road_access": true,
        "index": [
          2,
          2
        ],
        "feature_type": "Block",
        "parent_id": "district-station_area-32",
        "stage": "blocks",
        "seed": 18232314292702815624
      }
    },
    {
      "type": "Feature",
      "id": "block-district-commercial-33-11",
      "geometry": {
        "type": "Polygon",
        "coordinates": [
          [
            [
              631.862,
              499.305
            ],
            [
              722.102,
              501.88
            ],
            [
              722.102,
              559.545
            ],
            [
              631.862,
              556.97
            ],
            [
              631.862,
              499.305
            ]
          ]
        ]
      },
      "properties": {
        "district": "commercial",
        "area": 5203.723764172319,
        "road_access": true,
        "index": [
          0,
          0
        ],
        "feature_type": "Block",
        "parent_id": "district-commercial-33",
        "stage": "blocks",
        "seed": 18232314292702815624
      }
    },
    {
      "type": "Feature",
      "id": "block-district-commercial-33-12",
      "geometry": {
        "type": "Polygon",
        "coordinates": [
          [
            [
              727.862,
              499.305
            ],
            [
              818.102,
              502.096
            ],
            [
              818.102,
              559.545
            ],
            [
              727.862,
              556.754
            ],
            [
              727.862,
              499.305
            ]
          ]
        ]
      },
      "properties": {
        "district": "commercial",
        "area": 5184.237605232542,
        "road_access": true,
        "index": [
          0,
          1
        ],
        "feature_type": "Block",
        "parent_id": "district-commercial-33",
        "stage": "blocks",
        "seed": 18232314292702815624
      }
    },
    {
      "type": "Feature",
      "id": "block-district-commercial-33-13",
      "geometry": {
        "type": "Polygon",
        "coordinates": [
          [
            [
              823.862,
              499.305
            ],
            [
              914.102,
              499.121
            ],
            [
              914.102,
              559.545
            ],
            [
              823.862,
              559.729
            ],
            [
              823.862,
              499.305
            ]
          ]
        ]
      },
      "properties": {
        "district": "commercial",
        "area": 5452.691096708673,
        "road_access": true,
        "index": [
          0,
          2
        ],
        "feature_type": "Block",
        "parent_id": "district-commercial-33",
        "stage": "blocks",
        "seed": 18232314292702815624
      }
    },
    {
      "type": "Feature",
      "id": "block-district-commercial-33-21",
      "geometry": {
        "type": "Polygon",
        "coordinates": [
          [
            [
              631.862,
              565.305
            ],
            [
              722.102,
              566.016
            ],
            [
              722.102,
              625.545
            ],
            [
              631.862,
              624.834
            ],
            [
              631.862,
              565.305
            ]
          ]
        ]
      },
      "properties": {
        "district": "commercial",
        "area": 5371.857825980784,
        "road_access": true,
        "index": [
          1,
          0
        ],
        "feature_type": "Block",
        "parent_id": "district-commercial-33",
        "stage": "blocks",
        "seed": 18232314292702815624
      }
    },
    {
      "type": "Feature",
      "id": "block-district-commercial-33-22",
      "geometry": {
        "type": "Polygon",
        "coordinates": [
          [
            [
              727.862,
              565.305
            ],
            [
              818.102,
              567.133
            ],
            [
              818.102,
              625.545
            ],
            [
              727.862,
              623.717
            ],
            [
              727.862,
              565.305
            ]
          ]
        ]
      },
      "properties": {
        "district": "commercial",
        "area": 5271.117149150581,
        "road_access": true,
        "index": [
          1,
          1
        ],
        "feature_type": "Block",
        "parent_id": "district-commercial-33",
        "stage": "blocks",
        "seed": 18232314292702815624
      }
    },
    {
      "type": "Feature",
      "id": "block-district-commercial-33-23",
      "geometry": {
        "type": "Polygon",
        "coordinates": [
          [
            [
              823.862,
              565.305
            ],
            [
              914.102,
              562.351
            ],
            [
              914.102,
              625.545
            ],
            [
              823.862,
              628.499
            ],
            [
              823.862,
              565.305
            ]
          ]
        ]
      },
      "properties": {
        "district": "commercial",
        "area": 5702.66471440348,
        "road_access": true,
        "index": [
          1,
          2
        ],
        "feature_type": "Block",
        "parent_id": "district-commercial-33",
        "stage": "blocks",
        "seed": 18232314292702815624
      }
    },
    {
      "type": "Feature",
      "id": "block-district-commercial-33-31",
      "geometry": {
        "type": "Polygon",
        "coordinates": [
          [
            [
              631.862,
              631.305
            ],
            [
              722.102,
              631.665
            ],
            [
              722.102,
              691.545
            ],
            [
              631.862,
              691.185
            ],
            [
              631.862,
              631.305
            ]
          ]
        ]
      },
      "properties": {
        "district": "commercial",
        "area": 5403.612806730904,
        "road_access": true,
        "index": [
          2,
          0
        ],
        "feature_type": "Block",
        "parent_id": "district-commercial-33",
        "stage": "blocks",
        "seed": 18232314292702815624
      }
    },
    {
      "type": "Feature",
      "id": "block-district-commercial-33-32",
      "geometry": {
        "type": "Polygon",
        "coordinates": [
          [
            [
              727.862,
              631.305
            ],
            [
              818.102,
              628.743
            ],
            [
              818.102,
              691.545
            ],
            [
              727.862,
              694.107
            ],
            [
              727.862,
              631.305
            ]
          ]
        ]
      },
      "properties": {
        "district": "commercial",
        "area": 5667.294570614293,
        "road_access": true,
        "index": [
          2,
          1
        ],
        "feature_type": "Block",
        "parent_id": "district-commercial-33",
        "stage": "blocks",
        "seed": 18232314292702815624
      }
    },
    {
      "type": "Feature",
      "id": "block-district-commercial-33-33",
      "geometry": {
        "type": "Polygon",
        "coordinates": [
          [
            [
              823.862,
              631.305
            ],
            [
              914.102,
              633.814
            ],
            [
              914.102,
              691.545
            ],
            [
              823.862,
              689.036
            ],
            [
              823.862,
              631.305
            ]
          ]
        ]
      },
      "properties": {
        "district": "commercial",
        "area": 5209.601132053067,
        "road_access": true,
        "index": [
          2,
          2
        ],
        "feature_type": "Block",
        "parent_id": "district-commercial-33",
        "stage": "blocks",
        "seed": 18232314292702815624
      }
    },
    {
      "type": "Feature",
      "id": "block-district-residential-34-11",
      "geometry": {
        "type": "Polygon",
        "coordinates": [
          [
            [
              914.88,
              513.513
            ],
            [
              1005.12,
              511.316
            ],
            [
              1005.12,
              573.753
            ],
            [
              914.88,
              575.95
            ],
            [
              914.88,
              513.513
            ]
          ]
        ]
      },
      "properties": {
        "district": "residential",
        "area": 5634.30682994728,
        "road_access": true,
        "index": [
          0,
          0
        ],
        "feature_type": "Block",
        "parent_id": "district-residential-34",
        "stage": "blocks",
        "seed": 18232314292702815624
      }
    },
    {
      "type": "Feature",
      "id": "block-district-residential-34-12",
      "geometry": {
        "type": "Polygon",
        "coordinates": [
          [
            [
              1010.88,
              513.513
            ],
            [
              1101.12,
              513.024
            ],
            [
              1101.12,
              573.753
            ],
            [
              1010.88,
              574.242
            ],
            [
              1010.88,
              513.513
            ]
          ]
        ]
      },
      "properties": {
        "district": "residential",
        "area": 5480.152066858485,
        "road_access": true,
        "index": [
          0,
          1
        ],
        "feature_type": "Block",
        "parent_id": "district-residential-34",
        "stage": "blocks",
        "seed": 18232314292702815624
      }
    },
    {
      "type": "Feature",
      "id": "block-district-residential-34-13",
      "geometry": {
        "type": "Polygon",
        "coordinates": [
          [
            [
              1106.88,
              513.513
            ],
            [
              1197.12,
              512.255
            ],
            [
              1197.12,
              573.753
            ],
            [
              1106.88,
              575.011
            ],
            [
              1106.88,
              513.513
            ]
          ]
        ]
      },
      "properties": {
        "district": "residential",
        "area": 5549.568222214992,
        "road_access": true,
        "index": [
          0,
          2
        ],
        "feature_type": "Block",
        "parent_id": "district-residential-34",
        "stage": "blocks",
        "seed": 18232314292702815624
      }
    },
    {
      "type": "Feature",
      "id": "block-district-residential-34-21",
      "geometry": {
        "type": "Polygon",
        "coordinates": [
          [
            [
              914.88,
              579.513
            ],
            [
              1005.12,
              577.641
            ],
            [
              1005.12,
              639.753
            ],
            [
              914.88,
              641.625
            ],
            [
              914.88,
              579.513
            ]
          ]
        ]
      },
      "properties": {
        "district": "residential",
        "area": 5604.997937483073,
        "road_access": true,
        "index": [
          1,
          0
        ],
        "feature_type": "Block",
        "parent_id": "district-residential-34",
        "stage": "blocks",
        "seed": 18232314292702815624
      }
    },
    {
      "type": "Feature",
      "id": "block-district-residential-34-22",
      "geometry": {
        "type": "Polygon",
        "coordinates": [
          [
            [
              1010.88,
              579.513
            ],
            [
              1101.12,
              581.236
            ],
            [
              1101.12,
              639.753
            ],
            [
              1010.88,
              638.03
            ],
            [
              1010.88,
              579.513
            ]
          ]
        ]
      },
      "properties": {
        "district": "residential",
        "area": 5280.579580286925,
        "road_access": true,
        "index": [
          1,
          1
        ],
        "feature_type": "Block",
        "parent_id": "district-residential-34",
        "stage": "blocks",
        "seed": 18232314292702815624
      }
    },
    {
      "type": "Feature",
      "id": "block-district-residential-34-23",
      "geometry": {
        "type": "Polygon",
        "coordinates": [
          [
            [
              1106.88,
              579.513
            ],
            [
              1197.12,
              579.733
            ],
            [
              1197.12,
              639.753
            ],
            [
              1106.88,
              639.533
            ],
            [
              1106.88,
              579.513
            ]
          ]
        ]
      },
      "properties": {
        "district": "residential",
        "area": 5416.211942260328,
        "road_access": true,
        "index": [
          1,
          2
        ],
        "feature_type": "Block",
        "parent_id": "district-residential-34",
        "stage": "blocks",
        "seed": 18232314292702815624
      }
    },
    {
      "type": "Feature",
      "id": "block-district-residential-34-31",
      "geometry": {
        "type": "Polygon",
        "coordinates": [
          [
            [
              914.88,
              645.513
            ],
            [
              1005.12,
              644.701
            ],
            [
              1005.12,
              705.753
            ],
            [
              914.88,
              706.565
            ],
            [
              914.88,
              645.513
            ]
          ]
        ]
      },
      "properties": {
        "district": "residential",
        "area": 5509.368890939397,
        "road_access": true,
        "index": [
          2,
          0
        ],
        "feature_type": "Block",
        "parent_id": "district-residential-34",
        "stage": "blocks",
        "seed": 18232314292702815624
      }
    },
    {
      "type": "Feature",
      "id": "block-district-residential-34-32",
      "geometry": {
        "type": "Polygon",
        "coordinates": [
          [
            [
              1010.88,
              645.513
            ],
            [
              1101.12,
              648.313
            ],
            [
              1101.12,
              705.753
            ],
            [
              1010.88,
              702.953
            ],
            [
              1010.88,
              645.513
            ]
          ]
        ]
      },
      "properties": {
        "district": "residential",
        "area": 5183.389695489255,
        "road_access": true,
        "index": [
          2,
          1
        ],
        "feature_type": "Block",
        "parent_id": "district-residential-34",
        "stage": "blocks",
        "seed": 18232314292702815624
      }
    },
    {
      "type": "Feature",
      "id": "block-district-residential-34-33",
      "geometry": {
        "type": "Polygon",
        "coordinates": [
          [
            [
              1106.88,
              645.513
            ],
            [
              1197.12,
              646.224
            ],
            [
              1197.12,
              705.753
            ],
            [
              1106.88,
              705.042
            ],
            [
              1106.88,
              645.513
            ]
          ]
        ]
      },
      "properties": {
        "district": "residential",
        "area": 5371.91110368073,
        "road_access": true,
        "index": [
          2,
          2
        ],
        "feature_type": "Block",
        "parent_id": "district-residential-34",
        "stage": "blocks",
        "seed": 18232314292702815624
      }
    },
    {
      "type": "Feature",
      "id": "block-district-park-41-11",
      "geometry": {
        "type": "Polygon",
        "coordinates": [
          [
            [
              3.12,
              705.12
            ],
            [
              152.88,
              705.926
            ],
            [
              152.88,
              797.88
            ],
            [
              3.12,
              797.074
            ],
            [
              3.12,
              705.12
            ]
          ]
        ]
      },
      "properties": {
        "district": "park",
        "area": 13771.01948627159,
        "road_access": true,
        "index": [
          0,
          0
        ],
        "feature_type": "Block",
        "parent_id": "district-park-41",
        "stage": "blocks",
        "seed": 18232314292702815624
      }
    },
    {
      "type": "Feature",
      "id": "block-district-park-41-12",
      "geometry": {
        "type": "Polygon",
        "coordinates": [
          [
            [
              159.12,
              705.12
            ],
            [
              308.88,
              705.335
            ],
            [
              308.88,
              797.88
            ],
            [
              159.12,
              797.665
            ],
            [
              159.12,
              705.12
            ]
          ]
        ]
      },
      "properties": {
        "district": "park",
        "area": 13859.57342795466,
        "road_access": true,
        "index": [
          0,
          1
        ],
        "feature_type": "Block",
        "parent_id": "district-park-41",
        "stage": "blocks",
        "seed": 18232314292702815624
      }
    },
    {
      "type": "Feature",
      "id": "block-district-park-41-21",
      "geometry": {
        "type": "Polygon",
        "coordinates": [
          [
            [
              3.12,
              804.12
            ],
            [
              152.88,
              806.286
            ],
            [
              152.88,
              896.88
            ],
            [
              3.12,
              894.714
            ],
            [
              3.12,
              804.12
            ]
          ]
        ]
      },
      "properties": {
        "district": "park",
        "area": 13567.423099012933,
        "road_access": true,
        "index": [
          1,
          0
        ],
        "feature_type": "Block",
        "parent_id": "district-park-41",
        "stage": "blocks",
        "seed": 18232314292702815624
      }
    },
    {
      "type": "Feature",
      "id": "block-district-park-41-22",
      "geometry": {
        "type": "Polygon",
        "coordinates": [
          [
            [
              159.12,
              804.12
            ],
            [
              308.88,
              806.548
            ],
            [
              308.88,
              896.88
            ],
            [
              159.12,
              894.452
            ],
            [
              159.12,
              804.12
            ]
          ]
        ]
      },
      "properties": {
        "district": "park",
        "area": 13528.15517497075,
        "road_access": true,
        "index": [
          1,
          1
        ],
        "feature_type": "Block",
        "parent_id": "district-park-41",
        "stage": "blocks",
        "seed": 18232314292702815624
      }
    },
    {
      "type": "Feature",
      "id": "block-district-residential-42-11",
      "geometry": {
        "type": "Polygon",
        "coordinates": [
          [
            [
              309.456,
              705.12
            ],
            [
              407.216,
              703.247
            ],
            [
              407.216,
              764.88
            ],
            [
              309.456,
              766.753
            ],
            [
              309.456,
              705.12
            ]
          ]
        ]
      },
      "properties": {
        "district": "residential",
        "area": 6025.259274231037,
        "road_access": true,
        "index": [
          0,
          0
        ],
        "feature_type": "Block",
        "parent_id": "district-residential-42",
        "stage": "blocks",
        "seed": 18232314292702815624
      }
    },
    {
      "type": "Feature",
      "id": "block-district-residential-42-12",
      "geometry": {
        "type": "Polygon",
        "coordinates": [
          [
            [
              413.456,
              705.12
            ],
            [
              511.216,
              706.771
            ],
            [
              511.216,
              764.88
            ],
            [
              413.456,
              763.229
            ],
            [
              413.456,
              705.12
            ]
          ]
        ]
      },
      "properties": {
        "district": "residential",
        "area": 5680.734783977328,
        "road_access": true,
        "index": [
          0,
          1
        ],
        "feature_type": "Block",
        "parent_id": "district-residential-42",
        "stage": "blocks",
        "seed": 18232314292702815624
      }
    },
    {
      "type": "Feature",
      "id": "block-district-residential-42-13",
      "geometry": {
        "type": "Polygon",
        "coordinates": [
          [
            [
              517.456,
              705.12
            ],
            [
              615.216,
              702.828
            ],
            [
              615.216,
              764.88
            ],
            [
              517.456,
              767.172
            ],
            [
              517.456,
              705.12
            ]
          ]
        ]
      },
      "properties": {
        "district": "residential",
        "area": 6066.193467310979,
        "road_access": true,
        "index": [
          0,
          2
        ],
        "feature_type": "Block",
        "parent_id": "district-residential-42",
        "stage": "blocks",
        "seed": 18232314292702815624
      }
    },
    {
      "type": "Feature",
      "id": "block-district-residential-42-21",
      "geometry": {
        "type": "Polygon",
        "coordinates": [
          [
            [
              309.456,
              771.12
            ],
            [
              407.216,
              769.652
            ],
            [
              407.216,
              830.88
            ],
            [
              309.456,
              832.348
            ],
            [
              309.456,
              771.12
            ]
          ]
        ]
      },
      "properties": {
        "district": "residential",
        "area": 5985.694645342504,
        "road_access": true,
        "index": [
          1,
          0
        ],
        "feature_type": "Block",
        "parent_id": "district-residential-42",
        "stage": "blocks",
        "seed": 18232314292702815624
      }
    },
    {
      "type": "Feature",
      "id": "block-district-residential-42-22",
      "geometry": {
        "type": "Polygon",
        "coordinates": [
          [
            [
              413.456,
              771.12
            ],
            [
              511.216,
              772.101
            ],
            [
              511.216,
              830.88
            ],
            [
              413.456,
              829.899
            ],
            [
              413.456,
              771.12
            ]
          ]
        ]
      },
      "properties": {
        "district": "residential",
        "area": 5746.217904481862,
        "road_access": true,
        "index": [
          1,
          1
        ],
        "feature_type": "Block",
        "parent_id": "district-residential-42",
        "stage": "blocks",
        "seed": 18232314292702815624
      }
    },
    {
      "type": "Feature",
      "id": "block-district-residential-42-23",
      "geometry": {
        "type": "Polygon",
        "coordinates": [
          [
            [
              517.456,
              771.12
            ],
            [
              615.216,
              768.879
            ],
            [
              615.216,
              830.88
            ],
            [
              517.456,
              833.121
            ],
            [
              517.456,
              771.12
            ]
          ]
        ]
      },
      "properties": {
        "district": "residential",
        "area": 6061.1939232469595,
        "road_access": true,
        "index": [
          1,
          2
        ],
        "feature_type": "Block",
        "parent_id": "district-residential-42",
        "stage": "blocks",
        "seed": 18232314292702815624
      }
    },
    {
      "type": "Feature",
      "id": "block-district-residential-42-31",
      "geometry": {
        "type": "Polygon",
        "coordinates": [
          [
            [
              309.456,
              837.12
            ],
            [
              407.216,
              837.815
            ],
            [
              407.216,
              896.88
            ],
            [
              309.456,
              896.185
            ],
            [
              309.456,
              837.12
            ]
          ]
        ]
      },
      "properties": {
        "district": "residential",
        "area": 5774.177196074976,
        "road_access": true,
        "index": [
          2,
          0
        ],
        "feature_type": "Block",
        "parent_id": "district-residential-42",
        "stage": "blocks",
        "seed": 18232314292702815624
      }
    },
    {
      "type": "Feature",
      "id": "block-district-residential-42-32",
      "geometry": {
        "type": "Polygon",
        "coordinates": [
          [
            [
              413.456,
              837.12
            ],
            [
              511.216,
              838.945
            ],
            [
              511.216,
              896.88
            ],
            [
              413.456,
              895.055
            ],
            [
              413.456,
              837.12
            ]
          ]
        ]
      },
      "properties": {
        "district": "residential",
        "area": 5663.688705021777,
        "road_access": true,
        "index": [
          2,
          1
        ],
        "feature_type": "Block",
        "parent_id": "district-residential-42",
        "stage": "blocks",
        "seed": 18232314292702815624
      }
    },
    {
      "type": "Feature",
      "id": "block-district-residential-42-33",
      "geometry": {
        "type": "Polygon",
        "coordinates": [
          [
            [
              517.456,
              837.12
            ],
            [
              615.216,
              839.456
            ],
            [
              615.216,
              896.88
            ],
            [
              517.456,
              894.544
            ],
            [
              517.456,
              837.12
            ]
          ]
        ]
      },
      "properties": {
        "district": "residential",
        "area": 5613.790514684864,
        "road_access": true,
        "index": [
          2,
          2
        ],
        "feature_type": "Block",
        "parent_id": "district-residential-42",
        "stage": "blocks",
        "seed": 18232314292702815624
      }
    },
    {
      "type": "Feature",
      "id": "block-district-residential-43-11",
      "geometry": {
        "type": "Polygon",
        "coordinates": [
          [
            [
              619.161,
              704.88
            ],
            [
              709.401,
              701.884
            ],
            [
              709.401,
              765.12
            ],
            [
              619.161,
              768.116
            ],
            [
              619.161,
              704.88
            ]
          ]
        ]
      },
      "properties": {
        "district": "residential",
        "area": 5706.416870424873,
        "road_access": true,
        "index": [
          0,
          0
        ],
        "feature_type": "Block",
        "parent_id": "district-residential-43",
        "stage": "blocks",
        "seed": 18232314292702815624
      }
    },
    {
      "type": "Feature",
      "id": "block-district-residential-43-12",
      "geometry": {
        "type": "Polygon",
        "coordinates": [
          [
            [
              715.161,
              704.88
            ],
            [
              805.401,
              706.929
            ],
            [
              805.401,
              765.12
            ],
            [
              715.161,
              763.071
            ],
            [
              715.161,
              704.88
            ]
          ]
        ]
      },
      "properties": {
        "district": "residential",
        "area": 5251.155480087153,
        "road_access": true,
        "index": [
          0,
          1
        ],
        "feature_type": "Block",
        "parent_id": "district-residential-43",
        "stage": "blocks",
        "seed": 18232314292702815624
      }
    },
    {
      "type": "Feature",
      "id": "block-district-residential-43-13",
      "geometry": {
        "type": "Polygon",
        "coordinates": [
          [
            [
              811.161,
              704.88
            ],
            [
              901.401,
              704.059
            ],
            [
              901.401,
              765.12
            ],
            [
              811.161,
              765.941
            ],
            [
              811.161,
              704.88
            ]
          ]
        ]
      },
      "properties": {
        "district": "residential",
        "area": 5510.114108965208,
        "road_access": true,
        "index": [
          0,
          2
        ],
        "feature_type": "Block",
        "parent_id": "district-residential-43",
        "stage": "blocks",
        "seed": 18232314292702815624
      }
    },
    {
      "type": "Feature",
      "id": "block-district-residential-43-21",
      "geometry": {
        "type": "Polygon",
        "coordinates": [
          [
            [
              619.161,
              770.88
            ],
            [
              709.401,
              769.661
            ],
            [
              709.401,
              831.12
            ],
            [
              619.161,
              832.339
            ],
            [
              619.161,
              770.88
            ]
          ]
        ]
      },
      "properties": {
        "district": "residential",
        "area": 5546.047924288432,
        "road_access": true,
        "index": [
          1,
          0
        ],
        "feature_type": "Block",
        "parent_id": "district-residential-43",
        "stage": "blocks",
        "seed": 18232314292702815624
      }
    },
    {
      "type": "Feature",
      "id": "block-district-residential-43-22",
      "geometry": {
        "type": "Polygon",
        "coordinates": [
          [
            [
              715.161,
              770.88
            ],
            [
              805.401,
              770.158
            ],
            [
              805.401,
              831.12
            ],
            [
              715.161,
              831.842
            ],
            [
              715.161,
              770.88
            ]
          ]
        ]
      },
      "properties": {
        "district": "residential",
        "area": 5501.233329077717,
        "road_access": true,
        "index": [
          1,
          1
        ],
        "feature_type": "Block",
        "parent_id": "district-residential-43",
        "stage": "blocks",
        "seed": 18232314292702815624
      }
    },
    {
      "type": "Feature",
      "id": "block-district-residential-43-23",
      "geometry": {
        "type": "Polygon",
        "coordinates": [
          [
            [
              811.161,
              770.88
            ],
            [
              901.401,
              772.955
            ],
            [
              901.401,
              831.12
            ],
            [
              811.161,
              829.045
            ],
            [
              811.161,
              770.88
            ]
          ]
        ]
      },
      "properties": {
        "district": "residential",
        "area": 5248.781101317378,
        "road_access": true,
        "index": [
          1,
          2
        ],
        "feature_type": "Block",
        "parent_id": "district-residential-43",
        "stage": "blocks",
        "seed": 18232314292702815624
      }
    },
    {
      "type": "Feature",
      "id": "block-district-residential-43-31",
      "geometry": {
        "type": "Polygon",
        "coordinates": [
          [
            [
              619.161,
              836.88
            ],
            [
              709.401,
              839.512
            ],
            [
              709.401,
              897.12
            ],
            [
              619.161,
              894.488
            ],
            [
              619.161,
              836.88
            ]
          ]
        ]
      },
      "properties": {
        "district": "residential",
        "area": 5198.530127214995,
        "road_access": true,
        "index": [
          2,
          0
        ],
        "feature_type": "Block",
        "parent_id": "district-residential-43",
        "stage": "blocks",
        "seed": 18232314292702815624
      }
    },
    {
      "type": "Feature",
      "id": "block-district-residential-43-32",
      "geometry": {
        "type": "Polygon",
        "coordinates": [
          [
            [
              715.161,
              836.88
            ],
            [
              805.401,
              838.213
            ],
            [
              805.401,
              897.12
            ],
            [
              715.161,
              895.787
            ],
            [
              715.161,
              836.88
            ]
          ]
        ]
      },
      "properties": {
        "district": "residential",
        "area": 5315.75077326817,
        "road_access": true,
        "index": [
          2,
          1
        ],
        "feature_type": "Block",
        "parent_id": "district-residential-43",
        "stage": "blocks",
        "seed": 18232314292702815624
      }
    },
    {
      "type": "Feature",
      "id": "block-district-residential-43-33",
      "geometry": {
        "type": "Polygon",
        "coordinates": [
          [
            [
              811.161,
              836.88
            ],
            [
              901.401,
              837.401
            ],
            [
              901.401,
              897.12
            ],
            [
              811.161,
              896.599
            ],
            [
              811.161,
              836.88
            ]
          ]
        ]
      },
      "properties": {
        "district": "residential",
        "area": 5389.019232561288,
        "road_access": true,
        "index": [
          2,
          2
        ],
        "feature_type": "Block",
        "parent_id": "district-residential-43",
        "stage": "blocks",
        "seed": 18232314292702815624
      }
    },
    {
      "type": "Feature",
      "id": "block-district-business-44-11",
      "geometry": {
        "type": "Polygon",
        "coordinates": [
          [
            [
              914.88,
              704.88
            ],
            [
              1005.12,
              702.802
            ],
            [
              1005.12,
              765.12
            ],
            [
              914.88,
              767.198
            ],
            [
              914.88,
              704.88
            ]
          ]
        ]
      },
      "properties": {
        "district": "business",
        "area": 5623.597500289325,
        "road_access": true,
        "index": [
          0,
          0
        ],
        "feature_type": "Block",
        "parent_id": "district-business-44",
        "stage": "blocks",
        "seed": 18232314292702815624
      }
    },
    {
      "type": "Feature",
      "id": "block-district-business-44-12",
      "geometry": {
        "type": "Polygon",
        "coordinates": [
          [
            [
              1010.88,
              704.88
            ],
            [
              1101.12,
              705.997
            ],
            [
              1101.12,
              765.12
            ],
            [
              1010.88,
              764.003
            ],
            [
              1010.88,
              704.88
            ]
          ]
        ]
      },
      "properties": {
        "district": "business",
        "area": 5335.236077703827,
        "road_access": true,
        "index": [
          0,
          1
        ],
        "feature_type": "Block",
        "parent_id": "district-business-44",
        "stage": "blocks",
        "seed": 18232314292702815624
      }
    },
    {
      "type": "Feature",
      "id": "block-district-business-44-13",
      "geometry": {
        "type": "Polygon",
        "coordinates": [
          [
            [
              1106.88,
              704.88
            ],
            [
              1197.12,
              703.768
            ],
            [
              1197.12,
              765.12
            ],
            [
              1106.88,
              766.232
            ],
            [
              1106.88,
              704.88
            ]
          ]
        ]
      },
      "properties": {
        "district": "business",
        "area": 5536.386186495714,
        "road_access": true,
        "index": [
          0,
          2
        ],
        "feature_type": "Block",
        "parent_id": "district-business-44",
        "stage": "blocks",
        "seed": 18232314292702815624
      }
    },
    {
      "type": "Feature",
      "id": "block-district-business-44-21",
      "geometry": {
        "type": "Polygon",
        "coordinates": [
          [
            [
              914.88,
              770.88
            ],
            [
              1005.12,
              770.046
            ],
            [
              1005.12,
              831.12
            ],
            [
              914.88,
              831.954
            ],
            [
              914.88,
              770.88
            ]
          ]
        ]
      },
      "properties": {
        "district": "business",
        "area": 5511.2926245595445,
        "road_access": true,
        "index": [
          1,
          0
        ],
        "feature_type": "Block",
        "parent_id": "district-business-44",
        "stage": "blocks",
        "seed": 18232314292702815624
      }
    },
    {
      "type": "Feature",
      "id": "block-district-business-44-22",
      "geometry": {
        "type": "Polygon",
        "coordinates": [
          [
            [
              1010.88,
              770.88
            ],
            [
              1101.12,
              768.555
            ],
            [
              1101.12,
              831.12
            ],
            [
              1010.88,
              833.445
            ],
            [
              1010.88,
              770.88
            ]
          ]
        ]
      },
      "properties": {
        "district": "business",
        "area": 5645.861559922458,
        "road_access": true,
        "index": [
          1,
          1
        ],
        "feature_type": "Block",
        "parent_id": "district-business-44",
        "stage": "blocks",
        "seed": 18232314292702815624
      }
    },
    {
      "type": "Feature",
      "id": "block-district-business-44-23",
      "geometry": {
        "type": "Polygon",
        "coordinates": [
          [
            [
              1106.88,
              770.88
            ],
            [
              1197.12,
              773.663
            ],
            [
              1197.12,
              831.12
            ],
            [
              1106.88,
              828.337
            ],
            [
              1106.88,
              770.88
            ]
          ]
        ]
      },
      "properties": {
        "district": "business",
        "area": 5184.9645780377905,
        "road_access": true,
        "index": [
          1,
          2
        ],
        "feature_type": "Block",
        "parent_id": "district-business-44",
        "stage": "blocks",
        "seed": 18232314292702815624
      }
    },
    {
      "type": "Feature",
      "id": "block-district-business-44-31",
      "geometry": {
        "type": "Polygon",
        "coordinates": [
          [
            [
              914.88,
              836.88
            ],
            [
              1005.12,
              833.943
            ],
            [
              1005.12,
              897.12
            ],
            [
              914.88,
              900.0
            ],
            [
              914.88,
              836.88
            ]
          ]
        ]
      },
      "properties": {
        "district": "business",
        "area": 5698.528540493629,
        "road_access": true,
        "index": [
          2,
          0
        ],
        "feature_type": "Block",
        "parent_id": "district-business-44",
        "stage": "blocks",
        "seed": 18232314292702815624
      }
    },
    {
      "type": "Feature",
      "id": "block-district-business-44-32",
      "geometry": {
        "type": "Polygon",
        "coordinates": [
          [
            [
              1010.88,
              836.88
            ],
            [
              1101.12,
              836.838
            ],
            [
              1101.12,
              897.12
            ],
            [
              1010.88,
              897.162
            ],
            [
              1010.88,
              836.88
            ]
          ]
        ]
      },
      "properties": {
        "district": "business",
        "area": 5439.878171864315,
        "road_access": true,
        "index": [
          2,
          1
        ],
        "feature_type": "Block",
        "parent_id": "district-business-44",
        "stage": "blocks",
        "seed": 18232314292702815624
      }
    },
    {
      "type": "Feature",
      "id": "block-district-business-44-33",
      "geometry": {
        "type": "Polygon",
        "coordinates": [
          [
            [
              1106.88,
              836.88
            ],
            [
              1197.12,
              839.197
            ],
            [
              1197.12,
              897.12
            ],
            [
              1106.88,
              894.803
            ],
            [
              1106.88,
              836.88
            ]
          ]
        ]
      },
      "properties": {
        "district": "business",
        "area": 5226.984605243197,
        "road_access": true,
        "index": [
          2,
          2
        ],
        "feature_type": "Block",
        "parent_id": "district-business-44",
        "stage": "blocks",
        "seed": 18232314292702815624
      }
    },
    {
      "type": "Feature",
      "id": "lot-block-district-industrial-11-11-1",
      "geometry": {
        "type": "Polygon",
        "coordinates": [
          [
            [
              4.62,
              2.054
            ],
            [
              51.54,
              2.054
            ],
            [
              51.54,
              87.946
            ],
            [
              4.62,
              87.946
            ],
            [
              4.62,
              2.054
            ]
          ]
        ]
      },
      "properties": {
        "size": 4030.05,
        "orientation": "east_west",
        "road_access": true,
        "zone": "industrial",
        "frontage": 46.92,
        "vacant": false,
        "feature_type": "Lot",
        "parent_id": "block-district-industrial-11-11",
        "stage": "lots",
        "seed": 10198509143117359959
      }
    },
    {
      "type": "Feature",
      "id": "lot-block-district-industrial-11-11-2",
      "geometry": {
        "type": "Polygon",
        "coordinates": [
          [
            [
              54.54,
              2.054
            ],
            [
              101.46,
              2.054
            ],
            [
              101.46,
              87.946
            ],
            [
              54.54,
              87.946
            ],
            [
              54.54,
              2.054
            ]
          ]
        ]
      },
      "properties": {
        "size": 4030.05,
        "orientation": "east_west",
        "road_access": true,
        "zone": "industrial",
        "frontage": 46.92,
        "vacant": true,
        "feature_type": "Lot",
        "parent_id": "block-district-industrial-11-11",
        "stage": "lots",
        "seed": 10198509143117359959
      }
    },
    {
      "type": "Feature",
      "id": "lot-block-district-industrial-11-11-3",
      "geometry": {
        "type": "Polygon",
        "coordinates": [
          [
            [
              104.46,
              2.054
            ],
            [
              151.38,
              2.054
            ],
            [
              151.38,
              87.946
            ],
            [
              104.46,
              87.946
            ],
            [
              104.46,
              2.054
            ]
          ]
        ]
      },
      "properties": {
        "size": 4030.05,
        "orientation": "east_west",
        "road_access": true,
        "zone": "industrial",
        "frontage": 46.92,
        "vacant": false,
        "feature_type": "Lot",
        "parent_id": "block-district-industrial-11-11",
        "stage": "lots",
        "seed": 10198509143117359959
      }
    },
    {
      "type": "Feature",
      "id": "lot-block-district-industrial-11-12-1",
      "geometry": {
        "type": "Polygon",
        "coordinates": [
          [
            [
              160.62,
              4.62
            ],
            [
              207.54,
              4.62
            ],
            [
              207.54,
              85.38
            ],
            [
              160.62,
              85.38
            ],
            [
              160.62,
              4.62
            ]
          ]
        ]
      },
      "properties": {
        "size": 3789.26,
        "orientation": "east_west",
        "road_access": true,
        "zone": "industrial",
        "frontage": 46.92,
        "vacant": false,
        "feature_type": "Lot",
        "parent_id": "block-district-industrial-11-12",
        "stage": "lots",
        "seed": 10198509143117359959
      }
    },
    {
      "type": "Feature",
      "id": "lot-block-district-industrial-11-12-2",
      "geometry": {
        "type": "Polygon",
        "coordinates": [
          [
            [
              210.54,
              4.62
            ],
            [
              257.46,
              4.62
            ],
            [
              257.46,
              85.38
            ],
            [
              210.54,
              85.38
            ],
            [
              210.54,
              4.62
            ]
          ]
        ]
      },
      "properties": {
        "size": 3789.26,
        "orientation": "east_west",
        "road_access": true,
        "zone": "industrial",
        "frontage": 46.92,
        "vacant": false,
        "feature_type": "Lot",
        "parent_id": "block-district-industrial-11-12",
        "stage": "lots",
        "seed": 10198509143117359959
      }
    },
    {
      "type": "Feature",
      "id": "lot-block-district-industrial-11-12-3",
      "geometry": {
        "type": "Polygon",
        "coordinates": [
          [
            [
              260.46,
              4.62
            ],
            [
              307.38,
              4.62
            ],
            [
              307.38,
              85.38
            ],
            [
              260.46,
              85.38
            ],
            [
              260.46,
              4.62
            ]
          ]
        ]
      },
      "properties": {
        "size": 3789.26,
        "orientation": "east_west",
        "road_access": true,
        "zone": "industrial",
        "frontage": 46.92,
        "vacant": false,
        "feature_type": "Lot",
        "parent_id": "block-district-industrial-11-12",
        "stage": "lots",
        "seed": 10198509143117359959
      }
    },
    {
      "type": "Feature",
      "id": "lot-block-district-industrial-11-21-1",
      "geometry": {
        "type": "Polygon",
        "coordinates": [
          [
            [
              4.62,
              92.68
            ],
            [
              51.54,
              92.68
            ],
            [
              51.54,
              177.32
            ],
            [
              4.62,
              177.32
            ],
            [
              4.62,
              92.68
            ]
          ]
        ]
      },
      "properties": {
        "size": 3971.31,
        "orientation": "east_west",
        "road_access": true,
        "zone": "industrial",
        "frontage": 46.92,
        "vacant": false,
        "feature_type": "Lot",
        "parent_id": "block-district-industrial-11-21",
        "stage": "lots",
        "seed": 10198509143117359959
      }
    },
    {
      "type": "Feature",
      "id": "lot-block-district-industrial-11-21-2",
      "geometry": {
        "type": "Polygon",
        "coordinates": [
          [
            [
              54.54,
              92.68
            ],
            [
              101.46,
              92.68
            ],
            [
              101.46,
              177.32
            ],
            [
              54.54,
              177.32
            ],
            [
              54.54,
              92.68
            ]
          ]
        ]
      },
      "properties": {
        "size": 3971.31,
        "orientation": "east_west",
        "road_access": true,
        "zone": "industrial",
        "frontage": 46.92,
        "vacant": false,
        "feature_type": "Lot",
        "parent_id": "block-district-industrial-11-21",
        "stage": "lots",
        "seed": 10198509143117359959
      }
    },
    {
      "type": "Feature",
      "id": "lot-block-district-industrial-11-21-3",
      "geometry": {
        "type": "Polygon",
        "coordinates": [
          [
            [
              104.46,
              92.68
            ],
            [
              151.38,
              92.68
            ],
            [
              151.38,
              177.32
            ],
            [
              104.46,
              177.32
            ],
            [
              104.46,
              92.68
            ]
          ]
        ]
      },
      "properties": {
        "size": 3971.31,
        "orientation": "east_west",
        "road_access": true,
        "zone": "industrial",
        "frontage": 46.92,
        "vacant": false,
        "feature_type": "Lot",
        "parent_id": "block-district-industrial-11-21",
        "stage": "lots",
        "seed": 10198509143117359959
      }
    },
    {
      "type": "Feature",
      "id": "lot-block-district-industrial-11-22-1",
      "geometry": {
        "type": "Polygon",
        "coordinates": [
          [
            [
              160.62,
              91.88
            ],
            [
              207.54,
              91.88
            ],
            [
              207.54,
              178.12
            ],
            [
              160.62,
              178.12
            ],
            [
              160.62,
              91.88
            ]
          ]
        ]
      },
      "properties": {
        "size": 4046.38,
        "orientation": "east_west",
        "road_access": true,
        "zone": "industrial",
        "frontage": 46.92,
        "vacant": false,
        "feature_type": "Lot",
        "parent_id": "block-district-industrial-11-22",
        "stage": "lots",
        "seed": 10198509143117359959
      }
    },
    {
      "type": "Feature",
      "id": "lot-block-district-industrial-11-22-2",
      "geometry": {
        "type": "Polygon",
        "coordinates": [
          [
            [
              210.54,
              91.88
            ],
            [
              257.46,
              91.88
            ],
            [
              257.46,
              178.12
            ],
            [
              210.54,
              178.12
            ],
            [
              210.54,
              91.88
            ]
          ]
        ]
      },
      "properties": {
        "size": 4046.38,
        "orientation": "east_west",
        "road_access": true,
        "zone": "industrial",
        "frontage": 46.92,
        "vacant": false,
        "feature_type": "Lot",
        "parent_id": "block-district-industrial-11-22",
        "stage": "lots",
        "seed": 10198509143117359959
      }
    },
    {
      "type": "Feature",
      "id": "lot-block-district-industrial-11-22-3",
      "geometry": {
        "type": "Polygon",
        "coordinates": [
          [
            [
              260.46,
              91.88
            ],
            [
              307.38,
              91.88
            ],
            [
              307.38,
              178.12
            ],
            [
              260.46,
              178.12
            ],
            [
              260.46,
              91.88
            ]
          ]
        ]
      },
      "properties": {
        "size": 4046.38,
        "orientation": "east_west",
        "road_access": true,
        "zone": "industrial",
        "frontage": 46.92,
        "vacant": false,
        "feature_type": "Lot",
        "parent_id": "block-district-industrial-11-22",
        "stage": "lots",
        "seed": 10198509143117359959
      }
    },
    {
      "type": "Feature",
      "id": "lot-block-district-industrial-11-31-1",
      "geometry": {
        "type": "Polygon",
        "coordinates": [
          [
            [
              4.62,
              182.745
            ],
            [
              51.54,
              182.745
            ],
            [
              51.54,
              267.255
            ],
            [
              4.62,
              267.255
            ],
            [
              4.62,
              182.745
            ]
          ]
        ]
      },
      "properties": {
        "size": 3965.21,
        "orientation": "east_west",
        "road_access": true,
        "zone": "industrial",
        "frontage": 46.92,
        "vacant": false,
        "feature_type": "Lot",
        "parent_id": "block-district-industrial-11-31",
        "stage": "lots",
        "seed": 10198509143117359959
      }
    },
    {
      "type": "Feature",
      "id": "lot-block-district-industrial-11-31-2",
      "geometry": {
        "type": "Polygon",
        "coordinates": [
          [
            [
              54.54,
              182.745
            ],
            [
              101.46,
              182.745
            ],
            [
              101.46,
              267.255
            ],
            [
              54.54,
              267.255
            ],
            [
              54.54,
              182.745
            ]
          ]
        ]
      },
      "properties": {
        "size": 3965.21,
        "orientation": "east_west",
        "road_access": true,
        "zone": "industrial",
        "frontage": 46.92,
        "vacant": false,
        "feature_type": "Lot",
        "parent_id": "block-district-industrial-11-31",
        "stage": "lots",
        "seed": 10198509143117359959
      }
    },
    {
      "type": "Feature",
      "id": "lot-block-district-industrial-11-31-3",
      "geometry": {
        "type": "Polygon",
        "coordinates": [
          [
            [
              104.46,
              182.745
            ],
            [
              151.38,
              182.745
            ],
            [
              151.38,
              267.255
            ],
            [
              104.46,
              267.255
            ],
            [
              104.46,
              182.745
            ]
          ]
        ]
      },
      "properties": {
        "size": 3965.21,
        "orientation": "east_west",
        "road_access": true,
        "zone": "industrial",
        "frontage": 46.92,
        "vacant": false,
        "feature_type": "Lot",
        "parent_id": "block-district-industrial-11-31",
        "stage": "lots",
        "seed": 10198509143117359959
      }
    },
    {
      "type": "Feature",
      "id": "lot-block-district-industrial-11-32-1",
      "geometry": {
        "type": "Polygon",
        "coordinates": [
          [
            [
              160.62,
              182.298
            ],
            [
              207.54,
              182.298
            ],
            [
              207.54,
              267.702
            ],
            [
              160.62,
              267.702
            ],
            [
              160.62,
              182.298
            ]
          ]
        ]
      },
      "properties": {
        "size": 4007.16,
        "orientation": "east_west",
        "road_access": true,
        "zone": "industrial",
        "frontage": 46.92,
        "vacant": false,
        "feature_type": "Lot",
        "parent_id": "block-district-industrial-11-32",
        "stage": "lots",
        "seed": 10198509143117359959
      }
    },
    {
      "type": "Feature",
      "id": "lot-block-district-industrial-11-32-2",
      "geometry": {
        "type": "Polygon",
        "coordinates": [
          [
            [
              210.54,
              182.298
            ],
            [
              257.46,
              182.298
            ],
            [
              257.46,
              267.702
            ],
            [
              210.54,
              267.702
            ],
            [
              210.54,
              182.298
            ]
          ]
        ]
      },
      "properties": {
        "size": 4007.16,
        "orientation": "east_west",
        "road_access": true,
        "zone": "industrial",
        "frontage": 46.92,
        "vacant": false,
        "feature_type": "Lot",
        "parent_id": "block-district-industrial-11-32",
        "stage": "lots",
        "seed": 10198509143117359959
      }
    },
    {
      "type": "Feature",
      "id": "lot-block-district-industrial-11-32-3",
      "geometry": {
        "type": "Polygon",
        "coordinates": [
          [
            [
              260.46,
              182.298
            ],
            [
              307.38,
              182.298
            ],
            [
              307.38,
              267.702
            ],
            [
              260.46,
              267.702
            ],
            [
              260.46,
              182.298
            ]
          ]
        ]
      },
      "properties": {
        "size": 4007.16,
        "orientation": "east_west",
        "road_access": true,
        "zone": "industrial",
        "frontage": 46.92,
        "vacant": false,
        "feature_type": "Lot",
        "parent_id": "block-district-industrial-11-32",
        "stage": "lots",
        "seed": 10198509143117359959
      }
    },
    {
      "type": "Feature",
      "id": "lot-block-district-park-12-11-1",
      "geometry": {
        "type": "Polygon",
        "coordinates": [
          [
            [
              313.043,
              4.064
            ],
            [
              359.963,
              4.064
            ],
            [
              359.963,
              130.936
            ],
            [
              313.043,
              130.936
            ],
            [
              313.043,
              4.064
            ]
          ]
        ]
      },
      "properties": {
        "size": 5952.83,
        "orientation": "east_west",
        "road_access": true,
        "zone": "park",
        "frontage": 46.92,
        "vacant": false,
        "feature_type": "Lot",
        "parent_id": "block-district-park-12-11",
        "stage": "lots",
        "seed": 10198509143117359959
      }
    },
    {
      "type": "Feature",
      "id": "lot-block-district-park-12-11-2",
      "geometry": {
        "type": "Polygon",
        "coordinates": [
          [
            [
              362.963,
              4.064
            ],
            [
              409.883,
              4.064
            ],
            [
              409.883,
              130.936
            ],
            [
              362.963,
              130.936
            ],
            [
              362.963,
              4.064
            ]
          ]
        ]
      },
      "properties": {
        "size": 5952.83,
        "orientation": "east_west",
        "road_access": true,
        "zone": "park",
        "frontage": 46.92,
        "vacant": false,
        "feature_type": "Lot",
        "parent_id": "block-district-park-12-11",
        "stage": "lots",
        "seed": 10198509143117359959
      }
    },
    {
      "type": "Feature",
      "id": "lot-block-district-park-12-11-3",
      "geometry": {
        "type": "Polygon",
        "coordinates": [
          [
            [
              412.883,
              4.064
            ],
            [
              459.803,
              4.064
            ],
            [
              459.803,
              130.936
            ],
            [
              412.883,
              130.936
            ],
            [
              412.883,
              4.064
            ]
          ]
        ]
      },
      "properties": {
        "size": 5952.83,
        "orientation": "east_west",
        "road_access": true,
        "zone": "park",
        "frontage": 46.92,
        "vacant": true,
        "feature_type": "Lot",
        "parent_id": "block-district-park-12-11",
        "stage": "lots",
        "seed": 10198509143117359959
      }
    },
    {
      "type": "Feature",
      "id": "lot-block-district-park-12-12-1",
      "geometry": {
        "type": "Polygon",
        "coordinates": [
          [
            [
              469.043,
              1.78
            ],
            [
              515.963,
              1.78
            ],
            [
              515.963,
              133.22
            ],
            [
              469.043,
              133.22
            ],
            [
              469.043,
              1.78
            ]
          ]
        ]
      },
      "properties": {
        "size": 6167.16,
        "orientation": "east_west",
        "road_access": true,
        "zone": "park",
        "frontage": 46.92,
        "vacant": false,
        "feature_type": "Lot",
        "parent_id": "block-district-park-12-12",
        "stage": "lots",
        "seed": 10198509143117359959
      }
    },
    {
      "type": "Feature",
      "id": "lot-block-district-park-12-12-2",
      "geometry": {
        "type": "Polygon",
        "coordinates": [
          [
            [
              518.963,
              1.78
            ],
            [
              565.883,
              1.78
            ],
            [
              565.883,
              133.22
            ],
            [
              518.963,
              133.22
            ],
            [
              518.963,
              1.78
            ]
          ]
        ]
      },
      "properties": {
        "size": 6167.16,
        "orientation": "east_west",
        "road_access": true,
        "zone": "park",
        "frontage": 46.92,
        "vacant": false,
        "feature_type": "Lot",
        "parent_id": "block-district-park-12-12",
        "stage": "lots",
        "seed": 10198509143117359959
      }
    },
    {
      "type": "Feature",
      "id": "lot-block-district-park-12-12-3",
      "geometry": {
        "type": "Polygon",
        "coordinates": [
          [
            [
              568.883,
              1.78
            ],
            [
              615.803,
              1.78
            ],
            [
              615.803,
              133.22
            ],
            [
              568.883,
              133.22
            ],
            [
              568.883,
              1.78
            ]
          ]
        ]
      },
      "properties": {
        "size": 6167.16,
        "orientation": "east_west",
        "road_access": true,
        "zone": "park",
        "frontage": 46.92,
        "vacant": false,
        "feature_type": "Lot",
        "parent_id": "block-district-park-12-12",
        "stage": "lots",
        "seed": 10198509143117359959
      }
    },
    {
      "type": "Feature",
      "id": "lot-block-district-park-12-21-1",
      "geometry": {
        "type": "Polygon",
        "coordinates": [
          [
            [
              313.043,
              138.213
            ],
            [
              359.963,
              138.213
            ],
            [
              359.963,
              266.787
            ],
            [
              313.043,
              266.787
            ],
            [
              313.043,
              138.213
            ]
          ]
        ]
      },
      "properties": {
        "size": 6032.69,
        "orientation": "east_west",
        "road_access": true,
        "zone": "park",
        "frontage": 46.92,
        "vacant": false,
        "feature_type": "Lot",
        "parent_id": "block-district-park-12-21",
        "stage": "lots",
        "seed": 10198509143117359959
      }
    },
    {
      "type": "Feature",
      "id": "lot-block-district-park-12-21-2",
      "geometry": {
        "type": "Polygon",
        "coordinates": [
          [
            [
              362.963,
              138.213
            ],
            [
              409.883,
              138.213
            ],
            [
              409.883,
              266.787
            ],
            [
              362.963,
              266.787
            ],
            [
              362.963,
              138.213
            ]
          ]
        ]
      },
      "properties": {
        "size": 6032.69,
        "orientation": "east_west",
        "road_access": true,
        "zone": "park",
        "frontage": 46.92,
        "vacant": false,
        "feature_type": "Lot",
        "parent_id": "block-district-park-12-21",
        "stage": "lots",
        "seed": 10198509143117359959
      }
    },
    {
      "type": "Feature",
      "id": "lot-block-district-park-12-21-3",
      "geometry": {
        "type": "Polygon",
        "coordinates": [
          [
            [
              412.883,
              138.213
            ],
            [
              459.803,
              138.213
            ],
            [
              459.803,
              266.787
            ],
            [
              412.883,
              266.787
            ],
            [
              412.883,
              138.213
            ]
          ]
        ]
      },
      "properties": {
        "size": 6032.69,
        "orientation": "east_west",
        "road_access": true,
        "zone": "park",
        "frontage": 46.92,
        "vacant": false,
        "feature_type": "Lot",
        "parent_id": "block-district-park-12-21",
        "stage": "lots",
        "seed": 10198509143117359959
      }
    },
    {
      "type": "Feature",
      "id": "lot-block-district-park-12-22-1",
      "geometry": {
        "type": "Polygon",
        "coordinates": [
          [
            [
              469.043,
              138.973
            ],
            [
              515.963,
              138.973
            ],
            [
              515.963,
              266.027
            ],
            [
              469.043,
              266.027
            ],
            [
              469.043,
              138.973
            ]
          ]
        ]
      },
      "properties": {
        "size": 5961.37,
        "orientation": "east_west",
        "road_access": true,
        "zone": "park",
        "frontage": 46.92,
        "vacant": false,
        "feature_type": "Lot",
        "parent_id": "block-district-park-12-22",
        "stage": "lots",
        "seed": 10198509143117359959
      }
    },
    {
      "type": "Feature",
      "id": "lot-block-district-park-12-22-2",
      "geometry": {
        "type": "Polygon",
        "coordinates": [
          [
            [
              518.963,
              138.973
            ],
            [
              565.883,
              138.973
            ],
            [
              565.883,
              266.027
            ],
            [
              518.963,
              266.027
            ],
            [
              518.963,
              138.973
            ]
          ]
        ]
      },
      "properties": {
        "size": 5961.37,
        "orientation": "east_west",
        "road_access": true,
        "zone": "park",
        "frontage": 46.92,
        "vacant": false,
        "feature_type": "Lot",
        "parent_id": "block-district-park-12-22",
        "stage": "lots",
        "seed": 10198509143117359959
      }
    },
    {
      "type": "Feature",
      "id": "lot-block-district-park-12-22-3",
      "geometry": {
        "type": "Polygon",
        "coordinates": [
          [
            [
              568.883,
              138.973
            ],
            [
              615.803,
              138.973
            ],
            [
              615.803,
              266.027
            ],
            [
              568.883,
              266.027
            ],
            [
              568.883,
              138.973
            ]
          ]
        ]
      },
      "properties": {
        "size": 5961.37,
        "orientation": "east_west",
        "road_access": true,
        "zone": "park",
        "frontage": 46.92,
        "vacant": false,
        "feature_type": "Lot",
        "parent_id": "block-district-park-12-22",
        "stage": "lots",
        "seed": 10198509143117359959
      }
    },
    {
      "type": "Feature",
      "id": "lot-block-district-commercial-13-11-1",
      "geometry": {
        "type": "Polygon",
        "coordinates": [
          [
            [
              636.007,
              4.38
            ],
            [
              663.087,
              4.38
            ],
            [
              663.087,
              85.62
            ],
            [
              636.007,
              85.62
            ],
            [
              636.007,
              4.38
            ]
          ]
        ]
      },
      "properties": {
        "size": 2199.98,
        "orientation": "east_west",
        "road_access": true,
        "zone": "commercial",
        "frontage": 27.08,
        "vacant": false,
        "feature_type": "Lot",
        "parent_id": "block-district-commercial-13-11",
        "stage": "lots",
        "seed": 10198509143117359959
      }
    },
    {
      "type": "Feature",
      "id": "lot-block-district-commercial-13-11-2",
      "geometry": {
        "type": "Polygon",
        "coordinates": [
          [
            [
              666.087,
              4.38
            ],
            [
              693.167,
              4.38
            ],
            [
              693.167,
              85.62
            ],
            [
              666.087,
              85.62
            ],
            [
              666.087,
              4.38
            ]
          ]
        ]
      },
      "properties": {
        "size": 2199.98,
        "orientation": "east_west",
        "road_access": true,
        "zone": "commercial",
        "frontage": 27.08,
        "vacant": false,
        "feature_type": "Lot",
        "parent_id": "block-district-commercial-13-11",
        "stage": "lots",
        "seed": 10198509143117359959
      }
    },
    {
      "type": "Feature",
      "id": "lot-block-district-commercial-13-11-3",
      "geometry": {
        "type": "Polygon",
        "coordinates": [
          [
            [
              696.167,
              4.38
            ],
            [
              723.247,
              4.38
            ],
            [
              723.247,
              85.62
            ],
            [
              696.167,
              85.62
            ],
            [
              696.167,
              4.38
            ]
          ]
        ]
      },
      "properties": {
        "size": 2199.98,
        "orientation": "east_west",
        "road_access": true,
        "zone": "commercial",
        "frontage": 27.08,
        "vacant": false,
        "feature_type": "Lot",
        "parent_id": "block-district-commercial-13-11",
        "stage": "lots",
        "seed": 10198509143117359959
      }
    },
    {
      "type": "Feature",
      "id": "lot-block-district-commercial-13-12-1",
      "geometry": {
        "type": "Polygon",
        "coordinates": [
          [
            [
              732.007,
              1.792
            ],
            [
              759.087,
              1.792
            ],
            [
              759.087,
              88.208
            ],
            [
              732.007,
              88.208
            ],
            [
              732.007,
              1.792
            ]
          ]
        ]
      },
      "properties": {
        "size": 2340.15,
        "orientation": "east_west",
        "road_access": true,
        "zone": "commercial",
        "frontage": 27.08,
        "vacant": false,
        "feature_type": "Lot",
        "parent_id": "block-district-commercial-13-12",
        "stage": "lots",
        "seed": 10198509143117359959
      }
    },
    {
      "type": "Feature",
      "id": "lot-block-district-commercial-13-12-2",
      "geometry": {
        "type": "Polygon",
        "coordinates": [
          [
            [
              762.087,
              1.792
            ],
            [
              789.167,
              1.792
            ],
            [
              789.167,
              88.208
            ],
            [
              762.087,
              88.208
            ],
            [
              762.087,
              1.792
            ]
          ]
        ]
      },
      "properties": {
        "size": 2340.15,
        "orientation": "east_west",
        "road_access": true,
        "zone": "commercial",
        "frontage": 27.08,
        "vacant": false,
        "feature_type": "Lot",
        "parent_id": "block-district-commercial-13-12",
        "stage": "lots",
        "seed": 10198509143117359959
      }
    },
    {
      "type": "Feature",
      "id": "lot-block-district-commercial-13-12-3",
      "geometry": {
        "type": "Polygon",
        "coordinates": [
          [
            [
              792.167,
              1.792
            ],
            [
              819.247,
              1.792
            ],
            [
              819.247,
              88.208
            ],
            [
              792.167,
              88.208
            ],
            [
              792.167,
              1.792
            ]
          ]
        ]
      },
      "properties": {
        "size": 2340.15,
        "orientation": "east_west",
        "road_access": true,
        "zone": "commercial",
        "frontage": 27.08,
        "vacant": false,
        "feature_type": "Lot",
        "parent_id": "block-district-commercial-13-12",
        "stage": "lots",
        "seed": 10198509143117359959
      }
    },
    {
      "type": "Feature",
      "id": "lot-block-district-commercial-13-13-1",
      "geometry": {
        "type": "Polygon",
        "coordinates": [
          [
            [
              828.007,
              1.5
            ],
            [
              855.087,
              1.5
            ],
            [
              855.087,
              88.607
            ],
            [
              828.007,
              88.607
            ],
            [
              828.007,
              1.5
            ]
          ]
        ]
      },
      "properties": {
        "size": 2358.86,
        "orientation": "east_west",
        "road_access": true,
        "zone": "commercial",
        "frontage": 27.08,
        "vacant": false,
        "feature_type": "Lot",
        "parent_id": "block-district-commercial-13-13",
        "stage": "lots",
        "seed": 10198509143117359959
      }
    },
    {
      "type": "Feature",
      "id": "lot-block-district-commercial-13-13-2",
      "geometry": {
        "type": "Polygon",
        "coordinates": [
          [
            [
              858.087,
              1.5
            ],
            [
              885.167,
              1.5
            ],
            [
              885.167,
              88.607
            ],
            [
              858.087,
              88.607
            ],
            [
              858.087,
              1.5
            ]
          ]
        ]
      },
      "properties": {
        "size": 2358.86,
        "orientation": "east_west",
        "road_access": true,
        "zone": "commercial",
        "frontage": 27.08,
        "vacant": true,
        "feature_type": "Lot",
        "parent_id": "block-district-commercial-13-13",
        "stage": "lots",
        "seed": 10198509143117359959
      }
    },
    {
      "type": "Feature",
      "id": "lot-block-district-commercial-13-13-3",
      "geometry": {
        "type": "Polygon",
        "coordinates": [
          [
            [
              888.167,
              1.5
            ],
            [
              915.247,
              1.5
            ],
            [
              915.247,
              88.607
            ],
            [
              888.167,
              88.607
            ],
            [
              888.167,
              1.5
            ]
          ]
        ]
      },
      "properties": {
        "size": 2358.86,
        "orientation": "east_west",
        "road_access": true,
        "zone": "commercial",
        "frontage": 27.08,
        "vacant": false,
        "feature_type": "Lot",
        "parent_id": "block-district-commercial-13-13",
        "stage": "lots",
        "seed": 10198509143117359959
      }
    },
    {
      "type": "Feature",
      "id": "lot-block-district-commercial-13-21-1",
      "geometry": {
        "type": "Polygon",
        "coordinates": [
          [
            [
              636.007,
              94.38
            ],
            [
              663.087,
              94.38
            ],
            [
              663.087,
              175.62
            ],
            [
              636.007,
              175.62
            ],
            [
              636.007,
              94.38
            ]
          ]
        ]
      },
      "properties": {
        "size": 2199.98,
        "orientation": "east_west",
        "road_access": true,
        "zone": "commercial",
        "frontage": 27.08,
        "vacant": false,
        "feature_type": "Lot",
        "parent_id": "block-district-commercial-13-21",
        "stage": "lots",
        "seed": 10198509143117359959
      }
    },
    {
      "type": "Feature",
      "id": "lot-block-district-commercial-13-21-2",
      "geometry": {
        "type": "Polygon",
        "coordinates": [
          [
            [
              666.087,
              94.38
            ],
            [
              693.167,
              94.38
            ],
            [
              693.167,
              175.62
            ],
            [
              666.087,
              175.62
            ],
            [
              666.087,
              94.38
            ]
          ]
        ]
      },
      "properties": {
        "size": 2199.98,
        "orientation": "east_west",
        "road_access": true,
        "zone": "commercial",
        "frontage": 27.08,
        "vacant": false,
        "feature_type": "Lot",
        "parent_id": "block-district-commercial-13-21",
        "stage": "lots",
        "seed": 10198509143117359959
      }
    },
    {
      "type": "Feature",
      "id": "lot-block-district-commercial-13-21-3",
      "geometry": {
        "type": "Polygon",
        "coordinates": [
          [
            [
              696.167,
              94.38
            ],
            [
              723.247,
              94.38
            ],
            [
              723.247,
              175.62
            ],
            [
              696.167,
              175.62
            ],
            [
              696.167,
              94.38
            ]
          ]
        ]
      },
      "properties": {
        "size": 2199.98,
        "orientation": "east_west",
        "road_access": true,
        "zone": "commercial",
        "frontage": 27.08,
        "vacant": false,
        "feature_type": "Lot",
        "parent_id": "block-district-commercial-13-21",
        "stage": "lots",
        "seed": 10198509143117359959
      }
    },
    {
      "type": "Feature",
      "id": "lot-block-district-commercial-13-22-1",
      "geometry": {
        "type": "Polygon",
        "coordinates": [
          [
            [
              732.007,
              92.41
            ],
            [
              759.087,
              92.41
            ],
            [
              759.087,
              177.59
            ],
            [
              732.007,
              177.59
            ],
            [
              732.007,
              92.41
            ]
          ]
        ]
      },
      "properties": {
        "size": 2306.67,
        "orientation": "east_west",
        "road_access": true,
        "zone": "commercial",
        "frontage": 27.08,
        "vacant": false,
        "feature_type": "Lot",
        "parent_id": "block-district-commercial-13-22",
        "stage": "lots",
        "seed": 10198509143117359959
      }
    },
    {
      "type": "Feature",
      "id": "lot-block-district-commercial-13-22-2",
      "geometry": {
        "type": "Polygon",
        "coordinates": [
          [
            [
              762.087,
              92.41
            ],
            [
              789.167,
              92.41
            ],
            [
              789.167,
              177.59
            ],
            [
              762.087,
              177.59
            ],
            [
              762.087,
              92.41
            ]
          ]
        ]
      },
      "properties": {
        "size": 2306.67,
        "orientation": "east_west",
        "road_access": true,
        "zone": "commercial",
        "frontage": 27.08,
        "vacant": false,
        "feature_type": "Lot",
        "parent_id": "block-district-commercial-13-22",
        "stage": "lots",
        "seed": 10198509143117359959
      }
    },
    {
      "type": "Feature",
      "id": "lot-block-district-commercial-13-22-3",
      "geometry": {
        "type": "Polygon",
        "coordinates": [
          [
            [
              792.167,
              92.41
            ],
            [
              819.247,
              92.41
            ],
            [
              819.247,
              177.59
            ],
            [
              792.167,
              177.59
            ],
            [
              792.167,
              92.41
            ]
          ]
        ]
      },
      "properties": {
        "size": 2306.67,
        "orientation": "east_west",
        "road_access": true,
        "zone": "commercial",
        "frontage": 27.08,
        "vacant": false,
        "feature_type": "Lot",
        "parent_id": "block-district-commercial-13-22",
        "stage": "lots",
        "seed": 10198509143117359959
      }
    },
    {
      "type": "Feature",
      "id": "lot-block-district-commercial-13-23-1",
      "geometry": {
        "type": "Polygon",
        "coordinates": [
          [
            [
              828.007,
              94.38
            ],
            [
              855.087,
              94.38
            ],
            [
              855.087,
              175.62
            ],
            [
              828.007,
              175.62
            ],
            [
              828.007,
              94.38
            ]
          ]
        ]
      },
      "properties": {
        "size": 2199.98,
        "orientation": "east_west",
        "road_access": true,
        "zone": "commercial",
        "frontage": 27.08,
        "vacant": false,
        "feature_type": "Lot",
        "parent_id": "block-district-commercial-13-23",
        "stage": "lots",
        "seed": 10198509143117359959
      }
    },
    {
      "type": "Feature",
      "id": "lot-block-district-commercial-13-23-2",
      "geometry": {
        "type": "Polygon",
        "coordinates": [
          [
            [
              858.087,
              94.38
            ],
            [
              885.167,
              94.38
            ],
            [
              885.167,
              175.62
            ],
            [
              858.087,
              175.62
            ],
            [
              858.087,
              94.38
            ]
          ]
        ]
      },
      "properties": {
        "size": 2199.98,
        "orientation": "east_west",
        "road_access": true,
        "zone": "commercial",
        "frontage": 27.08,
        "vacant": false,
        "feature_type": "Lot",
        "parent_id": "block-district-commercial-13-23",
        "stage": "lots",
        "seed": 10198509143117359959
      }
    },
    {
      "type": "Feature",
      "id": "lot-block-district-commercial-13-23-3",
      "geometry": {
        "type": "Polygon",
        "coordinates": [
          [
            [
              888.167,
              94.38
            ],
            [
              915.247,
              94.38
            ],
            [
              915.247,
              175.62
            ],
            [
              888.167,
              175.62
            ],
            [
              888.167,
              94.38
            ]
          ]
        ]
      },
      "properties": {
        "size": 2199.98,
        "orientation": "east_west",
        "road_access": true,
        "zone": "commercial",
        "frontage": 27.08,
        "vacant": false,
        "feature_type": "Lot",
        "parent_id": "block-district-commercial-13-23",
        "stage": "lots",
        "seed": 10198509143117359959
      }
    },
    {
      "type": "Feature",
      "id": "lot-block-district-commercial-13-31-1",
      "geometry": {
        "type": "Polygon",
        "coordinates": [
          [
            [
              636.007,
              182.525
            ],
            [
              663.087,
              182.525
            ],
            [
              663.087,
              267.475
            ],
            [
              636.007,
              267.475
            ],
            [
              636.007,
              182.525
            ]
          ]
        ]
      },
      "properties": {
        "size": 2300.45,
        "orientation": "east_west",
        "road_access": true,
        "zone": "commercial",
        "frontage": 27.08,
        "vacant": false,
        "feature_type": "Lot",
        "parent_id": "block-district-commercial-13-31",
        "stage": "lots",
        "seed": 10198509143117359959
      }
    },
    {
      "type": "Feature",
      "id": "lot-block-district-commercial-13-31-2",
      "geometry": {
        "type": "Polygon",
        "coordinates": [
          [
            [
              666.087,
              182.525
            ],
            [
              693.167,
              182.525
            ],
            [
              693.167,
              267.475
            ],
            [
              666.087,
              267.475
            ],
            [
              666.087,
              182.525
            ]
          ]
        ]
      },
      "properties": {
        "size": 2300.45,
        "orientation": "east_west",
        "road_access": true,
        "zone": "commercial",
        "frontage": 27.08,
        "vacant": false,
        "feature_type": "Lot",
        "parent_id": "block-district-commercial-13-31",
        "stage": "lots",
        "seed": 10198509143117359959
      }
    },
    {
      "type": "Feature",
      "id": "lot-block-district-commercial-13-31-3",
      "geometry": {
        "type": "Polygon",
        "coordinates": [
          [
            [
              696.167,
              182.525
            ],
            [
              723.247,
              182.525
            ],
            [
              723.247,
              267.475
            ],
            [
              696.167,
              267.475
            ],
            [
              696.167,
              182.525
            ]
          ]
        ]
      },
      "properties": {
        "size": 2300.45,
        "orientation": "east_west",
        "road_access": true,
        "zone": "commercial",
        "frontage": 27.08,
        "vacant": false,
        "feature_type": "Lot",
        "parent_id": "block-district-commercial-13-31",
        "stage": "lots",
        "seed": 10198509143117359959
      }
    },
    {
      "type": "Feature",
      "id": "lot-block-district-commercial-13-32-1",
      "geometry": {
        "type": "Polygon",
        "coordinates": [
          [
            [
              732.007,
              183.01
            ],
            [
              759.087,
              183.01
            ],
            [
              759.087,
              266.99
            ],
            [
              732.007,
              266.99
            ],
            [
              732.007,
              183.01
            ]
          ]
        ]
      },
      "properties": {
        "size": 2274.18,
        "orientation": "east_west",
        "road_access": true,
        "zone": "commercial",
        "frontage": 27.08,
        "vacant": false,
        "feature_type": "Lot",
        "parent_id": "block-district-commercial-13-32",
        "stage": "lots",
        "seed": 10198509143117359959
      }
    },
    {
      "type": "Feature",
      "id": "lot-block-district-commercial-13-32-2",
      "geometry": {
        "type": "Polygon",
        "coordinates": [
          [
            [
              762.087,
              183.01
            ],
            [
              789.167,
              183.01
            ],
            [
              789.167,
              266.99
            ],
            [
              762.087,
              266.99
            ],
            [
              762.087,
              183.01
            ]
          ]
        ]
      },
      "properties": {
        "size": 2274.18,
        "orientation": "east_west",
        "road_access": true,
        "zone": "commercial",
        "frontage": 27.08,
        "vacant": false,
        "feature_type": "Lot",
        "parent_id": "block-district-commercial-13-32",
        "stage": "lots",
        "seed": 10198509143117359959
      }
    },
    {
      "type": "Feature",
      "id": "lot-block-district-commercial-13-32-3",
      "geometry": {
        "type": "Polygon",
        "coordinates": [
          [
            [
              792.167,
              183.01
            ],
            [
              819.247,
              183.01
            ],
            [
              819.247,
              266.99
            ],
            [
              792.167,
              266.99
            ],
            [
              792.167,
              183.01
            ]
          ]
        ]
      },
      "properties": {
        "size": 2274.18,
        "orientation": "east_west",
        "road_access": true,
        "zone": "commercial",
        "frontage": 27.08,
        "vacant": false,
        "feature_type": "Lot",
        "parent_id": "block-district-commercial-13-32",
        "stage": "lots",
        "seed": 10198509143117359959
      }
    },
    {
      "type": "Feature",
      "id": "lot-block-district-commercial-13-33-1",
      "geometry": {
        "type": "Polygon",
        "coordinates": [
          [
            [
              828.007,
              181.554
            ],
            [
              855.087,
              181.554
            ],
            [
              855.087,
              268.446
            ],
            [
              828.007,
              268.446
            ],
            [
              828.007,
              181.554
            ]
          ]
        ]
      },
      "properties": {
        "size": 2353.04,
        "orientation": "east_west",
        "road_access": true,
        "zone": "commercial",
        "frontage": 27.08,
        "vacant": false,
        "feature_type": "Lot",
        "parent_id": "block-district-commercial-13-33",
        "stage": "lots",
        "seed": 10198509143117359959
      }
    },
    {
      "type": "Feature",
      "id": "lot-block-district-commercial-13-33-2",
      "geometry": {
        "type": "Polygon",
        "coordinates": [
          [
            [
              858.087,
              181.554
            ],
            [
              885.167,
              181.554
            ],
            [
              885.167,
              268.446
            ],
            [
              858.087,
              268.446
            ],
            [
              858.087,
              181.554
            ]
          ]
        ]
      },
      "properties": {
        "size": 2353.04,
        "orientation": "east_west",
        "road_access": true,
        "zone": "commercial",
        "frontage": 27.08,
        "vacant": false,
        "feature_type": "Lot",
        "parent_id": "block-district-commercial-13-33",
        "stage": "lots",
        "seed": 10198509143117359959
      }
    },
    {
      "type": "Feature",
      "id": "lot-block-district-commercial-13-33-3",
      "geometry": {
        "type": "Polygon",
        "coordinates": [
          [
            [
              888.167,
              181.554
            ],
            [
              915.247,
              181.554
            ],
            [
              915.247,
              268.446
            ],
            [
              888.167,
              268.446
            ],
            [
              888.167,
              181.554
            ]
          ]
        ]
      },
      "properties": {
        "size": 2353.04,
        "orientation": "east_west",
        "road_access": true,
        "zone": "commercial",
        "frontage": 27.08,
        "vacant": false,
        "feature_type": "Lot",
        "parent_id": "block-district-commercial-13-33",
        "stage": "lots",
        "seed": 10198509143117359959
      }
    },
    {
      "type": "Feature",
      "id": "lot-block-district-residential-14-11-1",
      "geometry": {
        "type": "Polygon",
        "coordinates": [
          [
            [
              916.38,
              4.38
            ],
            [
              943.46,
              4.38
            ],
            [
              943.46,
              85.62
            ],
            [
              916.38,
              85.62
            ],
            [
              916.38,
              4.38
            ]
          ]
        ]
      },
      "properties": {
        "size": 2199.98,
        "orientation": "east_west",
        "road_access": true,
        "zone": "residential",
        "frontage": 27.08,
        "vacant": false,
        "feature_type": "Lot",
        "parent_id": "block-district-residential-14-11",
        "stage": "lots",
        "seed": 10198509143117359959
      }
    },
    {
      "type": "Feature",
      "id": "lot-block-district-residential-14-11-2",
      "geometry": {
        "type": "Polygon",
        "coordinates": [
          [
            [
              946.46,
              4.38
            ],
            [
              973.54,
              4.38
            ],
            [
              973.54,
              85.62
            ],
            [
              946.46,
              85.62
            ],
            [
              946.46,
              4.38
            ]
          ]
        ]
      },
      "properties": {
        "size": 2199.98,
        "orientation": "east_west",
        "road_access": true,
        "zone": "residential",
        "frontage": 27.08,
        "vacant": false,
        "feature_type": "Lot",
        "parent_id": "block-district-residential-14-11",
        "stage": "lots",
        "seed": 10198509143117359959
      }
    },
    {
      "type": "Feature",
      "id": "lot-block-district-residential-14-11-3",
      "geometry": {
        "type": "Polygon",
        "coordinates": [
          [
            [
              976.54,
              4.38
            ],
            [
              1003.62,
              4.38
            ],
            [
              1003.62,
              85.62
            ],
            [
              976.54,
              85.62
            ],
            [
              976.54,
              4.38
            ]
          ]
        ]
      },
      "properties": {
        "size": 2199.98,
        "orientation": "east_west",
        "road_access": true,
        "zone": "residential",
        "frontage": 27.08,
        "vacant": false,
        "feature_type": "Lot",
        "parent_id": "block-district-residential-14-11",
        "stage": "lots",
        "seed": 10198509143117359959
      }
    },
    {
      "type": "Feature",
      "id": "lot-block-district-residential-14-12-1",
      "geometry": {
        "type": "Polygon",
        "coordinates": [
          [
            [
              1012.38,
              3.989
            ],
            [
              1039.46,
              3.989
            ],
            [
              1039.46,
              86.011
            ],
            [
              1012.38,
              86.011
            ],
            [
              1012.38,
              3.989
            ]
          ]
        ]
      },
      "properties": {
        "size": 2221.16,
        "orientation": "east_west",
        "road_access": true,
        "zone": "residential",
        "frontage": 27.08,
        "vacant": false,
        "feature_type": "Lot",
        "parent_id": "block-district-residential-14-12",
        "stage": "lots",
        "seed": 10198509143117359959
      }
    },
    {
      "type": "Feature",
      "id": "lot-block-district-residential-14-12-2",
      "geometry": {
        "type": "Polygon",
        "coordinates": [
          [
            [
              1042.46,
              3.989
            ],
            [
              1069.54,
              3.989
            ],
            [
              1069.54,
              86.011
            ],
            [
              1042.46,
              86.011
            ],
            [
              1042.46,
              3.989
            ]
          ]
        ]
      },
      "properties": {
        "size": 2221.16,
        "orientation": "east_west",
        "road_access": true,
        "zone": "residential",
        "frontage": 27.08,
        "vacant": false,
        "feature_type": "Lot",
        "parent_id": "block-district-residential-14-12",
        "stage": "lots",
        "seed": 10198509143117359959
      }
    },
    {
      "type": "Feature",
      "id": "lot-block-district-residential-14-12-3",
      "geometry": {
        "type": "Polygon",
        "coordinates": [
          [
            [
              1072.54,
              3.989
            ],
            [
              1099.62,
              3.989
            ],
            [
              1099.62,
              86.011
            ],
            [
              1072.54,
              86.011
            ],
            [
              1072.54,
              3.989
            ]
          ]
        ]
      },
      "properties": {
        "size": 2221.16,
        "orientation": "east_west",
        "road_access": true,
        "zone": "residential",
        "frontage": 27.08,
        "vacant": false,
        "feature_type": "Lot",
        "parent_id": "block-district-residential-14-12",
        "stage": "lots",
        "seed": 10198509143117359959
      }
    },
    {
      "type": "Feature",
      "id": "lot-block-district-residential-14-13-1",
      "geometry": {
        "type": "Polygon",
        "coordinates": [
          [
            [
              1108.38,
              4.38
            ],
            [
              1135.46,
              4.38
            ],
            [
              1135.46,
              85.62
            ],
            [
              1108.38,
              85.62
            ],
            [
              1108.38,
              4.38
            ]
          ]
        ]
      },
      "properties": {
        "size": 2199.98,
        "orientation": "east_west",
        "road_access": true,
        "zone": "residential",
        "frontage": 27.08,
        "vacant": false,
        "feature_type": "Lot",
        "parent_id": "block-district-residential-14-13",
        "stage": "lots",
        "seed": 10198509143117359959
      }
    },
    {
      "type": "Feature",
      "id": "lot-block-district-residential-14-13-2",
      "geometry": {
        "type": "Polygon",
        "coordinates": [
          [
            [
              1138.46,
              4.38
            ],
            [
              1165.54,
              4.38
            ],
            [
              1165.54,
              85.62
            ],
            [
              1138.46,
              85.62
            ],
            [
              1138.46,
              4.38
            ]
          ]
        ]
      },
      "properties": {
        "size": 2199.98,
        "orientation": "east_west",
        "road_access": true,
        "zone": "residential",
        "frontage": 27.08,
        "vacant": false,
        "feature_type": "Lot",
        "parent_id": "block-district-residential-14-13",
        "stage": "lots",
        "seed": 10198509143117359959
      }
    },
    {
      "type": "Feature",
      "id": "lot-block-district-residential-14-13-3",
      "geometry": {
        "type": "Polygon",
        "coordinates": [
          [
            [
              1168.54,
              4.38
            ],
            [
              1195.62,
              4.38
            ],
            [
              1195.62,
              85.62
            ],
            [
              1168.54,
              85.62
            ],
            [
              1168.54,
              4.38
            ]
          ]
        ]
      },
      "properties": {
        "size": 2199.98,
        "orientation": "east_west",
        "road_access": true,
        "zone": "residential",
        "frontage": 27.08,
        "vacant": false,
        "feature_type": "Lot",
        "parent_id": "block-district-residential-14-13",
        "stage": "lots",
        "seed": 10198509143117359959
      }
    },
    {
      "type": "Feature",
      "id": "lot-block-district-residential-14-21-1",
      "geometry": {
        "type": "Polygon",
        "coordinates": [
          [
            [
              916.38,
              93.143
            ],
            [
              943.46,
              93.143
            ],
            [
              943.46,
              176.857
            ],
            [
              916.38,
              176.857
            ],
            [
              916.38,
              93.143
            ]
          ]
        ]
      },
      "properties": {
        "size": 2266.98,
        "orientation": "east_west",
        "road_access": true,
        "zone": "residential",
        "frontage": 27.08,
        "vacant": false,
        "feature_type": "Lot",
        "parent_id": "block-district-residential-14-21",
        "stage": "lots",
        "seed": 10198509143117359959
      }
    },
    {
      "type": "Feature",
      "id": "lot-block-district-residential-14-21-2",
      "geometry": {
        "type": "Polygon",
        "coordinates": [
          [
            [
              946.46,
              93.143
            ],
            [
              973.54,
              93.143
            ],
            [
              973.54,
              176.857
            ],
            [
              946.46,
              176.857
            ],
            [
              946.46,
              93.143
            ]
          ]
        ]
      },
      "properties": {
        "size": 2266.98,
        "orientation": "east_west",
        "road_access": true,
        "zone": "residential",
        "frontage": 27.08,
        "vacant": false,
        "feature_type": "Lot",
        "parent_id": "block-district-residential-14-21",
        "stage": "lots",
        "seed": 10198509143117359959
      }
    },
    {
      "type": "Feature",
      "id": "lot-block-district-residential-14-21-3",
      "geometry": {
        "type": "Polygon",
        "coordinates": [
          [
            [
              976.54,
              93.143
            ],
            [
              1003.62,
              93.143
            ],
            [
              1003.62,
              176.857
            ],
            [
              976.54,
              176.857
            ],
            [
              976.54,
              93.143
            ]
          ]
        ]
      },
      "properties": {
        "size": 2266.98,
        "orientation": "east_west",
        "road_access": true,
        "zone": "residential",
        "frontage": 27.08,
        "vacant": false,
        "feature_type": "Lot",
        "parent_id": "block-district-residential-14-21",
        "stage": "lots",
        "seed": 10198509143117359959
      }
    },
    {
      "type": "Feature",
      "id": "lot-block-district-residential-14-22-1",
      "geometry": {
        "type": "Polygon",
        "coordinates": [
          [
            [
              1012.38,
              94.38
            ],
            [
              1039.46,
              94.38
            ],
            [
              1039.46,
              175.62
            ],
            [
              1012.38,
              175.62
            ],
            [
              1012.38,
              94.38
            ]
          ]
        ]
      },
      "properties": {
        "size": 2199.98,
        "orientation": "east_west",
        "road_access": true,
        "zone": "residential",
        "frontage": 27.08,
        "vacant": false,
        "feature_type": "Lot",
        "parent_id": "block-district-residential-14-22",
        "stage": "lots",
        "seed": 10198509143117359959
      }
    },
    {
      "type": "Feature",
      "id": "lot-block-district-residential-14-22-2",
      "geometry": {
        "type": "Polygon",
        "coordinates": [
          [
            [
              1042.46,
              94.38
            ],
            [
              1069.54,
              94.38
            ],
            [
              1069.54,
              175.62
            ],
            [
              1042.46,
              175.62
            ],
            [
              1042.46,
              94.38
            ]
          ]
        ]
      },
      "properties": {
        "size": 2199.98,
        "orientation": "east_west",
        "road_access": true,
        "zone": "residential",
        "frontage": 27.08,
        "vacant": false,
        "feature_type": "Lot",
        "parent_id": "block-district-residential-14-22",
        "stage": "lots",
        "seed": 10198509143117359959
      }
    },
    {
      "type": "Feature",
      "id": "lot-block-district-residential-14-22-3",
      "geometry": {
        "type": "Polygon",
        "coordinates": [
          [
            [
              1072.54,
              94.38
            ],
            [
              1099.62,
              94.38
            ],
            [
              1099.62,
              175.62
            ],
            [
              1072.54,
              175.62
            ],
            [
              1072.54,
              94.38
            ]
          ]
        ]
      },
      "properties": {
        "size": 2199.98,
        "orientation": "east_west",
        "road_access": true,
        "zone": "residential",
        "frontage": 27.08,
        "vacant": false,
        "feature_type": "Lot",
        "parent_id": "block-district-residential-14-22",
        "stage": "lots",
        "seed": 10198509143117359959
      }
    },
    {
      "type": "Feature",
      "id": "lot-block-district-residential-14-23-1",
      "geometry": {
        "type": "Polygon",
        "coordinates": [
          [
            [
              1108.38,
              94.38
            ],
            [
              1135.46,
              94.38
            ],
            [
              1135.46,
              175.62
            ],
            [
              1108.38,
              175.62
            ],
            [
              1108.38,
              94.38
            ]
          ]
        ]
      },
      "properties": {
        "size": 2199.98,
        "orientation": "east_west",
        "road_access": true,
        "zone": "residential",
        "frontage": 27.08,
        "vacant": false,
        "feature_type": "Lot",
        "parent_id": "block-district-residential-14-23",
        "stage": "lots",
        "seed": 10198509143117359959
      }
    },
    {
      "type": "Feature",
      "id": "lot-block-district-residential-14-23-2",
      "geometry": {
        "type": "Polygon",
        "coordinates": [
          [
            [
              1138.46,
              94.38
            ],
            [
              1165.54,
              94.38
            ],
            [
              1165.54,
              175.62
            ],
            [
              1138.46,
              175.62
            ],
            [
              1138.46,
              94.38
            ]
          ]
        ]
      },
      "properties": {
        "size": 2199.98,
        "orientation": "east_west",
        "road_access": true,
        "zone": "residential",
        "frontage": 27.08,
        "vacant": false,
        "feature_type": "Lot",
        "parent_id": "block-district-residential-14-23",
        "stage": "lots",
        "seed": 10198509143117359959
      }
    },
    {
      "type": "Feature",
      "id": "lot-block-district-residential-14-23-3",
      "geometry": {
        "type": "Polygon",
        "coordinates": [
          [
            [
              1168.54,
              94.38
            ],
            [
              1195.62,
              94.38
            ],
            [
              1195.62,
              175.62
            ],
            [
              1168.54,
              175.62
            ],
            [
              1168.54,
              94.38
            ]
          ]
        ]
      },
      "properties": {
        "size": 2199.98,
        "orientation": "east_west",
        "road_access": true,
        "zone": "residential",
        "frontage": 27.08,
        "vacant": false,
        "feature_type": "Lot",
        "parent_id": "block-district-residential-14-23",
        "stage": "lots",
        "seed": 10198509143117359959
      }
    },
    {
      "type": "Feature",
      "id": "lot-block-district-residential-14-31-1",
      "geometry": {
        "type": "Polygon",
        "coordinates": [
          [
            [
              916.38,
              182.047
            ],
            [
              943.46,
              182.047
            ],
            [
              943.46,
              267.953
            ],
            [
              916.38,
              267.953
            ],
            [
              916.38,
              182.047
            ]
          ]
        ]
      },
      "properties": {
        "size": 2326.33,
        "orientation": "east_west",
        "road_access": true,
        "zone": "residential",
        "frontage": 27.08,
        "vacant": false,
        "feature_type": "Lot",
        "parent_id": "block-district-residential-14-31",
        "stage": "lots",
        "seed": 10198509143117359959
      }
    },
    {
      "type": "Feature",
      "id": "lot-block-district-residential-14-31-2",
      "geometry": {
        "type": "Polygon",
        "coordinates": [
          [
            [
              946.46,
              182.047
            ],
            [
              973.54,
              182.047
            ],
            [
              973.54,
              267.953
            ],
            [
              946.46,
              267.953
            ],
            [
              946.46,
              182.047
            ]
          ]
        ]
      },
      "properties": {
        "size": 2326.33,
        "orientation": "east_west",
        "road_access": true,
        "zone": "residential",
        "frontage": 27.08,
        "vacant": false,
        "feature_type": "Lot",
        "parent_id": "block-district-residential-14-31",
        "stage": "lots",
        "seed": 10198509143117359959
      }
    },
    {
      "type": "Feature",
      "id": "lot-block-district-residential-14-31-3",
      "geometry": {
        "type": "Polygon",
        "coordinates": [
          [
            [
              976.54,
              182.047
            ],
            [
              1003.62,
              182.047
            ],
            [
              1003.62,
              267.953
            ],
            [
              976.54,
              267.953
            ],
            [
              976.54,
              182.047
            ]
          ]
        ]
      },
      "properties": {
        "size": 2326.33,
        "orientation": "east_west",
        "road_access": true,
        "zone": "residential",
        "frontage": 27.08,
        "vacant": false,
        "feature_type": "Lot",
        "parent_id": "block-district-residential-14-31",
        "stage": "lots",
        "seed": 10198509143117359959
      }
    },
    {
      "type": "Feature",
      "id": "lot-block-district-residential-14-32-1",
      "geometry": {
        "type": "Polygon",
        "coordinates": [
          [
            [
              1012.38,
              184.38
            ],
            [
              1039.46,
              184.38
            ],
            [
              1039.46,
              265.62
            ],
            [
              1012.38,
              265.62
            ],
            [
              1012.38,
              184.38
            ]
          ]
        ]
      },
      "properties": {
        "size": 2199.98,
        "orientation": "east_west",
        "road_access": true,
        "zone": "residential",
        "frontage": 27.08,
        "vacant": false,
        "feature_type": "Lot",
        "parent_id": "block-district-residential-14-32",
        "stage": "lots",
        "seed": 10198509143117359959
      }
    },
    {
      "type": "Feature",
      "id": "lot-block-district-residential-14-32-2",
      "geometry": {
        "type": "Polygon",
        "coordinates": [
          [
            [
              1042.46,
              184.38
            ],
            [
              1069.54,
              184.38
            ],
            [
              1069.54,
              265.62
            ],
            [
              1042.46,
              265.62
            ],
            [
              1042.46,
              184.38
            ]
          ]
        ]
      },
      "properties": {
        "size": 2199.98,
        "orientation": "east_west",
        "road_access": true,
        "zone": "residential",
        "frontage": 27.08,
        "vacant": false,
        "feature_type": "Lot",
        "parent_id": "block-district-residential-14-32",
        "stage": "lots",
        "seed": 10198509143117359959
      }
    },
    {
      "type": "Feature",
      "id": "lot-block-district-residential-14-32-3",
      "geometry": {
        "type": "Polygon",
        "coordinates": [
          [
            [
              1072.54,
              184.38
            ],
            [
              1099.62,
              184.38
            ],
            [
              1099.62,
              265.62
            ],
            [
              1072.54,
              265.62
            ],
            [
              1072.54,
              184.38
            ]
          ]
        ]
      },
      "properties": {
        "size": 2199.98,
        "orientation": "east_west",
        "road_access": true,
        "zone": "residential",
        "frontage": 27.08,
        "vacant": false,
        "feature_type": "Lot",
        "parent_id": "block-district-residential-14-32",
        "stage": "lots",
        "seed": 10198509143117359959
      }
    },
    {
      "type": "Feature",
      "id": "lot-block-district-residential-14-33-1",
      "geometry": {
        "type": "Polygon",
        "coordinates": [
          [
            [
              1108.38,
              184.38
            ],
            [
              1135.46,
              184.38
            ],
            [
              1135.46,
              265.62
            ],
            [
              1108.38,
              265.62
            ],
            [
              1108.38,
              184.38
            ]
          ]
        ]
      },
      "properties": {
        "size": 2199.98,
        "orientation": "east_west",
        "road_access": true,
        "zone": "residential",
        "frontage": 27.08,
        "vacant": false,
        "feature_type": "Lot",
        "parent_id": "block-district-residential-14-33",
        "stage": "lots",
        "seed": 10198509143117359959
      }
    },
    {
      "type": "Feature",
      "id": "lot-block-district-residential-14-33-2",
      "geometry": {
        "type": "Polygon",
        "coordinates": [
          [
            [
              1138.46,
              184.38
            ],
            [
              1165.54,
              184.38
            ],
            [
              1165.54,
              265.62
            ],
            [
              1138.46,
              265.62
            ],
            [
              1138.46,
              184.38
            ]
          ]
        ]
      },
      "properties": {
        "size": 2199.98,
        "orientation": "east_west",
        "road_access": true,
        "zone": "residential",
        "frontage": 27.08,
        "vacant": false,
        "feature_type": "Lot",
        "parent_id": "block-district-residential-14-33",
        "stage": "lots",
        "seed": 10198509143117359959
      }
    },
    {
      "type": "Feature",
      "id": "lot-block-district-residential-14-33-3",
      "geometry": {
        "type": "Polygon",
        "coordinates": [
          [
            [
              1168.54,
              184.38
            ],
            [
              1195.62,
              184.38
            ],
            [
              1195.62,
              265.62
            ],
            [
              1168.54,
              265.62
            ],
            [
              1168.54,
              184.38
            ]
          ]
        ]
      },
      "properties": {
        "size": 2199.98,
        "orientation": "east_west",
        "road_access": true,
        "zone": "residential",
        "frontage": 27.08,
        "vacant": false,
        "feature_type": "Lot",
        "parent_id": "block-district-residential-14-33",
        "stage": "lots",
        "seed": 10198509143117359959
      }
    },
    {
      "type": "Feature",
      "id": "lot-block-district-industrial-21-11-1",
      "geometry": {
        "type": "Polygon",
        "coordinates": [
          [
            [
              4.62,
              267.625
            ],
            [
              51.54,
              267.625
            ],
            [
              51.54,
              336.385
            ],
            [
              4.62,
              336.385
            ],
            [
              4.62,
              267.625
            ]
          ]
        ]
      },
      "properties": {
        "size": 3226.22,
        "orientation": "east_west",
        "road_access": true,
        "zone": "industrial",
        "frontage": 46.92,
        "vacant": false,
        "feature_type": "Lot",
        "parent_id": "block-district-industrial-21-11",
        "stage": "lots",
        "seed": 10198509143117359959
      }
    },
    {
      "type": "Feature",
      "id": "lot-block-district-industrial-21-11-2",
      "geometry": {
        "type": "Polygon",
        "coordinates": [
          [
            [
              54.54,
              267.625
            ],
            [
              101.46,
              267.625
            ],
            [
              101.46,
              336.385
            ],
            [
              54.54,
              336.385
            ],
            [
              54.54,
              267.625
            ]
          ]
        ]
      },
      "properties": {
        "size": 3226.22,
        "orientation": "east_west",
        "road_access": true,
        "zone": "industrial",
        "frontage": 46.92,
        "vacant": false,
        "feature_type": "Lot",
        "parent_id": "block-district-industrial-21-11",
        "stage": "lots",
        "seed": 10198509143117359959
      }
    },
    {
      "type": "Feature",
      "id": "lot-block-district-industrial-21-11-3",
      "geometry": {
        "type": "Polygon",
        "coordinates": [
          [
            [
              104.46,
              267.625
            ],
            [
              151.38,
              267.625
            ],
            [
              151.38,
              336.385
            ],
            [
              104.46,
              336.385
            ],
            [
              104.46,
              267.625
            ]
          ]
        ]
      },
      "properties": {
        "size": 3226.22,
        "orientation": "east_west",
        "road_access": true,
        "zone": "industrial",
        "frontage": 46.92,
        "vacant": false,
        "feature_type": "Lot",
        "parent_id": "block-district-industrial-21-11",
        "stage": "lots",
        "seed": 10198509143117359959
      }
    },
    {
      "type": "Feature",
      "id": "lot-block-district-industrial-21-12-1",
      "geometry": {
        "type": "Polygon",
        "coordinates": [
          [
            [
              160.62,
              267.096
            ],
            [
              207.54,
              267.096
            ],
            [
              207.54,
              336.914
            ],
            [
              160.62,
              336.914
            ],
            [
              160.62,
              267.096
            ]
          ]
        ]
      },
      "properties": {
        "size": 3275.86,
        "orientation": "east_west",
        "road_access": true,
        "zone": "industrial",
        "frontage": 46.92,
        "vacant": false,
        "feature_type": "Lot",
        "parent_id": "block-district-industrial-21-12",
        "stage": "lots",
        "seed": 10198509143117359959
      }
    },
    {
      "type": "Feature",
      "id": "lot-block-district-industrial-21-12-2",
      "geometry": {
        "type": "Polygon",
        "coordinates": [
          [
            [
              210.54,
              267.096
            ],
            [
              257.46,
              267.096
            ],
            [
              257.46,
              336.914
            ],
            [
              210.54,
              336.914
            ],
            [
              210.54,
              267.096
            ]
          ]
        ]
      },
      "properties": {
        "size": 3275.86,
        "orientation": "east_west",
        "road_access": true,
        "zone": "industrial",
        "frontage": 46.92,
        "vacant": false,
        "feature_type": "Lot",
        "parent_id": "block-district-industrial-21-12",
        "stage": "lots",
        "seed": 10198509143117359959
      }
    },
    {
      "type": "Feature",
      "id": "lot-block-district-industrial-21-12-3",
      "geometry": {
        "type": "Polygon",
        "coordinates": [
          [
            [
              260.46,
              267.096
            ],
            [
              307.38,
              267.096
            ],
            [
              307.38,
              336.914
            ],
            [
              260.46,
              336.914
            ],
            [
              260.46,
              267.096
            ]
          ]
        ]
      },
      "properties": {
        "size": 3275.86,
        "orientation": "east_west",
        "road_access": true,
        "zone": "industrial",
        "frontage": 46.92,
        "vacant": false,
        "feature_type": "Lot",
        "parent_id": "block-district-industrial-21-12",
        "stage": "lots",
        "seed": 10198509143117359959
      }
    },
    {
      "type": "Feature",
      "id": "lot-block-district-industrial-21-21-1",
      "geometry": {
        "type": "Polygon",
        "coordinates": [
          [
            [
              4.62,
              344.101
            ],
            [
              51.54,
              344.101
            ],
            [
              51.54,
              415.909
            ],
            [
              4.62,
              415.909
            ],
            [
              4.62,
              344.101
            ]
          ]
        ]
      },
      "properties": {
        "size": 3369.23,
        "orientation": "east_west",
        "road_access": true,
        "zone": "industrial",
        "frontage": 46.92,
        "vacant": false,
        "feature_type": "Lot",
        "parent_id": "block-district-industrial-21-21",
        "stage": "lots",
        "seed": 10198509143117359959
      }
    },
    {
      "type": "Feature",
      "id": "lot-block-district-industrial-21-21-2",
      "geometry": {
        "type": "Polygon",
        "coordinates": [
          [
            [
              54.54,
              344.101
            ],
            [
              101.46,
              344.101
            ],
            [
              101.46,
              415.909
            ],
            [
              54.54,
              415.909
            ],
            [
              54.54,
              344.101
            ]
          ]
        ]
      },
      "properties": {
        "size": 3369.23,
        "orientation": "east_west",
        "road_access": true,
        "zone": "industrial",
        "frontage": 46.92,
        "vacant": false,
        "feature_type": "Lot",
        "parent_id": "block-district-industrial-21-21",
        "stage": "lots",
        "seed": 10198509143117359959
      }
    },
    {
      "type": "Feature",
      "id": "lot-block-district-industrial-21-21-3",
      "geometry": {
        "type": "Polygon",
        "coordinates": [
          [
            [
              104.46,
              344.101
            ],
            [
              151.38,
              344.101
            ],
            [
              151.38,
              415.909
            ],
            [
              104.46,
              415.909
            ],
            [
              104.46,
              344.101
            ]
          ]
        ]
      },
      "properties": {
        "size": 3369.23,
        "orientation": "east_west",
        "road_access": true,
        "zone": "industrial",
        "frontage": 46.92,
        "vacant": false,
        "feature_type": "Lot",
        "parent_id": "block-district-industrial-21-21",
        "stage": "lots",
        "seed": 10198509143117359959
      }
    },
    {
      "type": "Feature",
      "id": "lot-block-district-industrial-21-22-1",
      "geometry": {
        "type": "Polygon",
        "coordinates": [
          [
            [
              160.62,
              345.625
            ],
            [
              207.54,
              345.625
            ],
            [
              207.54,
              414.385
            ],
            [
              160.62,
              414.385
            ],
            [
              160.62,
              345.625
            ]
          ]
        ]
      },
      "properties": {
        "size": 3226.22,
        "orientation": "east_west",
        "road_access": true,
        "zone": "industrial",
        "frontage": 46.92,
        "vacant": false,
        "feature_type": "Lot",
        "parent_id": "block-district-industrial-21-22",
        "stage": "lots",
        "seed": 10198509143117359959
      }
    },
    {
      "type": "Feature",
      "id": "lot-block-district-industrial-21-22-2",
      "geometry": {
        "type": "Polygon",
        "coordinates": [
          [
            [
              210.54,
              345.625
            ],
            [
              257.46,
              345.625
            ],
            [
              257.46,
              414.385
            ],
            [
              210.54,
              414.385
            ],
            [
              210.54,
              345.625
            ]
          ]
        ]
      },
      "properties": {
        "size": 3226.22,
        "orientation": "east_west",
        "road_access": true,
        "zone": "industrial",
        "frontage": 46.92,
        "vacant": false,
        "feature_type": "Lot",
        "parent_id": "block-district-industrial-21-22",
        "stage": "lots",
        "seed": 10198509143117359959
      }
    },
    {
      "type": "Feature",
      "id": "lot-block-district-industrial-21-22-3",
      "geometry": {
        "type": "Polygon",
        "coordinates": [
          [
            [
              260.46,
              345.625
            ],
            [
              307.38,
              345.625
            ],
            [
              307.38,
              414.385
            ],
            [
              260.46,
              414.385
            ],
            [
              260.46,
              345.625
            ]
          ]
        ]
      },
      "properties": {
        "size": 3226.22,
        "orientation": "east_west",
        "road_access": true,
        "zone": "industrial",
        "frontage": 46.92,
        "vacant": false,
        "feature_type": "Lot",
        "parent_id": "block-district-industrial-21-22",
        "stage": "lots",
        "seed": 10198509143117359959
      }
    },
    {
      "type": "Feature",
      "id": "lot-block-district-industrial-21-31-1",
      "geometry": {
        "type": "Polygon",
        "coordinates": [
          [
            [
              4.62,
              421.695
            ],
            [
              51.54,
              421.695
            ],
            [
              51.54,
              494.315
            ],
            [
              4.62,
              494.315
            ],
            [
              4.62,
              421.695
            ]
          ]
        ]
      },
      "properties": {
        "size": 3407.33,
        "orientation": "east_west",
        "road_access": true,
        "zone": "industrial",
        "frontage": 46.92,
        "vacant": false,
        "feature_type": "Lot",
        "parent_id": "block-district-industrial-21-31",
        "stage": "lots",
        "seed": 10198509143117359959
      }
    },
    {
      "type": "Feature",
      "id": "lot-block-district-industrial-21-31-2",
      "geometry": {
        "type": "Polygon",
        "coordinates": [
          [
            [
              54.54,
              421.695
            ],
            [
              101.46,
              421.695
            ],
            [
              101.46,
              494.315
            ],
            [
              54.54,
              494.315
            ],
            [
              54.54,
              421.695
            ]
          ]
        ]
      },
      "properties": {
        "size": 3407.33,
        "orientation": "east_west",
        "road_access": true,
        "zone": "industrial",
        "frontage": 46.92,
        "vacant": false,
        "feature_type": "Lot",
        "parent_id": "block-district-industrial-21-31",
        "stage": "lots",
        "seed": 10198509143117359959
      }
    },
    {
      "type": "Feature",
      "id": "lot-block-district-industrial-21-31-3",
      "geometry": {
        "type": "Polygon",
        "coordinates": [
          [
            [
              104.46,
              421.695
            ],
            [
              151.38,
              421.695
            ],
            [
              151.38,
              494.315
            ],
            [
              104.46,
              494.315
            ],
            [
              104.46,
              421.695
            ]
          ]
        ]
      },
      "properties": {
        "size": 3407.33,
        "orientation": "east_west",
        "road_access": true,
        "zone": "industrial",
        "frontage": 46.92,
        "vacant": false,
        "feature_type": "Lot",
        "parent_id": "block-district-industrial-21-31",
        "stage": "lots",
        "seed": 10198509143117359959
      }
    },
    {
      "type": "Feature",
      "id": "lot-block-district-industrial-21-32-1",
      "geometry": {
        "type": "Polygon",
        "coordinates": [
          [
            [
              160.62,
              421.18
            ],
            [
              207.54,
              421.18
            ],
            [
              207.54,
              494.83
            ],
            [
              160.62,
              494.83
            ],
            [
              160.62,
              421.18
            ]
          ]
        ]
      },
      "properties": {
        "size": 3455.66,
        "orientation": "east_west",
        "road_access": true,
        "zone": "industrial",
        "frontage": 46.92,
        "vacant": false,
        "feature_type": "Lot",
        "parent_id": "block-district-industrial-21-32",
        "stage": "lots",
        "seed": 10198509143117359959
      }
    },
    {
      "type": "Feature",
      "id": "lot-block-district-industrial-21-32-2",
      "geometry": {
        "type": "Polygon",
        "coordinates": [
          [
            [
              210.54,
              421.18
            ],
            [
              257.46,
              421.18
            ],
            [
              257.46,
              494.83
            ],
            [
              210.54,
              494.83
            ],
            [
              210.54,
              421.18
            ]
          ]
        ]
      },
      "properties": {
        "size": 3455.66,
        "orientation": "east_west",
        "road_access": true,
        "zone": "industrial",
        "frontage": 46.92,
        "vacant": false,
        "feature_type": "Lot",
        "parent_id": "block-district-industrial-21-32",
        "stage": "lots",
        "seed": 10198509143117359959
      }
    },
    {
      "type": "Feature",
      "id": "lot-block-district-industrial-21-32-3",
      "geometry": {
        "type": "Polygon",
        "coordinates": [
          [
            [
              260.46,
              421.18
            ],
            [
              307.38,
              421.18
            ],
            [
              307.38,
              494.83
            ],
            [
              260.46,
              494.83
            ],
            [
              260.46,
              421.18
            ]
          ]
        ]
      },
      "properties": {
        "size": 3455.66,
        "orientation": "east_west",
        "road_access": true,
        "zone": "industrial",
        "frontage": 46.92,
        "vacant": false,
        "feature_type": "Lot",
        "parent_id": "block-district-industrial-21-32",
        "stage": "lots",
        "seed": 10198509143117359959
      }
    },
    {
      "type": "Feature",
      "id": "lot-block-district-business-22-11-1",
      "geometry": {
        "type": "Polygon",
        "coordinates": [
          [
            [
              322.654,
              279.945
            ],
            [
              352.241,
              279.945
            ],
            [
              352.241,
              353.005
            ],
            [
              322.654,
              353.005
            ],
            [
              322.654,
              279.945
            ]
          ]
        ]
      },
      "properties": {
        "size": 2161.6,
        "orientation": "east_west",
        "road_access": true,
        "zone": "business",
        "frontage": 29.59,
        "vacant": false,
        "feature_type": "Lot",
        "parent_id": "block-district-business-22-11",
        "stage": "lots",
        "seed": 10198509143117359959
      }
    },
    {
      "type": "Feature",
      "id": "lot-block-district-business-22-11-2",
      "geometry": {
        "type": "Polygon",
        "coordinates": [
          [
            [
              355.241,
              279.945
            ],
            [
              384.827,
              279.945
            ],
            [
              384.827,
              353.005
            ],
            [
              355.241,
              353.005
            ],
            [
              355.241,
              279.945
            ]
          ]
        ]
      },
      "properties": {
        "size": 2161.6,
        "orientation": "east_west",
        "road_access": true,
        "zone": "business",
        "frontage": 29.59,
        "vacant": false,
        "feature_type": "Lot",
        "parent_id": "block-district-business-22-11",
        "stage": "lots",
        "seed": 10198509143117359959
      }
    },
    {
      "type": "Feature",
      "id": "lot-block-district-business-22-11-3",
      "geometry": {
        "type": "Polygon",
        "coordinates": [
          [
            [
              387.827,
              279.945
            ],
            [
              417.414,
              279.945
            ],
            [
              417.414,
              353.005
            ],
            [
              387.827,
              353.005
            ],
            [
              387.827,
              279.945
            ]
          ]
        ]
      },
      "properties": {
        "size": 2161.6,
        "orientation": "east_west",
        "road_access": true,
        "zone": "business",
        "frontage": 29.59,
        "vacant": false,
        "feature_type": "Lot",
        "parent_id": "block-district-business-22-11",
        "stage": "lots",
        "seed": 10198509143117359959
      }
    },
    {
      "type": "Feature",
      "id": "lot-block-district-business-22-12-1",
      "geometry": {
        "type": "Polygon",
        "coordinates": [
          [
            [
              426.654,
              282.095
            ],
            [
              456.241,
              282.095
            ],
            [
              456.241,
              350.855
            ],
            [
              426.654,
              350.855
            ],
            [
              426.654,
              282.095
            ]
          ]
        ]
      },
      "properties": {
        "size": 2034.38,
        "orientation": "east_west",
        "road_access": true,
        "zone": "business",
        "frontage": 29.59,
        "vacant": false,
        "feature_type": "Lot",
        "parent_id": "block-district-business-22-12",
        "stage": "lots",
        "seed": 10198509143117359959
      }
    },
    {
      "type": "Feature",
      "id": "lot-block-district-business-22-12-2",
      "geometry": {
        "type": "Polygon",
        "coordinates": [
          [
            [
              459.241,
              282.095
            ],
            [
              488.827,
              282.095
            ],
            [
              488.827,
              350.855
            ],
            [
              459.241,
              350.855
            ],
            [
              459.241,
              282.095
            ]
          ]
        ]
      },
      "properties": {
        "size": 2034.38,
        "orientation": "east_west",
        "road_access": true,
        "zone": "business",
        "frontage": 29.59,
        "vacant": false,
        "feature_type": "Lot",
        "parent_id": "block-district-business-22-12",
        "stage": "lots",
        "seed": 10198509143117359959
      }
    },
    {
      "type": "Feature",
      "id": "lot-block-district-business-22-12-3",
      "geometry": {
        "type": "Polygon",
        "coordinates": [
          [
            [
              491.827,
              282.095
            ],
            [
              521.414,
              282.095
            ],
            [
              521.414,
              350.855
            ],
            [
              491.827,
              350.855
            ],
            [
              491.827,
              282.095
            ]
          ]
        ]
      },
      "properties": {
        "size": 2034.38,
        "orientation": "east_west",
        "road_access": true,
        "zone": "business",
        "frontage": 29.59,
        "vacant": false,
        "feature_type": "Lot",
        "parent_id": "block-district-business-22-12",
        "stage": "lots",
        "seed": 10198509143117359959
      }
    },
    {
      "type": "Feature",
      "id": "lot-block-district-business-22-13-1",
      "geometry": {
        "type": "Polygon",
        "coordinates": [
          [
            [
              530.654,
              282.095
            ],
            [
              560.241,
              282.095
            ],
            [
              560.241,
              350.855
            ],
            [
              530.654,
              350.855
            ],
            [
              530.654,
              282.095
            ]
          ]
        ]
      },
      "properties": {
        "size": 2034.38,
        "orientation": "east_west",
        "road_access": true,
        "zone": "business",
        "frontage": 29.59,
        "vacant": false,
        "feature_type": "Lot",
        "parent_id": "block-district-business-22-13",
        "stage": "lots",
        "seed": 10198509143117359959
      }
    },
    {
      "type": "Feature",
      "id": "lot-block-district-business-22-13-2",
      "geometry": {
        "type": "Polygon",
        "coordinates": [
          [
            [
              563.241,
              282.095
            ],
            [
              592.827,
              282.095
            ],
            [
              592.827,
              350.855
            ],
            [
              563.241,
              350.855
            ],
            [
              563.241,
              282.095
            ]
          ]
        ]
      },
      "properties": {
        "size": 2034.38,
        "orientation": "east_west",
        "road_access": true,
        "zone": "business",
        "frontage": 29.59,
        "vacant": false,
        "feature_type": "Lot",
        "parent_id": "block-district-business-22-13",
        "stage": "lots",
        "seed": 10198509143117359959
      }
    },
    {
      "type": "Feature",
      "id": "lot-block-district-business-22-13-3",
      "geometry": {
        "type": "Polygon",
        "coordinates": [
          [
            [
              595.827,
              282.095
            ],
            [
              625.414,
              282.095
            ],
            [
              625.414,
              350.855
            ],
            [
              595.827,
              350.855
            ],
            [
              595.827,
              282.095
            ]
          ]
        ]
      },
      "properties": {
        "size": 2034.38,
        "orientation": "east_west",
        "road_access": true,
        "zone": "business",
        "frontage": 29.59,
        "vacant": false,
        "feature_type": "Lot",
        "parent_id": "block-district-business-22-13",
        "stage": "lots",
        "seed": 10198509143117359959
      }
    },
    {
      "type": "Feature",
      "id": "lot-block-district-business-22-21-1",
      "geometry": {
        "type": "Polygon",
        "coordinates": [
          [
            [
              322.654,
              360.095
            ],
            [
              352.241,
              360.095
            ],
            [
              352.241,
              428.855
            ],
            [
              322.654,
              428.855
            ],
            [
              322.654,
              360.095
            ]
          ]
        ]
      },
      "properties": {
        "size": 2034.38,
        "orientation": "east_west",
        "road_access": true,
        "zone": "business",
        "frontage": 29.59,
        "vacant": false,
        "feature_type": "Lot",
        "parent_id": "block-district-business-22-21",
        "stage": "lots",
        "seed": 10198509143117359959
      }
    },
    {
      "type": "Feature",
      "id": "lot-block-district-business-22-21-2",
      "geometry": {
        "type": "Polygon",
        "coordinates": [
          [
            [
              355.241,
              360.095
            ],
            [
              384.827,
              360.095
            ],
            [
              384.827,
              428.855
            ],
            [
              355.241,
              428.855
            ],
            [
              355.241,
              360.095
            ]
          ]
        ]
      },
      "properties": {
        "size": 2034.38,
        "orientation": "east_west",
        "road_access": true,
        "zone": "business",
        "frontage": 29.59,
        "vacant": false,
        "feature_type": "Lot",
        "parent_id": "block-district-business-22-21",
        "stage": "lots",
        "seed": 10198509143117359959
      }
    },
    {
      "type": "Feature",
      "id": "lot-block-district-business-22-21-3",
      "geometry": {
        "type": "Polygon",
        "coordinates": [
          [
            [
              387.827,
              360.095
            ],
            [
              417.414,
              360.095
            ],
            [
              417.414,
              428.855
            ],
            [
              387.827,
              428.855
            ],
            [
              387.827,
              360.095
            ]
          ]
        ]
      },
      "properties": {
        "size": 2034.38,
        "orientation": "east_west",
        "road_access": true,
        "zone": "business",
        "frontage": 29.59,
        "vacant": false,
        "feature_type": "Lot",
        "parent_id": "block-district-business-22-21",
        "stage": "lots",
        "seed": 10198509143117359959
      }
    },
    {
      "type": "Feature",
      "id": "lot-block-district-business-22-22-1",
      "geometry": {
        "type": "Polygon",
        "coordinates": [
          [
            [
              426.654,
              357.278
            ],
            [
              456.241,
              357.278
            ],
            [
              456.241,
              431.672
            ],
            [
              426.654,
              431.672
            ],
            [
              426.654,
              357.278
            ]
          ]
        ]
      },
      "properties": {
        "size": 2201.07,
        "orientation": "east_west",
        "road_access": true,
        "zone": "business",
        "frontage": 29.59,
        "vacant": false,
        "feature_type": "Lot",
        "parent_id": "block-district-business-22-22",
        "stage": "lots",
        "seed": 10198509143117359959
      }
    },
    {
      "type": "Feature",
      "id": "lot-block-district-business-22-22-2",
      "geometry": {
        "type": "Polygon",
        "coordinates": [
          [
            [
              459.241,
              357.278
            ],
            [
              488.827,
              357.278
            ],
            [
              488.827,
              431.672
            ],
            [
              459.241,
              431.672
            ],
            [
              459.241,
              357.278
            ]
          ]
        ]
      },
      "properties": {
        "size": 2201.07,
        "orientation": "east_west",
        "road_access": true,
        "zone": "business",
        "frontage": 29.59,
        "vacant": false,
        "feature_type": "Lot",
        "parent_id": "block-district-business-22-22",
        "stage": "lots",
        "seed": 10198509143117359959
      }
    },
    {
      "type": "Feature",
      "id": "lot-block-district-business-22-22-3",
      "geometry": {
        "type": "Polygon",
        "coordinates": [
          [
            [
              491.827,
              357.278
            ],
            [
              521.414,
              357.278
            ],
            [
              521.414,
              431.672
            ],
            [
              491.827,
              431.672
            ],
            [
              491.827,
              357.278
            ]
          ]
        ]
      },
      "properties": {
        "size": 2201.07,
        "orientation": "east_west",
        "road_access": true,
        "zone": "business",
        "frontage": 29.59,
        "vacant": false,
        "feature_type": "Lot",
        "parent_id": "block-district-business-22-22",
        "stage": "lots",
        "seed": 10198509143117359959
      }
    },
    {
      "type": "Feature",
      "id": "lot-block-district-business-22-23-1",
      "geometry": {
        "type": "Polygon",
        "coordinates": [
          [
            [
              530.654,
              360.095
            ],
            [
              560.241,
              360.095
            ],
            [
              560.241,
              428.855
            ],
            [
              530.654,
              428.855
            ],
            [
              530.654,
              360.095
            ]
          ]
        ]
      },
      "properties": {
        "size": 2034.38,
        "orientation": "east_west",
        "road_access": true,
        "zone": "business",
        "frontage": 29.59,
        "vacant": false,
        "feature_type": "Lot",
        "parent_id": "block-district-business-22-23",
        "stage": "lots",
        "seed": 10198509143117359959
      }
    },
    {
      "type": "Feature",
      "id": "lot-block-district-business-22-23-2",
      "geometry": {
        "type": "Polygon",
        "coordinates": [
          [
            [
              563.241,
              360.095
            ],
            [
              592.827,
              360.095
            ],
            [
              592.827,
              428.855
            ],
            [
              563.241,
              428.855
            ],
            [
              563.241,
              360.095
            ]
          ]
        ]
      },
      "properties": {
        "size": 2034.38,
        "orientation": "east_west",
        "road_access": true,
        "zone": "business",
        "frontage": 29.59,
        "vacant": false,
        "feature_type": "Lot",
        "parent_id": "block-district-business-22-23",
        "stage": "lots",
        "seed": 10198509143117359959
      }
    },
    {
      "type": "Feature",
      "id": "lot-block-district-business-22-23-3",
      "geometry": {
        "type": "Polygon",
        "coordinates": [
          [
            [
              595.827,
              360.095
            ],
            [
              625.414,
              360.095
            ],
            [
              625.414,
              428.855
            ],
            [
              595.827,
              428.855
            ],
            [
              595.827,
              360.095
            ]
          ]
        ]
      },
      "properties": {
        "size": 2034.38,
        "orientation": "east_west",
        "road_access": true,
        "zone": "business",
        "frontage": 29.59,
        "vacant": false,
        "feature_type": "Lot",
        "parent_id": "block-district-business-22-23",
        "stage": "lots",
        "seed": 10198509143117359959
      }
    },
    {
      "type": "Feature",
      "id": "lot-block-district-business-22-31-1",
      "geometry": {
        "type": "Polygon",
        "coordinates": [
          [
            [
              322.654,
              438.095
            ],
            [
              352.241,
              438.095
            ],
            [
              352.241,
              506.855
            ],
            [
              322.654,
              506.855
            ],
            [
              322.654,
              438.095
            ]
          ]
        ]
      },
      "properties": {
        "size": 2034.38,
        "orientation": "east_west",
        "road_access": true,
        "zone": "business",
        "frontage": 29.59,
        "vacant": false,
        "feature_type": "Lot",
        "parent_id": "block-district-business-22-31",
        "stage": "lots",
        "seed": 10198509143117359959
      }
    },
    {
      "type": "Feature",
      "id": "lot-block-district-business-22-31-2",
      "geometry": {
        "type": "Polygon",
        "coordinates": [
          [
            [
              355.241,
              438.095
            ],
            [
              384.827,
              438.095
            ],
            [
              384.827,
              506.855
            ],
            [
              355.241,
              506.855
            ],
            [
              355.241,
              438.095
            ]
          ]
        ]
      },
      "properties": {
        "size": 2034.38,
        "orientation": "east_west",
        "road_access": true,
        "zone": "business",
        "frontage": 29.59,
        "vacant": false,
        "feature_type": "Lot",
        "parent_id": "block-district-business-22-31",
        "stage": "lots",
        "seed": 10198509143117359959
      }
    },
    {
      "type": "Feature",
      "id": "lot-block-district-business-22-31-3",
      "geometry": {
        "type": "Polygon",
        "coordinates": [
          [
            [
              387.827,
              438.095
            ],
            [
              417.414,
              438.095
            ],
            [
              417.414,
              506.855
            ],
            [
              387.827,
              506.855
            ],
            [
              387.827,
              438.095
            ]
          ]
        ]
      },
      "properties": {
        "size": 2034.38,
        "orientation": "east_west",
        "road_access": true,
        "zone": "business",
        "frontage": 29.59,
        "vacant": false,
        "feature_type": "Lot",
        "parent_id": "block-district-business-22-31",
        "stage": "lots",
        "seed": 10198509143117359959
      }
    },
    {
      "type": "Feature",
      "id": "lot-block-district-business-22-32-1",
      "geometry": {
        "type": "Polygon",
        "coordinates": [
          [
            [
              426.654,
              437.455
            ],
            [
              456.241,
              437.455
            ],
            [
              456.241,
              507.495
            ],
            [
              426.654,
              507.495
            ],
            [
              426.654,
              437.455
            ]
          ]
        ]
      },
      "properties": {
        "size": 2072.25,
        "orientation": "east_west",
        "road_access": true,
        "zone": "business",
        "frontage": 29.59,
        "vacant": false,
        "feature_type": "Lot",
        "parent_id": "block-district-business-22-32",
        "stage": "lots",
        "seed": 10198509143117359959
      }
    },
    {
      "type": "Feature",
      "id": "lot-block-district-business-22-32-2",
      "geometry": {
        "type": "Polygon",
        "coordinates": [
          [
            [
              459.241,
              437.455
            ],
            [
              488.827,
              437.455
            ],
            [
              488.827,
              507.495
            ],
            [
              459.241,
              507.495
            ],
            [
              459.241,
              437.455
            ]
          ]
        ]
      },
      "properties": {
        "size": 2072.25,
        "orientation": "east_west",
        "road_access": true,
        "zone": "business",
        "frontage": 29.59,
        "vacant": false,
        "feature_type": "Lot",
        "parent_id": "block-district-business-22-32",
        "stage": "lots",
        "seed": 10198509143117359959
      }
    },
    {
      "type": "Feature",
      "id": "lot-block-district-business-22-32-3",
      "geometry": {
        "type": "Polygon",
        "coordinates": [
          [
            [
              491.827,
              437.455
            ],
            [
              521.414,
              437.455
            ],
            [
              521.414,
              507.495
            ],
            [
              491.827,
              507.495
            ],
            [
              491.827,
              437.455
            ]
          ]
        ]
      },
      "properties": {
        "size": 2072.25,
        "orientation": "east_west",
        "road_access": true,
        "zone": "business",
        "frontage": 29.59,
        "vacant": false,
        "feature_type": "Lot",
        "parent_id": "block-district-business-22-32",
        "stage": "lots",
        "seed": 10198509143117359959
      }
    },
    {
      "type": "Feature",
      "id": "lot-block-district-business-22-33-1",
      "geometry": {
        "type": "Polygon",
        "coordinates": [
          [
            [
              530.654,
              438.095
            ],
            [
              560.241,
              438.095
            ],
            [
              560.241,
              506.855
            ],
            [
              530.654,
              506.855
            ],
            [
              530.654,
              438.095
            ]
          ]
        ]
      },
      "properties": {
        "size": 2034.38,
        "orientation": "east_west",
        "road_access": true,
        "zone": "business",
        "frontage": 29.59,
        "vacant": false,
        "feature_type": "Lot",
        "parent_id": "block-district-business-22-33",
        "stage": "lots",
        "seed": 10198509143117359959
      }
    },
    {
      "type": "Feature",
      "id": "lot-block-district-business-22-33-2",
      "geometry": {
        "type": "Polygon",
        "coordinates": [
          [
            [
              563.241,
              438.095
            ],
            [
              592.827,
              438.095
            ],
            [
              592.827,
              506.855
            ],
            [
              563.241,
              506.855
            ],
            [
              563.241,
              438.095
            ]
          ]
        ]
      },
      "properties": {
        "size": 2034.38,
        "orientation": "east_west",
        "road_access": true,
        "zone": "business",
        "frontage": 29.59,
        "vacant": true,
        "feature_type": "Lot",
        "parent_id": "block-district-business-22-33",
        "stage": "lots",
        "seed": 10198509143117359959
      }
    },
    {
      "type": "Feature",
      "id": "lot-block-district-business-22-33-3",
      "geometry": {
        "type": "Polygon",
        "coordinates": [
          [
            [
              595.827,
              438.095
            ],
            [
              625.414,
              438.095
            ],
            [
              625.414,
              506.855
            ],
            [
              595.827,
              506.855
            ],
            [
              595.827,
              438.095
            ]
          ]
        ]
      },
      "properties": {
        "size": 2034.38,
        "orientation": "east_west",
        "road_access": true,
        "zone": "business",
        "frontage": 29.59,
        "vacant": false,
        "feature_type": "Lot",
        "parent_id": "block-district-business-22-33",
        "stage": "lots",
        "seed": 10198509143117359959
      }
    },
    {
      "type": "Feature",
      "id": "lot-block-district-old_town-23-11-1",
      "geometry": {
        "type": "Polygon",
        "coordinates": [
          [
            [
              625.908,
              268.503
            ],
            [
              652.988,
              268.503
            ],
            [
              652.988,
              338.939
            ],
            [
              625.908,
              338.939
            ],
            [
              625.908,
              268.503
            ]
          ]
        ]
      },
      "properties": {
        "size": 1907.41,
        "orientation": "east_west",
        "road_access": true,
        "zone": "old_town",
        "frontage": 27.08,
        "vacant": false,
        "feature_type": "Lot",
        "parent_id": "block-district-old_town-23-11",
        "stage": "lots",
        "seed": 10198509143117359959
      }
    },
    {
      "type": "Feature",
      "id": "lot-block-district-old_town-23-11-2",
      "geometry": {
        "type": "Polygon",
        "coordinates": [
          [
            [
              655.988,
              268.503
            ],
            [
              683.068,
              268.503
            ],
            [
              683.068,
              338.939
            ],
            [
              655.988,
              338.939
            ],
            [
              655.988,
              268.503
            ]
          ]
        ]
      },
      "properties": {
        "size": 1907.41,
        "orientation": "east_west",
        "road_access": true,
        "zone": "old_town",
        "frontage": 27.08,
        "vacant": false,
        "feature_type": "Lot",
        "parent_id": "block-district-old_town-23-11",
        "stage": "lots",
        "seed": 10198509143117359959
      }
    },
    {
      "type": "Feature",
      "id": "lot-block-district-old_town-23-11-3",
      "geometry": {
        "type": "Polygon",
        "coordinates": [
          [
            [
              686.068,
              268.503
            ],
            [
              713.148,
              268.503
            ],
            [
              713.148,
              338.939
            ],
            [
              686.068,
              338.939
            ],
            [
              686.068,
              268.503
            ]
          ]
        ]
      },
      "properties": {
        "size": 1907.41,
        "orientation": "east_west",
        "road_access": true,
        "zone": "old_town",
        "frontage": 27.08,
        "vacant": false,
        "feature_type": "Lot",
        "parent_id": "block-district-old_town-23-11",
        "stage": "lots",
        "seed": 10198509143117359959
      }
    },
    {
      "type": "Feature",
      "id": "lot-block-district-old_town-23-12-1",
      "geometry": {
        "type": "Polygon",
        "coordinates": [
          [
            [
              721.908,
              268.832
            ],
            [
              748.988,
              268.832
            ],
            [
              748.988,
              338.61
            ],
            [
              721.908,
              338.61
            ],
            [
              721.908,
              268.832
            ]
          ]
        ]
      },
      "properties": {
        "size": 1889.59,
        "orientation": "east_west",
        "road_access": true,
        "zone": "old_town",
        "frontage": 27.08,
        "vacant": false,
        "feature_type": "Lot",
        "parent_id": "block-district-old_town-23-12",
        "stage": "lots",
        "seed": 10198509143117359959
      }
    },
    {
      "type": "Feature",
      "id": "lot-block-district-old_town-23-12-2",
      "geometry": {
        "type": "Polygon",
        "coordinates": [
          [
            [
              751.988,
              268.832
            ],
            [
              779.068,
              268.832
            ],
            [
              779.068,
              338.61
            ],
            [
              751.988,
              338.61
            ],
            [
              751.988,
              268.832
            ]
          ]
        ]
      },
      "properties": {
        "size": 1889.59,
        "orientation": "east_west",
        "road_access": true,
        "zone": "old_town",
        "frontage": 27.08,
        "vacant": false,
        "feature_type": "Lot",
        "parent_id": "block-district-old_town-23-12",
        "stage": "lots",
        "seed": 10198509143117359959
      }
    },
    {
      "type": "Feature",
      "id": "lot-block-district-old_town-23-12-3",
      "geometry": {
        "type": "Polygon",
        "coordinates": [
          [
            [
              782.068,
              268.832
            ],
            [
              809.148,
              268.832
            ],
            [
              809.148,
              338.61
            ],
            [
              782.068,
              338.61
            ],
            [
              782.068,
              268.832
            ]
          ]
        ]
      },
      "properties": {
        "size": 1889.59,
        "orientation": "east_west",
        "road_access": true,
        "zone": "old_town",
        "frontage": 27.08,
        "vacant": false,
        "feature_type": "Lot",
        "parent_id": "block-district-old_town-23-12",
        "stage": "lots",
        "seed": 10198509143117359959
      }
    },
    {
      "type": "Feature",
      "id": "lot-block-district-old_town-23-13-1",
      "geometry": {
        "type": "Polygon",
        "coordinates": [
          [
            [
              817.908,
              269.101
            ],
            [
              844.988,
              269.101
            ],
            [
              844.988,
              338.341
            ],
            [
              817.908,
              338.341
            ],
            [
              817.908,
              269.101
            ]
          ]
        ]
      },
      "properties": {
        "size": 1875.02,
        "orientation": "east_west",
        "road_access": true,
        "zone": "old_town",
        "frontage": 27.08,
        "vacant": false,
        "feature_type": "Lot",
        "parent_id": "block-district-old_town-23-13",
        "stage": "lots",
        "seed": 10198509143117359959
      }
    },
    {
      "type": "Feature",
      "id": "lot-block-district-old_town-23-13-2",
      "geometry": {
        "type": "Polygon",
        "coordinates": [
          [
            [
              847.988,
              269.101
            ],
            [
              875.068,
              269.101
            ],
            [
              875.068,
              338.341
            ],
            [
              847.988,
              338.341
            ],
            [
              847.988,
              269.101
            ]
          ]
        ]
      },
      "properties": {
        "size": 1875.02,
        "orientation": "east_west",
        "road_access": true,
        "zone": "old_town",
        "frontage": 27.08,
        "vacant": false,
        "feature_type": "Lot",
        "parent_id": "block-district-old_town-23-13",
        "stage": "lots",
        "seed": 10198509143117359959
      }
    },
    {
      "type": "Feature",
      "id": "lot-block-district-old_town-23-13-3",
      "geometry": {
        "type": "Polygon",
        "coordinates": [
          [
            [
              878.068,
              269.101
            ],
            [
              905.148,
              269.101
            ],
            [
              905.148,
              338.341
            ],
            [
              878.068,
              338.341
            ],
            [
              878.068,
              269.101
            ]
          ]
        ]
      },
      "properties": {
        "size": 1875.02,
        "orientation": "east_west",
        "road_access": true,
        "zone": "old_town",
        "frontage": 27.08,
        "vacant": false,
        "feature_type": "Lot",
        "parent_id": "block-district-old_town-23-13",
        "stage": "lots",
        "seed": 10198509143117359959
      }
    },
    {
      "type": "Feature",
      "id": "lot-block-district-old_town-23-21-1",
      "geometry": {
        "type": "Polygon",
        "coordinates": [
          [
            [
              625.908,
              347.101
            ],
            [
              652.988,
              347.101
            ],
            [
              652.988,
              416.341
            ],
            [
              625.908,
              416.341
            ],
            [
              625.908,
              347.101
            ]
          ]
        ]
      },
      "properties": {
        "size": 1875.02,
        "orientation": "east_west",
        "road_access": true,
        "zone": "old_town",
        "frontage": 27.08,
        "vacant": false,
        "feature_type": "Lot",
        "parent_id": "block-district-old_town-23-21",
        "stage": "lots",
        "seed": 10198509143117359959
      }
    },
    {
      "type": "Feature",
      "id": "lot-block-district-old_town-23-21-2",
      "geometry": {
        "type": "Polygon",
        "coordinates": [
          [
            [
              655.988,
              347.101
            ],
            [
              683.068,
              347.101
            ],
            [
              683.068,
              416.341
            ],
            [
              655.988,
              416.341
            ],
            [
              655.988,
              347.101
            ]
          ]
        ]
      },
      "properties": {
        "size": 1875.02,
        "orientation": "east_west",
        "road_access": true,
        "zone": "old_town",
        "frontage": 27.08,
        "vacant": false,
        "feature_type": "Lot",
        "parent_id": "block-district-old_town-23-21",
        "stage": "lots",
        "seed": 10198509143117359959
      }
    },
    {
      "type": "Feature",
      "id": "lot-block-district-old_town-23-21-3",
      "geometry": {
        "type": "Polygon",
        "coordinates": [
          [
            [
              686.068,
              347.101
            ],
            [
              713.148,
              347.101
            ],
            [
              713.148,
              416.341
            ],
            [
              686.068,
              416.341
            ],
            [
              686.068,
              347.101
            ]
          ]
        ]
      },
      "properties": {
        "size": 1875.02,
        "orientation": "east_west",
        "road_access": true,
        "zone": "old_town",
        "frontage": 27.08,
        "vacant": false,
        "feature_type": "Lot",
        "parent_id": "block-district-old_town-23-21",
        "stage": "lots",
        "seed": 10198509143117359959
      }
    },
    {
      "type": "Feature",
      "id": "lot-block-district-old_town-23-22-1",
      "geometry": {
        "type": "Polygon",
        "coordinates": [
          [
            [
              721.908,
              344.106
            ],
            [
              748.988,
              344.106
            ],
            [
              748.988,
              419.336
            ],
            [
              721.908,
              419.336
            ],
            [
              721.908,
              344.106
            ]
          ]
        ]
      },
      "properties": {
        "size": 2037.23,
        "orientation": "east_west",
        "road_access": true,
        "zone": "old_town",
        "frontage": 27.08,
        "vacant": false,
        "feature_type": "Lot",
        "parent_id": "block-district-old_town-23-22",
        "stage": "lots",
        "seed": 10198509143117359959
      }
    },
    {
      "type": "Feature",
      "id": "lot-block-district-old_town-23-22-2",
      "geometry": {
        "type": "Polygon",
        "coordinates": [
          [
            [
              751.988,
              344.106
            ],
            [
              779.068,
              344.106
            ],
            [
              779.068,
              419.336
            ],
            [
              751.988,
              419.336
            ],
            [
              751.988,
              344.106
            ]
          ]
        ]
      },
      "properties": {
        "size": 2037.23,
        "orientation": "east_west",
        "road_access": true,
        "zone": "old_town",
        "frontage": 27.08,
        "vacant": false,
        "feature_type": "Lot",
        "parent_id": "block-district-old_town-23-22",
        "stage": "lots",
        "seed": 10198509143117359959
      }
    },
    {
      "type": "Feature",
      "id": "lot-block-district-old_town-23-22-3",
      "geometry": {
        "type": "Polygon",
        "coordinates": [
          [
            [
              782.068,
              344.106
            ],
            [
              809.148,
              344.106
            ],
            [
              809.148,
              419.336
            ],
            [
              782.068,
              419.336
            ],
            [
              782.068,
              344.106
            ]
          ]
        ]
      },
      "properties": {
        "size": 2037.23,
        "orientation": "east_west",
        "road_access": true,
        "zone": "old_town",
        "frontage": 27.08,
        "vacant": false,
        "feature_type": "Lot",
        "parent_id": "block-district-old_town-23-22",
        "stage": "lots",
        "seed": 10198509143117359959
      }
    },
    {
      "type": "Feature",
      "id": "lot-block-district-old_town-23-23-1",
      "geometry": {
        "type": "Polygon",
        "coordinates": [
          [
            [
              817.908,
              346.401
            ],
            [
              844.988,
              346.401
            ],
            [
              844.988,
              417.041
            ],
            [
              817.908,
              417.041
            ],
            [
              817.908,
              346.401
            ]
          ]
        ]
      },
      "properties": {
        "size": 1912.93,
        "orientation": "east_west",
        "road_access": true,
        "zone": "old_town",
        "frontage": 27.08,
        "vacant": false,
        "feature_type": "Lot",
        "parent_id": "block-district-old_town-23-23",
        "stage": "lots",
        "seed": 10198509143117359959
      }
    },
    {
      "type": "Feature",
      "id": "lot-block-district-old_town-23-23-2",
      "geometry": {
        "type": "Polygon",
        "coordinates": [
          [
            [
              847.988,
              346.401
            ],
            [
              875.068,
              346.401
            ],
            [
              875.068,
              417.041
            ],
            [
              847.988,
              417.041
            ],
            [
              847.988,
              346.401
            ]
          ]
        ]
      },
      "properties": {
        "size": 1912.93,
        "orientation": "east_west",
        "road_access": true,
        "zone": "old_town",
        "frontage": 27.08,
        "vacant": false,
        "feature_type": "Lot",
        "parent_id": "block-district-old_town-23-23",
        "stage": "lots",
        "seed": 10198509143117359959
      }
    },
    {
      "type": "Feature",
      "id": "lot-block-district-old_town-23-23-3",
      "geometry": {
        "type": "Polygon",
        "coordinates": [
          [
            [
              878.068,
              346.401
            ],
            [
              905.148,
              346.401
            ],
            [
              905.148,
              417.041
            ],
            [
              878.068,
              417.041
            ],
            [
              878.068,
              346.401
            ]
          ]
        ]
      },
      "properties": {
        "size": 1912.93,
        "orientation": "east_west",
        "road_access": true,
        "zone": "old_town",
        "frontage": 27.08,
        "vacant": false,
        "feature_type": "Lot",
        "parent_id": "block-district-old_town-23-23",
        "stage": "lots",
        "seed": 10198509143117359959
      }
    },
    {
      "type": "Feature",
      "id": "lot-block-district-old_town-23-31-1",
      "geometry": {
        "type": "Polygon",
        "coordinates": [
          [
            [
              625.908,
              425.101
            ],
            [
              652.988,
              425.101
            ],
            [
              652.988,
              494.341
            ],
            [
              625.908,
              494.341
            ],
            [
              625.908,
              425.101
            ]
          ]
        ]
      },
      "properties": {
        "size": 1875.02,
        "orientation": "east_west",
        "road_access": true,
        "zone": "old_town",
        "frontage": 27.08,
        "vacant": false,
        "feature_type": "Lot",
        "parent_id": "block-district-old_town-23-31",
        "stage": "lots",
        "seed": 10198509143117359959
      }
    },
    {
      "type": "Feature",
      "id": "lot-block-district-old_town-23-31-2",
      "geometry": {
        "type": "Polygon",
        "coordinates": [
          [
            [
              655.988,
              425.101
            ],
            [
              683.068,
              425.101
            ],
            [
              683.068,
              494.341
            ],
            [
              655.988,
              494.341
            ],
            [
              655.988,
              425.101
            ]
          ]
        ]
      },
      "properties": {
        "size": 1875.02,
        "orientation": "east_west",
        "road_access": true,
        "zone": "old_town",
        "frontage": 27.08,
        "vacant": false,
        "feature_type": "Lot",
        "parent_id": "block-district-old_town-23-31",
        "stage": "lots",
        "seed": 10198509143117359959
      }
    },
    {
      "type": "Feature",
      "id": "lot-block-district-old_town-23-31-3",
      "geometry": {
        "type": "Polygon",
        "coordinates": [
          [
            [
              686.068,
              425.101
            ],
            [
              713.148,
              425.101
            ],
            [
              713.148,
              494.341
            ],
            [
              686.068,
              494.341
            ],
            [
              686.068,
              425.101
            ]
          ]
        ]
      },
      "properties": {
        "size": 1875.02,
        "orientation": "east_west",
        "road_access": true,
        "zone": "old_town",
        "frontage": 27.08,
        "vacant": false,
        "feature_type": "Lot",
        "parent_id": "block-district-old_town-23-31",
        "stage": "lots",
        "seed": 10198509143117359959
      }
    },
    {
      "type": "Feature",
      "id": "lot-block-district-old_town-23-32-1",
      "geometry": {
        "type": "Polygon",
        "coordinates": [
          [
            [
              721.908,
              424.543
            ],
            [
              748.988,
              424.543
            ],
            [
              748.988,
              494.899
            ],
            [
              721.908,
              494.899
            ],
            [
              721.908,
              424.543
            ]
          ]
        ]
      },
      "properties": {
        "size": 1905.24,
        "orientation": "east_west",
        "road_access": true,
        "zone": "old_town",
        "frontage": 27.08,
        "vacant": false,
        "feature_type": "Lot",
        "parent_id": "block-district-old_town-23-32",
        "stage": "lots",
        "seed": 10198509143117359959
      }
    },
    {
      "type": "Feature",
      "id": "lot-block-district-old_town-23-32-2",
      "geometry": {
        "type": "Polygon",
        "coordinates": [
          [
            [
              751.988,
              424.543
            ],
            [
              779.068,
              424.543
            ],
            [
              779.068,
              494.899
            ],
            [
              751.988,
              494.899
            ],
            [
              751.988,
              424.543
            ]
          ]
        ]
      },
      "properties": {
        "size": 1905.24,
        "orientation": "east_west",
        "road_access": true,
        "zone": "old_town",
        "frontage": 27.08,
        "vacant": false,
        "feature_type": "Lot",
        "parent_id": "block-district-old_town-23-32",
        "stage": "lots",
        "seed": 10198509143117359959
      }
    },
    {
      "type": "Feature",
      "id": "lot-block-district-old_town-23-32-3",
      "geometry": {
        "type": "Polygon",
        "coordinates": [
          [
            [
              782.068,
              424.543
            ],
            [
              809.148,
              424.543
            ],
            [
              809.148,
              494.899
            ],
            [
              782.068,
              494.899
            ],
            [
              782.068,
              424.543
            ]
          ]
        ]
      },
      "properties": {
        "size": 1905.24,
        "orientation": "east_west",
        "road_access": true,
        "zone": "old_town",
        "frontage": 27.08,
        "vacant": false,
        "feature_type": "Lot",
        "parent_id": "block-district-old_town-23-32",
        "stage": "lots",
        "seed": 10198509143117359959
      }
    },
    {
      "type": "Feature",
      "id": "lot-block-district-old_town-23-33-1",
      "geometry": {
        "type": "Polygon",
        "coordinates": [
          [
            [
              817.908,
              425.101
            ],
            [
              844.988,
              425.101
            ],
            [
              844.988,
              494.341
            ],
            [
              817.908,
              494.341
            ],
            [
              817.908,
              425.101
            ]
          ]
        ]
      },
      "properties": {
        "size": 1875.02,
        "orientation": "east_west",
        "road_access": true,
        "zone": "old_town",
        "frontage": 27.08,
        "vacant": true,
        "feature_type": "Lot",
        "parent_id": "block-district-old_town-23-33",
        "stage": "lots",
        "seed": 10198509143117359959
      }
    },
    {
      "type": "Feature",
      "id": "lot-block-district-old_town-23-33-2",
      "geometry": {
        "type": "Polygon",
        "coordinates": [
          [
            [
              847.988,
              425.101
            ],
            [
              875.068,
              425.101
            ],
            [
              875.068,
              494.341
            ],
            [
              847.988,
              494.341
            ],
            [
              847.988,
              425.101
            ]
          ]
        ]
      },
      "properties": {
        "size": 1875.02,
        "orientation": "east_west",
        "road_access": true,
        "zone": "old_town",
        "frontage": 27.08,
        "vacant": false,
        "feature_type": "Lot",
        "parent_id": "block-district-old_town-23-33",
        "stage": "lots",
        "seed": 10198509143117359959
      }
    },
    {
      "type": "Feature",
      "id": "lot-block-district-old_town-23-33-3",
      "geometry": {
        "type": "Polygon",
        "coordinates": [
          [
            [
              878.068,
              425.101
            ],
            [
              905.148,
              425.101
            ],
            [
              905.148,
              494.341
            ],
            [
              878.068,
              494.341
            ],
            [
              878.068,
              425.101
            ]
          ]
        ]
      },
      "properties": {
        "size": 1875.02,
        "orientation": "east_west",
        "road_access": true,
        "zone": "old_town",
        "frontage": 27.08,
        "vacant": false,
        "feature_type": "Lot",
        "parent_id": "block-district-old_town-23-33",
        "stage": "lots",
        "seed": 10198509143117359959
      }
    },
    {
      "type": "Feature",
      "id": "lot-block-district-residential-24-11-1",
      "geometry": {
        "type": "Polygon",
        "coordinates": [
          [
            [
              916.38,
              263.77
            ],
            [
              943.46,
              263.77
            ],
            [
              943.46,
              338.36
            ],
            [
              916.38,
              338.36
            ],
            [
              916.38,
              263.77
            ]
          ]
        ]
      },
      "properties": {
        "size": 2019.9,
        "orientation": "east_west",
        "road_access": true,
        "zone": "residential",
        "frontage": 27.08,
        "vacant": false,
        "feature_type": "Lot",
        "parent_id": "block-district-residential-24-11",
        "stage": "lots",
        "seed": 10198509143117359959
      }
    },
    {
      "type": "Feature",
      "id": "lot-block-district-residential-24-11-2",
      "geometry": {
        "type": "Polygon",
        "coordinates": [
          [
            [
              946.46,
              263.77
            ],
            [
              973.54,
              263.77
            ],
            [
              973.54,
              338.36
            ],
            [
              946.46,
              338.36
            ],
            [
              946.46,
              263.77
            ]
          ]
        ]
      },
      "properties": {
        "size": 2019.9,
        "orientation": "east_west",
        "road_access": true,
        "zone": "residential",
        "frontage": 27.08,
        "vacant": false,
        "feature_type": "Lot",
        "parent_id": "block-district-residential-24-11",
        "stage": "lots",
        "seed": 10198509143117359959
      }
    },
    {
      "type": "Feature",
      "id": "lot-block-district-residential-24-11-3",
      "geometry": {
        "type": "Polygon",
        "coordinates": [
          [
            [
              976.54,
              263.77
            ],
            [
              1003.62,
              263.77
            ],
            [
              1003.62,
              338.36
            ],
            [
              976.54,
              338.36
            ],
            [
              976.54,
              263.77
            ]
          ]
        ]
      },
      "properties": {
        "size": 2019.9,
        "orientation": "east_west",
        "road_access": true,
        "zone": "residential",
        "frontage": 27.08,
        "vacant": false,
        "feature_type": "Lot",
        "parent_id": "block-district-residential-24-11",
        "stage": "lots",
        "seed": 10198509143117359959
      }
    },
    {
      "type": "Feature",
      "id": "lot-block-district-residential-24-12-1",
      "geometry": {
        "type": "Polygon",
        "coordinates": [
          [
            [
              1012.38,
              266.445
            ],
            [
              1039.46,
              266.445
            ],
            [
              1039.46,
              335.685
            ],
            [
              1012.38,
              335.685
            ],
            [
              1012.38,
              266.445
            ]
          ]
        ]
      },
      "properties": {
        "size": 1875.02,
        "orientation": "east_west",
        "road_access": true,
        "zone": "residential",
        "frontage": 27.08,
        "vacant": false,
        "feature_type": "Lot",
        "parent_id": "block-district-residential-24-12",
        "stage": "lots",
        "seed": 10198509143117359959
      }
    },
    {
      "type": "Feature",
      "id": "lot-block-district-residential-24-12-2",
      "geometry": {
        "type": "Polygon",
        "coordinates": [
          [
            [
              1042.46,
              266.445
            ],
            [
              1069.54,
              266.445
            ],
            [
              1069.54,
              335.685
            ],
            [
              1042.46,
              335.685
            ],
            [
              1042.46,
              266.445
            ]
          ]
        ]
      },
      "properties": {
        "size": 1875.02,
        "orientation": "east_west",
        "road_access": true,
        "zone": "residential",
        "frontage": 27.08,
        "vacant": false,
        "feature_type": "Lot",
        "parent_id": "block-district-residential-24-12",
        "stage": "lots",
        "seed": 10198509143117359959
      }
    },
    {
      "type": "Feature",
      "id": "lot-block-district-residential-24-12-3",
      "geometry": {
        "type": "Polygon",
        "coordinates": [
          [
            [
              1072.54,
              266.445
            ],
            [
              1099.62,
              266.445
            ],
            [
              1099.62,
              335.685
            ],
            [
              1072.54,
              335.685
            ],
            [
              1072.54,
              266.445
            ]
          ]
        ]
      },
      "properties": {
        "size": 1875.02,
        "orientation": "east_west",
        "road_access": true,
        "zone": "residential",
        "frontage": 27.08,
        "vacant": false,
        "feature_type": "Lot",
        "parent_id": "block-district-residential-24-12",
        "stage": "lots",
        "seed": 10198509143117359959
      }
    },
    {
      "type": "Feature",
      "id": "lot-block-district-residential-24-13-1",
      "geometry": {
        "type": "Polygon",
        "coordinates": [
          [
            [
              1108.38,
              263.585
            ],
            [
              1135.46,
              263.585
            ],
            [
              1135.46,
              338.545
            ],
            [
              1108.38,
              338.545
            ],
            [
              1108.38,
              263.585
            ]
          ]
        ]
      },
      "properties": {
        "size": 2029.92,
        "orientation": "east_west",
        "road_access": true,
        "zone": "residential",
        "frontage": 27.08,
        "vacant": false,
        "feature_type": "Lot",
        "parent_id": "block-district-residential-24-13",
        "stage": "lots",
        "seed": 10198509143117359959
      }
    },
    {
      "type": "Feature",
      "id": "lot-block-district-residential-24-13-2",
      "geometry": {
        "type": "Polygon",
        "coordinates": [
          [
            [
              1138.46,
              263.585
            ],
            [
              1165.54,
              263.585
            ],
            [
              1165.54,
              338.545
            ],
            [
              1138.46,
              338.545
            ],
            [
              1138.46,
              263.585
            ]
          ]
        ]
      },
      "properties": {
        "size": 2029.92,
        "orientation": "east_west",
        "road_access": true,
        "zone": "residential",
        "frontage": 27.08,
        "vacant": false,
        "feature_type": "Lot",
        "parent_id": "block-district-residential-24-13",
        "stage": "lots",
        "seed": 10198509143117359959
      }
    },
    {
      "type": "Feature",
      "id": "lot-block-district-residential-24-13-3",
      "geometry": {
        "type": "Polygon",
        "coordinates": [
          [
            [
              1168.54,
              263.585
            ],
            [
              1195.62,
              263.585
            ],
            [
              1195.62,
              338.545
            ],
            [
              1168.54,
              338.545
            ],
            [
              1168.54,
              263.585
            ]
          ]
        ]
      },
      "properties": {
        "size": 2029.92,
        "orientation": "east_west",
        "road_access": true,
        "zone": "residential",
        "frontage": 27.08,
        "vacant": false,
        "feature_type": "Lot",
        "parent_id": "block-district-residential-24-13",
        "stage": "lots",
        "seed": 10198509143117359959
      }
    },
    {
      "type": "Feature",
      "id": "lot-block-district-residential-24-21-1",
      "geometry": {
        "type": "Polygon",
        "coordinates": [
          [
            [
              916.38,
              344.445
            ],
            [
              943.46,
              344.445
            ],
            [
              943.46,
              413.685
            ],
            [
              916.38,
              413.685
            ],
            [
              916.38,
              344.445
            ]
          ]
        ]
      },
      "properties": {
        "size": 1875.02,
        "orientation": "east_west",
        "road_access": true,
        "zone": "residential",
        "frontage": 27.08,
        "vacant": false,
        "feature_type": "Lot",
        "parent_id": "block-district-residential-24-21",
        "stage": "lots",
        "seed": 10198509143117359959
      }
    },
    {
      "type": "Feature",
      "id": "lot-block-district-residential-24-21-2",
      "geometry": {
        "type": "Polygon",
        "coordinates": [
          [
            [
              946.46,
              344.445
            ],
            [
              973.54,
              344.445
            ],
            [
              973.54,
              413.685
            ],
            [
              946.46,
              413.685
            ],
            [
              946.46,
              344.445
            ]
          ]
        ]
      },
      "properties": {
        "size": 1875.02,
        "orientation": "east_west",
        "road_access": true,
        "zone": "residential",
        "frontage": 27.08,
        "vacant": false,
        "feature_type": "Lot",
        "parent_id": "block-district-residential-24-21",
        "stage": "lots",
        "seed": 10198509143117359959
      }
    },
    {
      "type": "Feature",
      "id": "lot-block-district-residential-24-21-3",
      "geometry": {
        "type": "Polygon",
        "coordinates": [
          [
            [
              976.54,
              344.445
            ],
            [
              1003.62,
              344.445
            ],
            [
              1003.62,
              413.685
            ],
            [
              976.54,
              413.685
            ],
            [
              976.54,
              344.445
            ]
          ]
        ]
      },
      "properties": {
        "size": 1875.02,
        "orientation": "east_west",
        "road_access": true,
        "zone": "residential",
        "frontage": 27.08,
        "vacant": false,
        "feature_type": "Lot",
        "parent_id": "block-district-residential-24-21",
        "stage": "lots",
        "seed": 10198509143117359959
      }
    },
    {
      "type": "Feature",
      "id": "lot-block-district-residential-24-22-1",
      "geometry": {
        "type": "Polygon",
        "coordinates": [
          [
            [
              1012.38,
              342.33
            ],
            [
              1039.46,
              342.33
            ],
            [
              1039.46,
              415.8
            ],
            [
              1012.38,
              415.8
            ],
            [
              1012.38,
              342.33
            ]
          ]
        ]
      },
      "properties": {
        "size": 1989.57,
        "orientation": "east_west",
        "road_access": true,
        "zone": "residential",
        "frontage": 27.08,
        "vacant": false,
        "feature_type": "Lot",
        "parent_id": "block-district-residential-24-22",
        "stage": "lots",
        "seed": 10198509143117359959
      }
    },
    {
      "type": "Feature",
      "id": "lot-block-district-residential-24-22-2",
      "geometry": {
        "type": "Polygon",
        "coordinates": [
          [
            [
              1042.46,
              342.33
            ],
            [
              1069.54,
              342.33
            ],
            [
              1069.54,
              415.8
            ],
            [
              1042.46,
              415.8
            ],
            [
              1042.46,
              342.33
            ]
          ]
        ]
      },
      "properties": {
        "size": 1989.57,
        "orientation": "east_west",
        "road_access": true,
        "zone": "residential",
        "frontage": 27.08,
        "vacant": false,
        "feature_type": "Lot",
        "parent_id": "block-district-residential-24-22",
        "stage": "lots",
        "seed": 10198509143117359959
      }
    },
    {
      "type": "Feature",
      "id": "lot-block-district-residential-24-22-3",
      "geometry": {
        "type": "Polygon",
        "coordinates": [
          [
            [
              1072.54,
              342.33
            ],
            [
              1099.62,
              342.33
            ],
            [
              1099.62,
              415.8
            ],
            [
              1072.54,
              415.8
            ],
            [
              1072.54,
              342.33
            ]
          ]
        ]
      },
      "properties": {
        "size": 1989.57,
        "orientation": "east_west",
        "road_access": true,
        "zone": "residential",
        "frontage": 27.08,
        "vacant": false,
        "feature_type": "Lot",
        "parent_id": "block-district-residential-24-22",
        "stage": "lots",
        "seed": 10198509143117359959
      }
    },
    {
      "type": "Feature",
      "id": "lot-block-district-residential-24-23-1",
      "geometry": {
        "type": "Polygon",
        "coordinates": [
          [
            [
              1108.38,
              344.445
            ],
            [
              1135.46,
              344.445
            ],
            [
              1135.46,
              413.685
            ],
            [
              1108.38,
              413.685
            ],
            [
              1108.38,
              344.445
            ]
          ]
        ]
      },
      "properties": {
        "size": 1875.02,
        "orientation": "east_west",
        "road_access": true,
        "zone": "residential",
        "frontage": 27.08,
        "vacant": false,
        "feature_type": "Lot",
        "parent_id": "block-district-residential-24-23",
        "stage": "lots",
        "seed": 10198509143117359959
      }
    },
    {
      "type": "Feature",
      "id": "lot-block-district-residential-24-23-2",
      "geometry": {
        "type": "Polygon",
        "coordinates": [
          [
            [
              1138.46,
              344.445
            ],
            [
              1165.54,
              344.445
            ],
            [
              1165.54,
              413.685
            ],
            [
              1138.46,
              413.685
            ],
            [
              1138.46,
              344.445
            ]
          ]
        ]
      },
      "properties": {
        "size": 1875.02,
        "orientation": "east_west",
        "road_access": true,
        "zone": "residential",
        "frontage": 27.08,
        "vacant": false,
        "feature_type": "Lot",
        "parent_id": "block-district-residential-24-23",
        "stage": "lots",
        "seed": 10198509143117359959
      }
    },
    {
      "type": "Feature",
      "id": "lot-block-district-residential-24-23-3",
      "geometry": {
        "type": "Polygon",
        "coordinates": [
          [
            [
              1168.54,
              344.445
            ],
            [
              1195.62,
              344.445
            ],
            [
              1195.62,
              413.685
            ],
            [
              1168.54,
              413.685
            ],
            [
              1168.54,
              344.445
            ]
          ]
        ]
      },
      "properties": {
        "size": 1875.02,
        "orientation": "east_west",
        "road_access": true,
        "zone": "residential",
        "frontage": 27.08,
        "vacant": false,
        "feature_type": "Lot",
        "parent_id": "block-district-residential-24-23",
        "stage": "lots",
        "seed": 10198509143117359959
      }
    },
    {
      "type": "Feature",
      "id": "lot-block-district-residential-24-31-1",
      "geometry": {
        "type": "Polygon",
        "coordinates": [
          [
            [
              916.38,
              420.94
            ],
            [
              943.46,
              420.94
            ],
            [
              943.46,
              493.19
            ],
            [
              916.38,
              493.19
            ],
            [
              916.38,
              420.94
            ]
          ]
        ]
      },
      "properties": {
        "size": 1956.53,
        "orientation": "east_west",
        "road_access": true,
        "zone": "residential",
        "frontage": 27.08,
        "vacant": false,
        "feature_type": "Lot",
        "parent_id": "block-district-residential-24-31",
        "stage": "lots",
        "seed": 10198509143117359959
      }
    },
    {
      "type": "Feature",
      "id": "lot-block-district-residential-24-31-2",
      "geometry": {
        "type": "Polygon",
        "coordinates": [
          [
            [
              946.46,
              420.94
            ],
            [
              973.54,
              420.94
            ],
            [
              973.54,
              493.19
            ],
            [
              946.46,
              493.19
            ],
            [
              946.46,
              420.94
            ]
          ]
        ]
      },
      "properties": {
        "size": 1956.53,
        "orientation": "east_west",
        "road_access": true,
        "zone": "residential",
        "frontage": 27.08,
        "vacant": false,
        "feature_type": "Lot",
        "parent_id": "block-district-residential-24-31",
        "stage": "lots",
        "seed": 10198509143117359959
      }
    },
    {
      "type": "Feature",
      "id": "lot-block-district-residential-24-31-3",
      "geometry": {
        "type": "Polygon",
        "coordinates": [
          [
            [
              976.54,
              420.94
            ],
            [
              1003.62,
              420.94
            ],
            [
              1003.62,
              493.19
            ],
            [
              976.54,
              493.19
            ],
            [
              976.54,
              420.94
            ]
          ]
        ]
      },
      "properties": {
        "size": 1956.53,
        "orientation": "east_west",
        "road_access": true,
        "zone": "residential",
        "frontage": 27.08,
        "vacant": false,
        "feature_type": "Lot",
        "parent_id": "block-district-residential-24-31",
        "stage": "lots",
        "seed": 10198509143117359959
      }
    },
    {
      "type": "Feature",
      "id": "lot-block-district-residential-24-32-1",
      "geometry": {
        "type": "Polygon",
        "coordinates": [
          [
            [
              1012.38,
              419.984
            ],
            [
              1039.46,
              419.984
            ],
            [
              1039.46,
              494.146
            ],
            [
              1012.38,
              494.146
            ],
            [
              1012.38,
              419.984
            ]
          ]
        ]
      },
      "properties": {
        "size": 2008.31,
        "orientation": "east_west",
        "road_access": true,
        "zone": "residential",
        "frontage": 27.08,
        "vacant": false,
        "feature_type": "Lot",
        "parent_id": "block-district-residential-24-32",
        "stage": "lots",
        "seed": 10198509143117359959
      }
    },
    {
      "type": "Feature",
      "id": "lot-block-district-residential-24-32-2",
      "geometry": {
        "type": "Polygon",
        "coordinates": [
          [
            [
              1042.46,
              419.984
            ],
            [
              1069.54,
              419.984
            ],
            [
              1069.54,
              494.146
            ],
            [
              1042.46,
              494.146
            ],
            [
              1042.46,
              419.984
            ]
          ]
        ]
      },
      "properties": {
        "size": 2008.31,
        "orientation": "east_west",
        "road_access": true,
        "zone": "residential",
        "frontage": 27.08,
        "vacant": false,
        "feature_type": "Lot",
        "parent_id": "block-district-residential-24-32",
        "stage": "lots",
        "seed": 10198509143117359959
      }
    },
    {
      "type": "Feature",
      "id": "lot-block-district-residential-24-32-3",
      "geometry": {
        "type": "Polygon",
        "coordinates": [
          [
            [
              1072.54,
              419.984
            ],
            [
              1099.62,
              419.984
            ],
            [
              1099.62,
              494.146
            ],
            [
              1072.54,
              494.146
            ],
            [
              1072.54,
              419.984
            ]
          ]
        ]
      },
      "properties": {
        "size": 2008.31,
        "orientation": "east_west",
        "road_access": true,
        "zone": "residential",
        "frontage": 27.08,
        "vacant": false,
        "feature_type": "Lot",
        "parent_id": "block-district-residential-24-32",
        "stage": "lots",
        "seed": 10198509143117359959
      }
    },
    {
      "type": "Feature",
      "id": "lot-block-district-residential-24-33-1",
      "geometry": {
        "type": "Polygon",
        "coordinates": [
          [
            [
              1108.38,
              419.975
            ],
            [
              1135.46,
              419.975
            ],
            [
              1135.46,
              494.155
            ],
            [
              1108.38,
              494.155
            ],
            [
              1108.38,
              419.975
            ]
          ]
        ]
      },
      "properties": {
        "size": 2008.79,
        "orientation": "east_west",
        "road_access": true,
        "zone": "residential",
        "frontage": 27.08,
        "vacant": false,
        "feature_type": "Lot",
        "parent_id": "block-district-residential-24-33",
        "stage": "lots",
        "seed": 10198509143117359959
      }
    },
    {
      "type": "Feature",
      "id": "lot-block-district-residential-24-33-2",
      "geometry": {
        "type": "Polygon",
        "coordinates": [
          [
            [
              1138.46,
              419.975
            ],
            [
              1165.54,
              419.975
            ],
            [
              1165.54,
              494.155
            ],
            [
              1138.46,
              494.155
            ],
            [
              1138.46,
              419.975
            ]
          ]
        ]
      },
      "properties": {
        "size": 2008.79,
        "orientation": "east_west",
        "road_access": true,
        "zone": "residential",
        "frontage": 27.08,
        "vacant": false,
        "feature_type": "Lot",
        "parent_id": "block-district-residential-24-33",
        "stage": "lots",
        "seed": 10198509143117359959
      }
    },
    {
      "type": "Feature",
      "id": "lot-block-district-residential-24-33-3",
      "geometry": {
        "type": "Polygon",
        "coordinates": [
          [
            [
              1168.54,
              419.975
            ],
            [
              1195.62,
              419.975
            ],
            [
              1195.62,
              494.155
            ],
            [
              1168.54,
              494.155
            ],
            [
              1168.54,
              419.975
            ]
          ]
        ]
      },
      "properties": {
        "size": 2008.79,
        "orientation": "east_west",
        "road_access": true,
        "zone": "residential",
        "frontage": 27.08,
        "vacant": false,
        "feature_type": "Lot",
        "parent_id": "block-district-residential-24-33",
        "stage": "lots",
        "seed": 10198509143117359959
      }
    },
    {
      "type": "Feature",
      "id": "lot-block-district-park-31-11-1",
      "geometry": {
        "type": "Polygon",
        "coordinates": [
          [
            [
              4.62,
              509.979
            ],
            [
              51.54,
              509.979
            ],
            [
              51.54,
              599.739
            ],
            [
              4.62,
              599.739
            ],
            [
              4.62,
              509.979
            ]
          ]
        ]
      },
      "properties": {
        "size": 4211.54,
        "orientation": "east_west",
        "road_access": true,
        "zone": "park",
        "frontage": 46.92,
        "vacant": true,
        "feature_type": "Lot",
        "parent_id": "block-district-park-31-11",
        "stage": "lots",
        "seed": 10198509143117359959
      }
    },
    {
      "type": "Feature",
      "id": "lot-block-district-park-31-11-2",
      "geometry": {
        "type": "Polygon",
        "coordinates": [
          [
            [
              54.54,
              509.979
            ],
            [
              101.46,
              509.979
            ],
            [
              101.46,
              599.739
            ],
            [
              54.54,
              599.739
            ],
            [
              54.54,
              509.979
            ]
          ]
        ]
      },
      "properties": {
        "size": 4211.54,
        "orientation": "east_west",
        "road_access": true,
        "zone": "park",
        "frontage": 46.92,
        "vacant": true,
        "feature_type": "Lot",
        "parent_id": "block-district-park-31-11",
        "stage": "lots",
        "seed": 10198509143117359959
      }
    },
    {
      "type": "Feature",
      "id": "lot-block-district-park-31-11-3",
      "geometry": {
        "type": "Polygon",
        "coordinates": [
          [
            [
              104.46,
              509.979
            ],
            [
              151.38,
              509.979
            ],
            [
              151.38,
              599.739
            ],
            [
              104.46,
              599.739
            ],
            [
              104.46,
              509.979
            ]
          ]
        ]
      },
      "properties": {
        "size": 4211.54,
        "orientation": "east_west",
        "road_access": true,
        "zone": "park",
        "frontage": 46.92,
        "vacant": false,
        "feature_type": "Lot",
        "parent_id": "block-district-park-31-11",
        "stage": "lots",
        "seed": 10198509143117359959
      }
    },
    {
      "type": "Feature",
      "id": "lot-block-district-park-31-12-1",
      "geometry": {
        "type": "Polygon",
        "coordinates": [
          [
            [
              160.62,
              509.979
            ],
            [
              207.54,
              509.979
            ],
            [
              207.54,
              599.739
            ],
            [
              160.62,
              599.739
            ],
            [
              160.62,
              509.979
            ]
          ]
        ]
      },
      "properties": {
        "size": 4211.54,
        "orientation": "east_west",
        "road_access": true,
        "zone": "park",
        "frontage": 46.92,
        "vacant": true,
        "feature_type": "Lot",
        "parent_id": "block-district-park-31-12",
        "stage": "lots",
        "seed": 10198509143117359959
      }
    },
    {
      "type": "Feature",
      "id": "lot-block-district-park-31-12-2",
      "geometry": {
        "type": "Polygon",
        "coordinates": [
          [
            [
              210.54,
              509.979
            ],
            [
              257.46,
              509.979
            ],
            [
              257.46,
              599.739
            ],
            [
              210.54,
              599.739
            ],
            [
              210.54,
              509.979
            ]
          ]
        ]
      },
      "properties": {
        "size": 4211.54,
        "orientation": "east_west",
        "road_access": true,
        "zone": "park",
        "frontage": 46.92,
        "vacant": false,
        "feature_type": "Lot",
        "parent_id": "block-district-park-31-12",
        "stage": "lots",
        "seed": 10198509143117359959
      }
    },
    {
      "type": "Feature",
      "id": "lot-block-district-park-31-12-3",
      "geometry": {
        "type": "Polygon",
        "coordinates": [
          [
            [
              260.46,
              509.979
            ],
            [
              307.38,
              509.979
            ],
            [
              307.38,
              599.739
            ],
            [
              260.46,
              599.739
            ],
            [
              260.46,
              509.979
            ]
          ]
        ]
      },
      "properties": {
        "size": 4211.54,
        "orientation": "east_west",
        "road_access": true,
        "zone": "park",
        "frontage": 46.92,
        "vacant": false,
        "feature_type": "Lot",
        "parent_id": "block-district-park-31-12",
        "stage": "lots",
        "seed": 10198509143117359959
      }
    },
    {
      "type": "Feature",
      "id": "lot-block-district-park-31-21-1",
      "geometry": {
        "type": "Polygon",
        "coordinates": [
          [
            [
              4.62,
              608.675
            ],
            [
              51.54,
              608.675
            ],
            [
              51.54,
              699.043
            ],
            [
              4.62,
              699.043
            ],
            [
              4.62,
              608.675
            ]
          ]
        ]
      },
      "properties": {
        "size": 4240.07,
        "orientation": "east_west",
        "road_access": true,
        "zone": "park",
        "frontage": 46.92,
        "vacant": true,
        "feature_type": "Lot",
        "parent_id": "block-district-park-31-21",
        "stage": "lots",
        "seed": 10198509143117359959
      }
    },
    {
      "type": "Feature",
      "id": "lot-block-district-park-31-21-2",
      "geometry": {
        "type": "Polygon",
        "coordinates": [
          [
            [
              54.54,
              608.675
            ],
            [
              101.46,
              608.675
            ],
            [
              101.46,
              699.043
            ],
            [
              54.54,
              699.043
            ],
            [
              54.54,
              608.675
            ]
          ]
        ]
      },
      "properties": {
        "size": 4240.07,
        "orientation": "east_west",
        "road_access": true,
        "zone": "park",
        "frontage": 46.92,
        "vacant": false,
        "feature_type": "Lot",
        "parent_id": "block-district-park-31-21",
        "stage": "lots",
        "seed": 10198509143117359959
      }
    },
    {
      "type": "Feature",
      "id": "lot-block-district-park-31-21-3",
      "geometry": {
        "type": "Polygon",
        "coordinates": [
          [
            [
              104.46,
              608.675
            ],
            [
              151.38,
              608.675
            ],
            [
              151.38,
              699.043
            ],
            [
              104.46,
              699.043
            ],
            [
              104.46,
              608.675
            ]
          ]
        ]
      },
      "properties": {
        "size": 4240.07,
        "orientation": "east_west",
        "road_access": true,
        "zone": "park",
        "frontage": 46.92,
        "vacant": false,
        "feature_type": "Lot",
        "parent_id": "block-district-park-31-21",
        "stage": "lots",
        "seed": 10198509143117359959
      }
    },
    {
      "type": "Feature",
      "id": "lot-block-district-park-31-22-1",
      "geometry": {
        "type": "Polygon",
        "coordinates": [
          [
            [
              160.62,
              608.979
            ],
            [
              207.54,
              608.979
            ],
            [
              207.54,
              698.739
            ],
            [
              160.62,
              698.739
            ],
            [
              160.62,
              608.979
            ]
          ]
        ]
      },
      "properties": {
        "size": 4211.54,
        "orientation": "east_west",
        "road_access": true,
        "zone": "park",
        "frontage": 46.92,
        "vacant": false,
        "feature_type": "Lot",
        "parent_id": "block-district-park-31-22",
        "stage": "lots",
        "seed": 10198509143117359959
      }
    },
    {
      "type": "Feature",
      "id": "lot-block-district-park-31-22-2",
      "geometry": {
        "type": "Polygon",
        "coordinates": [
          [
            [
              210.54,
              608.979
            ],
            [
              257.46,
              608.979
            ],
            [
              257.46,
              698.739
            ],
            [
              210.54,
              698.739
            ],
            [
              210.54,
              608.979
            ]
          ]
        ]
      },
      "properties": {
        "size": 4211.54,
        "orientation": "east_west",
        "road_access": true,
        "zone": "park",
        "frontage": 46.92,
        "vacant": false,
        "feature_type": "Lot",
        "parent_id": "block-district-park-31-22",
        "stage": "lots",
        "seed": 10198509143117359959
      }
    },
    {
      "type": "Feature",
      "id": "lot-block-district-park-31-22-3",
      "geometry": {
        "type": "Polygon",
        "coordinates": [
          [
            [
              260.46,
              608.979
            ],
            [
              307.38,
              608.979
            ],
            [
              307.38,
              698.739
            ],
            [
              260.46,
              698.739
            ],
            [
              260.46,
              608.979
            ]
          ]
        ]
      },
      "properties": {
        "size": 4211.54,
        "orientation": "east_west",
        "road_access": true,
        "zone": "park",
        "frontage": 46.92,
        "vacant": false,
        "feature_type": "Lot",
        "parent_id": "block-district-park-31-22",
        "stage": "lots",
        "seed": 10198509143117359959
      }
    },
    {
      "type": "Feature",
      "id": "lot-block-district-station_area-32-11-1",
      "geometry": {
        "type": "Polygon",
        "coordinates": [
          [
            [
              320.973,
              501.928
            ],
            [
              350.56,
              501.928
            ],
            [
              350.56,
              558.688
            ],
            [
              320.973,
              558.688
            ],
            [
              320.973,
              501.928
            ]
          ]
        ]
      },
      "properties": {
        "size": 1679.34,
        "orientation": "east_west",
        "road_access": true,
        "zone": "station_area",
        "frontage": 29.59,
        "vacant": false,
        "feature_type": "Lot",
        "parent_id": "block-district-station_area-32-11",
        "stage": "lots",
        "seed": 10198509143117359959
      }
    },
    {
      "type": "Feature",
      "id": "lot-block-district-station_area-32-11-2",
      "geometry": {
        "type": "Polygon",
        "coordinates": [
          [
            [
              353.56,
              501.928
            ],
            [
              383.146,
              501.928
            ],
            [
              383.146,
              558.688
            ],
            [
              353.56,
              558.688
            ],
            [
              353.56,
              501.928
            ]
          ]
        ]
      },
      "properties": {
        "size": 1679.34,
        "orientation": "east_west",
        "road_access": true,
        "zone": "station_area",
        "frontage": 29.59,
        "vacant": false,
        "feature_type": "Lot",
        "parent_id": "block-district-station_area-32-11",
        "stage": "lots",
        "seed": 10198509143117359959
      }
    },
    {
      "type": "Feature",
      "id": "lot-block-district-station_area-32-11-3",
      "geometry": {
        "type": "Polygon",
        "coordinates": [
          [
            [
              386.146,
              501.928
            ],
            [
              415.733,
              501.928
            ],
            [
              415.733,
              558.688
            ],
            [
              386.146,
              558.688
            ],
            [
              386.146,
              501.928
            ]
          ]
        ]
      },
      "properties": {
        "size": 1679.34,
        "orientation": "east_west",
        "road_access": true,
        "zone": "station_area",
        "frontage": 29.59,
        "vacant": false,
        "feature_type": "Lot",
        "parent_id": "block-district-station_area-32-11",
        "stage": "lots",
        "seed": 10198509143117359959
      }
    },
    {
      "type": "Feature",
      "id": "lot-block-district-station_area-32-12-1",
      "geometry": {
        "type": "Polygon",
        "coordinates": [
          [
            [
              424.973,
              499.589
            ],
            [
              454.56,
              499.589
            ],
            [
              454.56,
              561.027
            ],
            [
              424.973,
              561.027
            ],
            [
              424.973,
              499.589
            ]
          ]
        ]
      },
      "properties": {
        "size": 1817.75,
        "orientation": "east_west",
        "road_access": true,
        "zone": "station_area",
        "frontage": 29.59,
        "vacant": true,
        "feature_type": "Lot",
        "parent_id": "block-district-station_area-32-12",
        "stage": "lots",
        "seed": 10198509143117359959
      }
    },
    {
      "type": "Feature",
      "id": "lot-block-district-station_area-32-12-2",
      "geometry": {
        "type": "Polygon",
        "coordinates": [
          [
            [
              457.56,
              499.589
            ],
            [
              487.146,
              499.589
            ],
            [
              487.146,
              561.027
            ],
            [
              457.56,
              561.027
            ],
            [
              457.56,
              499.589
            ]
          ]
        ]
      },
      "properties": {
        "size": 1817.75,
        "orientation": "east_west",
        "road_access": true,
        "zone": "station_area",
        "frontage": 29.59,
        "vacant": false,
        "feature_type": "Lot",
        "parent_id": "block-district-station_area-32-12",
        "stage": "lots",
        "seed": 10198509143117359959
      }
    },
    {
      "type": "Feature",
      "id": "lot-block-district-station_area-32-12-3",
      "geometry": {
        "type": "Polygon",
        "coordinates": [
          [
            [
              490.146,
              499.589
            ],
            [
              519.733,
              499.589
            ],
            [
              519.733,
              561.027
            ],
            [
              490.146,
              561.027
            ],
            [
              490.146,
              499.589
            ]
          ]
        ]
      },
      "properties": {
        "size": 1817.75,
        "orientation": "east_west",
        "road_access": true,
        "zone": "station_area",
        "frontage": 29.59,
        "vacant": false,
        "feature_type": "Lot",
        "parent_id": "block-district-station_area-32-12",
        "stage": "lots",
        "seed": 10198509143117359959
      }
    },
    {
      "type": "Feature",
      "id": "lot-block-district-station_area-32-13-1",
      "geometry": {
        "type": "Polygon",
        "coordinates": [
          [
            [
              528.973,
              501.928
            ],
            [
              558.56,
              501.928
            ],
            [
              558.56,
              558.688
            ],
            [
              528.973,
              558.688
            ],
            [
              528.973,
              501.928
            ]
          ]
        ]
      },
      "properties": {
        "size": 1679.34,
        "orientation": "east_west",
        "road_access": true,
        "zone": "station_area",
        "frontage": 29.59,
        "vacant": false,
        "feature_type": "Lot",
        "parent_id": "block-district-station_area-32-13",
        "stage": "lots",
        "seed": 10198509143117359959
      }
    },
    {
      "type": "Feature",
      "id": "lot-block-district-station_area-32-13-2",
      "geometry": {
        "type": "Polygon",
        "coordinates": [
          [
            [
              561.56,
              501.928
            ],
            [
              591.146,
              501.928
            ],
            [
              591.146,
              558.688
            ],
            [
              561.56,
              558.688
            ],
            [
              561.56,
              501.928
            ]
          ]
        ]
      },
      "properties": {
        "size": 1679.34,
        "orientation": "east_west",
        "road_access": true,
        "zone": "station_area",
        "frontage": 29.59,
        "vacant": false,
        "feature_type": "Lot",
        "parent_id": "block-district-station_area-32-13",
        "stage": "lots",
        "seed": 10198509143117359959
      }
    },
    {
      "type": "Feature",
      "id": "lot-block-district-station_area-32-13-3",
      "geometry": {
        "type": "Polygon",
        "coordinates": [
          [
            [
              594.146,
              501.928
            ],
            [
              623.733,
              501.928
            ],
            [
              623.733,
              558.688
            ],
            [
              594.146,
              558.688
            ],
            [
              594.146,
              501.928
            ]
          ]
        ]
      },
      "properties": {
        "size": 1679.34,
        "orientation": "east_west",
        "road_access": true,
        "zone": "station_area",
        "frontage": 29.59,
        "vacant": false,
        "feature_type": "Lot",
        "parent_id": "block-district-station_area-32-13",
        "stage": "lots",
        "seed": 10198509143117359959
      }
    },
    {
      "type": "Feature",
      "id": "lot-block-district-station_area-32-21-1",
      "geometry": {
        "type": "Polygon",
        "coordinates": [
          [
            [
              320.973,
              567.928
            ],
            [
              350.56,
              567.928
            ],
            [
              350.56,
              624.688
            ],
            [
              320.973,
              624.688
            ],
            [
              320.973,
              567.928
            ]
          ]
        ]
      },
      "properties": {
        "size": 1679.34,
        "orientation": "east_west",
        "road_access": true,
        "zone": "station_area",
        "frontage": 29.59,
        "vacant": false,
        "feature_type": "Lot",
        "parent_id": "block-district-station_area-32-21",
        "stage": "lots",
        "seed": 10198509143117359959
      }
    },
    {
      "type": "Feature",
      "id": "lot-block-district-station_area-32-21-2",
      "geometry": {
        "type": "Polygon",
        "coordinates": [
          [
            [
              353.56,
              567.928
            ],
            [
              383.146,
              567.928
            ],
            [
              383.146,
              624.688
            ],
            [
              353.56,
              624.688
            ],
            [
              353.56,
              567.928
            ]
          ]
        ]
      },
      "properties": {
        "size": 1679.34,
        "orientation": "east_west",
        "road_access": true,
        "zone": "station_area",
        "frontage": 29.59,
        "vacant": false,
        "feature_type": "Lot",
        "parent_id": "block-district-station_area-32-21",
        "stage": "lots",
        "seed": 10198509143117359959
      }
    },
    {
      "type": "Feature",
      "id": "lot-block-district-station_area-32-21-3",
      "geometry": {
        "type": "Polygon",
        "coordinates": [
          [
            [
              386.146,
              567.928
            ],
            [
              415.733,
              567.928
            ],
            [
              415.733,
              624.688
            ],
            [
              386.146,
              624.688
            ],
            [
              386.146,
              567.928
            ]
          ]
        ]
      },
      "properties": {
        "size": 1679.34,
        "orientation": "east_west",
        "road_access": true,
        "zone": "station_area",
        "frontage": 29.59,
        "vacant": false,
        "feature_type": "Lot",
        "parent_id": "block-district-station_area-32-21",
        "stage": "lots",
        "seed": 10198509143117359959
      }
    },
    {
      "type": "Feature",
      "id": "lot-block-district-station_area-32-22-1",
      "geometry": {
        "type": "Polygon",
        "coordinates": [
          [
            [
              424.973,
              567.928
            ],
            [
              454.56,
              567.928
            ],
            [
              454.56,
              624.688
            ],
            [
              424.973,
              624.688
            ],
            [
              424.973,
              567.928
            ]
          ]
        ]
      },
      "properties": {
        "size": 1679.34,
        "orientation": "east_west",
        "road_access": true,
        "zone": "station_area",
        "frontage": 29.59,
        "vacant": false,
        "feature_type": "Lot",
        "parent_id": "block-district-station_area-32-22",
        "stage": "lots",
        "seed": 10198509143117359959
      }
    },
    {
      "type": "Feature",
      "id": "lot-block-district-station_area-32-22-2",
      "geometry": {
        "type": "Polygon",
        "coordinates": [
          [
            [
              457.56,
              567.928
            ],
            [
              487.146,
              567.928
            ],
            [
              487.146,
              624.688
            ],
            [
              457.56,
              624.688
            ],
            [
              457.56,
              567.928
            ]
          ]
        ]
      },
      "properties": {
        "size": 1679.34,
        "orientation": "east_west",
        "road_access": true,
        "zone": "station_area",
        "frontage": 29.59,
        "vacant": false,
        "feature_type": "Lot",
        "parent_id": "block-district-station_area-32-22",
        "stage": "lots",
        "seed": 10198509143117359959
      }
    },
    {
      "type": "Feature",
      "id": "lot-block-district-station_area-32-22-3",
      "geometry": {
        "type": "Polygon",
        "coordinates": [
          [
            [
              490.146,
              567.928
            ],
            [
              519.733,
              567.928
            ],
            [
              519.733,
              624.688
            ],
            [
              490.146,
              624.688
            ],
            [
              490.146,
              567.928
            ]
          ]
        ]
      },
      "properties": {
        "size": 1679.34,
        "orientation": "east_west",
        "road_access": true,
        "zone": "station_area",
        "frontage": 29.59,
        "vacant": false,
        "feature_type": "Lot",
        "parent_id": "block-district-station_area-32-22",
        "stage": "lots",
        "seed": 10198509143117359959
      }
    },
    {
      "type": "Feature",
      "id": "lot-block-district-station_area-32-23-1",
      "geometry": {
        "type": "Polygon",
        "coordinates": [
          [
            [
              528.973,
              566.744
            ],
            [
              558.56,
              566.744
            ],
            [
              558.56,
              625.872
            ],
            [
              528.973,
              625.872
            ],
            [
              528.973,
              566.744
            ]
          ]
        ]
      },
      "properties": {
        "size": 1749.4,
        "orientation": "east_west",
        "road_access": true,
        "zone": "station_area",
        "frontage": 29.59,
        "vacant": false,
        "feature_type": "Lot",
        "parent_id": "block-district-station_area-32-23",
        "stage": "lots",
        "seed": 10198509143117359959
      }
    },
    {
      "type": "Feature",
      "id": "lot-block-district-station_area-32-23-2",
      "geometry": {
        "type": "Polygon",
        "coordinates": [
          [
            [
              561.56,
              566.744
            ],
            [
              591.146,
              566.744
            ],
            [
              591.146,
              625.872
            ],
            [
              561.56,
              625.872
            ],
            [
              561.56,
              566.744
            ]
          ]
        ]
      },
      "properties": {
        "size": 1749.4,
        "orientation": "east_west",
        "road_access": true,
        "zone": "station_area",
        "frontage": 29.59,
        "vacant": false,
        "feature_type": "Lot",
        "parent_id": "block-district-station_area-32-23",
        "stage": "lots",
        "seed": 10198509143117359959
      }
    },
    {
      "type": "Feature",
      "id": "lot-block-district-station_area-32-23-3",
      "geometry": {
        "type": "Polygon",
        "coordinates": [
          [
            [
              594.146,
              566.744
            ],
            [
              623.733,
              566.744
            ],
            [
              623.733,
              625.872
            ],
            [
              594.146,
              625.872
            ],
            [
              594.146,
              566.744
            ]
          ]
        ]
      },
      "properties": {
        "size": 1749.4,
        "orientation": "east_west",
        "road_access": true,
        "zone": "station_area",
        "frontage": 29.59,
        "vacant": false,
        "feature_type": "Lot",
        "parent_id": "block-district-station_area-32-23",
        "stage": "lots",
        "seed": 10198509143117359959
      }
    },
    {
      "type": "Feature",
      "id": "lot-block-district-station_area-32-31-1",
      "geometry": {
        "type": "Polygon",
        "coordinates": [
          [
            [
              320.973,
              632.179
            ],
            [
              350.56,
              632.179
            ],
            [
              350.56,
              692.437
            ],
            [
              320.973,
              692.437
            ],
            [
              320.973,
              632.179
            ]
          ]
        ]
      },
      "properties": {
        "size": 1782.83,
        "orientation": "east_west",
        "road_access": true,
        "zone": "station_area",
        "frontage": 29.59,
        "vacant": false,
        "feature_type": "Lot",
        "parent_id": "block-district-station_area-32-31",
        "stage": "lots",
        "seed": 10198509143117359959
      }
    },
    {
      "type": "Feature",
      "id": "lot-block-district-station_area-32-31-2",
      "geometry": {
        "type": "Polygon",
        "coordinates": [
          [
            [
              353.56,
              632.179
            ],
            [
              383.146,
              632.179
            ],
            [
              383.146,
              692.437
            ],
            [
              353.56,
              692.437
            ],
            [
              353.56,
              632.179
            ]
          ]
        ]
      },
      "properties": {
        "size": 1782.83,
        "orientation": "east_west",
        "road_access": true,
        "zone": "station_area",
        "frontage": 29.59,
        "vacant": false,
        "feature_type": "Lot",
        "parent_id": "block-district-station_area-32-31",
        "stage": "lots",
        "seed": 10198509143117359959
      }
    },
    {
      "type": "Feature",
      "id": "lot-block-district-station_area-32-31-3",
      "geometry": {
        "type": "Polygon",
        "coordinates": [
          [
            [
              386.146,
              632.179
            ],
            [
              415.733,
              632.179
            ],
            [
              415.733,
              692.437
            ],
            [
              386.146,
              692.437
            ],
            [
              386.146,
              632.179
            ]
          ]
        ]
      },
      "properties": {
        "size": 1782.83,
        "orientation": "east_west",
        "road_access": true,
        "zone": "station_area",
        "frontage": 29.59,
        "vacant": false,
        "feature_type": "Lot",
        "parent_id": "block-district-station_area-32-31",
        "stage": "lots",
        "seed": 10198509143117359959
      }
    },
    {
      "type": "Feature",
      "id": "lot-block-district-station_area-32-32-1",
      "geometry": {
        "type": "Polygon",
        "coordinates": [
          [
            [
              424.973,
              631.42
            ],
            [
              454.56,
              631.42
            ],
            [
              454.56,
              693.196
            ],
            [
              424.973,
              693.196
            ],
            [
              424.973,
              631.42
            ]
          ]
        ]
      },
      "properties": {
        "size": 1827.75,
        "orientation": "east_west",
        "road_access": true,
        "zone": "station_area",
        "frontage": 29.59,
        "vacant": false,
        "feature_type": "Lot",
        "parent_id": "block-district-station_area-32-32",
        "stage": "lots",
        "seed": 10198509143117359959
      }
    },
    {
      "type": "Feature",
      "id": "lot-block-district-station_area-32-32-2",
      "geometry": {
        "type": "Polygon",
        "coordinates": [
          [
            [
              457.56,
              631.42
            ],
            [
              487.146,
              631.42
            ],
            [
              487.146,
              693.196
            ],
            [
              457.56,
              693.196
            ],
            [
              457.56,
              631.42
            ]
          ]
        ]
      },
      "properties": {
        "size": 1827.75,
        "orientation": "east_west",
        "road_access": true,
        "zone": "station_area",
        "frontage": 29.59,
        "vacant": false,
        "feature_type": "Lot",
        "parent_id": "block-district-station_area-32-32",
        "stage": "lots",
        "seed": 10198509143117359959
      }
    },
    {
      "type": "Feature",
      "id": "lot-block-district-station_area-32-32-3",
      "geometry": {
        "type": "Polygon",
        "coordinates": [
          [
            [
              490.146,
              631.42
            ],
            [
              519.733,
              631.42
            ],
            [
              519.733,
              693.196
            ],
            [
              490.146,
              693.196
            ],
            [
              490.146,
              631.42
            ]
          ]
        ]
      },
      "properties": {
        "size": 1827.75,
        "orientation": "east_west",
        "road_access": true,
        "zone": "station_area",
        "frontage": 29.59,
        "vacant": false,
        "feature_type": "Lot",
        "parent_id": "block-district-station_area-32-32",
        "stage": "lots",
        "seed": 10198509143117359959
      }
    },
    {
      "type": "Feature",
      "id": "lot-block-district-station_area-32-33-1",
      "geometry": {
        "type": "Polygon",
        "coordinates": [
          [
            [
              528.973,
              633.928
            ],
            [
              558.56,
              633.928
            ],
            [
              558.56,
              690.688
            ],
            [
              528.973,
              690.688
            ],
            [
              528.973,
              633.928
            ]
          ]
        ]
      },
      "properties": {
        "size": 1679.34,
        "orientation": "east_west",
        "road_access": true,
        "zone": "station_area",
        "frontage": 29.59,
        "vacant": false,
        "feature_type": "Lot",
        "parent_id": "block-district-station_area-32-33",
        "stage": "lots",
        "seed": 10198509143117359959
      }
    },
    {
      "type": "Feature",
      "id": "lot-block-district-station_area-32-33-2",
      "geometry": {
        "type": "Polygon",
        "coordinates": [
          [
            [
              561.56,
              633.928
            ],
            [
              591.146,
              633.928
            ],
            [
              591.146,
              690.688
            ],
            [
              561.56,
              690.688
            ],
            [
              561.56,
              633.928
            ]
          ]
        ]
      },
      "properties": {
        "size": 1679.34,
        "orientation": "east_west",
        "road_access": true,
        "zone": "station_area",
        "frontage": 29.59,
        "vacant": false,
        "feature_type": "Lot",
        "parent_id": "block-district-station_area-32-33",
        "stage": "lots",
        "seed": 10198509143117359959
      }
    },
    {
      "type": "Feature",
      "id": "lot-block-district-station_area-32-33-3",
      "geometry": {
        "type": "Polygon",
        "coordinates": [
          [
            [
              594.146,
              633.928
            ],
            [
              623.733,
              633.928
            ],
            [
              623.733,
              690.688
            ],
            [
              594.146,
              690.688
            ],
            [
              594.146,
              633.928
            ]
          ]
        ]
      },
      "properties": {
        "size": 1679.34,
        "orientation": "east_west",
        "road_access": true,
        "zone": "station_area",
        "frontage": 29.59,
        "vacant": false,
        "feature_type": "Lot",
        "parent_id": "block-district-station_area-32-33",
        "stage": "lots",
        "seed": 10198509143117359959
      }
    },
    {
      "type": "Feature",
      "id": "lot-block-district-commercial-33-11-1",
      "geometry": {
        "type": "Polygon",
        "coordinates": [
          [
            [
              633.362,
              500.805
            ],
            [
              660.442,
              500.805
            ],
            [
              660.442,
              558.045
            ],
            [
              633.362,
              558.045
            ],
            [
              633.362,
              500.805
            ]
          ]
        ]
      },
      "properties": {
        "size": 1550.06,
        "orientation": "east_west",
        "road_access": true,
        "zone": "commercial",
        "frontage": 27.08,
        "vacant": false,
        "feature_type": "Lot",
        "parent_id": "block-district-commercial-33-11",
        "stage": "lots",
        "seed": 10198509143117359959
      }
    },
    {
      "type": "Feature",
      "id": "lot-block-district-commercial-33-11-2",
      "geometry": {
        "type": "Polygon",
        "coordinates": [
          [
            [
              663.442,
              500.805
            ],
            [
              690.522,
              500.805
            ],
            [
              690.522,
              558.045
            ],
            [
              663.442,
              558.045
            ],
            [
              663.442,
              500.805
            ]
          ]
        ]
      },
      "properties": {
        "size": 1550.06,
        "orientation": "east_west",
        "road_access": true,
        "zone": "commercial",
        "frontage": 27.08,
        "vacant": false,
        "feature_type": "Lot",
        "parent_id": "block-district-commercial-33-11",
        "stage": "lots",
        "seed": 10198509143117359959
      }
    },
    {
      "type": "Feature",
      "id": "lot-block-district-commercial-33-11-3",
      "geometry": {
        "type": "Polygon",
        "coordinates": [
          [
            [
              693.522,
              500.805
            ],
            [
              720.602,
              500.805
            ],
            [
              720.602,
              558.045
            ],
            [
              693.522,
              558.045
            ],
            [
              693.522,
              500.805
            ]
          ]
        ]
      },
      "properties": {
        "size": 1550.06,
        "orientation": "east_west",
        "road_access": true,
        "zone": "commercial",
        "frontage": 27.08,
        "vacant": false,
        "feature_type": "Lot",
        "parent_id": "block-district-commercial-33-11",
        "stage": "lots",
        "seed": 10198509143117359959
      }
    },
    {
      "type": "Feature",
      "id": "lot-block-district-commercial-33-12-1",
      "geometry": {
        "type": "Polygon",
        "coordinates": [
          [
            [
              729.362,
              500.805
            ],
            [
              756.442,
              500.805
            ],
            [
              756.442,
              558.045
            ],
            [
              729.362,
              558.045
            ],
            [
              729.362,
              500.805
            ]
          ]
        ]
      },
      "properties": {
        "size": 1550.06,
        "orientation": "east_west",
        "road_access": true,
        "zone": "commercial",
        "frontage": 27.08,
        "vacant": false,
        "feature_type": "Lot",
        "parent_id": "block-district-commercial-33-12",
        "stage": "lots",
        "seed": 10198509143117359959
      }
    },
    {
      "type": "Feature",
      "id": "lot-block-district-commercial-33-12-2",
      "geometry": {
        "type": "Polygon",
        "coordinates": [
          [
            [
              759.442,
              500.805
            ],
            [
              786.522,
              500.805
            ],
            [
              786.522,
              558.045
            ],
            [
              759.442,
              558.045
            ],
            [
              759.442,
              500.805
            ]
          ]
        ]
      },
      "properties": {
        "size": 1550.06,
        "orientation": "east_west",
        "road_access": true,
        "zone": "commercial",
        "frontage": 27.08,
        "vacant": true,
        "feature_type": "Lot",
        "parent_id": "block-district-commercial-33-12",
        "stage": "lots",
        "seed": 10198509143117359959
      }
    },
    {
      "type": "Feature",
      "id": "lot-block-district-commercial-33-12-3",
      "geometry": {
        "type": "Polygon",
        "coordinates": [
          [
            [
              789.522,
              500.805
            ],
            [
              816.602,
              500.805
            ],
            [
              816.602,
              558.045
            ],
            [
              789.522,
              558.045
            ],
            [
              789.522,
              500.805
            ]
          ]
        ]
      },
      "properties": {
        "size": 1550.06,
        "orientation": "east_west",
        "road_access": true,
        "zone": "commercial",
        "frontage": 27.08,
        "vacant": false,
        "feature_type": "Lot",
        "parent_id": "block-district-commercial-33-12",
        "stage": "lots",
        "seed": 10198509143117359959
      }
    },
    {
      "type": "Feature",
      "id": "lot-block-district-commercial-33-13-1",
      "geometry": {
        "type": "Polygon",
        "coordinates": [
          [
            [
              825.362,
              500.621
            ],
            [
              852.442,
              500.621
            ],
            [
              852.442,
              558.229
            ],
            [
              825.362,
              558.229
            ],
            [
              825.362,
              500.621
            ]
          ]
        ]
      },
      "properties": {
        "size": 1560.02,
        "orientation": "east_west",
        "road_access": true,
        "zone": "commercial",
        "frontage": 27.08,
        "vacant": false,
        "feature_type": "Lot",
        "parent_id": "block-district-commercial-33-13",
        "stage": "lots",
        "seed": 10198509143117359959
      }
    },
    {
      "type": "Feature",
      "id": "lot-block-district-commercial-33-13-2",
      "geometry": {
        "type": "Polygon",
        "coordinates": [
          [
            [
              855.442,
              500.621
            ],
            [
              882.522,
              500.621
            ],
            [
              882.522,
              558.229
            ],
            [
              855.442,
              558.229
            ],
            [
              855.442,
              500.621
            ]
          ]
        ]
      },
      "properties": {
        "size": 1560.02,
        "orientation": "east_west",
        "road_access": true,
        "zone": "commercial",
        "frontage": 27.08,
        "vacant": false,
        "feature_type": "Lot",
        "parent_id": "block-district-commercial-33-13",
        "stage": "lots",
        "seed": 10198509143117359959
      }
    },
    {
      "type": "Feature",
      "id": "lot-block-district-commercial-33-13-3",
      "geometry": {
        "type": "Polygon",
        "coordinates": [
          [
            [
              885.522,
              500.621
            ],
            [
              912.602,
              500.621
            ],
            [
              912.602,
              558.229
            ],
            [
              885.522,
              558.229
            ],
            [
              885.522,
              500.621
            ]
          ]
        ]
      },
      "properties": {
        "size": 1560.02,
        "orientation": "east_west",
        "road_access": true,
        "zone": "commercial",
        "frontage": 27.08,
        "vacant": false,
        "feature_type": "Lot",
        "parent_id": "block-district-commercial-33-13",
        "stage": "lots",
        "seed": 10198509143117359959
      }
    },
    {
      "type": "Feature",
      "id": "lot-block-district-commercial-33-21-1",
      "geometry": {
        "type": "Polygon",
        "coordinates": [
          [
            [
              633.362,
              566.805
            ],
            [
              660.442,
              566.805
            ],
            [
              660.442,
              624.045
            ],
            [
              633.362,
              624.045
            ],
            [
              633.362,
              566.805
            ]
          ]
        ]
      },
      "properties": {
        "size": 1550.06,
        "orientation": "east_west",
        "road_access": true,
        "zone": "commercial",
        "frontage": 27.08,
        "vacant": false,
        "feature_type": "Lot",
        "parent_id": "block-district-commercial-33-21",
        "stage": "lots",
        "seed": 10198509143117359959
      }
    },
    {
      "type": "Feature",
      "id": "lot-block-district-commercial-33-21-2",
      "geometry": {
        "type": "Polygon",
        "coordinates": [
          [
            [
              663.442,
              566.805
            ],
            [
              690.522,
              566.805
            ],
            [
              690.522,
              624.045
            ],
            [
              663.442,
              624.045
            ],
            [
              663.442,
              566.805
            ]
          ]
        ]
      },
      "properties": {
        "size": 1550.06,
        "orientation": "east_west",
        "road_access": true,
        "zone": "commercial",
        "frontage": 27.08,
        "vacant": false,
        "feature_type": "Lot",
        "parent_id": "block-district-commercial-33-21",
        "stage": "lots",
        "seed": 10198509143117359959
      }
    },
    {
      "type": "Feature",
      "id": "lot-block-district-commercial-33-21-3",
      "geometry": {
        "type": "Polygon",
        "coordinates": [
          [
            [
              693.522,
              566.805
            ],
            [
              720.602,
              566.805
            ],
            [
              720.602,
              624.045
            ],
            [
              693.522,
              624.045
            ],
            [
              693.522,
              566.805
            ]
          ]
        ]
      },
      "properties": {
        "size": 1550.06,
        "orientation": "east_west",
        "road_access": true,
        "zone": "commercial",
        "frontage": 27.08,
        "vacant": false,
        "feature_type": "Lot",
        "parent_id": "block-district-commercial-33-21",
        "stage": "lots",
        "seed": 10198509143117359959
      }
    },
    {
      "type": "Feature",
      "id": "lot-block-district-commercial-33-22-1",
      "geometry": {
        "type": "Polygon",
        "coordinates": [
          [
            [
              729.362,
              566.805
            ],
            [
              756.442,
              566.805
            ],
            [
              756.442,
              624.045
            ],
            [
              729.362,
              624.045
            ],
            [
              729.362,
              566.805
            ]
          ]
        ]
      },
      "properties": {
        "size": 1550.06,
        "orientation": "east_west",
        "road_access": true,
        "zone": "commercial",
        "frontage": 27.08,
        "vacant": false,
        "feature_type": "Lot",
        "parent_id": "block-district-commercial-33-22",
        "stage": "lots",
        "seed": 10198509143117359959
      }
    },
    {
      "type": "Feature",
      "id": "lot-block-district-commercial-33-22-2",
      "geometry": {
        "type": "Polygon",
        "coordinates": [
          [
            [
              759.442,
              566.805
            ],
            [
              786.522,
              566.805
            ],
            [
              786.522,
              624.045
            ],
            [
              759.442,
              624.045
            ],
            [
              759.442,
              566.805
            ]
          ]
        ]
      },
      "properties": {
        "size": 1550.06,
        "orientation": "east_west",
        "road_access": true,
        "zone": "commercial",
        "frontage": 27.08,
        "vacant": false,
        "feature_type": "Lot",
        "parent_id": "block-district-commercial-33-22",
        "stage": "lots",
        "seed": 10198509143117359959
      }
    },
    {
      "type": "Feature",
      "id": "lot-block-district-commercial-33-22-3",
      "geometry": {
        "type": "Polygon",
        "coordinates": [
          [
            [
              789.522,
              566.805
            ],
            [
              816.602,
              566.805
            ],
            [
              816.602,
              624.045
            ],
            [
              789.522,
              624.045
            ],
            [
              789.522,
              566.805
            ]
          ]
        ]
      },
      "properties": {
        "size": 1550.06,
        "orientation": "east_west",
        "road_access": true,
        "zone": "commercial",
        "frontage": 27.08,
        "vacant": false,
        "feature_type": "Lot",
        "parent_id": "block-district-commercial-33-22",
        "stage": "lots",
        "seed": 10198509143117359959
      }
    },
    {
      "type": "Feature",
      "id": "lot-block-district-commercial-33-23-1",
      "geometry": {
        "type": "Polygon",
        "coordinates": [
          [
            [
              825.362,
              563.851
            ],
            [
              852.442,
              563.851
            ],
            [
              852.442,
              626.999
            ],
            [
              825.362,
              626.999
            ],
            [
              825.362,
              563.851
            ]
          ]
        ]
      },
      "properties": {
        "size": 1710.05,
        "orientation": "east_west",
        "road_access": true,
        "zone": "commercial",
        "frontage": 27.08,
        "vacant": false,
        "feature_type": "Lot",
        "parent_id": "block-district-commercial-33-23",
        "stage": "lots",
        "seed": 10198509143117359959
      }
    },
    {
      "type": "Feature",
      "id": "lot-block-district-commercial-33-23-2",
      "geometry": {
        "type": "Polygon",
        "coordinates": [
          [
            [
              855.442,
              563.851
            ],
            [
              882.522,
              563.851
            ],
            [
              882.522,
              626.999
            ],
            [
              855.442,
              626.999
            ],
            [
              855.442,
              563.851
            ]
          ]
        ]
      },
      "properties": {
        "size": 1710.05,
        "orientation": "east_west",
        "road_access": true,
        "zone": "commercial",
        "frontage": 27.08,
        "vacant": false,
        "feature_type": "Lot",
        "parent_id": "block-district-commercial-33-23",
        "stage": "lots",
        "seed": 10198509143117359959
      }
    },
    {
      "type": "Feature",
      "id": "lot-block-district-commercial-33-23-3",
      "geometry": {
        "type": "Polygon",
        "coordinates": [
          [
            [
              885.522,
              563.851
            ],
            [
              912.602,
              563.851
            ],
            [
              912.602,
              626.999
            ],
            [
              885.522,
              626.999
            ],
            [
              885.522,
              563.851
            ]
          ]
        ]
      },
      "properties": {
        "size": 1710.05,
        "orientation": "east_west",
        "road_access": true,
        "zone": "commercial",
        "frontage": 27.08,
        "vacant": false,
        "feature_type": "Lot",
        "parent_id": "block-district-commercial-33-23",
        "stage": "lots",
        "seed": 10198509143117359959
      }
    },
    {
      "type": "Feature",
      "id": "lot-block-district-commercial-33-31-1",
      "geometry": {
        "type": "Polygon",
        "coordinates": [
          [
            [
              633.362,
              632.805
            ],
            [
              660.442,
              632.805
            ],
            [
              660.442,
              690.045
            ],
            [
              633.362,
              690.045
            ],
            [
              633.362,
              632.805
            ]
          ]
        ]
      },
      "properties": {
        "size": 1550.06,
        "orientation": "east_west",
        "road_access": true,
        "zone": "commercial",
        "frontage": 27.08,
        "vacant": false,
        "feature_type": "Lot",
        "parent_id": "block-district-commercial-33-31",
        "stage": "lots",
        "seed": 10198509143117359959
      }
    },
    {
      "type": "Feature",
      "id": "lot-block-district-commercial-33-31-2",
      "geometry": {
        "type": "Polygon",
        "coordinates": [
          [
            [
              663.442,
              632.805
            ],
            [
              690.522,
              632.805
            ],
            [
              690.522,
              690.045
            ],
            [
              663.442,
              690.045
            ],
            [
              663.442,
              632.805
            ]
          ]
        ]
      },
      "properties": {
        "size": 1550.06,
        "orientation": "east_west",
        "road_access": true,
        "zone": "commercial",
        "frontage": 27.08,
        "vacant": false,
        "feature_type": "Lot",
        "parent_id": "block-district-commercial-33-31",
        "stage": "lots",
        "seed": 10198509143117359959
      }
    },
    {
      "type": "Feature",
      "id": "lot-block-district-commercial-33-31-3",
      "geometry": {
        "type": "Polygon",
        "coordinates": [
          [
            [
              693.522,
              632.805
            ],
            [
              720.602,
              632.805
            ],
            [
              720.602,
              690.045
            ],
            [
              693.522,
              690.045
            ],
            [
              693.522,
              632.805
            ]
          ]
        ]
      },
      "properties": {
        "size": 1550.06,
        "orientation": "east_west",
        "road_access": true,
        "zone": "commercial",
        "frontage": 27.08,
        "vacant": false,
        "feature_type": "Lot",
        "parent_id": "block-district-commercial-33-31",
        "stage": "lots",
        "seed": 10198509143117359959
      }
    },
    {
      "type": "Feature",
      "id": "lot-block-district-commercial-33-32-1",
      "geometry": {
        "type": "Polygon",
        "coordinates": [
          [
            [
              729.362,
              630.243
            ],
            [
              756.442,
              630.243
            ],
            [
              756.442,
              692.607
            ],
            [
              729.362,
              692.607
            ],
            [
              729.362,
              630.243
            ]
          ]
        ]
      },
      "properties": {
        "size": 1688.82,
        "orientation": "east_west",
        "road_access": true,
        "zone": "commercial",
        "frontage": 27.08,
        "vacant": false,
        "feature_type": "Lot",
        "parent_id": "block-district-commercial-33-32",
        "stage": "lots",
        "seed": 10198509143117359959
      }
    },
    {
      "type": "Feature",
      "id": "lot-block-district-commercial-33-32-2",
      "geometry": {
        "type": "Polygon",
        "coordinates": [
          [
            [
              759.442,
              630.243
            ],
            [
              786.522,
              630.243
            ],
            [
              786.522,
              692.607
            ],
            [
              759.442,
              692.607
            ],
            [
              759.442,
              630.243
            ]
          ]
        ]
      },
      "properties": {
        "size": 1688.82,
        "orientation": "east_west",
        "road_access": true,
        "zone": "commercial",
        "frontage": 27.08,
        "vacant": false,
        "feature_type": "Lot",
        "parent_id": "block-district-commercial-33-32",
        "stage": "lots",
        "seed": 10198509143117359959
      }
    },
    {
      "type": "Feature",
      "id": "lot-block-district-commercial-33-32-3",
      "geometry": {
        "type": "Polygon",
        "coordinates": [
          [
            [
              789.522,
              630.243
            ],
            [
              816.602,
              630.243
            ],
            [
              816.602,
              692.607
            ],
            [
              789.522,
              692.607
            ],
            [
              789.522,
              630.243
            ]
          ]
        ]
      },
      "properties": {
        "size": 1688.82,
        "orientation": "east_west",
        "road_access": true,
        "zone": "commercial",
        "frontage": 27.08,
        "vacant": false,
        "feature_type": "Lot",
        "parent_id": "block-district-commercial-33-32",
        "stage": "lots",
        "seed": 10198509143117359959
      }
    },
    {
      "type": "Feature",
      "id": "lot-block-district-commercial-33-33-1",
      "geometry": {
        "type": "Polygon",
        "coordinates": [
          [
            [
              825.362,
              632.805
            ],
            [
              852.442,
              632.805
            ],
            [
              852.442,
              690.045
            ],
            [
              825.362,
              690.045
            ],
            [
              825.362,
              632.805
            ]
          ]
        ]
      },
      "properties": {
        "size": 1550.06,
        "orientation": "east_west",
        "road_access": true,
        "zone": "commercial",
        "frontage": 27.08,
        "vacant": false,
        "feature_type": "Lot",
        "parent_id": "block-district-commercial-33-33",
        "stage": "lots",
        "seed": 10198509143117359959
      }
    },
    {
      "type": "Feature",
      "id": "lot-block-district-commercial-33-33-2",
      "geometry": {
        "type": "Polygon",
        "coordinates": [
          [
            [
              855.442,
              632.805
            ],
            [
              882.522,
              632.805
            ],
            [
              882.522,
              690.045
            ],
            [
              855.442,
              690.045
            ],
            [
              855.442,
              632.805
            ]
          ]
        ]
      },
      "properties": {
        "size": 1550.06,
        "orientation": "east_west",
        "road_access": true,
        "zone": "commercial",
        "frontage": 27.08,
        "vacant": false,
        "feature_type": "Lot",
        "parent_id": "block-district-commercial-33-33",
        "stage": "lots",
        "seed": 10198509143117359959
      }
    },
    {
      "type": "Feature",
      "id": "lot-block-district-commercial-33-33-3",
      "geometry": {
        "type": "Polygon",
        "coordinates": [
          [
            [
              885.522,
              632.805
            ],
            [
              912.602,
              632.805
            ],
            [
              912.602,
              690.045
            ],
            [
              885.522,
              690.045
            ],
            [
              885.522,
              632.805
            ]
          ]
        ]
      },
      "properties": {
        "size": 1550.06,
        "orientation": "east_west",
        "road_access": true,
        "zone": "commercial",
        "frontage": 27.08,
        "vacant": true,
        "feature_type": "Lot",
        "parent_id": "block-district-commercial-33-33",
        "stage": "lots",
        "seed": 10198509143117359959
      }
    },
    {
      "type": "Feature",
      "id": "lot-block-district-residential-34-11-1",
      "geometry": {
        "type": "Polygon",
        "coordinates": [
          [
            [
              916.38,
              512.816
            ],
            [
              943.46,
              512.816
            ],
            [
              943.46,
              574.45
            ],
            [
              916.38,
              574.45
            ],
            [
              916.38,
              512.816
            ]
          ]
        ]
      },
      "properties": {
        "size": 1669.05,
        "orientation": "east_west",
        "road_access": true,
        "zone": "residential",
        "frontage": 27.08,
        "vacant": false,
        "feature_type": "Lot",
        "parent_id": "block-district-residential-34-11",
        "stage": "lots",
        "seed": 10198509143117359959
      }
    },
    {
      "type": "Feature",
      "id": "lot-block-district-residential-34-11-2",
      "geometry": {
        "type": "Polygon",
        "coordinates": [
          [
            [
              946.46,
              512.816
            ],
            [
              973.54,
              512.816
            ],
            [
              973.54,
              574.45
            ],
            [
              946.46,
              574.45
            ],
            [
              946.46,
              512.816
            ]
          ]
        ]
      },
      "properties": {
        "size": 1669.05,
        "orientation": "east_west",
        "road_access": true,
        "zone": "residential",
        "frontage": 27.08,
        "vacant": false,
        "feature_type": "Lot",
        "parent_id": "block-district-residential-34-11",
        "stage": "lots",
        "seed": 10198509143117359959
      }
    },
    {
      "type": "Feature",
      "id": "lot-block-district-residential-34-11-3",
      "geometry": {
        "type": "Polygon",
        "coordinates": [
          [
            [
              976.54,
              512.816
            ],
            [
              1003.62,
              512.816
            ],
            [
              1003.62,
              574.45
            ],
            [
              976.54,
              574.45
            ],
            [
              976.54,
              512.816
            ]
          ]
        ]
      },
      "properties": {
        "size": 1669.05,
        "orientation": "east_west",
        "road_access": true,
        "zone": "residential",
        "frontage": 27.08,
        "vacant": false,
        "feature_type": "Lot",
        "parent_id": "block-district-residential-34-11",
        "stage": "lots",
        "seed": 10198509143117359959
      }
    },
    {
      "type": "Feature",
      "id": "lot-block-district-residential-34-12-1",
      "geometry": {
        "type": "Polygon",
        "coordinates": [
          [
            [
              1012.38,
              514.524
            ],
            [
              1039.46,
              514.524
            ],
            [
              1039.46,
              572.742
            ],
            [
              1012.38,
              572.742
            ],
            [
              1012.38,
              514.524
            ]
          ]
        ]
      },
      "properties": {
        "size": 1576.54,
        "orientation": "east_west",
        "road_access": true,
        "zone": "residential",
        "frontage": 27.08,
        "vacant": false,
        "feature_type": "Lot",
        "parent_id": "block-district-residential-34-12",
        "stage": "lots",
        "seed": 10198509143117359959
      }
    },
    {
      "type": "Feature",
      "id": "lot-block-district-residential-34-12-2",
      "geometry": {
        "type": "Polygon",
        "coordinates": [
          [
            [
              1042.46,
              514.524
            ],
            [
              1069.54,
              514.524
            ],
            [
              1069.54,
              572.742
            ],
            [
              1042.46,
              572.742
            ],
            [
              1042.46,
              514.524
            ]
          ]
        ]
      },
      "properties": {
        "size": 1576.54,
        "orientation": "east_west",
        "road_access": true,
        "zone": "residential",
        "frontage": 27.08,
        "vacant": false,
        "feature_type": "Lot",
        "parent_id": "block-district-residential-34-12",
        "stage": "lots",
        "seed": 10198509143117359959
      }
    },
    {
      "type": "Feature",
      "id": "lot-block-district-residential-34-12-3",
      "geometry": {
        "type": "Polygon",
        "coordinates": [
          [
            [
              1072.54,
              514.524
            ],
            [
              1099.62,
              514.524
            ],
            [
              1099.62,
              572.742
            ],
            [
              1072.54,
              572.742
            ],
            [
              1072.54,
              514.524
            ]
          ]
        ]
      },
      "properties": {
        "size": 1576.54,
        "orientation": "east_west",
        "road_access": true,
        "zone": "residential",
        "frontage": 27.08,
        "vacant": false,
        "feature_type": "Lot",
        "parent_id": "block-district-residential-34-12",
        "stage": "lots",
        "seed": 10198509143117359959
      }
    },
    {
      "type": "Feature",
      "id": "lot-block-district-residential-34-13-1",
      "geometry": {
        "type": "Polygon",
        "coordinates": [
          [
            [
              1108.38,
              513.755
            ],
            [
              1135.46,
              513.755
            ],
            [
              1135.46,
              573.511
            ],
            [
              1108.38,
              573.511
            ],
            [
              1108.38,
              513.755
            ]
          ]
        ]
      },
      "properties": {
        "size": 1618.19,
        "orientation": "east_west",
        "road_access": true,
        "zone": "residential",
        "frontage": 27.08,
        "vacant": false,
        "feature_type": "Lot",
        "parent_id": "block-district-residential-34-13",
        "stage": "lots",
        "seed": 10198509143117359959
      }
    },
    {
      "type": "Feature",
      "id": "lot-block-district-residential-34-13-2",
      "geometry": {
        "type": "Polygon",
        "coordinates": [
          [
            [
              1138.46,
              513.755
            ],
            [
              1165.54,
              513.755
            ],
            [
              1165.54,
              573.511
            ],
            [
              1138.46,
              573.511
            ],
            [
              1138.46,
              513.755
            ]
          ]
        ]
      },
      "properties": {
        "size": 1618.19,
        "orientation": "east_west",
        "road_access": true,
        "zone": "residential",
        "frontage": 27.08,
        "vacant": false,
        "feature_type": "Lot",
        "parent_id": "block-district-residential-34-13",
        "stage": "lots",
        "seed": 10198509143117359959
      }
    },
    {
      "type": "Feature",
      "id": "lot-block-district-residential-34-13-3",
      "geometry": {
        "type": "Polygon",
        "coordinates": [
          [
            [
              1168.54,
              513.755
            ],
            [
              1195.62,
              513.755
            ],
            [
              1195.62,
              573.511
            ],
            [
              1168.54,
              573.511
            ],
            [
              1168.54,
              513.755
            ]
          ]
        ]
      },
      "properties": {
        "size": 1618.19,
        "orientation": "east_west",
        "road_access": true,
        "zone": "residential",
        "frontage": 27.08,
        "vacant": false,
        "feature_type": "Lot",
        "parent_id": "block-district-residential-34-13",
        "stage": "lots",
        "seed": 10198509143117359959
      }
    },
    {
      "type": "Feature",
      "id": "lot-block-district-residential-34-21-1",
      "geometry": {
        "type": "Polygon",
        "coordinates": [
          [
            [
              916.38,
              579.141
            ],
            [
              943.46,
              579.141
            ],
            [
              943.46,
              640.125
            ],
            [
              916.38,
              640.125
            ],
            [
              916.38,
              579.141
            ]
          ]
        ]
      },
      "properties": {
        "size": 1651.45,
        "orientation": "east_west",
        "road_access": true,
        "zone": "residential",
        "frontage": 27.08,
        "vacant": false,
        "feature_type": "Lot",
        "parent_id": "block-district-residential-34-21",
        "stage": "lots",
        "seed": 10198509143117359959
      }
    },
    {
      "type": "Feature",
      "id": "lot-block-district-residential-34-21-2",
      "geometry": {
        "type": "Polygon",
        "coordinates": [
          [
            [
              946.46,
              579.141
            ],
            [
              973.54,
              579.141
            ],
            [
              973.54,
              640.125
            ],
            [
              946.46,
              640.125
            ],
            [
              946.46,
              579.141
            ]
          ]
        ]
      },
      "properties": {
        "size": 1651.45,
        "orientation": "east_west",
        "road_access": true,
        "zone": "residential",
        "frontage": 27.08,
        "vacant": false,
        "feature_type": "Lot",
        "parent_id": "block-district-residential-34-21",
        "stage": "lots",
        "seed": 10198509143117359959
      }
    },
    {
      "type": "Feature",
      "id": "lot-block-district-residential-34-21-3",
      "geometry": {
        "type": "Polygon",
        "coordinates": [
          [
            [
              976.54,
              579.141
            ],
            [
              1003.62,
              579.141
            ],
            [
              1003.62,
              640.125
            ],
            [
              976.54,
              640.125
            ],
            [
              976.54,
              579.141
            ]
          ]
        ]
      },
      "properties": {
        "size": 1651.45,
        "orientation": "east_west",
        "road_access": true,
        "zone": "residential",
        "frontage": 27.08,
        "vacant": true,
        "feature_type": "Lot",
        "parent_id": "block-district-residential-34-21",
        "stage": "lots",
        "seed": 10198509143117359959
      }
    },
    {
      "type": "Feature",
      "id": "lot-block-district-residential-34-22-1",
      "geometry": {
        "type": "Polygon",
        "coordinates": [
          [
            [
              1012.38,
              581.013
            ],
            [
              1039.46,
              581.013
            ],
            [
              1039.46,
              638.253
            ],
            [
              1012.38,
              638.253
            ],
            [
              1012.38,
              581.013
            ]
          ]
        ]
      },
      "properties": {
        "size": 1550.06,
        "orientation": "east_west",
        "road_access": true,
        "zone": "residential",
        "frontage": 27.08,
        "vacant": true,
        "feature_type": "Lot",
        "parent_id": "block-district-residential-34-22",
        "stage": "lots",
        "seed": 10198509143117359959
      }
    },
    {
      "type": "Feature",
      "id": "lot-block-district-residential-34-22-2",
      "geometry": {
        "type": "Polygon",
        "coordinates": [
          [
            [
              1042.46,
              581.013
            ],
            [
              1069.54,
              581.013
            ],
            [
              1069.54,
              638.253
            ],
            [
              1042.46,
              638.253
            ],
            [
              1042.46,
              581.013
            ]
          ]
        ]
      },
      "properties": {
        "size": 1550.06,
        "orientation": "east_west",
        "road_access": true,
        "zone": "residential",
        "frontage": 27.08,
        "vacant": false,
        "feature_type": "Lot",
        "parent_id": "block-district-residential-34-22",
        "stage": "lots",
        "seed": 10198509143117359959
      }
    },
    {
      "type": "Feature",
      "id": "lot-block-district-residential-34-22-3",
      "geometry": {
        "type": "Polygon",
        "coordinates": [
          [
            [
              1072.54,
              581.013
            ],
            [
              1099.62,
              581.013
            ],
            [
              1099.62,
              638.253
            ],
            [
              1072.54,
              638.253
            ],
            [
              1072.54,
              581.013
            ]
          ]
        ]
      },
      "properties": {
        "size": 1550.06,
        "orientation": "east_west",
        "road_access": true,
        "zone": "residential",
        "frontage": 27.08,
        "vacant": false,
        "feature_type": "Lot",
        "parent_id": "block-district-residential-34-22",
        "stage": "lots",
        "seed": 10198509143117359959
      }
    },
    {
      "type": "Feature",
      "id": "lot-block-district-residential-34-23-1",
      "geometry": {
        "type": "Polygon",
        "coordinates": [
          [
            [
              1108.38,
              581.013
            ],
            [
              1135.46,
              581.013
            ],
            [
              1135.46,
              638.253
            ],
            [
              1108.38,
              638.253
            ],
            [
              1108.38,
              581.013
            ]
          ]
        ]
      },
      "properties": {
        "size": 1550.06,
        "orientation": "east_west",
        "road_access": true,
        "zone": "residential",
        "frontage": 27.08,
        "vacant": false,
        "feature_type": "Lot",
        "parent_id": "block-district-residential-34-23",
        "stage": "lots",
        "seed": 10198509143117359959
      }
    },
    {
      "type": "Feature",
      "id": "lot-block-district-residential-34-23-2",
      "geometry": {
        "type": "Polygon",
        "coordinates": [
          [
            [
              1138.46,
              581.013
            ],
            [
              1165.54,
              581.013
            ],
            [
              1165.54,
              638.253
            ],
            [
              1138.46,
              638.253
            ],
            [
              1138.46,
              581.013
            ]
          ]
        ]
      },
      "properties": {
        "size": 1550.06,
        "orientation": "east_west",
        "road_access": true,
        "zone": "residential",
        "frontage": 27.08,
        "vacant": false,
        "feature_type": "Lot",
        "parent_id": "block-district-residential-34-23",
        "stage": "lots",
        "seed": 10198509143117359959
      }
    },
    {
      "type": "Feature",
      "id": "lot-block-district-residential-34-23-3",
      "geometry": {
        "type": "Polygon",
        "coordinates": [
          [
            [
              1168.54,
              581.013
            ],
            [
              1195.62,
              581.013
            ],
            [
              1195.62,
              638.253
            ],
            [
              1168.54,
              638.253
            ],
            [
              1168.54,
              581.013
            ]
          ]
        ]
      },
      "properties": {
        "size": 1550.06,
        "orientation": "east_west",
        "road_access": true,
        "zone": "residential",
        "frontage": 27.08,
        "vacant": false,
        "feature_type": "Lot",
        "parent_id": "block-district-residential-34-23",
        "stage": "lots",
        "seed": 10198509143117359959
      }
    },
    {
      "type": "Feature",
      "id": "lot-block-district-residential-34-31-1",
      "geometry": {
        "type": "Polygon",
        "coordinates": [
          [
            [
              916.38,
              646.201
            ],
            [
              943.46,
              646.201
            ],
            [
              943.46,
              705.065
            ],
            [
              916.38,
              705.065
            ],
            [
              916.38,
              646.201
            ]
          ]
        ]
      },
      "properties": {
        "size": 1594.04,
        "orientation": "east_west",
        "road_access": true,
        "zone": "residential",
        "frontage": 27.08,
        "vacant": false,
        "feature_type": "Lot",
        "parent_id": "block-district-residential-34-31",
        "stage": "lots",
        "seed": 10198509143117359959
      }
    },
    {
      "type": "Feature",
      "id": "lot-block-district-residential-34-31-2",
      "geometry": {
        "type": "Polygon",
        "coordinates": [
          [
            [
              946.46,
              646.201
            ],
            [
              973.54,
              646.201
            ],
            [
              973.54,
              705.065
            ],
            [
              946.46,
              705.065
            ],
            [
              946.46,
              646.201
            ]
          ]
        ]
      },
      "properties": {
        "size": 1594.04,
        "orientation": "east_west",
        "road_access": true,
        "zone": "residential",
        "frontage": 27.08,
        "vacant": true,
        "feature_type": "Lot",
        "parent_id": "block-district-residential-34-31",
        "stage": "lots",
        "seed": 10198509143117359959
      }
    },
    {
      "type": "Feature",
      "id": "lot-block-district-residential-34-31-3",
      "geometry": {
        "type": "Polygon",
        "coordinates": [
          [
            [
              976.54,
              646.201
            ],
            [
              1003.62,
              646.201
            ],
            [
              1003.62,
              705.065
            ],
            [
              976.54,
              705.065
            ],
            [
              976.54,
              646.201
            ]
          ]
        ]
      },
      "properties": {
        "size": 1594.04,
        "orientation": "east_west",
        "road_access": true,
        "zone": "residential",
        "frontage": 27.08,
        "vacant": false,
        "feature_type": "Lot",
        "parent_id": "block-district-residential-34-31",
        "stage": "lots",
        "seed": 10198509143117359959
      }
    },
    {
      "type": "Feature",
      "id": "lot-block-district-residential-34-32-1",
      "geometry": {
        "type": "Polygon",
        "coordinates": [
          [
            [
              1012.38,
              647.013
            ],
            [
              1039.46,
              647.013
            ],
            [
              1039.46,
              704.253
            ],
            [
              1012.38,
              704.253
            ],
            [
              1012.38,
              647.013
            ]
          ]
        ]
      },
      "properties": {
        "size": 1550.06,
        "orientation": "east_west",
        "road_access": true,
        "zone": "residential",
        "frontage": 27.08,
        "vacant": false,
        "feature_type": "Lot",
        "parent_id": "block-district-residential-34-32",
        "stage": "lots",
        "seed": 10198509143117359959
      }
    },
    {
      "type": "Feature",
      "id": "lot-block-district-residential-34-32-2",
      "geometry": {
        "type": "Polygon",
        "coordinates": [
          [
            [
              1042.46,
              647.013
            ],
            [
              1069.54,
              647.013
            ],
            [
              1069.54,
              704.253
            ],
            [
              1042.46,
              704.253
            ],
            [
              1042.46,
              647.013
            ]
          ]
        ]
      },
      "properties": {
        "size": 1550.06,
        "orientation": "east_west",
        "road_access": true,
        "zone": "residential",
        "frontage": 27.08,
        "vacant": false,
        "feature_type": "Lot",
        "parent_id": "block-district-residential-34-32",
        "stage": "lots",
        "seed": 10198509143117359959
      }
    },
    {
      "type": "Feature",
      "id": "lot-block-district-residential-34-32-3",
      "geometry": {
        "type": "Polygon",
        "coordinates": [
          [
            [
              1072.54,
              647.013
            ],
            [
              1099.62,
              647.013
            ],
            [
              1099.62,
              704.253
            ],
            [
              1072.54,
              704.253
            ],
            [
              1072.54,
              647.013
            ]
          ]
        ]
      },
      "properties": {
        "size": 1550.06,
        "orientation": "east_west",
        "road_access": true,
        "zone": "residential",
        "frontage": 27.08,
        "vacant": false,
        "feature_type": "Lot",
        "parent_id": "block-district-residential-34-32",
        "stage": "lots",
        "seed": 10198509143117359959
      }
    },
    {
      "type": "Feature",
      "id": "lot-block-district-residential-34-33-1",
      "geometry": {
        "type": "Polygon",
        "coordinates": [
          [
            [
              1108.38,
              647.013
            ],
            [
              1135.46,
              647.013
            ],
            [
              1135.46,
              704.253
            ],
            [
              1108.38,
              704.253
            ],
            [
              1108.38,
              647.013
            ]
          ]
        ]
      },
      "properties": {
        "size": 1550.06,
        "orientation": "east_west",
        "road_access": true,
        "zone": "residential",
        "frontage": 27.08,
        "vacant": false,
        "feature_type": "Lot",
        "parent_id": "block-district-residential-34-33",
        "stage": "lots",
        "seed": 10198509143117359959
      }
    },
    {
      "type": "Feature",
      "id": "lot-block-district-residential-34-33-2",
      "geometry": {
        "type": "Polygon",
        "coordinates": [
          [
            [
              1138.46,
              647.013
            ],
            [
              1165.54,
              647.013
            ],
            [
              1165.54,
              704.253
            ],
            [
              1138.46,
              704.253
            ],
            [
              1138.46,
              647.013
            ]
          ]
        ]
      },
      "properties": {
        "size": 1550.06,
        "orientation": "east_west",
        "road_access": true,
        "zone": "residential",
        "frontage": 27.08,
        "vacant": false,
        "feature_type": "Lot",
        "parent_id": "block-district-residential-34-33",
        "stage": "lots",
        "seed": 10198509143117359959
      }
    },
    {
      "type": "Feature",
      "id": "lot-block-district-residential-34-33-3",
      "geometry": {
        "type": "Polygon",
        "coordinates": [
          [
            [
              1168.54,
              647.013
            ],
            [
              1195.62,
              647.013
            ],
            [
              1195.62,
              704.253
            ],
            [
              1168.54,
              704.253
            ],
            [
              1168.54,
              647.013
            ]
          ]
        ]
      },
      "properties": {
        "size": 1550.06,
        "orientation": "east_west",
        "road_access": true,
        "zone": "residential",
        "frontage": 27.08,
        "vacant": true,
        "feature_type": "Lot",
        "parent_id": "block-district-residential-34-33",
        "stage": "lots",
        "seed": 10198509143117359959
      }
    },
    {
      "type": "Feature",
      "id": "lot-block-district-park-41-11-1",
      "geometry": {
        "type": "Polygon",
        "coordinates": [
          [
            [
              4.62,
              706.62
            ],
            [
              51.54,
              706.62
            ],
            [
              51.54,
              796.38
            ],
            [
              4.62,
              796.38
            ],
            [
              4.62,
              706.62
            ]
          ]
        ]
      },
      "properties": {
        "size": 4211.54,
        "orientation": "east_west",
        "road_access": true,
        "zone": "park",
        "frontage": 46.92,
        "vacant": false,
        "feature_type": "Lot",
        "parent_id": "block-district-park-41-11",
        "stage": "lots",
        "seed": 10198509143117359959
      }
    },
    {
      "type": "Feature",
      "id": "lot-block-district-park-41-11-2",
      "geometry": {
        "type": "Polygon",
        "coordinates": [
          [
            [
              54.54,
              706.62
            ],
            [
              101.46,
              706.62
            ],
            [
              101.46,
              796.38
            ],
            [
              54.54,
              796.38
            ],
            [
              54.54,
              706.62
            ]
          ]
        ]
      },
      "properties": {
        "size": 4211.54,
        "orientation": "east_west",
        "road_access": true,
        "zone": "park",
        "frontage": 46.92,
        "vacant": false,
        "feature_type": "Lot",
        "parent_id": "block-district-park-41-11",
        "stage": "lots",
        "seed": 10198509143117359959
      }
    },
    {
      "type": "Feature",
      "id": "lot-block-district-park-41-11-3",
      "geometry": {
        "type": "Polygon",
        "coordinates": [
          [
            [
              104.46,
              706.62
            ],
            [
              151.38,
              706.62
            ],
            [
              151.38,
              796.38
            ],
            [
              104.46,
              796.38
            ],
            [
              104.46,
              706.62
            ]
          ]
        ]
      },
      "properties": {
        "size": 4211.54,
        "orientation": "east_west",
        "road_access": true,
        "zone": "park",
        "frontage": 46.92,
        "vacant": false,
        "feature_type": "Lot",
        "parent_id": "block-district-park-41-11",
        "stage": "lots",
        "seed": 10198509143117359959
      }
    },
    {
      "type": "Feature",
      "id": "lot-block-district-park-41-12-1",
      "geometry": {
        "type": "Polygon",
        "coordinates": [
          [
            [
              160.62,
              706.62
            ],
            [
              207.54,
              706.62
            ],
            [
              207.54,
              796.38
            ],
            [
              160.62,
              796.38
            ],
            [
              160.62,
              706.62
            ]
          ]
        ]
      },
      "properties": {
        "size": 4211.54,
        "orientation": "east_west",
        "road_access": true,
        "zone": "park",
        "frontage": 46.92,
        "vacant": false,
        "feature_type": "Lot",
        "parent_id": "block-district-park-41-12",
        "stage": "lots",
        "seed": 10198509143117359959
      }
    },
    {
      "type": "Feature",
      "id": "lot-block-district-park-41-12-2",
      "geometry": {
        "type": "Polygon",
        "coordinates": [
          [
            [
              210.54,
              706.62
            ],
            [
              257.46,
              706.62
            ],
            [
              257.46,
              796.38
            ],
            [
              210.54,
              796.38
            ],
            [
              210.54,
              706.62
            ]
          ]
        ]
      },
      "properties": {
        "size": 4211.54,
        "orientation": "east_west",
        "road_access": true,
        "zone": "park",
        "frontage": 46.92,
        "vacant": false,
        "feature_type": "Lot",
        "parent_id": "block-district-park-41-12",
        "stage": "lots",
        "seed": 10198509143117359959
      }
    },
    {
      "type": "Feature",
      "id": "lot-block-district-park-41-12-3",
      "geometry": {
        "type": "Polygon",
        "coordinates": [
          [
            [
              260.46,
              706.62
            ],
            [
              307.38,
              706.62
            ],
            [
              307.38,
              796.38
            ],
            [
              260.46,
              796.38
            ],
            [
              260.46,
              706.62
            ]
          ]
        ]
      },
      "properties": {
        "size": 4211.54,
        "orientation": "east_west",
        "road_access": true,
        "zone": "park",
        "frontage": 46.92,
        "vacant": false,
        "feature_type": "Lot",
        "parent_id": "block-district-park-41-12",
        "stage": "lots",
        "seed": 10198509143117359959
      }
    },
    {
      "type": "Feature",
      "id": "lot-block-district-park-41-21-1",
      "geometry": {
        "type": "Polygon",
        "coordinates": [
          [
            [
              4.62,
              805.62
            ],
            [
              51.54,
              805.62
            ],
            [
              51.54,
              895.38
            ],
            [
              4.62,
              895.38
            ],
            [
              4.62,
              805.62
            ]
          ]
        ]
      },
      "properties": {
        "size": 4211.54,
        "orientation": "east_west",
        "road_access": true,
        "zone": "park",
        "frontage": 46.92,
        "vacant": false,
        "feature_type": "Lot",
        "parent_id": "block-district-park-41-21",
        "stage": "lots",
        "seed": 10198509143117359959
      }
    },
    {
      "type": "Feature",
      "id": "lot-block-district-park-41-21-2",
      "geometry": {
        "type": "Polygon",
        "coordinates": [
          [
            [
              54.54,
              805.62
            ],
            [
              101.46,
              805.62
            ],
            [
              101.46,
              895.38
            ],
            [
              54.54,
              895.38
            ],
            [
              54.54,
              805.62
            ]
          ]
        ]
      },
      "properties": {
        "size": 4211.54,
        "orientation": "east_west",
        "road_access": true,
        "zone": "park",
        "frontage": 46.92,
        "vacant": false,
        "feature_type": "Lot",
        "parent_id": "block-district-park-41-21",
        "stage": "lots",
        "seed": 10198509143117359959
      }
    },
    {
      "type": "Feature",
      "id": "lot-block-district-park-41-21-3",
      "geometry": {
        "type": "Polygon",
        "coordinates": [
          [
            [
              104.46,
              805.62
            ],
            [
              151.38,
              805.62
            ],
            [
              151.38,
              895.38
            ],
            [
              104.46,
              895.38
            ],
            [
              104.46,
              805.62
            ]
          ]
        ]
      },
      "properties": {
        "size": 4211.54,
        "orientation": "east_west",
        "road_access": true,
        "zone": "park",
        "frontage": 46.92,
        "vacant": false,
        "feature_type": "Lot",
        "parent_id": "block-district-park-41-21",
        "stage": "lots",
        "seed": 10198509143117359959
      }
    },
    {
      "type": "Feature",
      "id": "lot-block-district-park-41-22-1",
      "geometry": {
        "type": "Polygon",
        "coordinates": [
          [
            [
              160.62,
              805.62
            ],
            [
              207.54,
              805.62
            ],
            [
              207.54,
              895.38
            ],
            [
              160.62,
              895.38
            ],
            [
              160.62,
              805.62
            ]
          ]
        ]
      },
      "properties": {
        "size": 4211.54,
        "orientation": "east_west",
        "road_access": true,
        "zone": "park",
        "frontage": 46.92,
        "vacant": false,
        "feature_type": "Lot",
        "parent_id": "block-district-park-41-22",
        "stage": "lots",
        "seed": 10198509143117359959
      }
    },
    {
      "type": "Feature",
      "id": "lot-block-district-park-41-22-2",
      "geometry": {
        "type": "Polygon",
        "coordinates": [
          [
            [
              210.54,
              805.62
            ],
            [
              257.46,
              805.62
            ],
            [
              257.46,
              895.38
            ],
            [
              210.54,
              895.38
            ],
            [
              210.54,
              805.62
            ]
          ]
        ]
      },
      "properties": {
        "size": 4211.54,
        "orientation": "east_west",
        "road_access": true,
        "zone": "park",
        "frontage": 46.92,
        "vacant": false,
        "feature_type": "Lot",
        "parent_id": "block-district-park-41-22",
        "stage": "lots",
        "seed": 10198509143117359959
      }
    },
    {
      "type": "Feature",
      "id": "lot-block-district-park-41-22-3",
      "geometry": {
        "type": "Polygon",
        "coordinates": [
          [
            [
              260.46,
              805.62
            ],
            [
              307.38,
              805.62
            ],
            [
              307.38,
              895.38
            ],
            [
              260.46,
              895.38
            ],
            [
              260.46,
              805.62
            ]
          ]
        ]
      },
      "properties": {
        "size": 4211.54,
        "orientation": "east_west",
        "road_access": true,
        "zone": "park",
        "frontage": 46.92,
        "vacant": false,
        "feature_type": "Lot",
        "parent_id": "block-district-park-41-22",
        "stage": "lots",
        "seed": 10198509143117359959
      }
    },
    {
      "type": "Feature",
      "id": "lot-block-district-residential-42-11-1",
      "geometry": {
        "type": "Polygon",
        "coordinates": [
          [
            [
              310.956,
              704.747
            ],
            [
              340.543,
              704.747
            ],
            [
              340.543,
              765.253
            ],
            [
              310.956,
              765.253
            ],
            [
              310.956,
              704.747
            ]
          ]
        ]
      },
      "properties": {
        "size": 1790.17,
        "orientation": "east_west",
        "road_access": true,
        "zone": "residential",
        "frontage": 29.59,
        "vacant": false,
        "feature_type": "Lot",
        "parent_id": "block-district-residential-42-11",
        "stage": "lots",
        "seed": 10198509143117359959
      }
    },
    {
      "type": "Feature",
      "id": "lot-block-district-residential-42-11-2",
      "geometry": {
        "type": "Polygon",
        "coordinates": [
          [
            [
              343.543,
              704.747
            ],
            [
              373.129,
              704.747
            ],
            [
              373.129,
              765.253
            ],
            [
              343.543,
              765.253
            ],
            [
              343.543,
              704.747
            ]
          ]
        ]
      },
      "properties": {
        "size": 1790.17,
        "orientation": "east_west",
        "road_access": true,
        "zone": "residential",
        "frontage": 29.59,
        "vacant": false,
        "feature_type": "Lot",
        "parent_id": "block-district-residential-42-11",
        "stage": "lots",
        "seed": 10198509143117359959
      }
    },
    {
      "type": "Feature",
      "id": "lot-block-district-residential-42-11-3",
      "geometry": {
        "type": "Polygon",
        "coordinates": [
          [
            [
              376.129,
              704.747
            ],
            [
              405.716,
              704.747
            ],
            [
              405.716,
              765.253
            ],
            [
              376.129,
              765.253
            ],
            [
              376.129,
              704.747
            ]
          ]
        ]
      },
      "properties": {
        "size": 1790.17,
        "orientation": "east_west",
        "road_access": true,
        "zone": "residential",
        "frontage": 29.59,
        "vacant": false,
        "feature_type": "Lot",
        "parent_id": "block-district-residential-42-11",
        "stage": "lots",
        "seed": 10198509143117359959
      }
    },
    {
      "type": "Feature",
      "id": "lot-block-district-residential-42-12-1",
      "geometry": {
        "type": "Polygon",
        "coordinates": [
          [
            [
              414.956,
              706.62
            ],
            [
              444.543,
              706.62
            ],
            [
              444.543,
              763.38
            ],
            [
              414.956,
              763.38
            ],
            [
              414.956,
              706.62
            ]
          ]
        ]
      },
      "properties": {
        "size": 1679.34,
        "orientation": "east_west",
        "road_access": true,
        "zone": "residential",
        "frontage": 29.59,
        "vacant": false,
        "feature_type": "Lot",
        "parent_id": "block-district-residential-42-12",
        "stage": "lots",
        "seed": 10198509143117359959
      }
    },
    {
      "type": "Feature",
      "id": "lot-block-district-residential-42-12-2",
      "geometry": {
        "type": "Polygon",
        "coordinates": [
          [
            [
              447.543,
              706.62
            ],
            [
              477.129,
              706.62
            ],
            [
              477.129,
              763.38
            ],
            [
              447.543,
              763.38
            ],
            [
              447.543,
              706.62
            ]
          ]
        ]
      },
      "properties": {
        "size": 1679.34,
        "orientation": "east_west",
        "road_access": true,
        "zone": "residential",
        "frontage": 29.59,
        "vacant": false,
        "feature_type": "Lot",
        "parent_id": "block-district-residential-42-12",
        "stage": "lots",
        "seed": 10198509143117359959
      }
    },
    {
      "type": "Feature",
      "id": "lot-block-district-residential-42-12-3",
      "geometry": {
        "type": "Polygon",
        "coordinates": [
          [
            [
              480.129,
              706.62
            ],
            [
              509.716,
              706.62
            ],
            [
              509.716,
              763.38
            ],
            [
              480.129,
              763.38
            ],
            [
              480.129,
              706.62
            ]
          ]
        ]
      },
      "properties": {
        "size": 1679.34,
        "orientation": "east_west",
        "road_access": true,
        "zone": "residential",
        "frontage": 29.59,
        "vacant": false,
        "feature_type": "Lot",
        "parent_id": "block-district-residential-42-12",
        "stage": "lots",
        "seed": 10198509143117359959
      }
    },
    {
      "type": "Feature",
      "id": "lot-block-district-residential-42-13-1",
      "geometry": {
        "type": "Polygon",
        "coordinates": [
          [
            [
              518.956,
              704.328
            ],
            [
              548.543,
              704.328
            ],
            [
              548.543,
              765.672
            ],
            [
              518.956,
              765.672
            ],
            [
              518.956,
              704.328
            ]
          ]
        ]
      },
      "properties": {
        "size": 1814.96,
        "orientation": "east_west",
        "road_access": true,
        "zone": "residential",
        "frontage": 29.59,
        "vacant": false,
        "feature_type": "Lot",
        "parent_id": "block-district-residential-42-13",
        "stage": "lots",
        "seed": 10198509143117359959
      }
    },
    {
      "type": "Feature",
      "id": "lot-block-district-residential-42-13-2",
      "geometry": {
        "type": "Polygon",
        "coordinates": [
          [
            [
              551.543,
              704.328
            ],
            [
              581.129,
              704.328
            ],
            [
              581.129,
              765.672
            ],
            [
              551.543,
              765.672
            ],
            [
              551.543,
              704.328
            ]
          ]
        ]
      },
      "properties": {
        "size": 1814.96,
        "orientation": "east_west",
        "road_access": true,
        "zone": "residential",
        "frontage": 29.59,
        "vacant": false,
        "feature_type": "Lot",
        "parent_id": "block-district-residential-42-13",
        "stage": "lots",
        "seed": 10198509143117359959
      }
    },
    {
      "type": "Feature",
      "id": "lot-block-district-residential-42-13-3",
      "geometry": {
        "type": "Polygon",
        "coordinates": [
          [
            [
              584.129,
              704.328
            ],
            [
              613.716,
              704.328
            ],
            [
              613.716,
              765.672
            ],
            [
              584.129,
              765.672
            ],
            [
              584.129,
              704.328
            ]
          ]
        ]
      },
      "properties": {
        "size": 1814.96,
        "orientation": "east_west",
        "road_access": true,
        "zone": "residential",
        "frontage": 29.59,
        "vacant": false,
        "feature_type": "Lot",
        "parent_id": "block-district-residential-42-13",
        "stage": "lots",
        "seed": 10198509143117359959
      }
    },
    {
      "type": "Feature",
      "id": "lot-block-district-residential-42-21-1",
      "geometry": {
        "type": "Polygon",
        "coordinates": [
          [
            [
              310.956,
              771.152
            ],
            [
              340.543,
              771.152
            ],
            [
              340.543,
              830.848
            ],
            [
              310.956,
              830.848
            ],
            [
              310.956,
              771.152
            ]
          ]
        ]
      },
      "properties": {
        "size": 1766.21,
        "orientation": "east_west",
        "road_access": true,
        "zone": "residential",
        "frontage": 29.59,
        "vacant": false,
        "feature_type": "Lot",
        "parent_id": "block-district-residential-42-21",
        "stage": "lots",
        "seed": 10198509143117359959
      }
    },
    {
      "type": "Feature",
      "id": "lot-block-district-residential-42-21-2",
      "geometry": {
        "type": "Polygon",
        "coordinates": [
          [
            [
              343.543,
              771.152
            ],
            [
              373.129,
              771.152
            ],
            [
              373.129,
              830.848
            ],
            [
              343.543,
              830.848
            ],
            [
              343.543,
              771.152
            ]
          ]
        ]
      },
      "properties": {
        "size": 1766.21,
        "orientation": "east_west",
        "road_access": true,
        "zone": "residential",
        "frontage": 29.59,
        "vacant": false,
        "feature_type": "Lot",
        "parent_id": "block-district-residential-42-21",
        "stage": "lots",
        "seed": 10198509143117359959
      }
    },
    {
      "type": "Feature",
      "id": "lot-block-district-residential-42-21-3",
      "geometry": {
        "type": "Polygon",
        "coordinates": [
          [
            [
              376.129,
              771.152
            ],
            [
              405.716,
              771.152
            ],
            [
              405.716,
              830.848
            ],
            [
              376.129,
              830.848
            ],
            [
              376.129,
              771.152
            ]
          ]
        ]
      },
      "properties": {
        "size": 1766.21,
        "orientation": "east_west",
        "road_access": true,
        "zone": "residential",
        "frontage": 29.59,
        "vacant": false,
        "feature_type": "Lot",
        "parent_id": "block-district-residential-42-21",
        "stage": "lots",
        "seed": 10198509143117359959
      }
    },
    {
      "type": "Feature",
      "id": "lot-block-district-residential-42-22-1",
      "geometry": {
        "type": "Polygon",
        "coordinates": [
          [
            [
              414.956,
              772.62
            ],
            [
              444.543,
              772.62
            ],
            [
              444.543,
              829.38
            ],
            [
              414.956,
              829.38
            ],
            [
              414.956,
              772.62
            ]
          ]
        ]
      },
      "properties": {
        "size": 1679.34,
        "orientation": "east_west",
        "road_access": true,
        "zone": "residential",
        "frontage": 29.59,
        "vacant": false,
        "feature_type": "Lot",
        "parent_id": "block-district-residential-42-22",
        "stage": "lots",
        "seed": 10198509143117359959
      }
    },
    {
      "type": "Feature",
      "id": "lot-block-district-residential-42-22-2",
      "geometry": {
        "type": "Polygon",
        "coordinates": [
          [
            [
              447.543,
              772.62
            ],
            [
              477.129,
              772.62
            ],
            [
              477.129,
              829.38
            ],
            [
              447.543,
              829.38
            ],
            [
              447.543,
              772.62
            ]
          ]
        ]
      },
      "properties": {
        "size": 1679.34,
        "orientation": "east_west",
        "road_access": true,
        "zone": "residential",
        "frontage": 29.59,
        "vacant": false,
        "feature_type": "Lot",
        "parent_id": "block-district-residential-42-22",
        "stage": "lots",
        "seed": 10198509143117359959
      }
    },
    {
      "type": "Feature",
      "id": "lot-block-district-residential-42-22-3",
      "geometry": {
        "type": "Polygon",
        "coordinates": [
          [
            [
              480.129,
              772.62
            ],
            [
              509.716,
              772.62
            ],
            [
              509.716,
              829.38
            ],
            [
              480.129,
              829.38
            ],
            [
              480.129,
              772.62
            ]
          ]
        ]
      },
      "properties": {
        "size": 1679.34,
        "orientation": "east_west",
        "road_access": true,
        "zone": "residential",
        "frontage": 29.59,
        "vacant": false,
        "feature_type": "Lot",
        "parent_id": "block-district-residential-42-22",
        "stage": "lots",
        "seed": 10198509143117359959
      }
    },
    {
      "type": "Feature",
      "id": "lot-block-district-residential-42-23-1",
      "geometry": {
        "type": "Polygon",
        "coordinates": [
          [
            [
              518.956,
              770.379
            ],
            [
              548.543,
              770.379
            ],
            [
              548.543,
              831.621
            ],
            [
              518.956,
              831.621
            ],
            [
              518.956,
              770.379
            ]
          ]
        ]
      },
      "properties": {
        "size": 1811.95,
        "orientation": "east_west",
        "road_access": true,
        "zone": "residential",
        "frontage": 29.59,
        "vacant": false,
        "feature_type": "Lot",
        "parent_id": "block-district-residential-42-23",
        "stage": "lots",
        "seed": 10198509143117359959
      }
    },
    {
      "type": "Feature",
      "id": "lot-block-district-residential-42-23-2",
      "geometry": {
        "type": "Polygon",
        "coordinates": [
          [
            [
              551.543,
              770.379
            ],
            [
              581.129,
              770.379
            ],
            [
              581.129,
              831.621
            ],
            [
              551.543,
              831.621
            ],
            [
              551.543,
              770.379
            ]
          ]
        ]
      },
      "properties": {
        "size": 1811.95,
        "orientation": "east_west",
        "road_access": true,
        "zone": "residential",
        "frontage": 29.59,
        "vacant": false,
        "feature_type": "Lot",
        "parent_id": "block-district-residential-42-23",
        "stage": "lots",
        "seed": 10198509143117359959
      }
    },
    {
      "type": "Feature",
      "id": "lot-block-district-residential-42-23-3",
      "geometry": {
        "type": "Polygon",
        "coordinates": [
          [
            [
              584.129,
              770.379
            ],
            [
              613.716,
              770.379
            ],
            [
              613.716,
              831.621
            ],
            [
              584.129,
              831.621
            ],
            [
              584.129,
              770.379
            ]
          ]
        ]
      },
      "properties": {
        "size": 1811.95,
        "orientation": "east_west",
        "road_access": true,
        "zone": "residential",
        "frontage": 29.59,
        "vacant": false,
        "feature_type": "Lot",
        "parent_id": "block-district-residential-42-23",
        "stage": "lots",
        "seed": 10198509143117359959
      }
    },
    {
      "type": "Feature",
      "id": "lot-block-district-residential-42-31-1",
      "geometry": {
        "type": "Polygon",
        "coordinates": [
          [
            [
              310.956,
              838.62
            ],
            [
              340.543,
              838.62
            ],
            [
              340.543,
              895.38
            ],
            [
              310.956,
              895.38
            ],
            [
              310.956,
              838.62
            ]
          ]
        ]
      },
      "properties": {
        "size": 1679.34,
        "orientation": "east_west",
        "road_access": true,
        "zone": "residential",
        "frontage": 29.59,
        "vacant": false,
        "feature_type": "Lot",
        "parent_id": "block-district-residential-42-31",
        "stage": "lots",
        "seed": 10198509143117359959
      }
    },
    {
      "type": "Feature",
      "id": "lot-block-district-residential-42-31-2",
      "geometry": {
        "type": "Polygon",
        "coordinates": [
          [
            [
              343.543,
              838.62
            ],
            [
              373.129,
              838.62
            ],
            [
              373.129,
              895.38
            ],
            [
              343.543,
              895.38
            ],
            [
              343.543,
              838.62
            ]
          ]
        ]
      },
      "properties": {
        "size": 1679.34,
        "orientation": "east_west",
        "road_access": true,
        "zone": "residential",
        "frontage": 29.59,
        "vacant": false,
        "feature_type": "Lot",
        "parent_id": "block-district-residential-42-31",
        "stage": "lots",
        "seed": 10198509143117359959
      }
    },
    {
      "type": "Feature",
      "id": "lot-block-district-residential-42-31-3",
      "geometry": {
        "type": "Polygon",
        "coordinates": [
          [
            [
              376.129,
              838.62
            ],
            [
              405.716,
              838.62
            ],
            [
              405.716,
              895.38
            ],
            [
              376.129,
              895.38
            ],
            [
              376.129,
              838.62
            ]
          ]
        ]
      },
      "properties": {
        "size": 1679.34,
        "orientation": "east_west",
        "road_access": true,
        "zone": "residential",
        "frontage": 29.59,
        "vacant": false,
        "feature_type": "Lot",
        "parent_id": "block-district-residential-42-31",
        "stage": "lots",
        "seed": 10198509143117359959
      }
    },
    {
      "type": "Feature",
      "id": "lot-block-district-residential-42-32-1",
      "geometry": {
        "type": "Polygon",
        "coordinates": [
          [
            [
              414.956,
              838.62
            ],
            [
              444.543,
              838.62
            ],
            [
              444.543,
              895.38
            ],
            [
              414.956,
              895.38
            ],
            [
              414.956,
              838.62
            ]
          ]
        ]
      },
      "properties": {
        "size": 1679.34,
        "orientation": "east_west",
        "road_access": true,
        "zone": "residential",
        "frontage": 29.59,
        "vacant": false,
        "feature_type": "Lot",
        "parent_id": "block-district-residential-42-32",
        "stage": "lots",
        "seed": 10198509143117359959
      }
    },
    {
      "type": "Feature",
      "id": "lot-block-district-residential-42-32-2",
      "geometry": {
        "type": "Polygon",
        "coordinates": [
          [
            [
              447.543,
              838.62
            ],
            [
              477.129,
              838.62
            ],
            [
              477.129,
              895.38
            ],
            [
              447.543,
              895.38
            ],
            [
              447.543,
              838.62
            ]
          ]
        ]
      },
      "properties": {
        "size": 1679.34,
        "orientation": "east_west",
        "road_access": true,
        "zone": "residential",
        "frontage": 29.59,
        "vacant": false,
        "feature_type": "Lot",
        "parent_id": "block-district-residential-42-32",
        "stage": "lots",
        "seed": 10198509143117359959
      }
    },
    {
      "type": "Feature",
      "id": "lot-block-district-residential-42-32-3",
      "geometry": {
        "type": "Polygon",
        "coordinates": [
          [
            [
              480.129,
              838.62
            ],
            [
              509.716,
              838.62
            ],
            [
              509.716,
              895.38
            ],
            [
              480.129,
              895.38
            ],
            [
              480.129,
              838.62
            ]
          ]
        ]
      },
      "properties": {
        "size": 1679.34,
        "orientation": "east_west",
        "road_access": true,
        "zone": "residential",
        "frontage": 29.59,
        "vacant": false,
        "feature_type": "Lot",
        "parent_id": "block-district-residential-42-32",
        "stage": "lots",
        "seed": 10198509143117359959
      }
    },
    {
      "type": "Feature",
      "id": "lot-block-district-residential-42-33-1",
      "geometry": {
        "type": "Polygon",
        "coordinates": [
          [
            [
              518.956,
              838.62
            ],
            [
              548.543,
              838.62
            ],
            [
              548.543,
              895.38
            ],
            [
              518.956,
              895.38
            ],
            [
              518.956,
              838.62
            ]
          ]
        ]
      },
      "properties": {
        "size": 1679.34,
        "orientation": "east_west",
        "road_access": true,
        "zone": "residential",
        "frontage": 29.59,
        "vacant": false,
        "feature_type": "Lot",
        "parent_id": "block-district-residential-42-33",
        "stage": "lots",
        "seed": 10198509143117359959
      }
    },
    {
      "type": "Feature",
      "id": "lot-block-district-residential-42-33-2",
      "geometry": {
        "type": "Polygon",
        "coordinates": [
          [
            [
              551.543,
              838.62
            ],
            [
              581.129,
              838.62
            ],
            [
              581.129,
              895.38
            ],
            [
              551.543,
              895.38
            ],
            [
              551.543,
              838.62
            ]
          ]
        ]
      },
      "properties": {
        "size": 1679.34,
        "orientation": "east_west",
        "road_access": true,
        "zone": "residential",
        "frontage": 29.59,
        "vacant": false,
        "feature_type": "Lot",
        "parent_id": "block-district-residential-42-33",
        "stage": "lots",
        "seed": 10198509143117359959
      }
    },
    {
      "type": "Feature",
      "id": "lot-block-district-residential-42-33-3",
      "geometry": {
        "type": "Polygon",
        "coordinates": [
          [
            [
              584.129,
              838.62
            ],
            [
              613.716,
              838.62
            ],
            [
              613.716,
              895.38
            ],
            [
              584.129,
              895.38
            ],
            [
              584.129,
              838.62
            ]
          ]
        ]
      },
      "properties": {
        "size": 1679.34,
        "orientation": "east_west",
        "road_access": true,
        "zone": "residential",
        "frontage": 29.59,
        "vacant": false,
        "feature_type": "Lot",
        "parent_id": "block-district-residential-42-33",
        "stage": "lots",
        "seed": 10198509143117359959
      }
    },
    {
      "type": "Feature",
      "id": "lot-block-district-residential-43-11-1",
      "geometry": {
        "type": "Polygon",
        "coordinates": [
          [
            [
              620.661,
              703.384
            ],
            [
              647.741,
              703.384
            ],
            [
              647.741,
              766.616
            ],
            [
              620.661,
              766.616
            ],
            [
              620.661,
              703.384
            ]
          ]
        ]
      },
      "properties": {
        "size": 1712.32,
        "orientation": "east_west",
        "road_access": true,
        "zone": "residential",
        "frontage": 27.08,
        "vacant": false,
        "feature_type": "Lot",
        "parent_id": "block-district-residential-43-11",
        "stage": "lots",
        "seed": 10198509143117359959
      }
    },
    {
      "type": "Feature",
      "id": "lot-block-district-residential-43-11-2",
      "geometry": {
        "type": "Polygon",
        "coordinates": [
          [
            [
              650.741,
              703.384
            ],
            [
              677.821,
              703.384
            ],
            [
              677.821,
              766.616
            ],
            [
              650.741,
              766.616
            ],
            [
              650.741,
              703.384
            ]
          ]
        ]
      },
      "properties": {
        "size": 1712.32,
        "orientation": "east_west",
        "road_access": true,
        "zone": "residential",
        "frontage": 27.08,
        "vacant": false,
        "feature_type": "Lot",
        "parent_id": "block-district-residential-43-11",
        "stage": "lots",
        "seed": 10198509143117359959
      }
    },
    {
      "type": "Feature",
      "id": "lot-block-district-residential-43-11-3",
      "geometry": {
        "type": "Polygon",
        "coordinates": [
          [
            [
              680.821,
              703.384
            ],
            [
              707.901,
              703.384
            ],
            [
              707.901,
              766.616
            ],
            [
              680.821,
              766.616
            ],
            [
              680.821,
              703.384
            ]
          ]
        ]
      },
      "properties": {
        "size": 1712.32,
        "orientation": "east_west",
        "road_access": true,
        "zone": "residential",
        "frontage": 27.08,
        "vacant": false,
        "feature_type": "Lot",
        "parent_id": "block-district-residential-43-11",
        "stage": "lots",
        "seed": 10198509143117359959
      }
    },
    {
      "type": "Feature",
      "id": "lot-block-district-residential-43-12-1",
      "geometry": {
        "type": "Polygon",
        "coordinates": [
          [
            [
              716.661,
              706.38
            ],
            [
              743.741,
              706.38
            ],
            [
              743.741,
              763.62
            ],
            [
              716.661,
              763.62
            ],
            [
              716.661,
              706.38
            ]
          ]
        ]
      },
      "properties": {
        "size": 1550.06,
        "orientation": "east_west",
        "road_access": true,
        "zone": "residential",
        "frontage": 27.08,
        "vacant": false,
        "feature_type": "Lot",
        "parent_id": "block-district-residential-43-12",
        "stage": "lots",
        "seed": 10198509143117359959
      }
    },
    {
      "type": "Feature",
      "id": "lot-block-district-residential-43-12-2",
      "geometry": {
        "type": "Polygon",
        "coordinates": [
          [
            [
              746.741,
              706.38
            ],
            [
              773.821,
              706.38
            ],
            [
              773.821,
              763.62
            ],
            [
              746.741,
              763.62
            ],
            [
              746.741,
              706.38
            ]
          ]
        ]
      },
      "properties": {
        "size": 1550.06,
        "orientation": "east_west",
        "road_access": true,
        "zone": "residential",
        "frontage": 27.08,
        "vacant": false,
        "feature_type": "Lot",
        "parent_id": "block-district-residential-43-12",
        "stage": "lots",
        "seed": 10198509143117359959
      }
    },
    {
      "type": "Feature",
      "id": "lot-block-district-residential-43-12-3",
      "geometry": {
        "type": "Polygon",
        "coordinates": [
          [
            [
              776.821,
              706.38
            ],
            [
              803.901,
              706.38
            ],
            [
              803.901,
              763.62
            ],
            [
              776.821,
              763.62
            ],
            [
              776.821,
              706.38
            ]
          ]
        ]
      },
      "properties": {
        "size": 1550.06,
        "orientation": "east_west",
        "road_access": true,
        "zone": "residential",
        "frontage": 27.08,
        "vacant": false,
        "feature_type": "Lot",
        "parent_id": "block-district-residential-43-12",
        "stage": "lots",
        "seed": 10198509143117359959
      }
    },
    {
      "type": "Feature",
      "id": "lot-block-district-residential-43-13-1",
      "geometry": {
        "type": "Polygon",
        "coordinates": [
          [
            [
              812.661,
              705.559
            ],
            [
              839.741,
              705.559
            ],
            [
              839.741,
              764.441
            ],
            [
              812.661,
              764.441
            ],
            [
              812.661,
              705.559
            ]
          ]
        ]
      },
      "properties": {
        "size": 1594.52,
        "orientation": "east_west",
        "road_access": true,
        "zone": "residential",
        "frontage": 27.08,
        "vacant": false,
        "feature_type": "Lot",
        "parent_id": "block-district-residential-43-13",
        "stage": "lots",
        "seed": 10198509143117359959
      }
    },
    {
      "type": "Feature",
      "id": "lot-block-district-residential-43-13-2",
      "geometry": {
        "type": "Polygon",
        "coordinates": [
          [
            [
              842.741,
              705.559
            ],
            [
              869.821,
              705.559
            ],
            [
              869.821,
              764.441
            ],
            [
              842.741,
              764.441
            ],
            [
              842.741,
              705.559
            ]
          ]
        ]
      },
      "properties": {
        "size": 1594.52,
        "orientation": "east_west",
        "road_access": true,
        "zone": "residential",
        "frontage": 27.08,
        "vacant": false,
        "feature_type": "Lot",
        "parent_id": "block-district-residential-43-13",
        "stage": "lots",
        "seed": 10198509143117359959
      }
    },
    {
      "type": "Feature",
      "id": "lot-block-district-residential-43-13-3",
      "geometry": {
        "type": "Polygon",
        "coordinates": [
          [
            [
              872.821,
              705.559
            ],
            [
              899.901,
              705.559
            ],
            [
              899.901,
              764.441
            ],
            [
              872.821,
              764.441
            ],
            [
              872.821,
              705.559
            ]
          ]
        ]
      },
      "properties": {
        "size": 1594.52,
        "orientation": "east_west",
        "road_access": true,
        "zone": "residential",
        "frontage": 27.08,
        "vacant": false,
        "feature_type": "Lot",
        "parent_id": "block-district-residential-43-13",
        "stage": "lots",
        "seed": 10198509143117359959
      }
    },
    {
      "type": "Feature",
      "id": "lot-block-district-residential-43-21-1",
      "geometry": {
        "type": "Polygon",
        "coordinates": [
          [
            [
              620.661,
              771.161
            ],
            [
              647.741,
              771.161
            ],
            [
              647.741,
              830.839
            ],
            [
              620.661,
              830.839
            ],
            [
              620.661,
              771.161
            ]
          ]
        ]
      },
      "properties": {
        "size": 1616.08,
        "orientation": "east_west",
        "road_access": true,
        "zone": "residential",
        "frontage": 27.08,
        "vacant": false,
        "feature_type": "Lot",
        "parent_id": "block-district-residential-43-21",
        "stage": "lots",
        "seed": 10198509143117359959
      }
    },
    {
      "type": "Feature",
      "id": "lot-block-district-residential-43-21-2",
      "geometry": {
        "type": "Polygon",
        "coordinates": [
          [
            [
              650.741,
              771.161
            ],
            [
              677.821,
              771.161
            ],
            [
              677.821,
              830.839
            ],
            [
              650.741,
              830.839
            ],
            [
              650.741,
              771.161
            ]
          ]
        ]
      },
      "properties": {
        "size": 1616.08,
        "orientation": "east_west",
        "road_access": true,
        "zone": "residential",
        "frontage": 27.08,
        "vacant": false,
        "feature_type": "Lot",
        "parent_id": "block-district-residential-43-21",
        "stage": "lots",
        "seed": 10198509143117359959
      }
    },
    {
      "type": "Feature",
      "id": "lot-block-district-residential-43-21-3",
      "geometry": {
        "type": "Polygon",
        "coordinates": [
          [
            [
              680.821,
              771.161
            ],
            [
              707.901,
              771.161
            ],
            [
              707.901,
              830.839
            ],
            [
              680.821,
              830.839
            ],
            [
              680.821,
              771.161
            ]
          ]
        ]
      },
      "properties": {
        "size": 1616.08,
        "orientation": "east_west",
        "road_access": true,
        "zone": "residential",
        "frontage": 27.08,
        "vacant": false,
        "feature_type": "Lot",
        "parent_id": "block-district-residential-43-21",
        "stage": "lots",
        "seed": 10198509143117359959
      }
    },
    {
      "type": "Feature",
      "id": "lot-block-district-residential-43-22-1",
      "geometry": {
        "type": "Polygon",
        "coordinates": [
          [
            [
              716.661,
              771.658
            ],
            [
              743.741,
              771.658
            ],
            [
              743.741,
              830.342
            ],
            [
              716.661,
              830.342
            ],
            [
              716.661,
              771.658
            ]
          ]
        ]
      },
      "properties": {
        "size": 1589.16,
        "orientation": "east_west",
        "road_access": true,
        "zone": "residential",
        "frontage": 27.08,
        "vacant": false,
        "feature_type": "Lot",
        "parent_id": "block-district-residential-43-22",
        "stage": "lots",
        "seed": 10198509143117359959
      }
    },
    {
      "type": "Feature",
      "id": "lot-block-district-residential-43-22-2",
      "geometry": {
        "type": "Polygon",
        "coordinates": [
          [
            [
              746.741,
              771.658
            ],
            [
              773.821,
              771.658
            ],
            [
              773.821,
              830.342
            ],
            [
              746.741,
              830.342
            ],
            [
              746.741,
              771.658
            ]
          ]
        ]
      },
      "properties": {
        "size": 1589.16,
        "orientation": "east_west",
        "road_access": true,
        "zone": "residential",
        "frontage": 27.08,
        "vacant": false,
        "feature_type": "Lot",
        "parent_id": "block-district-residential-43-22",
        "stage": "lots",
        "seed": 10198509143117359959
      }
    },
    {
      "type": "Feature",
      "id": "lot-block-district-residential-43-22-3",
      "geometry": {
        "type": "Polygon",
        "coordinates": [
          [
            [
              776.821,
              771.658
            ],
            [
              803.901,
              771.658
            ],
            [
              803.901,
              830.342
            ],
            [
              776.821,
              830.342
            ],
            [
              776.821,
              771.658
            ]
          ]
        ]
      },
      "properties": {
        "size": 1589.16,
        "orientation": "east_west",
        "road_access": true,
        "zone": "residential",
        "frontage": 27.08,
        "vacant": false,
        "feature_type": "Lot",
        "parent_id": "block-district-residential-43-22",
        "stage": "lots",
        "seed": 10198509143117359959
      }
    },
    {
      "type": "Feature",
      "id": "lot-block-district-residential-43-23-1",
      "geometry": {
        "type": "Polygon",
        "coordinates": [
          [
            [
              812.661,
              772.38
            ],
            [
              839.741,
              772.38
            ],
            [
              839.741,
              829.62
            ],
            [
              812.661,
              829.62
            ],
            [
              812.661,
              772.38
            ]
          ]
        ]
      },
      "properties": {
        "size": 1550.06,
        "orientation": "east_west",
        "road_access": true,
        "zone": "residential",
        "frontage": 27.08,
        "vacant": false,
        "feature_type": "Lot",
        "parent_id": "block-district-residential-43-23",
        "stage": "lots",
        "seed": 10198509143117359959
      }
    },
    {
      "type": "Feature",
      "id": "lot-block-district-residential-43-23-2",
      "geometry": {
        "type": "Polygon",
        "coordinates": [
          [
            [
              842.741,
              772.38
            ],
            [
              869.821,
              772.38
            ],
            [
              869.821,
              829.62
            ],
            [
              842.741,
              829.62
            ],
            [
              842.741,
              772.38
            ]
          ]
        ]
      },
      "properties": {
        "size": 1550.06,
        "orientation": "east_west",
        "road_access": true,
        "zone": "residential",
        "frontage": 27.08,
        "vacant": false,
        "feature_type": "Lot",
        "parent_id": "block-district-residential-43-23",
        "stage": "lots",
        "seed": 10198509143117359959
      }
    },
    {
      "type": "Feature",
      "id": "lot-block-district-residential-43-23-3",
      "geometry": {
        "type": "Polygon",
        "coordinates": [
          [
            [
              872.821,
              772.38
            ],
            [
              899.901,
              772.38
            ],
            [
              899.901,
              829.62
            ],
            [
              872.821,
              829.62
            ],
            [
              872.821,
              772.38
            ]
          ]
        ]
      },
      "properties": {
        "size": 1550.06,
        "orientation": "east_west",
        "road_access": true,
        "zone": "residential",
        "frontage": 27.08,
        "vacant": false,
        "feature_type": "Lot",
        "parent_id": "block-district-residential-43-23",
        "stage": "lots",
        "seed": 10198509143117359959
      }
    },
    {
      "type": "Feature",
      "id": "lot-block-district-residential-43-31-1",
      "geometry": {
        "type": "Polygon",
        "coordinates": [
          [
            [
              620.661,
              838.38
            ],
            [
              647.741,
              838.38
            ],
            [
              647.741,
              895.62
            ],
            [
              620.661,
              895.62
            ],
            [
              620.661,
              838.38
            ]
          ]
        ]
      },
      "properties": {
        "size": 1550.06,
        "orientation": "east_west",
        "road_access": true,
        "zone": "residential",
        "frontage": 27.08,
        "vacant": false,
        "feature_type": "Lot",
        "parent_id": "block-district-residential-43-31",
        "stage": "lots",
        "seed": 10198509143117359959
      }
    },
    {
      "type": "Feature",
      "id": "lot-block-district-residential-43-31-2",
      "geometry": {
        "type": "Polygon",
        "coordinates": [
          [
            [
              650.741,
              838.38
            ],
            [
              677.821,
              838.38
            ],
            [
              677.821,
              895.62
            ],
            [
              650.741,
              895.62
            ],
            [
              650.741,
              838.38
            ]
          ]
        ]
      },
      "properties": {
        "size": 1550.06,
        "orientation": "east_west",
        "road_access": true,
        "zone": "residential",
        "frontage": 27.08,
        "vacant": false,
        "feature_type": "Lot",
        "parent_id": "block-district-residential-43-31",
        "stage": "lots",
        "seed": 10198509143117359959
      }
    },
    {
      "type": "Feature",
      "id": "lot-block-district-residential-43-31-3",
      "geometry": {
        "type": "Polygon",
        "coordinates": [
          [
            [
              680.821,
              838.38
            ],
            [
              707.901,
              838.38
            ],
            [
              707.901,
              895.62
            ],
            [
              680.821,
              895.62
            ],
            [
              680.821,
              838.38
            ]
          ]
        ]
      },
      "properties": {
        "size": 1550.06,
        "orientation": "east_west",
        "road_access": true,
        "zone": "residential",
        "frontage": 27.08,
        "vacant": false,
        "feature_type": "Lot",
        "parent_id": "block-district-residential-43-31",
        "stage": "lots",
        "seed": 10198509143117359959
      }
    },
    {
      "type": "Feature",
      "id": "lot-block-district-residential-43-32-1",
      "geometry": {
        "type": "Polygon",
        "coordinates": [
          [
            [
              716.661,
              838.38
            ],
            [
              743.741,
              838.38
            ],
            [
              743.741,
              895.62
            ],
            [
              716.661,
              895.62
            ],
            [
              716.661,
              838.38
            ]
          ]
        ]
      },
      "properties": {
        "size": 1550.06,
        "orientation": "east_west",
        "road_access": true,
        "zone": "residential",
        "frontage": 27.08,
        "vacant": false,
        "feature_type": "Lot",
        "parent_id": "block-district-residential-43-32",
        "stage": "lots",
        "seed": 10198509143117359959
      }
    },
    {
      "type": "Feature",
      "id": "lot-block-district-residential-43-32-2",
      "geometry": {
        "type": "Polygon",
        "coordinates": [
          [
            [
              746.741,
              838.38
            ],
            [
              773.821,
              838.38
            ],
            [
              773.821,
              895.62
            ],
            [
              746.741,
              895.62
            ],
            [
              746.741,
              838.38
            ]
          ]
        ]
      },
      "properties": {
        "size": 1550.06,
        "orientation": "east_west",
        "road_access": true,
        "zone": "residential",
        "frontage": 27.08,
        "vacant": false,
        "feature_type": "Lot",
        "parent_id": "block-district-residential-43-32",
        "stage": "lots",
        "seed": 10198509143117359959
      }
    },
    {
      "type": "Feature",
      "id": "lot-block-district-residential-43-32-3",
      "geometry": {
        "type": "Polygon",
        "coordinates": [
          [
            [
              776.821,
              838.38
            ],
            [
              803.901,
              838.38
            ],
            [
              803.901,
              895.62
            ],
            [
              776.821,
              895.62
            ],
            [
              776.821,
              838.38
            ]
          ]
        ]
      },
      "properties": {
        "size": 1550.06,
        "orientation": "east_west",
        "road_access": true,
        "zone": "residential",
        "frontage": 27.08,
        "vacant": false,
        "feature_type": "Lot",
        "parent_id": "block-district-residential-43-32",
        "stage": "lots",
        "seed": 10198509143117359959
      }
    },
    {
      "type": "Feature",
      "id": "lot-block-district-residential-43-33-1",
      "geometry": {
        "type": "Polygon",
        "coordinates": [
          [
            [
              812.661,
              838.38
            ],
            [
              839.741,
              838.38
            ],
            [
              839.741,
              895.62
            ],
            [
              812.661,
              895.62
            ],
            [
              812.661,
              838.38
            ]
          ]
        ]
      },
      "properties": {
        "size": 1550.06,
        "orientation": "east_west",
        "road_access": true,
        "zone": "residential",
        "frontage": 27.08,
        "vacant": false,
        "feature_type": "Lot",
        "parent_id": "block-district-residential-43-33",
        "stage": "lots",
        "seed": 10198509143117359959
      }
    },
    {
      "type": "Feature",
      "id": "lot-block-district-residential-43-33-2",
      "geometry": {
        "type": "Polygon",
        "coordinates": [
          [
            [
              842.741,
              838.38
            ],
            [
              869.821,
              838.38
            ],
            [
              869.821,
              895.62
            ],
            [
              842.741,
              895.62
            ],
            [
              842.741,
              838.38
            ]
          ]
        ]
      },
      "properties": {
        "size": 1550.06,
        "orientation": "east_west",
        "road_access": true,
        "zone": "residential",
        "frontage": 27.08,
        "vacant": false,
        "feature_type": "Lot",
        "parent_id": "block-district-residential-43-33",
        "stage": "lots",
        "seed": 10198509143117359959
      }
    },
    {
      "type": "Feature",
      "id": "lot-block-district-residential-43-33-3",
      "geometry": {
        "type": "Polygon",
        "coordinates": [
          [
            [
              872.821,
              838.38
            ],
            [
              899.901,
              838.38
            ],
            [
              899.901,
              895.62
            ],
            [
              872.821,
              895.62
            ],
            [
              872.821,
              838.38
            ]
          ]
        ]
      },
      "properties": {
        "size": 1550.06,
        "orientation": "east_west",
        "road_access": true,
        "zone": "residential",
        "frontage": 27.08,
        "vacant": true,
        "feature_type": "Lot",
        "parent_id": "block-district-residential-43-33",
        "stage": "lots",
        "seed": 10198509143117359959
      }
    },
    {
      "type": "Feature",
      "id": "lot-block-district-business-44-11-1",
      "geometry": {
        "type": "Polygon",
        "coordinates": [
          [
            [
              916.38,
              704.302
            ],
            [
              943.46,
              704.302
            ],
            [
              943.46,
              765.698
            ],
            [
              916.38,
              765.698
            ],
            [
              916.38,
              704.302
            ]
          ]
        ]
      },
      "properties": {
        "size": 1662.6,
        "orientation": "east_west",
        "road_access": true,
        "zone": "business",
        "frontage": 27.08,
        "vacant": false,
        "feature_type": "Lot",
        "parent_id": "block-district-business-44-11",
        "stage": "lots",
        "seed": 10198509143117359959
      }
    },
    {
      "type": "Feature",
      "id": "lot-block-district-business-44-11-2",
      "geometry": {
        "type": "Polygon",
        "coordinates": [
          [
            [
              946.46,
              704.302
            ],
            [
              973.54,
              704.302
            ],
            [
              973.54,
              765.698
            ],
            [
              946.46,
              765.698
            ],
            [
              946.46,
              704.302
            ]
          ]
        ]
      },
      "properties": {
        "size": 1662.6,
        "orientation": "east_west",
        "road_access": true,
        "zone": "business",
        "frontage": 27.08,
        "vacant": false,
        "feature_type": "Lot",
        "parent_id": "block-district-business-44-11",
        "stage": "lots",
        "seed": 10198509143117359959
      }
    },
    {
      "type": "Feature",
      "id": "lot-block-district-business-44-11-3",
      "geometry": {
        "type": "Polygon",
        "coordinates": [
          [
            [
              976.54,
              704.302
            ],
            [
              1003.62,
              704.302
            ],
            [
              1003.62,
              765.698
            ],
            [
              976.54,
              765.698
            ],
            [
              976.54,
              704.302
            ]
          ]
        ]
      },
      "properties": {
        "size": 1662.6,
        "orientation": "east_west",
        "road_access": true,
        "zone": "business",
        "frontage": 27.08,
        "vacant": false,
        "feature_type": "Lot",
        "parent_id": "block-district-business-44-11",
        "stage": "lots",
        "seed": 10198509143117359959
      }
    },
    {
      "type": "Feature",
      "id": "lot-block-district-business-44-12-1",
      "geometry": {
        "type": "Polygon",
        "coordinates": [
          [
            [
              1012.38,
              706.38
            ],
            [
              1039.46,
              706.38
            ],
            [
              1039.46,
              763.62
            ],
            [
              1012.38,
              763.62
            ],
            [
              1012.38,
              706.38
            ]
          ]
        ]
      },
      "properties": {
        "size": 1550.06,
        "orientation": "east_west",
        "road_access": true,
        "zone": "business",
        "frontage": 27.08,
        "vacant": false,
        "feature_type": "Lot",
        "parent_id": "block-district-business-44-12",
        "stage": "lots",
        "seed": 10198509143117359959
      }
    },
    {
      "type": "Feature",
      "id": "lot-block-district-business-44-12-2",
      "geometry": {
        "type": "Polygon",
        "coordinates": [
          [
            [
              1042.46,
              706.38
            ],
            [
              1069.54,
              706.38
            ],
            [
              1069.54,
              763.62
            ],
            [
              1042.46,
              763.62
            ],
            [
              1042.46,
              706.38
            ]
          ]
        ]
      },
      "properties": {
        "size": 1550.06,
        "orientation": "east_west",
        "road_access": true,
        "zone": "business",
        "frontage": 27.08,
        "vacant": false,
        "feature_type": "Lot",
        "parent_id": "block-district-business-44-12",
        "stage": "lots",
        "seed": 10198509143117359959
      }
    },
    {
      "type": "Feature",
      "id": "lot-block-district-business-44-12-3",
      "geometry": {
        "type": "Polygon",
        "coordinates": [
          [
            [
              1072.54,
              706.38
            ],
            [
              1099.62,
              706.38
            ],
            [
              1099.62,
              763.62
            ],
            [
              1072.54,
              763.62
            ],
            [
              1072.54,
              706.38
            ]
          ]
        ]
      },
      "properties": {
        "size": 1550.06,
        "orientation": "east_west",
        "road_access": true,
        "zone": "business",
        "frontage": 27.08,
        "vacant": true,
        "feature_type": "Lot",
        "parent_id": "block-district-business-44-12",
        "stage": "lots",
        "seed": 10198509143117359959
      }
    },
    {
      "type": "Feature",
      "id": "lot-block-district-business-44-13-1",
      "geometry": {
        "type": "Polygon",
        "coordinates": [
          [
            [
              1108.38,
              705.268
            ],
            [
              1135.46,
              705.268
            ],
            [
              1135.46,
              764.732
            ],
            [
              1108.38,
              764.732
            ],
            [
              1108.38,
              705.268
            ]
          ]
        ]
      },
      "properties": {
        "size": 1610.29,
        "orientation": "east_west",
        "road_access": true,
        "zone": "business",
        "frontage": 27.08,
        "vacant": false,
        "feature_type": "Lot",
        "parent_id": "block-district-business-44-13",
        "stage": "lots",
        "seed": 10198509143117359959
      }
    },
    {
      "type": "Feature",
      "id": "lot-block-district-business-44-13-2",
      "geometry": {
        "type": "Polygon",
        "coordinates": [
          [
            [
              1138.46,
              705.268
            ],
            [
              1165.54,
              705.268
            ],
            [
              1165.54,
              764.732
            ],
            [
              1138.46,
              764.732
            ],
            [
              1138.46,
              705.268
            ]
          ]
        ]
      },
      "properties": {
        "size": 1610.29,
        "orientation": "east_west",
        "road_access": true,
        "zone": "business",
        "frontage": 27.08,
        "vacant": true,
        "feature_type": "Lot",
        "parent_id": "block-district-business-44-13",
        "stage": "lots",
        "seed": 10198509143117359959
      }
    },
    {
      "type": "Feature",
      "id": "lot-block-district-business-44-13-3",
      "geometry": {
        "type": "Polygon",
        "coordinates": [
          [
            [
              1168.54,
              705.268
            ],
            [
              1195.62,
              705.268
            ],
            [
              1195.62,
              764.732
            ],
            [
              1168.54,
              764.732
            ],
            [
              1168.54,
              705.268
            ]
          ]
        ]
      },
      "properties": {
        "size": 1610.29,
        "orientation": "east_west",
        "road_access": true,
        "zone": "business",
        "frontage": 27.08,
        "vacant": true,
        "feature_type": "Lot",
        "parent_id": "block-district-business-44-13",
        "stage": "lots",
        "seed": 10198509143117359959
      }
    },
    {
      "type": "Feature",
      "id": "lot-block-district-business-44-21-1",
      "geometry": {
        "type": "Polygon",
        "coordinates": [
          [
            [
              916.38,
              771.546
            ],
            [
              943.46,
              771.546
            ],
            [
              943.46,
              830.454
            ],
            [
              916.38,
              830.454
            ],
            [
              916.38,
              771.546
            ]
          ]
        ]
      },
      "properties": {
        "size": 1595.23,
        "orientation": "east_west",
        "road_access": true,
        "zone": "business",
        "frontage": 27.08,
        "vacant": false,
        "feature_type": "Lot",
        "parent_id": "block-district-business-44-21",
        "stage": "lots",
        "seed": 10198509143117359959
      }
    },
    {
      "type": "Feature",
      "id": "lot-block-district-business-44-21-2",
      "geometry": {
        "type": "Polygon",
        "coordinates": [
          [
            [
              946.46,
              771.546
            ],
            [
              973.54,
              771.546
            ],
            [
              973.54,
              830.454
            ],
            [
              946.46,
              830.454
            ],
            [
              946.46,
              771.546
            ]
          ]
        ]
      },
      "properties": {
        "size": 1595.23,
        "orientation": "east_west",
        "road_access": true,
        "zone": "business",
        "frontage": 27.08,
        "vacant": false,
        "feature_type": "Lot",
        "parent_id": "block-district-business-44-21",
        "stage": "lots",
        "seed": 10198509143117359959
      }
    },
    {
      "type": "Feature",
      "id": "lot-block-district-business-44-21-3",
      "geometry": {
        "type": "Polygon",
        "coordinates": [
          [
            [
              976.54,
              771.546
            ],
            [
              1003.62,
              771.546
            ],
            [
              1003.62,
              830.454
            ],
            [
              976.54,
              830.454
            ],
            [
              976.54,
              771.546
            ]
          ]
        ]
      },
      "properties": {
        "size": 1595.23,
        "orientation": "east_west",
        "road_access": true,
        "zone": "business",
        "frontage": 27.08,
        "vacant": false,
        "feature_type": "Lot",
        "parent_id": "block-district-business-44-21",
        "stage": "lots",
        "seed": 10198509143117359959
      }
    },
    {
      "type": "Feature",
      "id": "lot-block-district-business-44-22-1",
      "geometry": {
        "type": "Polygon",
        "coordinates": [
          [
            [
              1012.38,
              770.055
            ],
            [
              1039.46,
              770.055
            ],
            [
              1039.46,
              831.945
            ],
            [
              1012.38,
              831.945
            ],
            [
              1012.38,
              770.055
            ]
          ]
        ]
      },
      "properties": {
        "size": 1675.98,
        "orientation": "east_west",
        "road_access": true,
        "zone": "business",
        "frontage": 27.08,
        "vacant": false,
        "feature_type": "Lot",
        "parent_id": "block-district-business-44-22",
        "stage": "lots",
        "seed": 10198509143117359959
      }
    },
    {
      "type": "Feature",
      "id": "lot-block-district-business-44-22-2",
      "geometry": {
        "type": "Polygon",
        "coordinates": [
          [
            [
              1042.46,
              770.055
            ],
            [
              1069.54,
              770.055
            ],
            [
              1069.54,
              831.945
            ],
            [
              1042.46,
              831.945
            ],
            [
              1042.46,
              770.055
            ]
          ]
        ]
      },
      "properties": {
        "size": 1675.98,
        "orientation": "east_west",
        "road_access": true,
        "zone": "business",
        "frontage": 27.08,
        "vacant": false,
        "feature_type": "Lot",
        "parent_id": "block-district-business-44-22",
        "stage": "lots",
        "seed": 10198509143117359959
      }
    },
    {
      "type": "Feature",
      "id": "lot-block-district-business-44-22-3",
      "geometry": {
        "type": "Polygon",
        "coordinates": [
          [
            [
              1072.54,
              770.055
            ],
            [
              1099.62,
              770.055
            ],
            [
              1099.62,
              831.945
            ],
            [
              1072.54,
              831.945
            ],
            [
              1072.54,
              770.055
            ]
          ]
        ]
      },
      "properties": {
        "size": 1675.98,
        "orientation": "east_west",
        "road_access": true,
        "zone": "business",
        "frontage": 27.08,
        "vacant": true,
        "feature_type": "Lot",
        "parent_id": "block-district-business-44-22",
        "stage": "lots",
        "seed": 10198509143117359959
      }
    },
    {
      "type": "Feature",
      "id": "lot-block-district-business-44-23-1",
      "geometry": {
        "type": "Polygon",
        "coordinates": [
          [
            [
              1108.38,
              772.38
            ],
            [
              1135.46,
              772.38
            ],
            [
              1135.46,
              829.62
            ],
            [
              1108.38,
              829.62
            ],
            [
              1108.38,
              772.38
            ]
          ]
        ]
      },
      "properties": {
        "size": 1550.06,
        "orientation": "east_west",
        "road_access": true,
        "zone": "business",
        "frontage": 27.08,
        "vacant": false,
        "feature_type": "Lot",
        "parent_id": "block-district-business-44-23",
        "stage": "lots",
        "seed": 10198509143117359959
      }
    },
    {
      "type": "Feature",
      "id": "lot-block-district-business-44-23-2",
      "geometry": {
        "type": "Polygon",
        "coordinates": [
          [
            [
              1138.46,
              772.38
            ],
            [
              1165.54,
              772.38
            ],
            [
              1165.54,
              829.62
            ],
            [
              1138.46,
              829.62
            ],
            [
              1138.46,
              772.38
            ]
          ]
        ]
      },
      "properties": {
        "size": 1550.06,
        "orientation": "east_west",
        "road_access": true,
        "zone": "business",
        "frontage": 27.08,
        "vacant": false,
        "feature_type": "Lot",
        "parent_id": "block-district-business-44-23",
        "stage": "lots",
        "seed": 10198509143117359959
      }
    },
    {
      "type": "Feature",
      "id": "lot-block-district-business-44-23-3",
      "geometry": {
        "type": "Polygon",
        "coordinates": [
          [
            [
              1168.54,
              772.38
            ],
            [
              1195.62,
              772.38
            ],
            [
              1195.62,
              829.62
            ],
            [
              1168.54,
              829.62
            ],
            [
              1168.54,
              772.38
            ]
          ]
        ]
      },
      "properties": {
        "size": 1550.06,
        "orientation": "east_west",
        "road_access": true,
        "zone": "business",
        "frontage": 27.08,
        "vacant": false,
        "feature_type": "Lot",
        "parent_id": "block-district-business-44-23",
        "stage": "lots",
        "seed": 10198509143117359959
      }
    },
    {
      "type": "Feature",
      "id": "lot-block-district-business-44-31-1",
      "geometry": {
        "type": "Polygon",
        "coordinates": [
          [
            [
              916.38,
              835.443
            ],
            [
              943.46,
              835.443
            ],
            [
              943.46,
              898.5
            ],
            [
              916.38,
              898.5
            ],
            [
              916.38,
              835.443
            ]
          ]
        ]
      },
      "properties": {
        "size": 1707.58,
        "orientation": "east_west",
        "road_access": true,
        "zone": "business",
        "frontage": 27.08,
        "vacant": false,
        "feature_type": "Lot",
        "parent_id": "block-district-business-44-31",
        "stage": "lots",
        "seed": 10198509143117359959
      }
    },
    {
      "type": "Feature",
      "id": "lot-block-district-business-44-31-2",
      "geometry": {
        "type": "Polygon",
        "coordinates": [
          [
            [
              946.46,
              835.443
            ],
            [
              973.54,
              835.443
            ],
            [
              973.54,
              898.5
            ],
            [
              946.46,
              898.5
            ],
            [
              946.46,
              835.443
            ]
          ]
        ]
      },
      "properties": {
        "size": 1707.58,
        "orientation": "east_west",
        "road_access": true,
        "zone": "business",
        "frontage": 27.08,
        "vacant": false,
        "feature_type": "Lot",
        "parent_id": "block-district-business-44-31",
        "stage": "lots",
        "seed": 10198509143117359959
      }
    },
    {
      "type": "Feature",
      "id": "lot-block-district-business-44-31-3",
      "geometry": {
        "type": "Polygon",
        "coordinates": [
          [
            [
              976.54,
              835.443
            ],
            [
              1003.62,
              835.443
            ],
            [
              1003.62,
              898.5
            ],
            [
              976.54,
              898.5
            ],
            [
              976.54,
              835.443
            ]
          ]
        ]
      },
      "properties": {
        "size": 1707.58,
        "orientation": "east_west",
        "road_access": true,
        "zone": "business",
        "frontage": 27.08,
        "vacant": true,
        "feature_type": "Lot",
        "parent_id": "block-district-business-44-31",
        "stage": "lots",
        "seed": 10198509143117359959
      }
    },
    {
      "type": "Feature",
      "id": "lot-block-district-business-44-32-1",
      "geometry": {
        "type": "Polygon",
        "coordinates": [
          [
            [
              1012.38,
              838.338
            ],
            [
              1039.46,
              838.338
            ],
            [
              1039.46,
              895.662
            ],
            [
              1012.38,
              895.662
            ],
            [
              1012.38,
              838.338
            ]
          ]
        ]
      },
      "properties": {
        "size": 1552.33,
        "orientation": "east_west",
        "road_access": true,
        "zone": "business",
        "frontage": 27.08,
        "vacant": false,
        "feature_type": "Lot",
        "parent_id": "block-district-business-44-32",
        "stage": "lots",
        "seed": 10198509143117359959
      }
    },
    {
      "type": "Feature",
      "id": "lot-block-district-business-44-32-2",
      "geometry": {
        "type": "Polygon",
        "coordinates": [
          [
            [
              1042.46,
              838.338
            ],
            [
              1069.54,
              838.338
            ],
            [
              1069.54,
              895.662
            ],
            [
              1042.46,
              895.662
            ],
            [
              1042.46,
              838.338
            ]
          ]
        ]
      },
      "properties": {
        "size": 1552.33,
        "orientation": "east_west",
        "road_access": true,
        "zone": "business",
        "frontage": 27.08,
        "vacant": false,
        "feature_type": "Lot",
        "parent_id": "block-district-business-44-32",
        "stage": "lots",
        "seed": 10198509143117359959
      }
    },
    {
      "type": "Feature",
      "id": "lot-block-district-business-44-32-3",
      "geometry": {
        "type": "Polygon",
        "coordinates": [
          [
            [
              1072.54,
              838.338
            ],
            [
              1099.62,
              838.338
            ],
            [
              1099.62,
              895.662
            ],
            [
              1072.54,
              895.662
            ],
            [
              1072.54,
              838.338
            ]
          ]
        ]
      },
      "properties": {
        "size": 1552.33,
        "orientation": "east_west",
        "road_access": true,
        "zone": "business",
        "frontage": 27.08,
        "vacant": false,
        "feature_type": "Lot",
        "parent_id": "block-district-business-44-32",
        "stage": "lots",
        "seed": 10198509143117359959
      }
    },
    {
      "type": "Feature",
      "id": "lot-block-district-business-44-33-1",
      "geometry": {
        "type": "Polygon",
        "coordinates": [
          [
            [
              1108.38,
              838.38
            ],
            [
              1135.46,
              838.38
            ],
            [
              1135.46,
              895.62
            ],
            [
              1108.38,
              895.62
            ],
            [
              1108.38,
              838.38
            ]
          ]
        ]
      },
      "properties": {
        "size": 1550.06,
        "orientation": "east_west",
        "road_access": true,
        "zone": "business",
        "frontage": 27.08,
        "vacant": false,
        "feature_type": "Lot",
        "parent_id": "block-district-business-44-33",
        "stage": "lots",
        "seed": 10198509143117359959
      }
    },
    {
      "type": "Feature",
      "id": "lot-block-district-business-44-33-2",
      "geometry": {
        "type": "Polygon",
        "coordinates": [
          [
            [
              1138.46,
              838.38
            ],
            [
              1165.54,
              838.38
            ],
            [
              1165.54,
              895.62
            ],
            [
              1138.46,
              895.62
            ],
            [
              1138.46,
              838.38
            ]
          ]
        ]
      },
      "properties": {
        "size": 1550.06,
        "orientation": "east_west",
        "road_access": true,
        "zone": "business",
        "frontage": 27.08,
        "vacant": false,
        "feature_type": "Lot",
        "parent_id": "block-district-business-44-33",
        "stage": "lots",
        "seed": 10198509143117359959
      }
    },
    {
      "type": "Feature",
      "id": "lot-block-district-business-44-33-3",
      "geometry": {
        "type": "Polygon",
        "coordinates": [
          [
            [
              1168.54,
              838.38
            ],
            [
              1195.62,
              838.38
            ],
            [
              1195.62,
              895.62
            ],
            [
              1168.54,
              895.62
            ],
            [
              1168.54,
              838.38
            ]
          ]
        ]
      },
      "properties": {
        "size": 1550.06,
        "orientation": "east_west",
        "road_access": true,
        "zone": "business",
        "frontage": 27.08,
        "vacant": false,
        "feature_type": "Lot",
        "parent_id": "block-district-business-44-33",
        "stage": "lots",
        "seed": 10198509143117359959
      }
    },
    {
      "type": "Feature",
      "id": "building-lot-block-district-industrial-11-11-1",
      "geometry": {
        "type": "Polygon",
        "coordinates": [
          [
            [
              7.435,
              4.869
            ],
            [
              48.725,
              4.869
            ],
            [
              48.725,
              85.131
            ],
            [
              7.435,
              85.131
            ],
            [
              7.435,
              4.869
            ]
          ]
        ]
      },
      "properties": {
        "footprint": 3313.97,
        "floors": 3,
        "height": 9.6,
        "roof": "flat",
        "setback": 2.82,
        "use": "industrial",
        "material": "mixed",
        "editable_volume": {
          "width": 41.29,
          "depth": 80.26,
          "height": 9.6
        },
        "feature_type": "Building",
        "parent_id": "lot-block-district-industrial-11-11-1",
        "stage": "buildings",
        "seed": 415008249025380911
      }
    },
    {
      "type": "Feature",
      "id": "building-lot-block-district-industrial-11-11-3",
      "geometry": {
        "type": "Polygon",
        "coordinates": [
          [
            [
              107.275,
              4.869
            ],
            [
              148.565,
              4.869
            ],
            [
              148.565,
              85.131
            ],
            [
              107.275,
              85.131
            ],
            [
              107.275,
              4.869
            ]
          ]
        ]
      },
      "properties": {
        "footprint": 3313.97,
        "floors": 2,
        "height": 6.4,
        "roof": "flat",
        "setback": 2.82,
        "use": "industrial",
        "material": "mixed",
        "editable_volume": {
          "width": 41.29,
          "depth": 80.26,
          "height": 6.4
        },
        "feature_type": "Building",
        "parent_id": "lot-block-district-industrial-11-11-3",
        "stage": "buildings",
        "seed": 415008249025380911
      }
    },
    {
      "type": "Feature",
      "id": "building-lot-block-district-industrial-11-12-2",
      "geometry": {
        "type": "Polygon",
        "coordinates": [
          [
            [
              213.355,
              7.435
            ],
            [
              254.645,
              7.435
            ],
            [
              254.645,
              82.565
            ],
            [
              213.355,
              82.565
            ],
            [
              213.355,
              7.435
            ]
          ]
        ]
      },
      "properties": {
        "footprint": 3102.07,
        "floors": 3,
        "height": 9.6,
        "roof": "flat",
        "setback": 2.82,
        "use": "industrial",
        "material": "mixed",
        "editable_volume": {
          "width": 41.29,
          "depth": 75.13,
          "height": 9.6
        },
        "feature_type": "Building",
        "parent_id": "lot-block-district-industrial-11-12-2",
        "stage": "buildings",
        "seed": 415008249025380911
      }
    },
    {
      "type": "Feature",
      "id": "building-lot-block-district-industrial-11-12-3",
      "geometry": {
        "type": "Polygon",
        "coordinates": [
          [
            [
              263.275,
              7.435
            ],
            [
              304.565,
              7.435
            ],
            [
              304.565,
              82.565
            ],
            [
              263.275,
              82.565
            ],
            [
              263.275,
              7.435
            ]
          ]
        ]
      },
      "properties": {
        "footprint": 3102.07,
        "floors": 1,
        "height": 3.2,
        "roof": "flat",
        "setback": 2.82,
        "use": "industrial",
        "material": "mixed",
        "editable_volume": {
          "width": 41.29,
          "depth": 75.13,
          "height": 3.2
        },
        "feature_type": "Building",
        "parent_id": "lot-block-district-industrial-11-12-3",
        "stage": "buildings",
        "seed": 415008249025380911
      }
    },
    {
      "type": "Feature",
      "id": "building-lot-block-district-industrial-11-21-1",
      "geometry": {
        "type": "Polygon",
        "coordinates": [
          [
            [
              7.435,
              95.495
            ],
            [
              48.725,
              95.495
            ],
            [
              48.725,
              174.505
            ],
            [
              7.435,
              174.505
            ],
            [
              7.435,
              95.495
            ]
          ]
        ]
      },
      "properties": {
        "footprint": 3262.27,
        "floors": 4,
        "height": 12.8,
        "roof": "flat",
        "setback": 2.82,
        "use": "industrial",
        "material": "mixed",
        "editable_volume": {
          "width": 41.29,
          "depth": 79.01,
          "height": 12.8
        },
        "feature_type": "Building",
        "parent_id": "lot-block-district-industrial-11-21-1",
        "stage": "buildings",
        "seed": 415008249025380911
      }
    },
    {
      "type": "Feature",
      "id": "building-lot-block-district-industrial-11-21-2",
      "geometry": {
        "type": "Polygon",
        "coordinates": [
          [
            [
              57.355,
              95.495
            ],
            [
              98.645,
              95.495
            ],
            [
              98.645,
              174.505
            ],
            [
              57.355,
              174.505
            ],
            [
              57.355,
              95.495
            ]
          ]
        ]
      },
      "properties": {
        "footprint": 3262.27,
        "floors": 1,
        "height": 3.2,
        "roof": "flat",
        "setback": 2.82,
        "use": "industrial",
        "material": "mixed",
        "editable_volume": {
          "width": 41.29,
          "depth": 79.01,
          "height": 3.2
        },
        "feature_type": "Building",
        "parent_id": "lot-block-district-industrial-11-21-2",
        "stage": "buildings",
        "seed": 415008249025380911
      }
    },
    {
      "type": "Feature",
      "id": "building-lot-block-district-industrial-11-22-1",
      "geometry": {
        "type": "Polygon",
        "coordinates": [
          [
            [
              163.435,
              94.695
            ],
            [
              204.725,
              94.695
            ],
            [
              204.725,
              175.305
            ],
            [
              163.435,
              175.305
            ],
            [
              163.435,
              94.695
            ]
          ]
        ]
      },
      "properties": {
        "footprint": 3328.34,
        "floors": 1,
        "height": 3.2,
        "roof": "flat",
        "setback": 2.82,
        "use": "industrial",
        "material": "mixed",
        "editable_volume": {
          "width": 41.29,
          "depth": 80.61,
          "height": 3.2
        },
        "feature_type": "Building",
        "parent_id": "lot-block-district-industrial-11-22-1",
        "stage": "buildings",
        "seed": 415008249025380911
      }
    },
    {
      "type": "Feature",
      "id": "building-lot-block-district-industrial-11-22-2",
      "geometry": {
        "type": "Polygon",
        "coordinates": [
          [
            [
              213.355,
              94.695
            ],
            [
              254.645,
              94.695
            ],
            [
              254.645,
              175.305
            ],
            [
              213.355,
              175.305
            ],
            [
              213.355,
              94.695
            ]
          ]
        ]
      },
      "properties": {
        "footprint": 3328.34,
        "floors": 4,
        "height": 12.8,
        "roof": "flat",
        "setback": 2.82,
        "use": "industrial",
        "material": "mixed",
        "editable_volume": {
          "width": 41.29,
          "depth": 80.61,
          "height": 12.8
        },
        "feature_type": "Building",
        "parent_id": "lot-block-district-industrial-11-22-2",
        "stage": "buildings",
        "seed": 415008249025380911
      }
    },
    {
      "type": "Feature",
      "id": "building-lot-block-district-industrial-11-22-3",
      "geometry": {
        "type": "Polygon",
        "coordinates": [
          [
            [
              263.275,
              94.695
            ],
            [
              304.565,
              94.695
            ],
            [
              304.565,
              175.305
            ],
            [
              263.275,
              175.305
            ],
            [
              263.275,
              94.695
            ]
          ]
        ]
      },
      "properties": {
        "footprint": 3328.34,
        "floors": 2,
        "height": 6.4,
        "roof": "flat",
        "setback": 2.82,
        "use": "industrial",
        "material": "mixed",
        "editable_volume": {
          "width": 41.29,
          "depth": 80.61,
          "height": 6.4
        },
        "feature_type": "Building",
        "parent_id": "lot-block-district-industrial-11-22-3",
        "stage": "buildings",
        "seed": 415008249025380911
      }
    },
    {
      "type": "Feature",
      "id": "building-lot-block-district-industrial-11-31-2",
      "geometry": {
        "type": "Polygon",
        "coordinates": [
          [
            [
              57.355,
              185.56
            ],
            [
              98.645,
              185.56
            ],
            [
              98.645,
              264.44
            ],
            [
              57.355,
              264.44
            ],
            [
              57.355,
              185.56
            ]
          ]
        ]
      },
      "properties": {
        "footprint": 3256.91,
        "floors": 4,
        "height": 12.8,
        "roof": "flat",
        "setback": 2.82,
        "use": "industrial",
        "material": "mixed",
        "editable_volume": {
          "width": 41.29,
          "depth": 78.88,
          "height": 12.8
        },
        "feature_type": "Building",
        "parent_id": "lot-block-district-industrial-11-31-2",
        "stage": "buildings",
        "seed": 415008249025380911
      }
    },
    {
      "type": "Feature",
      "id": "building-lot-block-district-industrial-11-31-3",
      "geometry": {
        "type": "Polygon",
        "coordinates": [
          [
            [
              107.275,
              185.56
            ],
            [
              148.565,
              185.56
            ],
            [
              148.565,
              264.44
            ],
            [
              107.275,
              264.44
            ],
            [
              107.275,
              185.56
            ]
          ]
        ]
      },
      "properties": {
        "footprint": 3256.91,
        "floors": 4,
        "height": 12.8,
        "roof": "flat",
        "setback": 2.82,
        "use": "industrial",
        "material": "mixed",
        "editable_volume": {
          "width": 41.29,
          "depth": 78.88,
          "height": 12.8
        },
        "feature_type": "Building",
        "parent_id": "lot-block-district-industrial-11-31-3",
        "stage": "buildings",
        "seed": 415008249025380911
      }
    },
    {
      "type": "Feature",
      "id": "building-lot-block-district-industrial-11-32-1",
      "geometry": {
        "type": "Polygon",
        "coordinates": [
          [
            [
              163.435,
              185.113
            ],
            [
              204.725,
              185.113
            ],
            [
              204.725,
              264.887
            ],
            [
              163.435,
              264.887
            ],
            [
              163.435,
              185.113
            ]
          ]
        ]
      },
      "properties": {
        "footprint": 3293.82,
        "floors": 2,
        "height": 6.4,
        "roof": "flat",
        "setback": 2.82,
        "use": "industrial",
        "material": "mixed",
        "editable_volume": {
          "width": 41.29,
          "depth": 79.77,
          "height": 6.4
        },
        "feature_type": "Building",
        "parent_id": "lot-block-district-industrial-11-32-1",
        "stage": "buildings",
        "seed": 415008249025380911
      }
    },
    {
      "type": "Feature",
      "id": "building-lot-block-district-industrial-11-32-2",
      "geometry": {
        "type": "Polygon",
        "coordinates": [
          [
            [
              213.355,
              185.113
            ],
            [
              254.645,
              185.113
            ],
            [
              254.645,
              264.887
            ],
            [
              213.355,
              264.887
            ],
            [
              213.355,
              185.113
            ]
          ]
        ]
      },
      "properties": {
        "footprint": 3293.82,
        "floors": 1,
        "height": 3.2,
        "roof": "flat",
        "setback": 2.82,
        "use": "industrial",
        "material": "mixed",
        "editable_volume": {
          "width": 41.29,
          "depth": 79.77,
          "height": 3.2
        },
        "feature_type": "Building",
        "parent_id": "lot-block-district-industrial-11-32-2",
        "stage": "buildings",
        "seed": 415008249025380911
      }
    },
    {
      "type": "Feature",
      "id": "building-lot-block-district-industrial-11-32-3",
      "geometry": {
        "type": "Polygon",
        "coordinates": [
          [
            [
              263.275,
              185.113
            ],
            [
              304.565,
              185.113
            ],
            [
              304.565,
              264.887
            ],
            [
              263.275,
              264.887
            ],
            [
              263.275,
              185.113
            ]
          ]
        ]
      },
      "properties": {
        "footprint": 3293.82,
        "floors": 2,
        "height": 6.4,
        "roof": "flat",
        "setback": 2.82,
        "use": "industrial",
        "material": "mixed",
        "editable_volume": {
          "width": 41.29,
          "depth": 79.77,
          "height": 6.4
        },
        "feature_type": "Building",
        "parent_id": "lot-block-district-industrial-11-32-3",
        "stage": "buildings",
        "seed": 415008249025380911
      }
    },
    {
      "type": "Feature",
      "id": "building-lot-block-district-park-12-11-2",
      "geometry": {
        "type": "Polygon",
        "coordinates": [
          [
            [
              365.778,
              6.879
            ],
            [
              407.068,
              6.879
            ],
            [
              407.068,
              128.121
            ],
            [
              365.778,
              128.121
            ],
            [
              365.778,
              6.879
            ]
          ]
        ]
      },
      "properties": {
        "footprint": 5006.02,
        "floors": 2,
        "height": 6.4,
        "roof": "gable",
        "setback": 2.82,
        "use": "park",
        "material": "mixed",
        "editable_volume": {
          "width": 41.29,
          "depth": 121.24,
          "height": 6.4
        },
        "feature_type": "Building",
        "parent_id": "lot-block-district-park-12-11-2",
        "stage": "buildings",
        "seed": 415008249025380911
      }
    },
    {
      "type": "Feature",
      "id": "building-lot-block-district-park-12-21-1",
      "geometry": {
        "type": "Polygon",
        "coordinates": [
          [
            [
              315.858,
              141.028
            ],
            [
              357.148,
              141.028
            ],
            [
              357.148,
              263.972
            ],
            [
              315.858,
              263.972
            ],
            [
              315.858,
              141.028
            ]
          ]
        ]
      },
      "properties": {
        "footprint": 5076.29,
        "floors": 2,
        "height": 6.4,
        "roof": "gable",
        "setback": 2.82,
        "use": "park",
        "material": "mixed",
        "editable_volume": {
          "width": 41.29,
          "depth": 122.94,
          "height": 6.4
        },
        "feature_type": "Building",
        "parent_id": "lot-block-district-park-12-21-1",
        "stage": "buildings",
        "seed": 415008249025380911
      }
    },
    {
      "type": "Feature",
      "id": "building-lot-block-district-park-12-22-1",
      "geometry": {
        "type": "Polygon",
        "coordinates": [
          [
            [
              471.858,
              141.788
            ],
            [
              513.148,
              141.788
            ],
            [
              513.148,
              263.212
            ],
            [
              471.858,
              263.212
            ],
            [
              471.858,
              141.788
            ]
          ]
        ]
      },
      "properties": {
        "footprint": 5013.53,
        "floors": 1,
        "height": 3.2,
        "roof": "hip",
        "setback": 2.82,
        "use": "park",
        "material": "mixed",
        "editable_volume": {
          "width": 41.29,
          "depth": 121.42,
          "height": 3.2
        },
        "feature_type": "Building",
        "parent_id": "lot-block-district-park-12-22-1",
        "stage": "buildings",
        "seed": 415008249025380911
      }
    },
    {
      "type": "Feature",
      "id": "building-lot-block-district-park-12-22-2",
      "geometry": {
        "type": "Polygon",
        "coordinates": [
          [
            [
              521.778,
              141.788
            ],
            [
              563.068,
              141.788
            ],
            [
              563.068,
              263.212
            ],
            [
              521.778,
              263.212
            ],
            [
              521.778,
              141.788
            ]
          ]
        ]
      },
      "properties": {
        "footprint": 5013.53,
        "floors": 2,
        "height": 6.4,
        "roof": "hip",
        "setback": 2.82,
        "use": "park",
        "material": "mixed",
        "editable_volume": {
          "width": 41.29,
          "depth": 121.42,
          "height": 6.4
        },
        "feature_type": "Building",
        "parent_id": "lot-block-district-park-12-22-2",
        "stage": "buildings",
        "seed": 415008249025380911
      }
    },
    {
      "type": "Feature",
      "id": "building-lot-block-district-commercial-13-11-1",
      "geometry": {
        "type": "Polygon",
        "coordinates": [
          [
            [
              638.715,
              7.088
            ],
            [
              660.379,
              7.088
            ],
            [
              660.379,
              82.912
            ],
            [
              638.715,
              82.912
            ],
            [
              638.715,
              7.088
            ]
          ]
        ]
      },
      "properties": {
        "footprint": 1642.65,
        "floors": 6,
        "height": 19.2,
        "roof": "flat",
        "setback": 2.71,
        "use": "commercial",
        "material": "concrete",
        "editable_volume": {
          "width": 21.66,
          "depth": 75.82,
          "height": 19.2
        },
        "feature_type": "Building",
        "parent_id": "lot-block-district-commercial-13-11-1",
        "stage": "buildings",
        "seed": 415008249025380911
      }
    },
    {
      "type": "Feature",
      "id": "building-lot-block-district-commercial-13-11-2",
      "geometry": {
        "type": "Polygon",
        "coordinates": [
          [
            [
              668.795,
              7.088
            ],
            [
              690.459,
              7.088
            ],
            [
              690.459,
              82.912
            ],
            [
              668.795,
              82.912
            ],
            [
              668.795,
              7.088
            ]
          ]
        ]
      },
      "properties": {
        "footprint": 1642.65,
        "floors": 9,
        "height": 28.8,
        "roof": "flat",
        "setback": 2.71,
        "use": "commercial",
        "material": "concrete",
        "editable_volume": {
          "width": 21.66,
          "depth": 75.82,
          "height": 28.8
        },
        "feature_type": "Building",
        "parent_id": "lot-block-district-commercial-13-11-2",
        "stage": "buildings",
        "seed": 415008249025380911
      }
    },
    {
      "type": "Feature",
      "id": "building-lot-block-district-commercial-13-11-3",
      "geometry": {
        "type": "Polygon",
        "coordinates": [
          [
            [
              698.875,
              7.088
            ],
            [
              720.539,
              7.088
            ],
            [
              720.539,
              82.912
            ],
            [
              698.875,
              82.912
            ],
            [
              698.875,
              7.088
            ]
          ]
        ]
      },
      "properties": {
        "footprint": 1642.65,
        "floors": 7,
        "height": 22.4,
        "roof": "flat",
        "setback": 2.71,
        "use": "commercial",
        "material": "concrete",
        "editable_volume": {
          "width": 21.66,
          "depth": 75.82,
          "height": 22.4
        },
        "feature_type": "Building",
        "parent_id": "lot-block-district-commercial-13-11-3",
        "stage": "buildings",
        "seed": 415008249025380911
      }
    },
    {
      "type": "Feature",
      "id": "building-lot-block-district-commercial-13-12-1",
      "geometry": {
        "type": "Polygon",
        "coordinates": [
          [
            [
              734.715,
              4.5
            ],
            [
              756.379,
              4.5
            ],
            [
              756.379,
              85.5
            ],
            [
              734.715,
              85.5
            ],
            [
              734.715,
              4.5
            ]
          ]
        ]
      },
      "properties": {
        "footprint": 1754.78,
        "floors": 7,
        "height": 22.4,
        "roof": "flat",
        "setback": 2.71,
        "use": "commercial",
        "material": "concrete",
        "editable_volume": {
          "width": 21.66,
          "depth": 81.0,
          "height": 22.4
        },
        "feature_type": "Building",
        "parent_id": "lot-block-district-commercial-13-12-1",
        "stage": "buildings",
        "seed": 415008249025380911
      }
    },
    {
      "type": "Feature",
      "id": "building-lot-block-district-commercial-13-12-2",
      "geometry": {
        "type": "Polygon",
        "coordinates": [
          [
            [
              764.795,
              4.5
            ],
            [
              786.459,
              4.5
            ],
            [
              786.459,
              85.5
            ],
            [
              764.795,
              85.5
            ],
            [
              764.795,
              4.5
            ]
          ]
        ]
      },
      "properties": {
        "footprint": 1754.78,
        "floors": 4,
        "height": 12.8,
        "roof": "flat",
        "setback": 2.71,
        "use": "commercial",
        "material": "concrete",
        "editable_volume": {
          "width": 21.66,
          "depth": 81.0,
          "height": 12.8
        },
        "feature_type": "Building",
        "parent_id": "lot-block-district-commercial-13-12-2",
        "stage": "buildings",
        "seed": 415008249025380911
      }
    },
    {
      "type": "Feature",
      "id": "building-lot-block-district-commercial-13-12-3",
      "geometry": {
        "type": "Polygon",
        "coordinates": [
          [
            [
              794.875,
              4.5
            ],
            [
              816.539,
              4.5
            ],
            [
              816.539,
              85.5
            ],
            [
              794.875,
              85.5
            ],
            [
              794.875,
              4.5
            ]
          ]
        ]
      },
      "properties": {
        "footprint": 1754.78,
        "floors": 5,
        "height": 16.0,
        "roof": "flat",
        "setback": 2.71,
        "use": "commercial",
        "material": "concrete",
        "editable_volume": {
          "width": 21.66,
          "depth": 81.0,
          "height": 16.0
        },
        "feature_type": "Building",
        "parent_id": "lot-block-district-commercial-13-12-3",
        "stage": "buildings",
        "seed": 415008249025380911
      }
    },
    {
      "type": "Feature",
      "id": "building-lot-block-district-commercial-13-13-1",
      "geometry": {
        "type": "Polygon",
        "coordinates": [
          [
            [
              830.715,
              4.208
            ],
            [
              852.379,
              4.208
            ],
            [
              852.379,
              85.899
            ],
            [
              830.715,
              85.899
            ],
            [
              830.715,
              4.208
            ]
          ]
        ]
      },
      "properties": {
        "footprint": 1769.75,
        "floors": 7,
        "height": 22.4,
        "roof": "flat",
        "setback": 2.71,
        "use": "commercial",
        "material": "concrete",
        "editable_volume": {
          "width": 21.66,
          "depth": 81.69,
          "height": 22.4
        },
        "feature_type": "Building",
        "parent_id": "lot-block-district-commercial-13-13-1",
        "stage": "buildings",
        "seed": 415008249025380911
      }
    },
    {
      "type": "Feature",
      "id": "building-lot-block-district-commercial-13-13-3",
      "geometry": {
        "type": "Polygon",
        "coordinates": [
          [
            [
              890.875,
              4.208
            ],
            [
              912.539,
              4.208
            ],
            [
              912.539,
              85.899
            ],
            [
              890.875,
              85.899
            ],
            [
              890.875,
              4.208
            ]
          ]
        ]
      },
      "properties": {
        "footprint": 1769.75,
        "floors": 4,
        "height": 12.8,
        "roof": "flat",
        "setback": 2.71,
        "use": "commercial",
        "material": "concrete",
        "editable_volume": {
          "width": 21.66,
          "depth": 81.69,
          "height": 12.8
        },
        "feature_type": "Building",
        "parent_id": "lot-block-district-commercial-13-13-3",
        "stage": "buildings",
        "seed": 415008249025380911
      }
    },
    {
      "type": "Feature",
      "id": "building-lot-block-district-commercial-13-21-1",
      "geometry": {
        "type": "Polygon",
        "coordinates": [
          [
            [
              638.715,
              97.088
            ],
            [
              660.379,
              97.088
            ],
            [
              660.379,
              172.912
            ],
            [
              638.715,
              172.912
            ],
            [
              638.715,
              97.088
            ]
          ]
        ]
      },
      "properties": {
        "footprint": 1642.65,
        "floors": 9,
        "height": 28.8,
        "roof": "flat",
        "setback": 2.71,
        "use": "commercial",
        "material": "concrete",
        "editable_volume": {
          "width": 21.66,
          "depth": 75.82,
          "height": 28.8
        },
        "feature_type": "Building",
        "parent_id": "lot-block-district-commercial-13-21-1",
        "stage": "buildings",
        "seed": 415008249025380911
      }
    },
    {
      "type": "Feature",
      "id": "building-lot-block-district-commercial-13-21-2",
      "geometry": {
        "type": "Polygon",
        "coordinates": [
          [
            [
              668.795,
              97.088
            ],
            [
              690.459,
              97.088
            ],
            [
              690.459,
              172.912
            ],
            [
              668.795,
              172.912
            ],
            [
              668.795,
              97.088
            ]
          ]
        ]
      },
      "properties": {
        "footprint": 1642.65,
        "floors": 9,
        "height": 28.8,
        "roof": "flat",
        "setback": 2.71,
        "use": "commercial",
        "material": "concrete",
        "editable_volume": {
          "width": 21.66,
          "depth": 75.82,
          "height": 28.8
        },
        "feature_type": "Building",
        "parent_id": "lot-block-district-commercial-13-21-2",
        "stage": "buildings",
        "seed": 415008249025380911
      }
    },
    {
      "type": "Feature",
      "id": "building-lot-block-district-commercial-13-21-3",
      "geometry": {
        "type": "Polygon",
        "coordinates": [
          [
            [
              698.875,
              97.088
            ],
            [
              720.539,
              97.088
            ],
            [
              720.539,
              172.912
            ],
            [
              698.875,
              172.912
            ],
            [
              698.875,
              97.088
            ]
          ]
        ]
      },
      "properties": {
        "footprint": 1642.65,
        "floors": 9,
        "height": 28.8,
        "roof": "flat",
        "setback": 2.71,
        "use": "commercial",
        "material": "concrete",
        "editable_volume": {
          "width": 21.66,
          "depth": 75.82,
          "height": 28.8
        },
        "feature_type": "Building",
        "parent_id": "lot-block-district-commercial-13-21-3",
        "stage": "buildings",
        "seed": 415008249025380911
      }
    },
    {
      "type": "Feature",
      "id": "building-lot-block-district-commercial-13-22-1",
      "geometry": {
        "type": "Polygon",
        "coordinates": [
          [
            [
              734.715,
              95.118
            ],
            [
              756.379,
              95.118
            ],
            [
              756.379,
              174.882
            ],
            [
              734.715,
              174.882
            ],
            [
              734.715,
              95.118
            ]
          ]
        ]
      },
      "properties": {
        "footprint": 1728.01,
        "floors": 5,
        "height": 16.0,
        "roof": "flat",
        "setback": 2.71,
        "use": "commercial",
        "material": "concrete",
        "editable_volume": {
          "width": 21.66,
          "depth": 79.76,
          "height": 16.0
        },
        "feature_type": "Building",
        "parent_id": "lot-block-district-commercial-13-22-1",
        "stage": "buildings",
        "seed": 415008249025380911
      }
    },
    {
      "type": "Feature",
      "id": "building-lot-block-district-commercial-13-22-2",
      "geometry": {
        "type": "Polygon",
        "coordinates": [
          [
            [
              764.795,
              95.118
            ],
            [
              786.459,
              95.118
            ],
            [
              786.459,
              174.882
            ],
            [
              764.795,
              174.882
            ],
            [
              764.795,
              95.118
            ]
          ]
        ]
      },
      "properties": {
        "footprint": 1728.01,
        "floors": 6,
        "height": 19.2,
        "roof": "flat",
        "setback": 2.71,
        "use": "commercial",
        "material": "concrete",
        "editable_volume": {
          "width": 21.66,
          "depth": 79.76,
          "height": 19.2
        },
        "feature_type": "Building",
        "parent_id": "lot-block-district-commercial-13-22-2",
        "stage": "buildings",
        "seed": 415008249025380911
      }
    },
    {
      "type": "Feature",
      "id": "building-lot-block-district-commercial-13-22-3",
      "geometry": {
        "type": "Polygon",
        "coordinates": [
          [
            [
              794.875,
              95.118
            ],
            [
              816.539,
              95.118
            ],
            [
              816.539,
              174.882
            ],
            [
              794.875,
              174.882
            ],
            [
              794.875,
              95.118
            ]
          ]
        ]
      },
      "properties": {
        "footprint": 1728.01,
        "floors": 9,
        "height": 28.8,
        "roof": "flat",
        "setback": 2.71,
        "use": "commercial",
        "material": "concrete",
        "editable_volume": {
          "width": 21.66,
          "depth": 79.76,
          "height": 28.8
        },
        "feature_type": "Building",
        "parent_id": "lot-block-district-commercial-13-22-3",
        "stage": "buildings",
        "seed": 415008249025380911
      }
    },
    {
      "type": "Feature",
      "id": "building-lot-block-district-commercial-13-23-1",
      "geometry": {
        "type": "Polygon",
        "coordinates": [
          [
            [
              830.715,
              97.088
            ],
            [
              852.379,
              97.088
            ],
            [
              852.379,
              172.912
            ],
            [
              830.715,
              172.912
            ],
            [
              830.715,
              97.088
            ]
          ]
        ]
      },
      "properties": {
        "footprint": 1642.65,
        "floors": 7,
        "height": 22.4,
        "roof": "flat",
        "setback": 2.71,
        "use": "commercial",
        "material": "concrete",
        "editable_volume": {
          "width": 21.66,
          "depth": 75.82,
          "height": 22.4
        },
        "feature_type": "Building",
        "parent_id": "lot-block-district-commercial-13-23-1",
        "stage": "buildings",
        "seed": 415008249025380911
      }
    },
    {
      "type": "Feature",
      "id": "building-lot-block-district-commercial-13-23-2",
      "geometry": {
        "type": "Polygon",
        "coordinates": [
          [
            [
              860.795,
              97.088
            ],
            [
              882.459,
              97.088
            ],
            [
              882.459,
              172.912
            ],
            [
              860.795,
              172.912
            ],
            [
              860.795,
              97.088
            ]
          ]
        ]
      },
      "properties": {
        "footprint": 1642.65,
        "floors": 3,
        "height": 9.6,
        "roof": "gable",
        "setback": 2.71,
        "use": "commercial",
        "material": "concrete",
        "editable_volume": {
          "width": 21.66,
          "depth": 75.82,
          "height": 9.6
        },
        "feature_type": "Building",
        "parent_id": "lot-block-district-commercial-13-23-2",
        "stage": "buildings",
        "seed": 415008249025380911
      }
    },
    {
      "type": "Feature",
      "id": "building-lot-block-district-commercial-13-23-3",
      "geometry": {
        "type": "Polygon",
        "coordinates": [
          [
            [
              890.875,
              97.088
            ],
            [
              912.539,
              97.088
            ],
            [
              912.539,
              172.912
            ],
            [
              890.875,
              172.912
            ],
            [
              890.875,
              97.088
            ]
          ]
        ]
      },
      "properties": {
        "footprint": 1642.65,
        "floors": 7,
        "height": 22.4,
        "roof": "flat",
        "setback": 2.71,
        "use": "commercial",
        "material": "concrete",
        "editable_volume": {
          "width": 21.66,
          "depth": 75.82,
          "height": 22.4
        },
        "feature_type": "Building",
        "parent_id": "lot-block-district-commercial-13-23-3",
        "stage": "buildings",
        "seed": 415008249025380911
      }
    },
    {
      "type": "Feature",
      "id": "building-lot-block-district-commercial-13-31-1",
      "geometry": {
        "type": "Polygon",
        "coordinates": [
          [
            [
              638.715,
              185.233
            ],
            [
              660.379,
              185.233
            ],
            [
              660.379,
              264.767
            ],
            [
              638.715,
              264.767
            ],
            [
              638.715,
              185.233
            ]
          ]
        ]
      },
      "properties": {
        "footprint": 1723.02,
        "floors": 5,
        "height": 16.0,
        "roof": "flat",
        "setback": 2.71,
        "use": "commercial",
        "material": "concrete",
        "editable_volume": {
          "width": 21.66,
          "depth": 79.53,
          "height": 16.0
        },
        "feature_type": "Building",
        "parent_id": "lot-block-district-commercial-13-31-1",
        "stage": "buildings",
        "seed": 415008249025380911
      }
    },
    {
      "type": "Feature",
      "id": "building-lot-block-district-commercial-13-31-2",
      "geometry": {
        "type": "Polygon",
        "coordinates": [
          [
            [
              668.795,
              185.233
            ],
            [
              690.459,
              185.233
            ],
            [
              690.459,
              264.767
            ],
            [
              668.795,
              264.767
            ],
            [
              668.795,
              185.233
            ]
          ]
        ]
      },
      "properties": {
        "footprint": 1723.02,
        "floors": 5,
        "height": 16.0,
        "roof": "flat",
        "setback": 2.71,
        "use": "commercial",
        "material": "concrete",
        "editable_volume": {
          "width": 21.66,
          "depth": 79.53,
          "height": 16.0
        },
        "feature_type": "Building",
        "parent_id": "lot-block-district-commercial-13-31-2",
        "stage": "buildings",
        "seed": 415008249025380911
      }
    },
    {
      "type": "Feature",
      "id": "building-lot-block-district-commercial-13-31-3",
      "geometry": {
        "type": "Polygon",
        "coordinates": [
          [
            [
              698.875,
              185.233
            ],
            [
              720.539,
              185.233
            ],
            [
              720.539,
              264.767
            ],
            [
              698.875,
              264.767
            ],
            [
              698.875,
              185.233
            ]
          ]
        ]
      },
      "properties": {
        "footprint": 1723.02,
        "floors": 5,
        "height": 16.0,
        "roof": "flat",
        "setback": 2.71,
        "use": "commercial",
        "material": "concrete",
        "editable_volume": {
          "width": 21.66,
          "depth": 79.53,
          "height": 16.0
        },
        "feature_type": "Building",
        "parent_id": "lot-block-district-commercial-13-31-3",
        "stage": "buildings",
        "seed": 415008249025380911
      }
    },
    {
      "type": "Feature",
      "id": "building-lot-block-district-commercial-13-32-1",
      "geometry": {
        "type": "Polygon",
        "coordinates": [
          [
            [
              734.715,
              185.718
            ],
            [
              756.379,
              185.718
            ],
            [
              756.379,
              264.282
            ],
            [
              734.715,
              264.282
            ],
            [
              734.715,
              185.718
            ]
          ]
        ]
      },
      "properties": {
        "footprint": 1702.01,
        "floors": 3,
        "height": 9.6,
        "roof": "gable",
        "setback": 2.71,
        "use": "commercial",
        "material": "concrete",
        "editable_volume": {
          "width": 21.66,
          "depth": 78.56,
          "height": 9.6
        },
        "feature_type": "Building",
        "parent_id": "lot-block-district-commercial-13-32-1",
        "stage": "buildings",
        "seed": 415008249025380911
      }
    },
    {
      "type": "Feature",
      "id": "building-lot-block-district-commercial-13-32-2",
      "geometry": {
        "type": "Polygon",
        "coordinates": [
          [
            [
              764.795,
              185.718
            ],
            [
              786.459,
              185.718
            ],
            [
              786.459,
              264.282
            ],
            [
              764.795,
              264.282
            ],
            [
              764.795,
              185.718
            ]
          ]
        ]
      },
      "properties": {
        "footprint": 1702.01,
        "floors": 9,
        "height": 28.8,
        "roof": "flat",
        "setback": 2.71,
        "use": "commercial",
        "material": "concrete",
        "editable_volume": {
          "width": 21.66,
          "depth": 78.56,
          "height": 28.8
        },
        "feature_type": "Building",
        "parent_id": "lot-block-district-commercial-13-32-2",
        "stage": "buildings",
        "seed": 415008249025380911
      }
    },
    {
      "type": "Feature",
      "id": "building-lot-block-district-commercial-13-32-3",
      "geometry": {
        "type": "Polygon",
        "coordinates": [
          [
            [
              794.875,
              185.718
            ],
            [
              816.539,
              185.718
            ],
            [
              816.539,
              264.282
            ],
            [
              794.875,
              264.282
            ],
            [
              794.875,
              185.718
            ]
          ]
        ]
      },
      "properties": {
        "footprint": 1702.01,
        "floors": 5,
        "height": 16.0,
        "roof": "flat",
        "setback": 2.71,
        "use": "commercial",
        "material": "concrete",
        "editable_volume": {
          "width": 21.66,
          "depth": 78.56,
          "height": 16.0
        },
        "feature_type": "Building",
        "parent_id": "lot-block-district-commercial-13-32-3",
        "stage": "buildings",
        "seed": 415008249025380911
      }
    },
    {
      "type": "Feature",
      "id": "building-lot-block-district-commercial-13-33-1",
      "geometry": {
        "type": "Polygon",
        "coordinates": [
          [
            [
              830.715,
              184.262
            ],
            [
              852.379,
              184.262
            ],
            [
              852.379,
              265.738
            ],
            [
              830.715,
              265.738
            ],
            [
              830.715,
              184.262
            ]
          ]
        ]
      },
      "properties": {
        "footprint": 1765.1,
        "floors": 4,
        "height": 12.8,
        "roof": "flat",
        "setback": 2.71,
        "use": "commercial",
        "material": "concrete",
        "editable_volume": {
          "width": 21.66,
          "depth": 81.48,
          "height": 12.8
        },
        "feature_type": "Building",
        "parent_id": "lot-block-district-commercial-13-33-1",
        "stage": "buildings",
        "seed": 415008249025380911
      }
    },
    {
      "type": "Feature",
      "id": "building-lot-block-district-commercial-13-33-2",
      "geometry": {
        "type": "Polygon",
        "coordinates": [
          [
            [
              860.795,
              184.262
            ],
            [
              882.459,
              184.262
            ],
            [
              882.459,
              265.738
            ],
            [
              860.795,
              265.738
            ],
            [
              860.795,
              184.262
            ]
          ]
        ]
      },
      "properties": {
        "footprint": 1765.1,
        "floors": 6,
        "height": 19.2,
        "roof": "flat",
        "setback": 2.71,
        "use": "commercial",
        "material": "concrete",
        "editable_volume": {
          "width": 21.66,
          "depth": 81.48,
          "height": 19.2
        },
        "feature_type": "Building",
        "parent_id": "lot-block-district-commercial-13-33-2",
        "stage": "buildings",
        "seed": 415008249025380911
      }
    },
    {
      "type": "Feature",
      "id": "building-lot-block-district-commercial-13-33-3",
      "geometry": {
        "type": "Polygon",
        "coordinates": [
          [
            [
              890.875,
              184.262
            ],
            [
              912.539,
              184.262
            ],
            [
              912.539,
              265.738
            ],
            [
              890.875,
              265.738
            ],
            [
              890.875,
              184.262
            ]
          ]
        ]
      },
      "properties": {
        "footprint": 1765.1,
        "floors": 5,
        "height": 16.0,
        "roof": "flat",
        "setback": 2.71,
        "use": "commercial",
        "material": "concrete",
        "editable_volume": {
          "width": 21.66,
          "depth": 81.48,
          "height": 16.0
        },
        "feature_type": "Building",
        "parent_id": "lot-block-district-commercial-13-33-3",
        "stage": "buildings",
        "seed": 415008249025380911
      }
    },
    {
      "type": "Feature",
      "id": "building-lot-block-district-residential-14-11-1",
      "geometry": {
        "type": "Polygon",
        "coordinates": [
          [
            [
              919.088,
              7.088
            ],
            [
              940.752,
              7.088
            ],
            [
              940.752,
              82.912
            ],
            [
              919.088,
              82.912
            ],
            [
              919.088,
              7.088
            ]
          ]
        ]
      },
      "properties": {
        "footprint": 1642.65,
        "floors": 4,
        "height": 12.8,
        "roof": "flat",
        "setback": 2.71,
        "use": "residential",
        "material": "mixed",
        "editable_volume": {
          "width": 21.66,
          "depth": 75.82,
          "height": 12.8
        },
        "feature_type": "Building",
        "parent_id": "lot-block-district-residential-14-11-1",
        "stage": "buildings",
        "seed": 415008249025380911
      }
    },
    {
      "type": "Feature",
      "id": "building-lot-block-district-residential-14-11-2",
      "geometry": {
        "type": "Polygon",
        "coordinates": [
          [
            [
              949.168,
              7.088
            ],
            [
              970.832,
              7.088
            ],
            [
              970.832,
              82.912
            ],
            [
              949.168,
              82.912
            ],
            [
              949.168,
              7.088
            ]
          ]
        ]
      },
      "properties": {
        "footprint": 1642.65,
        "floors": 6,
        "height": 19.2,
        "roof": "flat",
        "setback": 2.71,
        "use": "residential",
        "material": "mixed",
        "editable_volume": {
          "width": 21.66,
          "depth": 75.82,
          "height": 19.2
        },
        "feature_type": "Building",
        "parent_id": "lot-block-district-residential-14-11-2",
        "stage": "buildings",
        "seed": 415008249025380911
      }
    },
    {
      "type": "Feature",
      "id": "building-lot-block-district-residential-14-11-3",
      "geometry": {
        "type": "Polygon",
        "coordinates": [
          [
            [
              979.248,
              7.088
            ],
            [
              1000.912,
              7.088
            ],
            [
              1000.912,
              82.912
            ],
            [
              979.248,
              82.912
            ],
            [
              979.248,
              7.088
            ]
          ]
        ]
      },
      "properties": {
        "footprint": 1642.65,
        "floors": 5,
        "height": 16.0,
        "roof": "flat",
        "setback": 2.71,
        "use": "residential",
        "material": "mixed",
        "editable_volume": {
          "width": 21.66,
          "depth": 75.82,
          "height": 16.0
        },
        "feature_type": "Building",
        "parent_id": "lot-block-district-residential-14-11-3",
        "stage": "buildings",
        "seed": 415008249025380911
      }
    },
    {
      "type": "Feature",
      "id": "building-lot-block-district-residential-14-12-2",
      "geometry": {
        "type": "Polygon",
        "coordinates": [
          [
            [
              1045.168,
              6.697
            ],
            [
              1066.832,
              6.697
            ],
            [
              1066.832,
              83.303
            ],
            [
              1045.168,
              83.303
            ],
            [
              1045.168,
              6.697
            ]
          ]
        ]
      },
      "properties": {
        "footprint": 1659.59,
        "floors": 5,
        "height": 16.0,
        "roof": "flat",
        "setback": 2.71,
        "use": "residential",
        "material": "mixed",
        "editable_volume": {
          "width": 21.66,
          "depth": 76.61,
          "height": 16.0
        },
        "feature_type": "Building",
        "parent_id": "lot-block-district-residential-14-12-2",
        "stage": "buildings",
        "seed": 415008249025380911
      }
    },
    {
      "type": "Feature",
      "id": "building-lot-block-district-residential-14-12-3",
      "geometry": {
        "type": "Polygon",
        "coordinates": [
          [
            [
              1075.248,
              6.697
            ],
            [
              1096.912,
              6.697
            ],
            [
              1096.912,
              83.303
            ],
            [
              1075.248,
              83.303
            ],
            [
              1075.248,
              6.697
            ]
          ]
        ]
      },
      "properties": {
        "footprint": 1659.59,
        "floors": 4,
        "height": 12.8,
        "roof": "flat",
        "setback": 2.71,
        "use": "residential",
        "material": "mixed",
        "editable_volume": {
          "width": 21.66,
          "depth": 76.61,
          "height": 12.8
        },
        "feature_type": "Building",
        "parent_id": "lot-block-district-residential-14-12-3",
        "stage": "buildings",
        "seed": 415008249025380911
      }
    },
    {
      "type": "Feature",
      "id": "building-lot-block-district-residential-14-13-1",
      "geometry": {
        "type": "Polygon",
        "coordinates": [
          [
            [
              1111.088,
              7.088
            ],
            [
              1132.752,
              7.088
            ],
            [
              1132.752,
              82.912
            ],
            [
              1111.088,
              82.912
            ],
            [
              1111.088,
              7.088
            ]
          ]
        ]
      },
      "properties": {
        "footprint": 1642.65,
        "floors": 4,
        "height": 12.8,
        "roof": "flat",
        "setback": 2.71,
        "use": "residential",
        "material": "mixed",
        "editable_volume": {
          "width": 21.66,
          "depth": 75.82,
          "height": 12.8
        },
        "feature_type": "Building",
        "parent_id": "lot-block-district-residential-14-13-1",
        "stage": "buildings",
        "seed": 415008249025380911
      }
    },
    {
      "type": "Feature",
      "id": "building-lot-block-district-residential-14-21-1",
      "geometry": {
        "type": "Polygon",
        "coordinates": [
          [
            [
              919.088,
              95.851
            ],
            [
              940.752,
              95.851
            ],
            [
              940.752,
              174.149
            ],
            [
              919.088,
              174.149
            ],
            [
              919.088,
              95.851
            ]
          ]
        ]
      },
      "properties": {
        "footprint": 1696.25,
        "floors": 2,
        "height": 6.4,
        "roof": "hip",
        "setback": 2.71,
        "use": "residential",
        "material": "mixed",
        "editable_volume": {
          "width": 21.66,
          "depth": 78.3,
          "height": 6.4
        },
        "feature_type": "Building",
        "parent_id": "lot-block-district-residential-14-21-1",
        "stage": "buildings",
        "seed": 415008249025380911
      }
    },
    {
      "type": "Feature",
      "id": "building-lot-block-district-residential-14-21-2",
      "geometry": {
        "type": "Polygon",
        "coordinates": [
          [
            [
              949.168,
              95.851
            ],
            [
              970.832,
              95.851
            ],
            [
              970.832,
              174.149
            ],
            [
              949.168,
              174.149
            ],
            [
              949.168,
              95.851
            ]
          ]
        ]
      },
      "properties": {
        "footprint": 1696.25,
        "floors": 3,
        "height": 9.6,
        "roof": "gable",
        "setback": 2.71,
        "use": "residential",
        "material": "mixed",
        "editable_volume": {
          "width": 21.66,
          "depth": 78.3,
          "height": 9.6
        },
        "feature_type": "Building",
        "parent_id": "lot-block-district-residential-14-21-2",
        "stage": "buildings",
        "seed": 415008249025380911
      }
    },
    {
      "type": "Feature",
      "id": "building-lot-block-district-residential-14-21-3",
      "geometry": {
        "type": "Polygon",
        "coordinates": [
          [
            [
              979.248,
              95.851
            ],
            [
              1000.912,
              95.851
            ],
            [
              1000.912,
              174.149
            ],
            [
              979.248,
              174.149
            ],
            [
              979.248,
              95.851
            ]
          ]
        ]
      },
      "properties": {
        "footprint": 1696.25,
        "floors": 6,
        "height": 19.2,
        "roof": "flat",
        "setback": 2.71,
        "use": "residential",
        "material": "mixed",
        "editable_volume": {
          "width": 21.66,
          "depth": 78.3,
          "height": 19.2
        },
        "feature_type": "Building",
        "parent_id": "lot-block-district-residential-14-21-3",
        "stage": "buildings",
        "seed": 415008249025380911
      }
    },
    {
      "type": "Feature",
      "id": "building-lot-block-district-residential-14-22-1",
      "geometry": {
        "type": "Polygon",
        "coordinates": [
          [
            [
              1015.088,
              97.088
            ],
            [
              1036.752,
              97.088
            ],
            [
              1036.752,
              172.912
            ],
            [
              1015.088,
              172.912
            ],
            [
              1015.088,
              97.088
            ]
          ]
        ]
      },
      "properties": {
        "footprint": 1642.65,
        "floors": 2,
        "height": 6.4,
        "roof": "flat",
        "setback": 2.71,
        "use": "residential",
        "material": "mixed",
        "editable_volume": {
          "width": 21.66,
          "depth": 75.82,
          "height": 6.4
        },
        "feature_type": "Building",
        "parent_id": "lot-block-district-residential-14-22-1",
        "stage": "buildings",
        "seed": 415008249025380911
      }
    },
    {
      "type": "Feature",
      "id": "building-lot-block-district-residential-14-22-2",
      "geometry": {
        "type": "Polygon",
        "coordinates": [
          [
            [
              1045.168,
              97.088
            ],
            [
              1066.832,
              97.088
            ],
            [
              1066.832,
              172.912
            ],
            [
              1045.168,
              172.912
            ],
            [
              1045.168,
              97.088
            ]
          ]
        ]
      },
      "properties": {
        "footprint": 1642.65,
        "floors": 4,
        "height": 12.8,
        "roof": "flat",
        "setback": 2.71,
        "use": "residential",
        "material": "mixed",
        "editable_volume": {
          "width": 21.66,
          "depth": 75.82,
          "height": 12.8
        },
        "feature_type": "Building",
        "parent_id": "lot-block-district-residential-14-22-2",
        "stage": "buildings",
        "seed": 415008249025380911
      }
    },
    {
      "type": "Feature",
      "id": "building-lot-block-district-residential-14-23-1",
      "geometry": {
        "type": "Polygon",
        "coordinates": [
          [
            [
              1111.088,
              97.088
            ],
            [
              1132.752,
              97.088
            ],
            [
              1132.752,
              172.912
            ],
            [
              1111.088,
              172.912
            ],
            [
              1111.088,
              97.088
            ]
          ]
        ]
      },
      "properties": {
        "footprint": 1642.65,
        "floors": 7,
        "height": 22.4,
        "roof": "flat",
        "setback": 2.71,
        "use": "residential",
        "material": "mixed",
        "editable_volume": {
          "width": 21.66,
          "depth": 75.82,
          "height": 22.4
        },
        "feature_type": "Building",
        "parent_id": "lot-block-district-residential-14-23-1",
        "stage": "buildings",
        "seed": 415008249025380911
      }
    },
    {
      "type": "Feature",
      "id": "building-lot-block-district-residential-14-23-2",
      "geometry": {
        "type": "Polygon",
        "coordinates": [
          [
            [
              1141.168,
              97.088
            ],
            [
              1162.832,
              97.088
            ],
            [
              1162.832,
              172.912
            ],
            [
              1141.168,
              172.912
            ],
            [
              1141.168,
              97.088
            ]
          ]
        ]
      },
      "properties": {
        "footprint": 1642.65,
        "floors": 2,
        "height": 6.4,
        "roof": "hip",
        "setback": 2.71,
        "use": "residential",
        "material": "mixed",
        "editable_volume": {
          "width": 21.66,
          "depth": 75.82,
          "height": 6.4
        },
        "feature_type": "Building",
        "parent_id": "lot-block-district-residential-14-23-2",
        "stage": "buildings",
        "seed": 415008249025380911
      }
    },
    {
      "type": "Feature",
      "id": "building-lot-block-district-residential-14-23-3",
      "geometry": {
        "type": "Polygon",
        "coordinates": [
          [
            [
              1171.248,
              97.088
            ],
            [
              1192.912,
              97.088
            ],
            [
              1192.912,
              172.912
            ],
            [
              1171.248,
              172.912
            ],
            [
              1171.248,
              97.088
            ]
          ]
        ]
      },
      "properties": {
        "footprint": 1642.65,
        "floors": 2,
        "height": 6.4,
        "roof": "flat",
        "setback": 2.71,
        "use": "residential",
        "material": "mixed",
        "editable_volume": {
          "width": 21.66,
          "depth": 75.82,
          "height": 6.4
        },
        "feature_type": "Building",
        "parent_id": "lot-block-district-residential-14-23-3",
        "stage": "buildings",
        "seed": 415008249025380911
      }
    },
    {
      "type": "Feature",
      "id": "building-lot-block-district-residential-14-31-1",
      "geometry": {
        "type": "Polygon",
        "coordinates": [
          [
            [
              919.088,
              184.755
            ],
            [
              940.752,
              184.755
            ],
            [
              940.752,
              265.245
            ],
            [
              919.088,
              265.245
            ],
            [
              919.088,
              184.755
            ]
          ]
        ]
      },
      "properties": {
        "footprint": 1743.74,
        "floors": 5,
        "height": 16.0,
        "roof": "flat",
        "setback": 2.71,
        "use": "residential",
        "material": "mixed",
        "editable_volume": {
          "width": 21.66,
          "depth": 80.49,
          "height": 16.0
        },
        "feature_type": "Building",
        "parent_id": "lot-block-district-residential-14-31-1",
        "stage": "buildings",
        "seed": 415008249025380911
      }
    },
    {
      "type": "Feature",
      "id": "building-lot-block-district-residential-14-31-2",
      "geometry": {
        "type": "Polygon",
        "coordinates": [
          [
            [
              949.168,
              184.755
            ],
            [
              970.832,
              184.755
            ],
            [
              970.832,
              265.245
            ],
            [
              949.168,
              265.245
            ],
            [
              949.168,
              184.755
            ]
          ]
        ]
      },
      "properties": {
        "footprint": 1743.74,
        "floors": 2,
        "height": 6.4,
        "roof": "hip",
        "setback": 2.71,
        "use": "residential",
        "material": "mixed",
        "editable_volume": {
          "width": 21.66,
          "depth": 80.49,
          "height": 6.4
        },
        "feature_type": "Building",
        "parent_id": "lot-block-district-residential-14-31-2",
        "stage": "buildings",
        "seed": 415008249025380911
      }
    },
    {
      "type": "Feature",
      "id": "building-lot-block-district-residential-14-31-3",
      "geometry": {
        "type": "Polygon",
        "coordinates": [
          [
            [
              979.248,
              184.755
            ],
            [
              1000.912,
              184.755
            ],
            [
              1000.912,
              265.245
            ],
            [
              979.248,
              265.245
            ],
            [
              979.248,
              184.755
            ]
          ]
        ]
      },
      "properties": {
        "footprint": 1743.74,
        "floors": 7,
        "height": 22.4,
        "roof": "flat",
        "setback": 2.71,
        "use": "residential",
        "material": "mixed",
        "editable_volume": {
          "width": 21.66,
          "depth": 80.49,
          "height": 22.4
        },
        "feature_type": "Building",
        "parent_id": "lot-block-district-residential-14-31-3",
        "stage": "buildings",
        "seed": 415008249025380911
      }
    },
    {
      "type": "Feature",
      "id": "building-lot-block-district-residential-14-32-1",
      "geometry": {
        "type": "Polygon",
        "coordinates": [
          [
            [
              1015.088,
              187.088
            ],
            [
              1036.752,
              187.088
            ],
            [
              1036.752,
              262.912
            ],
            [
              1015.088,
              262.912
            ],
            [
              1015.088,
              187.088
            ]
          ]
        ]
      },
      "properties": {
        "footprint": 1642.65,
        "floors": 6,
        "height": 19.2,
        "roof": "flat",
        "setback": 2.71,
        "use": "residential",
        "material": "mixed",
        "editable_volume": {
          "width": 21.66,
          "depth": 75.82,
          "height": 19.2
        },
        "feature_type": "Building",
        "parent_id": "lot-block-district-residential-14-32-1",
        "stage": "buildings",
        "seed": 415008249025380911
      }
    },
    {
      "type": "Feature",
      "id": "building-lot-block-district-residential-14-33-1",
      "geometry": {
        "type": "Polygon",
        "coordinates": [
          [
            [
              1111.088,
              187.088
            ],
            [
              1132.752,
              187.088
            ],
            [
              1132.752,
              262.912
            ],
            [
              1111.088,
              262.912
            ],
            [
              1111.088,
              187.088
            ]
          ]
        ]
      },
      "properties": {
        "footprint": 1642.65,
        "floors": 2,
        "height": 6.4,
        "roof": "gable",
        "setback": 2.71,
        "use": "residential",
        "material": "mixed",
        "editable_volume": {
          "width": 21.66,
          "depth": 75.82,
          "height": 6.4
        },
        "feature_type": "Building",
        "parent_id": "lot-block-district-residential-14-33-1",
        "stage": "buildings",
        "seed": 415008249025380911
      }
    },
    {
      "type": "Feature",
      "id": "building-lot-block-district-residential-14-33-2",
      "geometry": {
        "type": "Polygon",
        "coordinates": [
          [
            [
              1141.168,
              187.088
            ],
            [
              1162.832,
              187.088
            ],
            [
              1162.832,
              262.912
            ],
            [
              1141.168,
              262.912
            ],
            [
              1141.168,
              187.088
            ]
          ]
        ]
      },
      "properties": {
        "footprint": 1642.65,
        "floors": 4,
        "height": 12.8,
        "roof": "flat",
        "setback": 2.71,
        "use": "residential",
        "material": "mixed",
        "editable_volume": {
          "width": 21.66,
          "depth": 75.82,
          "height": 12.8
        },
        "feature_type": "Building",
        "parent_id": "lot-block-district-residential-14-33-2",
        "stage": "buildings",
        "seed": 415008249025380911
      }
    },
    {
      "type": "Feature",
      "id": "building-lot-block-district-residential-14-33-3",
      "geometry": {
        "type": "Polygon",
        "coordinates": [
          [
            [
              1171.248,
              187.088
            ],
            [
              1192.912,
              187.088
            ],
            [
              1192.912,
              262.912
            ],
            [
              1171.248,
              262.912
            ],
            [
              1171.248,
              187.088
            ]
          ]
        ]
      },
      "properties": {
        "footprint": 1642.65,
        "floors": 2,
        "height": 6.4,
        "roof": "flat",
        "setback": 2.71,
        "use": "residential",
        "material": "mixed",
        "editable_volume": {
          "width": 21.66,
          "depth": 75.82,
          "height": 6.4
        },
        "feature_type": "Building",
        "parent_id": "lot-block-district-residential-14-33-3",
        "stage": "buildings",
        "seed": 415008249025380911
      }
    },
    {
      "type": "Feature",
      "id": "building-lot-block-district-industrial-21-11-2",
      "geometry": {
        "type": "Polygon",
        "coordinates": [
          [
            [
              57.355,
              270.44
            ],
            [
              98.645,
              270.44
            ],
            [
              98.645,
              333.57
            ],
            [
              57.355,
              333.57
            ],
            [
              57.355,
              270.44
            ]
          ]
        ]
      },
      "properties": {
        "footprint": 2606.6,
        "floors": 2,
        "height": 6.4,
        "roof": "flat",
        "setback": 2.82,
        "use": "industrial",
        "material": "mixed",
        "editable_volume": {
          "width": 41.29,
          "depth": 63.13,
          "height": 6.4
        },
        "feature_type": "Building",
        "parent_id": "lot-block-district-industrial-21-11-2",
        "stage": "buildings",
        "seed": 415008249025380911
      }
    },
    {
      "type": "Feature",
      "id": "building-lot-block-district-industrial-21-11-3",
      "geometry": {
        "type": "Polygon",
        "coordinates": [
          [
            [
              107.275,
              270.44
            ],
            [
              148.565,
              270.44
            ],
            [
              148.565,
              333.57
            ],
            [
              107.275,
              333.57
            ],
            [
              107.275,
              270.44
            ]
          ]
        ]
      },
      "properties": {
        "footprint": 2606.6,
        "floors": 3,
        "height": 9.6,
        "roof": "flat",
        "setback": 2.82,
        "use": "industrial",
        "material": "mixed",
        "editable_volume": {
          "width": 41.29,
          "depth": 63.13,
          "height": 9.6
        },
        "feature_type": "Building",
        "parent_id": "lot-block-district-industrial-21-11-3",
        "stage": "buildings",
        "seed": 415008249025380911
      }
    },
    {
      "type": "Feature",
      "id": "building-lot-block-district-industrial-21-12-1",
      "geometry": {
        "type": "Polygon",
        "coordinates": [
          [
            [
              163.435,
              269.911
            ],
            [
              204.725,
              269.911
            ],
            [
              204.725,
              334.099
            ],
            [
              163.435,
              334.099
            ],
            [
              163.435,
              269.911
            ]
          ]
        ]
      },
      "properties": {
        "footprint": 2650.28,
        "floors": 1,
        "height": 3.2,
        "roof": "flat",
        "setback": 2.82,
        "use": "industrial",
        "material": "mixed",
        "editable_volume": {
          "width": 41.29,
          "depth": 64.19,
          "height": 3.2
        },
        "feature_type": "Building",
        "parent_id": "lot-block-district-industrial-21-12-1",
        "stage": "buildings",
        "seed": 415008249025380911
      }
    },
    {
      "type": "Feature",
      "id": "building-lot-block-district-industrial-21-12-2",
      "geometry": {
        "type": "Polygon",
        "coordinates": [
          [
            [
              213.355,
              269.911
            ],
            [
              254.645,
              269.911
            ],
            [
              254.645,
              334.099
            ],
            [
              213.355,
              334.099
            ],
            [
              213.355,
              269.911
            ]
          ]
        ]
      },
      "properties": {
        "footprint": 2650.28,
        "floors": 1,
        "height": 3.2,
        "roof": "flat",
        "setback": 2.82,
        "use": "industrial",
        "material": "mixed",
        "editable_volume": {
          "width": 41.29,
          "depth": 64.19,
          "height": 3.2
        },
        "feature_type": "Building",
        "parent_id": "lot-block-district-industrial-21-12-2",
        "stage": "buildings",
        "seed": 415008249025380911
      }
    },
    {
      "type": "Feature",
      "id": "building-lot-block-district-industrial-21-21-1",
      "geometry": {
        "type": "Polygon",
        "coordinates": [
          [
            [
              7.435,
              346.916
            ],
            [
              48.725,
              346.916
            ],
            [
              48.725,
              413.094
            ],
            [
              7.435,
              413.094
            ],
            [
              7.435,
              346.916
            ]
          ]
        ]
      },
      "properties": {
        "footprint": 2732.45,
        "floors": 2,
        "height": 6.4,
        "roof": "flat",
        "setback": 2.82,
        "use": "industrial",
        "material": "mixed",
        "editable_volume": {
          "width": 41.29,
          "depth": 66.18,
          "height": 6.4
        },
        "feature_type": "Building",
        "parent_id": "lot-block-district-industrial-21-21-1",
        "stage": "buildings",
        "seed": 415008249025380911
      }
    },
    {
      "type": "Feature",
      "id": "building-lot-block-district-industrial-21-21-2",
      "geometry": {
        "type": "Polygon",
        "coordinates": [
          [
            [
              57.355,
              346.916
            ],
            [
              98.645,
              346.916
            ],
            [
              98.645,
              413.094
            ],
            [
              57.355,
              413.094
            ],
            [
              57.355,
              346.916
            ]
          ]
        ]
      },
      "properties": {
        "footprint": 2732.45,
        "floors": 2,
        "height": 6.4,
        "roof": "flat",
        "setback": 2.82,
        "use": "industrial",
        "material": "mixed",
        "editable_volume": {
          "width": 41.29,
          "depth": 66.18,
          "height": 6.4
        },
        "feature_type": "Building",
        "parent_id": "lot-block-district-industrial-21-21-2",
        "stage": "buildings",
        "seed": 415008249025380911
      }
    },
    {
      "type": "Feature",
      "id": "building-lot-block-district-industrial-21-21-3",
      "geometry": {
        "type": "Polygon",
        "coordinates": [
          [
            [
              107.275,
              346.916
            ],
            [
              148.565,
              346.916
            ],
            [
              148.565,
              413.094
            ],
            [
              107.275,
              413.094
            ],
            [
              107.275,
              346.916
            ]
          ]
        ]
      },
      "properties": {
        "footprint": 2732.45,
        "floors": 2,
        "height": 6.4,
        "roof": "flat",
        "setback": 2.82,
        "use": "industrial",
        "material": "mixed",
        "editable_volume": {
          "width": 41.29,
          "depth": 66.18,
          "height": 6.4
        },
        "feature_type": "Building",
        "parent_id": "lot-block-district-industrial-21-21-3",
        "stage": "buildings",
        "seed": 415008249025380911
      }
    },
    {
      "type": "Feature",
      "id": "building-lot-block-district-industrial-21-22-3",
      "geometry": {
        "type": "Polygon",
        "coordinates": [
          [
            [
              263.275,
              348.44
            ],
            [
              304.565,
              348.44
            ],
            [
              304.565,
              411.57
            ],
            [
              263.275,
              411.57
            ],
            [
              263.275,
              348.44
            ]
          ]
        ]
      },
      "properties": {
        "footprint": 2606.6,
        "floors": 2,
        "height": 6.4,
        "roof": "flat",
        "setback": 2.82,
        "use": "industrial",
        "material": "mixed",
        "editable_volume": {
          "width": 41.29,
          "depth": 63.13,
          "height": 6.4
        },
        "feature_type": "Building",
        "parent_id": "lot-block-district-industrial-21-22-3",
        "stage": "buildings",
        "seed": 415008249025380911
      }
    },
    {
      "type": "Feature",
      "id": "building-lot-block-district-industrial-21-31-1",
      "geometry": {
        "type": "Polygon",
        "coordinates": [
          [
            [
              7.435,
              424.51
            ],
            [
              48.725,
              424.51
            ],
            [
              48.725,
              491.5
            ],
            [
              7.435,
              491.5
            ],
            [
              7.435,
              424.51
            ]
          ]
        ]
      },
      "properties": {
        "footprint": 2765.97,
        "floors": 3,
        "height": 9.6,
        "roof": "flat",
        "setback": 2.82,
        "use": "industrial",
        "material": "mixed",
        "editable_volume": {
          "width": 41.29,
          "depth": 66.99,
          "height": 9.6
        },
        "feature_type": "Building",
        "parent_id": "lot-block-district-industrial-21-31-1",
        "stage": "buildings",
        "seed": 415008249025380911
      }
    },
    {
      "type": "Feature",
      "id": "building-lot-block-district-industrial-21-31-2",
      "geometry": {
        "type": "Polygon",
        "coordinates": [
          [
            [
              57.355,
              424.51
            ],
            [
              98.645,
              424.51
            ],
            [
              98.645,
              491.5
            ],
            [
              57.355,
              491.5
            ],
            [
              57.355,
              424.51
            ]
          ]
        ]
      },
      "properties": {
        "footprint": 2765.97,
        "floors": 4,
        "height": 12.8,
        "roof": "flat",
        "setback": 2.82,
        "use": "industrial",
        "material": "mixed",
        "editable_volume": {
          "width": 41.29,
          "depth": 66.99,
          "height": 12.8
        },
        "feature_type": "Building",
        "parent_id": "lot-block-district-industrial-21-31-2",
        "stage": "buildings",
        "seed": 415008249025380911
      }
    },
    {
      "type": "Feature",
      "id": "building-lot-block-district-industrial-21-31-3",
      "geometry": {
        "type": "Polygon",
        "coordinates": [
          [
            [
              107.275,
              424.51
            ],
            [
              148.565,
              424.51
            ],
            [
              148.565,
              491.5
            ],
            [
              107.275,
              491.5
            ],
            [
              107.275,
              424.51
            ]
          ]
        ]
      },
      "properties": {
        "footprint": 2765.97,
        "floors": 2,
        "height": 6.4,
        "roof": "flat",
        "setback": 2.82,
        "use": "industrial",
        "material": "mixed",
        "editable_volume": {
          "width": 41.29,
          "depth": 66.99,
          "height": 6.4
        },
        "feature_type": "Building",
        "parent_id": "lot-block-district-industrial-21-31-3",
        "stage": "buildings",
        "seed": 415008249025380911
      }
    },
    {
      "type": "Feature",
      "id": "building-lot-block-district-industrial-21-32-1",
      "geometry": {
        "type": "Polygon",
        "coordinates": [
          [
            [
              163.435,
              423.995
            ],
            [
              204.725,
              423.995
            ],
            [
              204.725,
              492.015
            ],
            [
              163.435,
              492.015
            ],
            [
              163.435,
              423.995
            ]
          ]
        ]
      },
      "properties": {
        "footprint": 2808.5,
        "floors": 2,
        "height": 6.4,
        "roof": "flat",
        "setback": 2.82,
        "use": "industrial",
        "material": "mixed",
        "editable_volume": {
          "width": 41.29,
          "depth": 68.02,
          "height": 6.4
        },
        "feature_type": "Building",
        "parent_id": "lot-block-district-industrial-21-32-1",
        "stage": "buildings",
        "seed": 415008249025380911
      }
    },
    {
      "type": "Feature",
      "id": "building-lot-block-district-industrial-21-32-2",
      "geometry": {
        "type": "Polygon",
        "coordinates": [
          [
            [
              213.355,
              423.995
            ],
            [
              254.645,
              423.995
            ],
            [
              254.645,
              492.015
            ],
            [
              213.355,
              492.015
            ],
            [
              213.355,
              423.995
            ]
          ]
        ]
      },
      "properties": {
        "footprint": 2808.5,
        "floors": 1,
        "height": 3.2,
        "roof": "flat",
        "setback": 2.82,
        "use": "industrial",
        "material": "mixed",
        "editable_volume": {
          "width": 41.29,
          "depth": 68.02,
          "height": 3.2
        },
        "feature_type": "Building",
        "parent_id": "lot-block-district-industrial-21-32-2",
        "stage": "buildings",
        "seed": 415008249025380911
      }
    },
    {
      "type": "Feature",
      "id": "building-lot-block-district-industrial-21-32-3",
      "geometry": {
        "type": "Polygon",
        "coordinates": [
          [
            [
              263.275,
              423.995
            ],
            [
              304.565,
              423.995
            ],
            [
              304.565,
              492.015
            ],
            [
              263.275,
              492.015
            ],
            [
              263.275,
              423.995
            ]
          ]
        ]
      },
      "properties": {
        "footprint": 2808.5,
        "floors": 3,
        "height": 9.6,
        "roof": "flat",
        "setback": 2.82,
        "use": "industrial",
        "material": "mixed",
        "editable_volume": {
          "width": 41.29,
          "depth": 68.02,
          "height": 9.6
        },
        "feature_type": "Building",
        "parent_id": "lot-block-district-industrial-21-32-3",
        "stage": "buildings",
        "seed": 415008249025380911
      }
    },
    {
      "type": "Feature",
      "id": "building-lot-block-district-business-22-11-1",
      "geometry": {
        "type": "Polygon",
        "coordinates": [
          [
            [
              325.613,
              282.904
            ],
            [
              349.282,
              282.904
            ],
            [
              349.282,
              350.046
            ],
            [
              325.613,
              350.046
            ],
            [
              325.613,
              282.904
            ]
          ]
        ]
      },
      "properties": {
        "footprint": 1589.24,
        "floors": 18,
        "height": 57.6,
        "roof": "flat",
        "setback": 2.96,
        "use": "business",
        "material": "concrete",
        "editable_volume": {
          "width": 23.67,
          "depth": 67.14,
          "height": 57.6
        },
        "feature_type": "Building",
        "parent_id": "lot-block-district-business-22-11-1",
        "stage": "buildings",
        "seed": 415008249025380911
      }
    },
    {
      "type": "Feature",
      "id": "building-lot-block-district-business-22-11-2",
      "geometry": {
        "type": "Polygon",
        "coordinates": [
          [
            [
              358.2,
              282.904
            ],
            [
              381.868,
              282.904
            ],
            [
              381.868,
              350.046
            ],
            [
              358.2,
              350.046
            ],
            [
              358.2,
              282.904
            ]
          ]
        ]
      },
      "properties": {
        "footprint": 1589.19,
        "floors": 15,
        "height": 48.0,
        "roof": "flat",
        "setback": 2.96,
        "use": "business",
        "material": "concrete",
        "editable_volume": {
          "width": 23.67,
          "depth": 67.14,
          "height": 48.0
        },
        "feature_type": "Building",
        "parent_id": "lot-block-district-business-22-11-2",
        "stage": "buildings",
        "seed": 415008249025380911
      }
    },
    {
      "type": "Feature",
      "id": "building-lot-block-district-business-22-11-3",
      "geometry": {
        "type": "Polygon",
        "coordinates": [
          [
            [
              390.786,
              282.904
            ],
            [
              414.455,
              282.904
            ],
            [
              414.455,
              350.046
            ],
            [
              390.786,
              350.046
            ],
            [
              390.786,
              282.904
            ]
          ]
        ]
      },
      "properties": {
        "footprint": 1589.24,
        "floors": 17,
        "height": 54.4,
        "roof": "flat",
        "setback": 2.96,
        "use": "business",
        "material": "concrete",
        "editable_volume": {
          "width": 23.67,
          "depth": 67.14,
          "height": 54.4
        },
        "feature_type": "Building",
        "parent_id": "lot-block-district-business-22-11-3",
        "stage": "buildings",
        "seed": 415008249025380911
      }
    },
    {
      "type": "Feature",
      "id": "building-lot-block-district-business-22-12-1",
      "geometry": {
        "type": "Polygon",
        "coordinates": [
          [
            [
              429.613,
              285.054
            ],
            [
              453.282,
              285.054
            ],
            [
              453.282,
              347.896
            ],
            [
              429.613,
              347.896
            ],
            [
              429.613,
              285.054
            ]
          ]
        ]
      },
      "properties": {
        "footprint": 1487.46,
        "floors": 9,
        "height": 28.8,
        "roof": "flat",
        "setback": 2.96,
        "use": "business",
        "material": "concrete",
        "editable_volume": {
          "width": 23.67,
          "depth": 62.84,
          "height": 28.8
        },
        "feature_type": "Building",
        "parent_id": "lot-block-district-business-22-12-1",
        "stage": "buildings",
        "seed": 415008249025380911
      }
    },
    {
      "type": "Feature",
      "id": "building-lot-block-district-business-22-12-2",
      "geometry": {
        "type": "Polygon",
        "coordinates": [
          [
            [
              462.2,
              285.054
            ],
            [
              485.868,
              285.054
            ],
            [
              485.868,
              347.896
            ],
            [
              462.2,
              347.896
            ],
            [
              462.2,
              285.054
            ]
          ]
        ]
      },
      "properties": {
        "footprint": 1487.41,
        "floors": 16,
        "height": 51.2,
        "roof": "flat",
        "setback": 2.96,
        "use": "business",
        "material": "concrete",
        "editable_volume": {
          "width": 23.67,
          "depth": 62.84,
          "height": 51.2
        },
        "feature_type": "Building",
        "parent_id": "lot-block-district-business-22-12-2",
        "stage": "buildings",
        "seed": 415008249025380911
      }
    },
    {
      "type": "Feature",
      "id": "building-lot-block-district-business-22-12-3",
      "geometry": {
        "type": "Polygon",
        "coordinates": [
          [
            [
              494.786,
              285.054
            ],
            [
              518.455,
              285.054
            ],
            [
              518.455,
              347.896
            ],
            [
              494.786,
              347.896
            ],
            [
              494.786,
              285.054
            ]
          ]
        ]
      },
      "properties": {
        "footprint": 1487.46,
        "floors": 14,
        "height": 44.8,
        "roof": "flat",
        "setback": 2.96,
        "use": "business",
        "material": "concrete",
        "editable_volume": {
          "width": 23.67,
          "depth": 62.84,
          "height": 44.8
        },
        "feature_type": "Building",
        "parent_id": "lot-block-district-business-22-12-3",
        "stage": "buildings",
        "seed": 415008249025380911
      }
    },
    {
      "type": "Feature",
      "id": "building-lot-block-district-business-22-13-1",
      "geometry": {
        "type": "Polygon",
        "coordinates": [
          [
            [
              533.613,
              285.054
            ],
            [
              557.282,
              285.054
            ],
            [
              557.282,
              347.896
            ],
            [
              533.613,
              347.896
            ],
            [
              533.613,
              285.054
            ]
          ]
        ]
      },
      "properties": {
        "footprint": 1487.46,
        "floors": 6,
        "height": 19.2,
        "roof": "flat",
        "setback": 2.96,
        "use": "business",
        "material": "concrete",
        "editable_volume": {
          "width": 23.67,
          "depth": 62.84,
          "height": 19.2
        },
        "feature_type": "Building",
        "parent_id": "lot-block-district-business-22-13-1",
        "stage": "buildings",
        "seed": 415008249025380911
      }
    },
    {
      "type": "Feature",
      "id": "building-lot-block-district-business-22-13-2",
      "geometry": {
        "type": "Polygon",
        "coordinates": [
          [
            [
              566.2,
              285.054
            ],
            [
              589.868,
              285.054
            ],
            [
              589.868,
              347.896
            ],
            [
              566.2,
              347.896
            ],
            [
              566.2,
              285.054
            ]
          ]
        ]
      },
      "properties": {
        "footprint": 1487.41,
        "floors": 7,
        "height": 22.4,
        "roof": "flat",
        "setback": 2.96,
        "use": "business",
        "material": "concrete",
        "editable_volume": {
          "width": 23.67,
          "depth": 62.84,
          "height": 22.4
        },
        "feature_type": "Building",
        "parent_id": "lot-block-district-business-22-13-2",
        "stage": "buildings",
        "seed": 415008249025380911
      }
    },
    {
      "type": "Feature",
      "id": "building-lot-block-district-business-22-13-3",
      "geometry": {
        "type": "Polygon",
        "coordinates": [
          [
            [
              598.786,
              285.054
            ],
            [
              622.455,
              285.054
            ],
            [
              622.455,
              347.896
            ],
            [
              598.786,
              347.896
            ],
            [
              598.786,
              285.054
            ]
          ]
        ]
      },
      "properties": {
        "footprint": 1487.46,
        "floors": 11,
        "height": 35.2,
        "roof": "flat",
        "setback": 2.96,
        "use": "business",
        "material": "concrete",
        "editable_volume": {
          "width": 23.67,
          "depth": 62.84,
          "height": 35.2
        },
        "feature_type": "Building",
        "parent_id": "lot-block-district-business-22-13-3",
        "stage": "buildings",
        "seed": 415008249025380911
      }
    },
    {
      "type": "Feature",
      "id": "building-lot-block-district-business-22-21-1",
      "geometry": {
        "type": "Polygon",
        "coordinates": [
          [
            [
              325.613,
              363.054
            ],
            [
              349.282,
              363.054
            ],
            [
              349.282,
              425.896
            ],
            [
              325.613,
              425.896
            ],
            [
              325.613,
              363.054
            ]
          ]
        ]
      },
      "properties": {
        "footprint": 1487.46,
        "floors": 18,
        "height": 57.6,
        "roof": "flat",
        "setback": 2.96,
        "use": "business",
        "material": "concrete",
        "editable_volume": {
          "width": 23.67,
          "depth": 62.84,
          "height": 57.6
        },
        "feature_type": "Building",
        "parent_id": "lot-block-district-business-22-21-1",
        "stage": "buildings",
        "seed": 415008249025380911
      }
    },
    {
      "type": "Feature",
      "id": "building-lot-block-district-business-22-21-2",
      "geometry": {
        "type": "Polygon",
        "coordinates": [
          [
            [
              358.2,
              363.054
            ],
            [
              381.868,
              363.054
            ],
            [
              381.868,
              425.896
            ],
            [
              358.2,
              425.896
            ],
            [
              358.2,
              363.054
            ]
          ]
        ]
      },
      "properties": {
        "footprint": 1487.41,
        "floors": 17,
        "height": 54.4,
        "roof": "flat",
        "setback": 2.96,
        "use": "business",
        "material": "concrete",
        "editable_volume": {
          "width": 23.67,
          "depth": 62.84,
          "height": 54.4
        },
        "feature_type": "Building",
        "parent_id": "lot-block-district-business-22-21-2",
        "stage": "buildings",
        "seed": 415008249025380911
      }
    },
    {
      "type": "Feature",
      "id": "building-lot-block-district-business-22-21-3",
      "geometry": {
        "type": "Polygon",
        "coordinates": [
          [
            [
              390.786,
              363.054
            ],
            [
              414.455,
              363.054
            ],
            [
              414.455,
              425.896
            ],
            [
              390.786,
              425.896
            ],
            [
              390.786,
              363.054
            ]
          ]
        ]
      },
      "properties": {
        "footprint": 1487.46,
        "floors": 9,
        "height": 28.8,
        "roof": "flat",
        "setback": 2.96,
        "use": "business",
        "material": "concrete",
        "editable_volume": {
          "width": 23.67,
          "depth": 62.84,
          "height": 28.8
        },
        "feature_type": "Building",
        "parent_id": "lot-block-district-business-22-21-3",
        "stage": "buildings",
        "seed": 415008249025380911
      }
    },
    {
      "type": "Feature",
      "id": "building-lot-block-district-business-22-22-1",
      "geometry": {
        "type": "Polygon",
        "coordinates": [
          [
            [
              429.613,
              360.237
            ],
            [
              453.282,
              360.237
            ],
            [
              453.282,
              428.713
            ],
            [
              429.613,
              428.713
            ],
            [
              429.613,
              360.237
            ]
          ]
        ]
      },
      "properties": {
        "footprint": 1620.81,
        "floors": 11,
        "height": 35.2,
        "roof": "flat",
        "setback": 2.96,
        "use": "business",
        "material": "concrete",
        "editable_volume": {
          "width": 23.67,
          "depth": 68.48,
          "height": 35.2
        },
        "feature_type": "Building",
        "parent_id": "lot-block-district-business-22-22-1",
        "stage": "buildings",
        "seed": 415008249025380911
      }
    },
    {
      "type": "Feature",
      "id": "building-lot-block-district-business-22-22-2",
      "geometry": {
        "type": "Polygon",
        "coordinates": [
          [
            [
              462.2,
              360.237
            ],
            [
              485.868,
              360.237
            ],
            [
              485.868,
              428.713
            ],
            [
              462.2,
              428.713
            ],
            [
              462.2,
              360.237
            ]
          ]
        ]
      },
      "properties": {
        "footprint": 1620.76,
        "floors": 16,
        "height": 51.2,
        "roof": "flat",
        "setback": 2.96,
        "use": "business",
        "material": "concrete",
        "editable_volume": {
          "width": 23.67,
          "depth": 68.48,
          "height": 51.2
        },
        "feature_type": "Building",
        "parent_id": "lot-block-district-business-22-22-2",
        "stage": "buildings",
        "seed": 415008249025380911
      }
    },
    {
      "type": "Feature",
      "id": "building-lot-block-district-business-22-22-3",
      "geometry": {
        "type": "Polygon",
        "coordinates": [
          [
            [
              494.786,
              360.237
            ],
            [
              518.455,
              360.237
            ],
            [
              518.455,
              428.713
            ],
            [
              494.786,
              428.713
            ],
            [
              494.786,
              360.237
            ]
          ]
        ]
      },
      "properties": {
        "footprint": 1620.81,
        "floors": 12,
        "height": 38.4,
        "roof": "flat",
        "setback": 2.96,
        "use": "business",
        "material": "concrete",
        "editable_volume": {
          "width": 23.67,
          "depth": 68.48,
          "height": 38.4
        },
        "feature_type": "Building",
        "parent_id": "lot-block-district-business-22-22-3",
        "stage": "buildings",
        "seed": 415008249025380911
      }
    },
    {
      "type": "Feature",
      "id": "building-lot-block-district-business-22-23-2",
      "geometry": {
        "type": "Polygon",
        "coordinates": [
          [
            [
              566.2,
              363.054
            ],
            [
              589.868,
              363.054
            ],
            [
              589.868,
              425.896
            ],
            [
              566.2,
              425.896
            ],
            [
              566.2,
              363.054
            ]
          ]
        ]
      },
      "properties": {
        "footprint": 1487.41,
        "floors": 7,
        "height": 22.4,
        "roof": "flat",
        "setback": 2.96,
        "use": "business",
        "material": "concrete",
        "editable_volume": {
          "width": 23.67,
          "depth": 62.84,
          "height": 22.4
        },
        "feature_type": "Building",
        "parent_id": "lot-block-district-business-22-23-2",
        "stage": "buildings",
        "seed": 415008249025380911
      }
    },
    {
      "type": "Feature",
      "id": "building-lot-block-district-business-22-23-3",
      "geometry": {
        "type": "Polygon",
        "coordinates": [
          [
            [
              598.786,
              363.054
            ],
            [
              622.455,
              363.054
            ],
            [
              622.455,
              425.896
            ],
            [
              598.786,
              425.896
            ],
            [
              598.786,
              363.054
            ]
          ]
        ]
      },
      "properties": {
        "footprint": 1487.46,
        "floors": 9,
        "height": 28.8,
        "roof": "flat",
        "setback": 2.96,
        "use": "business",
        "material": "concrete",
        "editable_volume": {
          "width": 23.67,
          "depth": 62.84,
          "height": 28.8
        },
        "feature_type": "Building",
        "parent_id": "lot-block-district-business-22-23-3",
        "stage": "buildings",
        "seed": 415008249025380911
      }
    },
    {
      "type": "Feature",
      "id": "building-lot-block-district-business-22-31-1",
      "geometry": {
        "type": "Polygon",
        "coordinates": [
          [
            [
              325.613,
              441.054
            ],
            [
              349.282,
              441.054
            ],
            [
              349.282,
              503.896
            ],
            [
              325.613,
              503.896
            ],
            [
              325.613,
              441.054
            ]
          ]
        ]
      },
      "properties": {
        "footprint": 1487.46,
        "floors": 17,
        "height": 54.4,
        "roof": "flat",
        "setback": 2.96,
        "use": "business",
        "material": "concrete",
        "editable_volume": {
          "width": 23.67,
          "depth": 62.84,
          "height": 54.4
        },
        "feature_type": "Building",
        "parent_id": "lot-block-district-business-22-31-1",
        "stage": "buildings",
        "seed": 415008249025380911
      }
    },
    {
      "type": "Feature",
      "id": "building-lot-block-district-business-22-31-2",
      "geometry": {
        "type": "Polygon",
        "coordinates": [
          [
            [
              358.2,
              441.054
            ],
            [
              381.868,
              441.054
            ],
            [
              381.868,
              503.896
            ],
            [
              358.2,
              503.896
            ],
            [
              358.2,
              441.054
            ]
          ]
        ]
      },
      "properties": {
        "footprint": 1487.41,
        "floors": 14,
        "height": 44.8,
        "roof": "flat",
        "setback": 2.96,
        "use": "business",
        "material": "concrete",
        "editable_volume": {
          "width": 23.67,
          "depth": 62.84,
          "height": 44.8
        },
        "feature_type": "Building",
        "parent_id": "lot-block-district-business-22-31-2",
        "stage": "buildings",
        "seed": 415008249025380911
      }
    },
    {
      "type": "Feature",
      "id": "building-lot-block-district-business-22-31-3",
      "geometry": {
        "type": "Polygon",
        "coordinates": [
          [
            [
              390.786,
              441.054
            ],
            [
              414.455,
              441.054
            ],
            [
              414.455,
              503.896
            ],
            [
              390.786,
              503.896
            ],
            [
              390.786,
              441.054
            ]
          ]
        ]
      },
      "properties": {
        "footprint": 1487.46,
        "floors": 16,
        "height": 51.2,
        "roof": "flat",
        "setback": 2.96,
        "use": "business",
        "material": "concrete",
        "editable_volume": {
          "width": 23.67,
          "depth": 62.84,
          "height": 51.2
        },
        "feature_type": "Building",
        "parent_id": "lot-block-district-business-22-31-3",
        "stage": "buildings",
        "seed": 415008249025380911
      }
    },
    {
      "type": "Feature",
      "id": "building-lot-block-district-business-22-32-1",
      "geometry": {
        "type": "Polygon",
        "coordinates": [
          [
            [
              429.613,
              440.414
            ],
            [
              453.282,
              440.414
            ],
            [
              453.282,
              504.536
            ],
            [
              429.613,
              504.536
            ],
            [
              429.613,
              440.414
            ]
          ]
        ]
      },
      "properties": {
        "footprint": 1517.76,
        "floors": 13,
        "height": 41.6,
        "roof": "flat",
        "setback": 2.96,
        "use": "business",
        "material": "concrete",
        "editable_volume": {
          "width": 23.67,
          "depth": 64.12,
          "height": 41.6
        },
        "feature_type": "Building",
        "parent_id": "lot-block-district-business-22-32-1",
        "stage": "buildings",
        "seed": 415008249025380911
      }
    },
    {
      "type": "Feature",
      "id": "building-lot-block-district-business-22-32-2",
      "geometry": {
        "type": "Polygon",
        "coordinates": [
          [
            [
              462.2,
              440.414
            ],
            [
              485.868,
              440.414
            ],
            [
              485.868,
              504.536
            ],
            [
              462.2,
              504.536
            ],
            [
              462.2,
              440.414
            ]
          ]
        ]
      },
      "properties": {
        "footprint": 1517.71,
        "floors": 17,
        "height": 54.4,
        "roof": "flat",
        "setback": 2.96,
        "use": "business",
        "material": "concrete",
        "editable_volume": {
          "width": 23.67,
          "depth": 64.12,
          "height": 54.4
        },
        "feature_type": "Building",
        "parent_id": "lot-block-district-business-22-32-2",
        "stage": "buildings",
        "seed": 415008249025380911
      }
    },
    {
      "type": "Feature",
      "id": "building-lot-block-district-business-22-32-3",
      "geometry": {
        "type": "Polygon",
        "coordinates": [
          [
            [
              494.786,
              440.414
            ],
            [
              518.455,
              440.414
            ],
            [
              518.455,
              504.536
            ],
            [
              494.786,
              504.536
            ],
            [
              494.786,
              440.414
            ]
          ]
        ]
      },
      "properties": {
        "footprint": 1517.76,
        "floors": 12,
        "height": 38.4,
        "roof": "flat",
        "setback": 2.96,
        "use": "business",
        "material": "concrete",
        "editable_volume": {
          "width": 23.67,
          "depth": 64.12,
          "height": 38.4
        },
        "feature_type": "Building",
        "parent_id": "lot-block-district-business-22-32-3",
        "stage": "buildings",
        "seed": 415008249025380911
      }
    },
    {
      "type": "Feature",
      "id": "building-lot-block-district-business-22-33-1",
      "geometry": {
        "type": "Polygon",
        "coordinates": [
          [
            [
              533.613,
              441.054
            ],
            [
              557.282,
              441.054
            ],
            [
              557.282,
              503.896
            ],
            [
              533.613,
              503.896
            ],
            [
              533.613,
              441.054
            ]
          ]
        ]
      },
      "properties": {
        "footprint": 1487.46,
        "floors": 6,
        "height": 19.2,
        "roof": "flat",
        "setback": 2.96,
        "use": "business",
        "material": "concrete",
        "editable_volume": {
          "width": 23.67,
          "depth": 62.84,
          "height": 19.2
        },
        "feature_type": "Building",
        "parent_id": "lot-block-district-business-22-33-1",
        "stage": "buildings",
        "seed": 415008249025380911
      }
    },
    {
      "type": "Feature",
      "id": "building-lot-block-district-business-22-33-3",
      "geometry": {
        "type": "Polygon",
        "coordinates": [
          [
            [
              598.786,
              441.054
            ],
            [
              622.455,
              441.054
            ],
            [
              622.455,
              503.896
            ],
            [
              598.786,
              503.896
            ],
            [
              598.786,
              441.054
            ]
          ]
        ]
      },
      "properties": {
        "footprint": 1487.46,
        "floors": 7,
        "height": 22.4,
        "roof": "flat",
        "setback": 2.96,
        "use": "business",
        "material": "concrete",
        "editable_volume": {
          "width": 23.67,
          "depth": 62.84,
          "height": 22.4
        },
        "feature_type": "Building",
        "parent_id": "lot-block-district-business-22-33-3",
        "stage": "buildings",
        "seed": 415008249025380911
      }
    },
    {
      "type": "Feature",
      "id": "building-lot-block-district-old_town-23-11-2",
      "geometry": {
        "type": "Polygon",
        "coordinates": [
          [
            [
              658.696,
              271.211
            ],
            [
              680.36,
              271.211
            ],
            [
              680.36,
              336.231
            ],
            [
              658.696,
              336.231
            ],
            [
              658.696,
              271.211
            ]
          ]
        ]
      },
      "properties": {
        "footprint": 1408.59,
        "floors": 2,
        "height": 6.4,
        "roof": "gable",
        "setback": 2.71,
        "use": "old_town",
        "material": "mixed",
        "editable_volume": {
          "width": 21.66,
          "depth": 65.02,
          "height": 6.4
        },
        "feature_type": "Building",
        "parent_id": "lot-block-district-old_town-23-11-2",
        "stage": "buildings",
        "seed": 415008249025380911
      }
    },
    {
      "type": "Feature",
      "id": "building-lot-block-district-old_town-23-11-3",
      "geometry": {
        "type": "Polygon",
        "coordinates": [
          [
            [
              688.776,
              271.211
            ],
            [
              710.44,
              271.211
            ],
            [
              710.44,
              336.231
            ],
            [
              688.776,
              336.231
            ],
            [
              688.776,
              271.211
            ]
          ]
        ]
      },
      "properties": {
        "footprint": 1408.59,
        "floors": 4,
        "height": 12.8,
        "roof": "flat",
        "setback": 2.71,
        "use": "old_town",
        "material": "mixed",
        "editable_volume": {
          "width": 21.66,
          "depth": 65.02,
          "height": 12.8
        },
        "feature_type": "Building",
        "parent_id": "lot-block-district-old_town-23-11-3",
        "stage": "buildings",
        "seed": 415008249025380911
      }
    },
    {
      "type": "Feature",
      "id": "building-lot-block-district-old_town-23-12-1",
      "geometry": {
        "type": "Polygon",
        "coordinates": [
          [
            [
              724.616,
              271.54
            ],
            [
              746.28,
              271.54
            ],
            [
              746.28,
              335.902
            ],
            [
              724.616,
              335.902
            ],
            [
              724.616,
              271.54
            ]
          ]
        ]
      },
      "properties": {
        "footprint": 1394.34,
        "floors": 3,
        "height": 9.6,
        "roof": "flat",
        "setback": 2.71,
        "use": "old_town",
        "material": "mixed",
        "editable_volume": {
          "width": 21.66,
          "depth": 64.36,
          "height": 9.6
        },
        "feature_type": "Building",
        "parent_id": "lot-block-district-old_town-23-12-1",
        "stage": "buildings",
        "seed": 415008249025380911
      }
    },
    {
      "type": "Feature",
      "id": "building-lot-block-district-old_town-23-12-2",
      "geometry": {
        "type": "Polygon",
        "coordinates": [
          [
            [
              754.696,
              271.54
            ],
            [
              776.36,
              271.54
            ],
            [
              776.36,
              335.902
            ],
            [
              754.696,
              335.902
            ],
            [
              754.696,
              271.54
            ]
          ]
        ]
      },
      "properties": {
        "footprint": 1394.34,
        "floors": 4,
        "height": 12.8,
        "roof": "flat",
        "setback": 2.71,
        "use": "old_town",
        "material": "mixed",
        "editable_volume": {
          "width": 21.66,
          "depth": 64.36,
          "height": 12.8
        },
        "feature_type": "Building",
        "parent_id": "lot-block-district-old_town-23-12-2",
        "stage": "buildings",
        "seed": 415008249025380911
      }
    },
    {
      "type": "Feature",
      "id": "building-lot-block-district-old_town-23-12-3",
      "geometry": {
        "type": "Polygon",
        "coordinates": [
          [
            [
              784.776,
              271.54
            ],
            [
              806.44,
              271.54
            ],
            [
              806.44,
              335.902
            ],
            [
              784.776,
              335.902
            ],
            [
              784.776,
              271.54
            ]
          ]
        ]
      },
      "properties": {
        "footprint": 1394.34,
        "floors": 5,
        "height": 16.0,
        "roof": "flat",
        "setback": 2.71,
        "use": "old_town",
        "material": "mixed",
        "editable_volume": {
          "width": 21.66,
          "depth": 64.36,
          "height": 16.0
        },
        "feature_type": "Building",
        "parent_id": "lot-block-district-old_town-23-12-3",
        "stage": "buildings",
        "seed": 415008249025380911
      }
    },
    {
      "type": "Feature",
      "id": "building-lot-block-district-old_town-23-13-1",
      "geometry": {
        "type": "Polygon",
        "coordinates": [
          [
            [
              820.616,
              271.809
            ],
            [
              842.28,
              271.809
            ],
            [
              842.28,
              335.633
            ],
            [
              820.616,
              335.633
            ],
            [
              820.616,
              271.809
            ]
          ]
        ]
      },
      "properties": {
        "footprint": 1382.68,
        "floors": 3,
        "height": 9.6,
        "roof": "hip",
        "setback": 2.71,
        "use": "old_town",
        "material": "mixed",
        "editable_volume": {
          "width": 21.66,
          "depth": 63.82,
          "height": 9.6
        },
        "feature_type": "Building",
        "parent_id": "lot-block-district-old_town-23-13-1",
        "stage": "buildings",
        "seed": 415008249025380911
      }
    },
    {
      "type": "Feature",
      "id": "building-lot-block-district-old_town-23-13-2",
      "geometry": {
        "type": "Polygon",
        "coordinates": [
          [
            [
              850.696,
              271.809
            ],
            [
              872.36,
              271.809
            ],
            [
              872.36,
              335.633
            ],
            [
              850.696,
              335.633
            ],
            [
              850.696,
              271.809
            ]
          ]
        ]
      },
      "properties": {
        "footprint": 1382.68,
        "floors": 3,
        "height": 9.6,
        "roof": "flat",
        "setback": 2.71,
        "use": "old_town",
        "material": "mixed",
        "editable_volume": {
          "width": 21.66,
          "depth": 63.82,
          "height": 9.6
        },
        "feature_type": "Building",
        "parent_id": "lot-block-district-old_town-23-13-2",
        "stage": "buildings",
        "seed": 415008249025380911
      }
    },
    {
      "type": "Feature",
      "id": "building-lot-block-district-old_town-23-13-3",
      "geometry": {
        "type": "Polygon",
        "coordinates": [
          [
            [
              880.776,
              271.809
            ],
            [
              902.44,
              271.809
            ],
            [
              902.44,
              335.633
            ],
            [
              880.776,
              335.633
            ],
            [
              880.776,
              271.809
            ]
          ]
        ]
      },
      "properties": {
        "footprint": 1382.68,
        "floors": 4,
        "height": 12.8,
        "roof": "flat",
        "setback": 2.71,
        "use": "old_town",
        "material": "mixed",
        "editable_volume": {
          "width": 21.66,
          "depth": 63.82,
          "height": 12.8
        },
        "feature_type": "Building",
        "parent_id": "lot-block-district-old_town-23-13-3",
        "stage": "buildings",
        "seed": 415008249025380911
      }
    },
    {
      "type": "Feature",
      "id": "building-lot-block-district-old_town-23-21-1",
      "geometry": {
        "type": "Polygon",
        "coordinates": [
          [
            [
              628.616,
              349.809
            ],
            [
              650.28,
              349.809
            ],
            [
              650.28,
              413.633
            ],
            [
              628.616,
              413.633
            ],
            [
              628.616,
              349.809
            ]
          ]
        ]
      },
      "properties": {
        "footprint": 1382.68,
        "floors": 3,
        "height": 9.6,
        "roof": "flat",
        "setback": 2.71,
        "use": "old_town",
        "material": "mixed",
        "editable_volume": {
          "width": 21.66,
          "depth": 63.82,
          "height": 9.6
        },
        "feature_type": "Building",
        "parent_id": "lot-block-district-old_town-23-21-1",
        "stage": "buildings",
        "seed": 415008249025380911
      }
    },
    {
      "type": "Feature",
      "id": "building-lot-block-district-old_town-23-21-2",
      "geometry": {
        "type": "Polygon",
        "coordinates": [
          [
            [
              658.696,
              349.809
            ],
            [
              680.36,
              349.809
            ],
            [
              680.36,
              413.633
            ],
            [
              658.696,
              413.633
            ],
            [
              658.696,
              349.809
            ]
          ]
        ]
      },
      "properties": {
        "footprint": 1382.68,
        "floors": 5,
        "height": 16.0,
        "roof": "flat",
        "setback": 2.71,
        "use": "old_town",
        "material": "mixed",
        "editable_volume": {
          "width": 21.66,
          "depth": 63.82,
          "height": 16.0
        },
        "feature_type": "Building",
        "parent_id": "lot-block-district-old_town-23-21-2",
        "stage": "buildings",
        "seed": 415008249025380911
      }
    },
    {
      "type": "Feature",
      "id": "building-lot-block-district-old_town-23-21-3",
      "geometry": {
        "type": "Polygon",
        "coordinates": [
          [
            [
              688.776,
              349.809
            ],
            [
              710.44,
              349.809
            ],
            [
              710.44,
              413.633
            ],
            [
              688.776,
              413.633
            ],
            [
              688.776,
              349.809
            ]
          ]
        ]
      },
      "properties": {
        "footprint": 1382.68,
        "floors": 4,
        "height": 12.8,
        "roof": "flat",
        "setback": 2.71,
        "use": "old_town",
        "material": "mixed",
        "editable_volume": {
          "width": 21.66,
          "depth": 63.82,
          "height": 12.8
        },
        "feature_type": "Building",
        "parent_id": "lot-block-district-old_town-23-21-3",
        "stage": "buildings",
        "seed": 415008249025380911
      }
    },
    {
      "type": "Feature",
      "id": "building-lot-block-district-old_town-23-22-1",
      "geometry": {
        "type": "Polygon",
        "coordinates": [
          [
            [
              724.616,
              346.814
            ],
            [
              746.28,
              346.814
            ],
            [
              746.28,
              416.628
            ],
            [
              724.616,
              416.628
            ],
            [
              724.616,
              346.814
            ]
          ]
        ]
      },
      "properties": {
        "footprint": 1512.45,
        "floors": 3,
        "height": 9.6,
        "roof": "flat",
        "setback": 2.71,
        "use": "old_town",
        "material": "mixed",
        "editable_volume": {
          "width": 21.66,
          "depth": 69.81,
          "height": 9.6
        },
        "feature_type": "Building",
        "parent_id": "lot-block-district-old_town-23-22-1",
        "stage": "buildings",
        "seed": 415008249025380911
      }
    },
    {
      "type": "Feature",
      "id": "building-lot-block-district-old_town-23-22-3",
      "geometry": {
        "type": "Polygon",
        "coordinates": [
          [
            [
              784.776,
              346.814
            ],
            [
              806.44,
              346.814
            ],
            [
              806.44,
              416.628
            ],
            [
              784.776,
              416.628
            ],
            [
              784.776,
              346.814
            ]
          ]
        ]
      },
      "properties": {
        "footprint": 1512.45,
        "floors": 2,
        "height": 6.4,
        "roof": "gable",
        "setback": 2.71,
        "use": "old_town",
        "material": "mixed",
        "editable_volume": {
          "width": 21.66,
          "depth": 69.81,
          "height": 6.4
        },
        "feature_type": "Building",
        "parent_id": "lot-block-district-old_town-23-22-3",
        "stage": "buildings",
        "seed": 415008249025380911
      }
    },
    {
      "type": "Feature",
      "id": "building-lot-block-district-old_town-23-23-1",
      "geometry": {
        "type": "Polygon",
        "coordinates": [
          [
            [
              820.616,
              349.109
            ],
            [
              842.28,
              349.109
            ],
            [
              842.28,
              414.333
            ],
            [
              820.616,
              414.333
            ],
            [
              820.616,
              349.109
            ]
          ]
        ]
      },
      "properties": {
        "footprint": 1413.01,
        "floors": 2,
        "height": 6.4,
        "roof": "gable",
        "setback": 2.71,
        "use": "old_town",
        "material": "mixed",
        "editable_volume": {
          "width": 21.66,
          "depth": 65.22,
          "height": 6.4
        },
        "feature_type": "Building",
        "parent_id": "lot-block-district-old_town-23-23-1",
        "stage": "buildings",
        "seed": 415008249025380911
      }
    },
    {
      "type": "Feature",
      "id": "building-lot-block-district-old_town-23-23-2",
      "geometry": {
        "type": "Polygon",
        "coordinates": [
          [
            [
              850.696,
              349.109
            ],
            [
              872.36,
              349.109
            ],
            [
              872.36,
              414.333
            ],
            [
              850.696,
              414.333
            ],
            [
              850.696,
              349.109
            ]
          ]
        ]
      },
      "properties": {
        "footprint": 1413.01,
        "floors": 4,
        "height": 12.8,
        "roof": "flat",
        "setback": 2.71,
        "use": "old_town",
        "material": "mixed",
        "editable_volume": {
          "width": 21.66,
          "depth": 65.22,
          "height": 12.8
        },
        "feature_type": "Building",
        "parent_id": "lot-block-district-old_town-23-23-2",
        "stage": "buildings",
        "seed": 415008249025380911
      }
    },
    {
      "type": "Feature",
      "id": "building-lot-block-district-old_town-23-23-3",
      "geometry": {
        "type": "Polygon",
        "coordinates": [
          [
            [
              880.776,
              349.109
            ],
            [
              902.44,
              349.109
            ],
            [
              902.44,
              414.333
            ],
            [
              880.776,
              414.333
            ],
            [
              880.776,
              349.109
            ]
          ]
        ]
      },
      "properties": {
        "footprint": 1413.01,
        "floors": 4,
        "height": 12.8,
        "roof": "flat",
        "setback": 2.71,
        "use": "old_town",
        "material": "mixed",
        "editable_volume": {
          "width": 21.66,
          "depth": 65.22,
          "height": 12.8
        },
        "feature_type": "Building",
        "parent_id": "lot-block-district-old_town-23-23-3",
        "stage": "buildings",
        "seed": 415008249025380911
      }
    },
    {
      "type": "Feature",
      "id": "building-lot-block-district-old_town-23-31-1",
      "geometry": {
        "type": "Polygon",
        "coordinates": [
          [
            [
              628.616,
              427.809
            ],
            [
              650.28,
              427.809
            ],
            [
              650.28,
              491.633
            ],
            [
              628.616,
              491.633
            ],
            [
              628.616,
              427.809
            ]
          ]
        ]
      },
      "properties": {
        "footprint": 1382.68,
        "floors": 3,
        "height": 9.6,
        "roof": "flat",
        "setback": 2.71,
        "use": "old_town",
        "material": "mixed",
        "editable_volume": {
          "width": 21.66,
          "depth": 63.82,
          "height": 9.6
        },
        "feature_type": "Building",
        "parent_id": "lot-block-district-old_town-23-31-1",
        "stage": "buildings",
        "seed": 415008249025380911
      }
    },
    {
      "type": "Feature",
      "id": "building-lot-block-district-old_town-23-32-1",
      "geometry": {
        "type": "Polygon",
        "coordinates": [
          [
            [
              724.616,
              427.251
            ],
            [
              746.28,
              427.251
            ],
            [
              746.28,
              492.191
            ],
            [
              724.616,
              492.191
            ],
            [
              724.616,
              427.251
            ]
          ]
        ]
      },
      "properties": {
        "footprint": 1406.86,
        "floors": 2,
        "height": 6.4,
        "roof": "gable",
        "setback": 2.71,
        "use": "old_town",
        "material": "mixed",
        "editable_volume": {
          "width": 21.66,
          "depth": 64.94,
          "height": 6.4
        },
        "feature_type": "Building",
        "parent_id": "lot-block-district-old_town-23-32-1",
        "stage": "buildings",
        "seed": 415008249025380911
      }
    },
    {
      "type": "Feature",
      "id": "building-lot-block-district-old_town-23-32-2",
      "geometry": {
        "type": "Polygon",
        "coordinates": [
          [
            [
              754.696,
              427.251
            ],
            [
              776.36,
              427.251
            ],
            [
              776.36,
              492.191
            ],
            [
              754.696,
              492.191
            ],
            [
              754.696,
              427.251
            ]
          ]
        ]
      },
      "properties": {
        "footprint": 1406.86,
        "floors": 4,
        "height": 12.8,
        "roof": "flat",
        "setback": 2.71,
        "use": "old_town",
        "material": "mixed",
        "editable_volume": {
          "width": 21.66,
          "depth": 64.94,
          "height": 12.8
        },
        "feature_type": "Building",
        "parent_id": "lot-block-district-old_town-23-32-2",
        "stage": "buildings",
        "seed": 415008249025380911
      }
    },
    {
      "type": "Feature",
      "id": "building-lot-block-district-old_town-23-32-3",
      "geometry": {
        "type": "Polygon",
        "coordinates": [
          [
            [
              784.776,
              427.251
            ],
            [
              806.44,
              427.251
            ],
            [
              806.44,
              492.191
            ],
            [
              784.776,
              492.191
            ],
            [
              784.776,
              427.251
            ]
          ]
        ]
      },
      "properties": {
        "footprint": 1406.86,
        "floors": 3,
        "height": 9.6,
        "roof": "hip",
        "setback": 2.71,
        "use": "old_town",
        "material": "mixed",
        "editable_volume": {
          "width": 21.66,
          "depth": 64.94,
          "height": 9.6
        },
        "feature_type": "Building",
        "parent_id": "lot-block-district-old_town-23-32-3",
        "stage": "buildings",
        "seed": 415008249025380911
      }
    },
    {
      "type": "Feature",
      "id": "building-lot-block-district-old_town-23-33-3",
      "geometry": {
        "type": "Polygon",
        "coordinates": [
          [
            [
              880.776,
              427.809
            ],
            [
              902.44,
              427.809
            ],
            [
              902.44,
              491.633
            ],
            [
              880.776,
              491.633
            ],
            [
              880.776,
              427.809
            ]
          ]
        ]
      },
      "properties": {
        "footprint": 1382.68,
        "floors": 2,
        "height": 6.4,
        "roof": "gable",
        "setback": 2.71,
        "use": "old_town",
        "material": "mixed",
        "editable_volume": {
          "width": 21.66,
          "depth": 63.82,
          "height": 6.4
        },
        "feature_type": "Building",
        "parent_id": "lot-block-district-old_town-23-33-3",
        "stage": "buildings",
        "seed": 415008249025380911
      }
    },
    {
      "type": "Feature",
      "id": "building-lot-block-district-residential-24-11-1",
      "geometry": {
        "type": "Polygon",
        "coordinates": [
          [
            [
              919.088,
              266.478
            ],
            [
              940.752,
              266.478
            ],
            [
              940.752,
              335.652
            ],
            [
              919.088,
              335.652
            ],
            [
              919.088,
              266.478
            ]
          ]
        ]
      },
      "properties": {
        "footprint": 1498.59,
        "floors": 7,
        "height": 22.4,
        "roof": "flat",
        "setback": 2.71,
        "use": "residential",
        "material": "mixed",
        "editable_volume": {
          "width": 21.66,
          "depth": 69.17,
          "height": 22.4
        },
        "feature_type": "Building",
        "parent_id": "lot-block-district-residential-24-11-1",
        "stage": "buildings",
        "seed": 415008249025380911
      }
    },
    {
      "type": "Feature",
      "id": "building-lot-block-district-residential-24-11-2",
      "geometry": {
        "type": "Polygon",
        "coordinates": [
          [
            [
              949.168,
              266.478
            ],
            [
              970.832,
              266.478
            ],
            [
              970.832,
              335.652
            ],
            [
              949.168,
              335.652
            ],
            [
              949.168,
              266.478
            ]
          ]
        ]
      },
      "properties": {
        "footprint": 1498.59,
        "floors": 5,
        "height": 16.0,
        "roof": "flat",
        "setback": 2.71,
        "use": "residential",
        "material": "mixed",
        "editable_volume": {
          "width": 21.66,
          "depth": 69.17,
          "height": 16.0
        },
        "feature_type": "Building",
        "parent_id": "lot-block-district-residential-24-11-2",
        "stage": "buildings",
        "seed": 415008249025380911
      }
    },
    {
      "type": "Feature",
      "id": "building-lot-block-district-residential-24-11-3",
      "geometry": {
        "type": "Polygon",
        "coordinates": [
          [
            [
              979.248,
              266.478
            ],
            [
              1000.912,
              266.478
            ],
            [
              1000.912,
              335.652
            ],
            [
              979.248,
              335.652
            ],
            [
              979.248,
              266.478
            ]
          ]
        ]
      },
      "properties": {
        "footprint": 1498.59,
        "floors": 3,
        "height": 9.6,
        "roof": "hip",
        "setback": 2.71,
        "use": "residential",
        "material": "mixed",
        "editable_volume": {
          "width": 21.66,
          "depth": 69.17,
          "height": 9.6
        },
        "feature_type": "Building",
        "parent_id": "lot-block-district-residential-24-11-3",
        "stage": "buildings",
        "seed": 415008249025380911
      }
    },
    {
      "type": "Feature",
      "id": "building-lot-block-district-residential-24-12-1",
      "geometry": {
        "type": "Polygon",
        "coordinates": [
          [
            [
              1015.088,
              269.153
            ],
            [
              1036.752,
              269.153
            ],
            [
              1036.752,
              332.977
            ],
            [
              1015.088,
              332.977
            ],
            [
              1015.088,
              269.153
            ]
          ]
        ]
      },
      "properties": {
        "footprint": 1382.68,
        "floors": 6,
        "height": 19.2,
        "roof": "flat",
        "setback": 2.71,
        "use": "residential",
        "material": "mixed",
        "editable_volume": {
          "width": 21.66,
          "depth": 63.82,
          "height": 19.2
        },
        "feature_type": "Building",
        "parent_id": "lot-block-district-residential-24-12-1",
        "stage": "buildings",
        "seed": 415008249025380911
      }
    },
    {
      "type": "Feature",
      "id": "building-lot-block-district-residential-24-12-2",
      "geometry": {
        "type": "Polygon",
        "coordinates": [
          [
            [
              1045.168,
              269.153
            ],
            [
              1066.832,
              269.153
            ],
            [
              1066.832,
              332.977
            ],
            [
              1045.168,
              332.977
            ],
            [
              1045.168,
              269.153
            ]
          ]
        ]
      },
      "properties": {
        "footprint": 1382.68,
        "floors": 2,
        "height": 6.4,
        "roof": "hip",
        "setback": 2.71,
        "use": "residential",
        "material": "mixed",
        "editable_volume": {
          "width": 21.66,
          "depth": 63.82,
          "height": 6.4
        },
        "feature_type": "Building",
        "parent_id": "lot-block-district-residential-24-12-2",
        "stage": "buildings",
        "seed": 415008249025380911
      }
    },
    {
      "type": "Feature",
      "id": "building-lot-block-district-residential-24-12-3",
      "geometry": {
        "type": "Polygon",
        "coordinates": [
          [
            [
              1075.248,
              269.153
            ],
            [
              1096.912,
              269.153
            ],
            [
              1096.912,
              332.977
            ],
            [
              1075.248,
              332.977
            ],
            [
              1075.248,
              269.153
            ]
          ]
        ]
      },
      "properties": {
        "footprint": 1382.68,
        "floors": 2,
        "height": 6.4,
        "roof": "hip",
        "setback": 2.71,
        "use": "residential",
        "material": "mixed",
        "editable_volume": {
          "width": 21.66,
          "depth": 63.82,
          "height": 6.4
        },
        "feature_type": "Building",
        "parent_id": "lot-block-district-residential-24-12-3",
        "stage": "buildings",
        "seed": 415008249025380911
      }
    },
    {
      "type": "Feature",
      "id": "building-lot-block-district-residential-24-13-1",
      "geometry": {
        "type": "Polygon",
        "coordinates": [
          [
            [
              1111.088,
              266.293
            ],
            [
              1132.752,
              266.293
            ],
            [
              1132.752,
              335.837
            ],
            [
              1111.088,
              335.837
            ],
            [
              1111.088,
              266.293
            ]
          ]
        ]
      },
      "properties": {
        "footprint": 1506.6,
        "floors": 3,
        "height": 9.6,
        "roof": "flat",
        "setback": 2.71,
        "use": "residential",
        "material": "mixed",
        "editable_volume": {
          "width": 21.66,
          "depth": 69.54,
          "height": 9.6
        },
        "feature_type": "Building",
        "parent_id": "lot-block-district-residential-24-13-1",
        "stage": "buildings",
        "seed": 415008249025380911
      }
    },
    {
      "type": "Feature",
      "id": "building-lot-block-district-residential-24-13-2",
      "geometry": {
        "type": "Polygon",
        "coordinates": [
          [
            [
              1141.168,
              266.293
            ],
            [
              1162.832,
              266.293
            ],
            [
              1162.832,
              335.837
            ],
            [
              1141.168,
              335.837
            ],
            [
              1141.168,
              266.293
            ]
          ]
        ]
      },
      "properties": {
        "footprint": 1506.6,
        "floors": 5,
        "height": 16.0,
        "roof": "flat",
        "setback": 2.71,
        "use": "residential",
        "material": "mixed",
        "editable_volume": {
          "width": 21.66,
          "depth": 69.54,
          "height": 16.0
        },
        "feature_type": "Building",
        "parent_id": "lot-block-district-residential-24-13-2",
        "stage": "buildings",
        "seed": 415008249025380911
      }
    },
    {
      "type": "Feature",
      "id": "building-lot-block-district-residential-24-21-1",
      "geometry": {
        "type": "Polygon",
        "coordinates": [
          [
            [
              919.088,
              347.153
            ],
            [
              940.752,
              347.153
            ],
            [
              940.752,
              410.977
            ],
            [
              919.088,
              410.977
            ],
            [
              919.088,
              347.153
            ]
          ]
        ]
      },
      "properties": {
        "footprint": 1382.68,
        "floors": 7,
        "height": 22.4,
        "roof": "flat",
        "setback": 2.71,
        "use": "residential",
        "material": "mixed",
        "editable_volume": {
          "width": 21.66,
          "depth": 63.82,
          "height": 22.4
        },
        "feature_type": "Building",
        "parent_id": "lot-block-district-residential-24-21-1",
        "stage": "buildings",
        "seed": 415008249025380911
      }
    },
    {
      "type": "Feature",
      "id": "building-lot-block-district-residential-24-21-2",
      "geometry": {
        "type": "Polygon",
        "coordinates": [
          [
            [
              949.168,
              347.153
            ],
            [
              970.832,
              347.153
            ],
            [
              970.832,
              410.977
            ],
            [
              949.168,
              410.977
            ],
            [
              949.168,
              347.153
            ]
          ]
        ]
      },
      "properties": {
        "footprint": 1382.68,
        "floors": 2,
        "height": 6.4,
        "roof": "gable",
        "setback": 2.71,
        "use": "residential",
        "material": "mixed",
        "editable_volume": {
          "width": 21.66,
          "depth": 63.82,
          "height": 6.4
        },
        "feature_type": "Building",
        "parent_id": "lot-block-district-residential-24-21-2",
        "stage": "buildings",
        "seed": 415008249025380911
      }
    },
    {
      "type": "Feature",
      "id": "building-lot-block-district-residential-24-21-3",
      "geometry": {
        "type": "Polygon",
        "coordinates": [
          [
            [
              979.248,
              347.153
            ],
            [
              1000.912,
              347.153
            ],
            [
              1000.912,
              410.977
            ],
            [
              979.248,
              410.977
            ],
            [
              979.248,
              347.153
            ]
          ]
        ]
      },
      "properties": {
        "footprint": 1382.68,
        "floors": 6,
        "height": 19.2,
        "roof": "flat",
        "setback": 2.71,
        "use": "residential",
        "material": "mixed",
        "editable_volume": {
          "width": 21.66,
          "depth": 63.82,
          "height": 19.2
        },
        "feature_type": "Building",
        "parent_id": "lot-block-district-residential-24-21-3",
        "stage": "buildings",
        "seed": 415008249025380911
      }
    },
    {
      "type": "Feature",
      "id": "building-lot-block-district-residential-24-22-1",
      "geometry": {
        "type": "Polygon",
        "coordinates": [
          [
            [
              1015.088,
              345.038
            ],
            [
              1036.752,
              345.038
            ],
            [
              1036.752,
              413.092
            ],
            [
              1015.088,
              413.092
            ],
            [
              1015.088,
              345.038
            ]
          ]
        ]
      },
      "properties": {
        "footprint": 1474.32,
        "floors": 4,
        "height": 12.8,
        "roof": "flat",
        "setback": 2.71,
        "use": "residential",
        "material": "mixed",
        "editable_volume": {
          "width": 21.66,
          "depth": 68.05,
          "height": 12.8
        },
        "feature_type": "Building",
        "parent_id": "lot-block-district-residential-24-22-1",
        "stage": "buildings",
        "seed": 415008249025380911
      }
    },
    {
      "type": "Feature",
      "id": "building-lot-block-district-residential-24-22-2",
      "geometry": {
        "type": "Polygon",
        "coordinates": [
          [
            [
              1045.168,
              345.038
            ],
            [
              1066.832,
              345.038
            ],
            [
              1066.832,
              413.092
            ],
            [
              1045.168,
              413.092
            ],
            [
              1045.168,
              345.038
            ]
          ]
        ]
      },
      "properties": {
        "footprint": 1474.32,
        "floors": 6,
        "height": 19.2,
        "roof": "flat",
        "setback": 2.71,
        "use": "residential",
        "material": "mixed",
        "editable_volume": {
          "width": 21.66,
          "depth": 68.05,
          "height": 19.2
        },
        "feature_type": "Building",
        "parent_id": "lot-block-district-residential-24-22-2",
        "stage": "buildings",
        "seed": 415008249025380911
      }
    },
    {
      "type": "Feature",
      "id": "building-lot-block-district-residential-24-22-3",
      "geometry": {
        "type": "Polygon",
        "coordinates": [
          [
            [
              1075.248,
              345.038
            ],
            [
              1096.912,
              345.038
            ],
            [
              1096.912,
              413.092
            ],
            [
              1075.248,
              413.092
            ],
            [
              1075.248,
              345.038
            ]
          ]
        ]
      },
      "properties": {
        "footprint": 1474.32,
        "floors": 6,
        "height": 19.2,
        "roof": "flat",
        "setback": 2.71,
        "use": "residential",
        "material": "mixed",
        "editable_volume": {
          "width": 21.66,
          "depth": 68.05,
          "height": 19.2
        },
        "feature_type": "Building",
        "parent_id": "lot-block-district-residential-24-22-3",
        "stage": "buildings",
        "seed": 415008249025380911
      }
    },
    {
      "type": "Feature",
      "id": "building-lot-block-district-residential-24-23-3",
      "geometry": {
        "type": "Polygon",
        "coordinates": [
          [
            [
              1171.248,
              347.153
            ],
            [
              1192.912,
              347.153
            ],
            [
              1192.912,
              410.977
            ],
            [
              1171.248,
              410.977
            ],
            [
              1171.248,
              347.153
            ]
          ]
        ]
      },
      "properties": {
        "footprint": 1382.68,
        "floors": 7,
        "height": 22.4,
        "roof": "flat",
        "setback": 2.71,
        "use": "residential",
        "material": "mixed",
        "editable_volume": {
          "width": 21.66,
          "depth": 63.82,
          "height": 22.4
        },
        "feature_type": "Building",
        "parent_id": "lot-block-district-residential-24-23-3",
        "stage": "buildings",
        "seed": 415008249025380911
      }
    },
    {
      "type": "Feature",
      "id": "building-lot-block-district-residential-24-31-2",
      "geometry": {
        "type": "Polygon",
        "coordinates": [
          [
            [
              949.168,
              423.648
            ],
            [
              970.832,
              423.648
            ],
            [
              970.832,
              490.482
            ],
            [
              949.168,
              490.482
            ],
            [
              949.168,
              423.648
            ]
          ]
        ]
      },
      "properties": {
        "footprint": 1447.89,
        "floors": 2,
        "height": 6.4,
        "roof": "hip",
        "setback": 2.71,
        "use": "residential",
        "material": "mixed",
        "editable_volume": {
          "width": 21.66,
          "depth": 66.83,
          "height": 6.4
        },
        "feature_type": "Building",
        "parent_id": "lot-block-district-residential-24-31-2",
        "stage": "buildings",
        "seed": 415008249025380911
      }
    },
    {
      "type": "Feature",
      "id": "building-lot-block-district-residential-24-31-3",
      "geometry": {
        "type": "Polygon",
        "coordinates": [
          [
            [
              979.248,
              423.648
            ],
            [
              1000.912,
              423.648
            ],
            [
              1000.912,
              490.482
            ],
            [
              979.248,
              490.482
            ],
            [
              979.248,
              423.648
            ]
          ]
        ]
      },
      "properties": {
        "footprint": 1447.89,
        "floors": 4,
        "height": 12.8,
        "roof": "flat",
        "setback": 2.71,
        "use": "residential",
        "material": "mixed",
        "editable_volume": {
          "width": 21.66,
          "depth": 66.83,
          "height": 12.8
        },
        "feature_type": "Building",
        "parent_id": "lot-block-district-residential-24-31-3",
        "stage": "buildings",
        "seed": 415008249025380911
      }
    },
    {
      "type": "Feature",
      "id": "building-lot-block-district-residential-24-32-1",
      "geometry": {
        "type": "Polygon",
        "coordinates": [
          [
            [
              1015.088,
              422.692
            ],
            [
              1036.752,
              422.692
            ],
            [
              1036.752,
              491.438
            ],
            [
              1015.088,
              491.438
            ],
            [
              1015.088,
              422.692
            ]
          ]
        ]
      },
      "properties": {
        "footprint": 1489.31,
        "floors": 3,
        "height": 9.6,
        "roof": "flat",
        "setback": 2.71,
        "use": "residential",
        "material": "mixed",
        "editable_volume": {
          "width": 21.66,
          "depth": 68.75,
          "height": 9.6
        },
        "feature_type": "Building",
        "parent_id": "lot-block-district-residential-24-32-1",
        "stage": "buildings",
        "seed": 415008249025380911
      }
    },
    {
      "type": "Feature",
      "id": "building-lot-block-district-residential-24-32-2",
      "geometry": {
        "type": "Polygon",
        "coordinates": [
          [
            [
              1045.168,
              422.692
            ],
            [
              1066.832,
              422.692
            ],
            [
              1066.832,
              491.438
            ],
            [
              1045.168,
              491.438
            ],
            [
              1045.168,
              422.692
            ]
          ]
        ]
      },
      "properties": {
        "footprint": 1489.31,
        "floors": 2,
        "height": 6.4,
        "roof": "gable",
        "setback": 2.71,
        "use": "residential",
        "material": "mixed",
        "editable_volume": {
          "width": 21.66,
          "depth": 68.75,
          "height": 6.4
        },
        "feature_type": "Building",
        "parent_id": "lot-block-district-residential-24-32-2",
        "stage": "buildings",
        "seed": 415008249025380911
      }
    },
    {
      "type": "Feature",
      "id": "building-lot-block-district-residential-24-32-3",
      "geometry": {
        "type": "Polygon",
        "coordinates": [
          [
            [
              1075.248,
              422.692
            ],
            [
              1096.912,
              422.692
            ],
            [
              1096.912,
              491.438
            ],
            [
              1075.248,
              491.438
            ],
            [
              1075.248,
              422.692
            ]
          ]
        ]
      },
      "properties": {
        "footprint": 1489.31,
        "floors": 2,
        "height": 6.4,
        "roof": "gable",
        "setback": 2.71,
        "use": "residential",
        "material": "mixed",
        "editable_volume": {
          "width": 21.66,
          "depth": 68.75,
          "height": 6.4
        },
        "feature_type": "Building",
        "parent_id": "lot-block-district-residential-24-32-3",
        "stage": "buildings",
        "seed": 415008249025380911
      }
    },
    {
      "type": "Feature",
      "id": "building-lot-block-district-residential-24-33-1",
      "geometry": {
        "type": "Polygon",
        "coordinates": [
          [
            [
              1111.088,
              422.683
            ],
            [
              1132.752,
              422.683
            ],
            [
              1132.752,
              491.447
            ],
            [
              1111.088,
              491.447
            ],
            [
              1111.088,
              422.683
            ]
          ]
        ]
      },
      "properties": {
        "footprint": 1489.7,
        "floors": 3,
        "height": 9.6,
        "roof": "hip",
        "setback": 2.71,
        "use": "residential",
        "material": "mixed",
        "editable_volume": {
          "width": 21.66,
          "depth": 68.76,
          "height": 9.6
        },
        "feature_type": "Building",
        "parent_id": "lot-block-district-residential-24-33-1",
        "stage": "buildings",
        "seed": 415008249025380911
      }
    },
    {
      "type": "Feature",
      "id": "building-lot-block-district-residential-24-33-2",
      "geometry": {
        "type": "Polygon",
        "coordinates": [
          [
            [
              1141.168,
              422.683
            ],
            [
              1162.832,
              422.683
            ],
            [
              1162.832,
              491.447
            ],
            [
              1141.168,
              491.447
            ],
            [
              1141.168,
              422.683
            ]
          ]
        ]
      },
      "properties": {
        "footprint": 1489.7,
        "floors": 3,
        "height": 9.6,
        "roof": "gable",
        "setback": 2.71,
        "use": "residential",
        "material": "mixed",
        "editable_volume": {
          "width": 21.66,
          "depth": 68.76,
          "height": 9.6
        },
        "feature_type": "Building",
        "parent_id": "lot-block-district-residential-24-33-2",
        "stage": "buildings",
        "seed": 415008249025380911
      }
    },
    {
      "type": "Feature",
      "id": "building-lot-block-district-park-31-12-3",
      "geometry": {
        "type": "Polygon",
        "coordinates": [
          [
            [
              263.275,
              512.794
            ],
            [
              304.565,
              512.794
            ],
            [
              304.565,
              596.924
            ],
            [
              263.275,
              596.924
            ],
            [
              263.275,
              512.794
            ]
          ]
        ]
      },
      "properties": {
        "footprint": 3473.68,
        "floors": 1,
        "height": 3.2,
        "roof": "hip",
        "setback": 2.82,
        "use": "park",
        "material": "mixed",
        "editable_volume": {
          "width": 41.29,
          "depth": 84.13,
          "height": 3.2
        },
        "feature_type": "Building",
        "parent_id": "lot-block-district-park-31-12-3",
        "stage": "buildings",
        "seed": 415008249025380911
      }
    },
    {
      "type": "Feature",
      "id": "building-lot-block-district-park-31-22-2",
      "geometry": {
        "type": "Polygon",
        "coordinates": [
          [
            [
              213.355,
              611.794
            ],
            [
              254.645,
              611.794
            ],
            [
              254.645,
              695.924
            ],
            [
              213.355,
              695.924
            ],
            [
              213.355,
              611.794
            ]
          ]
        ]
      },
      "properties": {
        "footprint": 3473.68,
        "floors": 2,
        "height": 6.4,
        "roof": "flat",
        "setback": 2.82,
        "use": "park",
        "material": "mixed",
        "editable_volume": {
          "width": 41.29,
          "depth": 84.13,
          "height": 6.4
        },
        "feature_type": "Building",
        "parent_id": "lot-block-district-park-31-22-2",
        "stage": "buildings",
        "seed": 415008249025380911
      }
    },
    {
      "type": "Feature",
      "id": "building-lot-block-district-station_area-32-11-1",
      "geometry": {
        "type": "Polygon",
        "coordinates": [
          [
            [
              323.932,
              504.887
            ],
            [
              347.601,
              504.887
            ],
            [
              347.601,
              555.729
            ],
            [
              323.932,
              555.729
            ],
            [
              323.932,
              504.887
            ]
          ]
        ]
      },
      "properties": {
        "footprint": 1203.42,
        "floors": 12,
        "height": 38.4,
        "roof": "flat",
        "setback": 2.96,
        "use": "station_area",
        "material": "mixed",
        "editable_volume": {
          "width": 23.67,
          "depth": 50.84,
          "height": 38.4
        },
        "feature_type": "Building",
        "parent_id": "lot-block-district-station_area-32-11-1",
        "stage": "buildings",
        "seed": 415008249025380911
      }
    },
    {
      "type": "Feature",
      "id": "building-lot-block-district-station_area-32-11-2",
      "geometry": {
        "type": "Polygon",
        "coordinates": [
          [
            [
              356.519,
              504.887
            ],
            [
              380.187,
              504.887
            ],
            [
              380.187,
              555.729
            ],
            [
              356.519,
              555.729
            ],
            [
              356.519,
              504.887
            ]
          ]
        ]
      },
      "properties": {
        "footprint": 1203.39,
        "floors": 6,
        "height": 19.2,
        "roof": "flat",
        "setback": 2.96,
        "use": "station_area",
        "material": "mixed",
        "editable_volume": {
          "width": 23.67,
          "depth": 50.84,
          "height": 19.2
        },
        "feature_type": "Building",
        "parent_id": "lot-block-district-station_area-32-11-2",
        "stage": "buildings",
        "seed": 415008249025380911
      }
    },
    {
      "type": "Feature",
      "id": "building-lot-block-district-station_area-32-11-3",
      "geometry": {
        "type": "Polygon",
        "coordinates": [
          [
            [
              389.105,
              504.887
            ],
            [
              412.774,
              504.887
            ],
            [
              412.774,
              555.729
            ],
            [
              389.105,
              555.729
            ],
            [
              389.105,
              504.887
            ]
          ]
        ]
      },
      "properties": {
        "footprint": 1203.42,
        "floors": 14,
        "height": 44.8,
        "roof": "flat",
        "setback": 2.96,
        "use": "station_area",
        "material": "mixed",
        "editable_volume": {
          "width": 23.67,
          "depth": 50.84,
          "height": 44.8
        },
        "feature_type": "Building",
        "parent_id": "lot-block-district-station_area-32-11-3",
        "stage": "buildings",
        "seed": 415008249025380911
      }
    },
    {
      "type": "Feature",
      "id": "building-lot-block-district-station_area-32-12-2",
      "geometry": {
        "type": "Polygon",
        "coordinates": [
          [
            [
              460.519,
              502.548
            ],
            [
              484.187,
              502.548
            ],
            [
              484.187,
              558.068
            ],
            [
              460.519,
              558.068
            ],
            [
              460.519,
              502.548
            ]
          ]
        ]
      },
      "properties": {
        "footprint": 1314.11,
        "floors": 7,
        "height": 22.4,
        "roof": "flat",
        "setback": 2.96,
        "use": "station_area",
        "material": "mixed",
        "editable_volume": {
          "width": 23.67,
          "depth": 55.52,
          "height": 22.4
        },
        "feature_type": "Building",
        "parent_id": "lot-block-district-station_area-32-12-2",
        "stage": "buildings",
        "seed": 415008249025380911
      }
    },
    {
      "type": "Feature",
      "id": "building-lot-block-district-station_area-32-12-3",
      "geometry": {
        "type": "Polygon",
        "coordinates": [
          [
            [
              493.105,
              502.548
            ],
            [
              516.774,
              502.548
            ],
            [
              516.774,
              558.068
            ],
            [
              493.105,
              558.068
            ],
            [
              493.105,
              502.548
            ]
          ]
        ]
      },
      "properties": {
        "footprint": 1314.15,
        "floors": 10,
        "height": 32.0,
        "roof": "flat",
        "setback": 2.96,
        "use": "station_area",
        "material": "mixed",
        "editable_volume": {
          "width": 23.67,
          "depth": 55.52,
          "height": 32.0
        },
        "feature_type": "Building",
        "parent_id": "lot-block-district-station_area-32-12-3",
        "stage": "buildings",
        "seed": 415008249025380911
      }
    },
    {
      "type": "Feature",
      "id": "building-lot-block-district-station_area-32-13-2",
      "geometry": {
        "type": "Polygon",
        "coordinates": [
          [
            [
              564.519,
              504.887
            ],
            [
              588.187,
              504.887
            ],
            [
              588.187,
              555.729
            ],
            [
              564.519,
              555.729
            ],
            [
              564.519,
              504.887
            ]
          ]
        ]
      },
      "properties": {
        "footprint": 1203.39,
        "floors": 14,
        "height": 44.8,
        "roof": "flat",
        "setback": 2.96,
        "use": "station_area",
        "material": "mixed",
        "editable_volume": {
          "width": 23.67,
          "depth": 50.84,
          "height": 44.8
        },
        "feature_type": "Building",
        "parent_id": "lot-block-district-station_area-32-13-2",
        "stage": "buildings",
        "seed": 415008249025380911
      }
    },
    {
      "type": "Feature",
      "id": "building-lot-block-district-station_area-32-13-3",
      "geometry": {
        "type": "Polygon",
        "coordinates": [
          [
            [
              597.105,
              504.887
            ],
            [
              620.774,
              504.887
            ],
            [
              620.774,
              555.729
            ],
            [
              597.105,
              555.729
            ],
            [
              597.105,
              504.887
            ]
          ]
        ]
      },
      "properties": {
        "footprint": 1203.42,
        "floors": 9,
        "height": 28.8,
        "roof": "flat",
        "setback": 2.96,
        "use": "station_area",
        "material": "mixed",
        "editable_volume": {
          "width": 23.67,
          "depth": 50.84,
          "height": 28.8
        },
        "feature_type": "Building",
        "parent_id": "lot-block-district-station_area-32-13-3",
        "stage": "buildings",
        "seed": 415008249025380911
      }
    },
    {
      "type": "Feature",
      "id": "building-lot-block-district-station_area-32-21-1",
      "geometry": {
        "type": "Polygon",
        "coordinates": [
          [
            [
              323.932,
              570.887
            ],
            [
              347.601,
              570.887
            ],
            [
              347.601,
              621.729
            ],
            [
              323.932,
              621.729
            ],
            [
              323.932,
              570.887
            ]
          ]
        ]
      },
      "properties": {
        "footprint": 1203.42,
        "floors": 14,
        "height": 44.8,
        "roof": "flat",
        "setback": 2.96,
        "use": "station_area",
        "material": "mixed",
        "editable_volume": {
          "width": 23.67,
          "depth": 50.84,
          "height": 44.8
        },
        "feature_type": "Building",
        "parent_id": "lot-block-district-station_area-32-21-1",
        "stage": "buildings",
        "seed": 415008249025380911
      }
    },
    {
      "type": "Feature",
      "id": "building-lot-block-district-station_area-32-21-3",
      "geometry": {
        "type": "Polygon",
        "coordinates": [
          [
            [
              389.105,
              570.887
            ],
            [
              412.774,
              570.887
            ],
            [
              412.774,
              621.729
            ],
            [
              389.105,
              621.729
            ],
            [
              389.105,
              570.887
            ]
          ]
        ]
      },
      "properties": {
        "footprint": 1203.42,
        "floors": 6,
        "height": 19.2,
        "roof": "flat",
        "setback": 2.96,
        "use": "station_area",
        "material": "mixed",
        "editable_volume": {
          "width": 23.67,
          "depth": 50.84,
          "height": 19.2
        },
        "feature_type": "Building",
        "parent_id": "lot-block-district-station_area-32-21-3",
        "stage": "buildings",
        "seed": 415008249025380911
      }
    },
    {
      "type": "Feature",
      "id": "building-lot-block-district-station_area-32-22-1",
      "geometry": {
        "type": "Polygon",
        "coordinates": [
          [
            [
              427.932,
              570.887
            ],
            [
              451.601,
              570.887
            ],
            [
              451.601,
              621.729
            ],
            [
              427.932,
              621.729
            ],
            [
              427.932,
              570.887
            ]
          ]
        ]
      },
      "properties": {
        "footprint": 1203.42,
        "floors": 7,
        "height": 22.4,
        "roof": "flat",
        "setback": 2.96,
        "use": "station_area",
        "material": "mixed",
        "editable_volume": {
          "width": 23.67,
          "depth": 50.84,
          "height": 22.4
        },
        "feature_type": "Building",
        "parent_id": "lot-block-district-station_area-32-22-1",
        "stage": "buildings",
        "seed": 415008249025380911
      }
    },
    {
      "type": "Feature",
      "id": "building-lot-block-district-station_area-32-22-2",
      "geometry": {
        "type": "Polygon",
        "coordinates": [
          [
            [
              460.519,
              570.887
            ],
            [
              484.187,
              570.887
            ],
            [
              484.187,
              621.729
            ],
            [
              460.519,
              621.729
            ],
            [
              460.519,
              570.887
            ]
          ]
        ]
      },
      "properties": {
        "footprint": 1203.39,
        "floors": 13,
        "height": 41.6,
        "roof": "flat",
        "setback": 2.96,
        "use": "station_area",
        "material": "mixed",
        "editable_volume": {
          "width": 23.67,
          "depth": 50.84,
          "height": 41.6
        },
        "feature_type": "Building",
        "parent_id": "lot-block-district-station_area-32-22-2",
        "stage": "buildings",
        "seed": 415008249025380911
      }
    },
    {
      "type": "Feature",
      "id": "building-lot-block-district-station_area-32-22-3",
      "geometry": {
        "type": "Polygon",
        "coordinates": [
          [
            [
              493.105,
              570.887
            ],
            [
              516.774,
              570.887
            ],
            [
              516.774,
              621.729
            ],
            [
              493.105,
              621.729
            ],
            [
              493.105,
              570.887
            ]
          ]
        ]
      },
      "properties": {
        "footprint": 1203.42,
        "floors": 9,
        "height": 28.8,
        "roof": "flat",
        "setback": 2.96,
        "use": "station_area",
        "material": "mixed",
        "editable_volume": {
          "width": 23.67,
          "depth": 50.84,
          "height": 28.8
        },
        "feature_type": "Building",
        "parent_id": "lot-block-district-station_area-32-22-3",
        "stage": "buildings",
        "seed": 415008249025380911
      }
    },
    {
      "type": "Feature",
      "id": "building-lot-block-district-station_area-32-23-1",
      "geometry": {
        "type": "Polygon",
        "coordinates": [
          [
            [
              531.932,
              569.703
            ],
            [
              555.601,
              569.703
            ],
            [
              555.601,
              622.913
            ],
            [
              531.932,
              622.913
            ],
            [
              531.932,
              569.703
            ]
          ]
        ]
      },
      "properties": {
        "footprint": 1259.47,
        "floors": 12,
        "height": 38.4,
        "roof": "flat",
        "setback": 2.96,
        "use": "station_area",
        "material": "mixed",
        "editable_volume": {
          "width": 23.67,
          "depth": 53.21,
          "height": 38.4
        },
        "feature_type": "Building",
        "parent_id": "lot-block-district-station_area-32-23-1",
        "stage": "buildings",
        "seed": 415008249025380911
      }
    },
    {
      "type": "Feature",
      "id": "building-lot-block-district-station_area-32-23-2",
      "geometry": {
        "type": "Polygon",
        "coordinates": [
          [
            [
              564.519,
              569.703
            ],
            [
              588.187,
              569.703
            ],
            [
              588.187,
              622.913
            ],
            [
              564.519,
              622.913
            ],
            [
              564.519,
              569.703
            ]
          ]
        ]
      },
      "properties": {
        "footprint": 1259.44,
        "floors": 6,
        "height": 19.2,
        "roof": "flat",
        "setback": 2.96,
        "use": "station_area",
        "material": "mixed",
        "editable_volume": {
          "width": 23.67,
          "depth": 53.21,
          "height": 19.2
        },
        "feature_type": "Building",
        "parent_id": "lot-block-district-station_area-32-23-2",
        "stage": "buildings",
        "seed": 415008249025380911
      }
    },
    {
      "type": "Feature",
      "id": "building-lot-block-district-station_area-32-23-3",
      "geometry": {
        "type": "Polygon",
        "coordinates": [
          [
            [
              597.105,
              569.703
            ],
            [
              620.774,
              569.703
            ],
            [
              620.774,
              622.913
            ],
            [
              597.105,
              622.913
            ],
            [
              597.105,
              569.703
            ]
          ]
        ]
      },
      "properties": {
        "footprint": 1259.47,
        "floors": 9,
        "height": 28.8,
        "roof": "flat",
        "setback": 2.96,
        "use": "station_area",
        "material": "mixed",
        "editable_volume": {
          "width": 23.67,
          "depth": 53.21,
          "height": 28.8
        },
        "feature_type": "Building",
        "parent_id": "lot-block-district-station_area-32-23-3",
        "stage": "buildings",
        "seed": 415008249025380911
      }
    },
    {
      "type": "Feature",
      "id": "building-lot-block-district-station_area-32-31-1",
      "geometry": {
        "type": "Polygon",
        "coordinates": [
          [
            [
              323.932,
              635.138
            ],
            [
              347.601,
              635.138
            ],
            [
              347.601,
              689.478
            ],
            [
              323.932,
              689.478
            ],
            [
              323.932,
              635.138
            ]
          ]
        ]
      },
      "properties": {
        "footprint": 1286.22,
        "floors": 8,
        "height": 25.6,
        "roof": "flat",
        "setback": 2.96,
        "use": "station_area",
        "material": "mixed",
        "editable_volume": {
          "width": 23.67,
          "depth": 54.34,
          "height": 25.6
        },
        "feature_type": "Building",
        "parent_id": "lot-block-district-station_area-32-31-1",
        "stage": "buildings",
        "seed": 415008249025380911
      }
    },
    {
      "type": "Feature",
      "id": "building-lot-block-district-station_area-32-31-2",
      "geometry": {
        "type": "Polygon",
        "coordinates": [
          [
            [
              356.519,
              635.138
            ],
            [
              380.187,
              635.138
            ],
            [
              380.187,
              689.478
            ],
            [
              356.519,
              689.478
            ],
            [
              356.519,
              635.138
            ]
          ]
        ]
      },
      "properties": {
        "footprint": 1286.18,
        "floors": 5,
        "height": 16.0,
        "roof": "flat",
        "setback": 2.96,
        "use": "station_area",
        "material": "mixed",
        "editable_volume": {
          "width": 23.67,
          "depth": 54.34,
          "height": 16.0
        },
        "feature_type": "Building",
        "parent_id": "lot-block-district-station_area-32-31-2",
        "stage": "buildings",
        "seed": 415008249025380911
      }
    },
    {
      "type": "Feature",
      "id": "building-lot-block-district-station_area-32-31-3",
      "geometry": {
        "type": "Polygon",
        "coordinates": [
          [
            [
              389.105,
              635.138
            ],
            [
              412.774,
              635.138
            ],
            [
              412.774,
              689.478
            ],
            [
              389.105,
              689.478
            ],
            [
              389.105,
              635.138
            ]
          ]
        ]
      },
      "properties": {
        "footprint": 1286.22,
        "floors": 13,
        "height": 41.6,
        "roof": "flat",
        "setback": 2.96,
        "use": "station_area",
        "material": "mixed",
        "editable_volume": {
          "width": 23.67,
          "depth": 54.34,
          "height": 41.6
        },
        "feature_type": "Building",
        "parent_id": "lot-block-district-station_area-32-31-3",
        "stage": "buildings",
        "seed": 415008249025380911
      }
    },
    {
      "type": "Feature",
      "id": "building-lot-block-district-station_area-32-32-1",
      "geometry": {
        "type": "Polygon",
        "coordinates": [
          [
            [
              427.932,
              634.379
            ],
            [
              451.601,
              634.379
            ],
            [
              451.601,
              690.237
            ],
            [
              427.932,
              690.237
            ],
            [
              427.932,
              634.379
            ]
          ]
        ]
      },
      "properties": {
        "footprint": 1322.15,
        "floors": 7,
        "height": 22.4,
        "roof": "flat",
        "setback": 2.96,
        "use": "station_area",
        "material": "mixed",
        "editable_volume": {
          "width": 23.67,
          "depth": 55.86,
          "height": 22.4
        },
        "feature_type": "Building",
        "parent_id": "lot-block-district-station_area-32-32-1",
        "stage": "buildings",
        "seed": 415008249025380911
      }
    },
    {
      "type": "Feature",
      "id": "building-lot-block-district-station_area-32-32-2",
      "geometry": {
        "type": "Polygon",
        "coordinates": [
          [
            [
              460.519,
              634.379
            ],
            [
              484.187,
              634.379
            ],
            [
              484.187,
              690.237
            ],
            [
              460.519,
              690.237
            ],
            [
              460.519,
              634.379
            ]
          ]
        ]
      },
      "properties": {
        "footprint": 1322.11,
        "floors": 13,
        "height": 41.6,
        "roof": "flat",
        "setback": 2.96,
        "use": "station_area",
        "material": "mixed",
        "editable_volume": {
          "width": 23.67,
          "depth": 55.86,
          "height": 41.6
        },
        "feature_type": "Building",
        "parent_id": "lot-block-district-station_area-32-32-2",
        "stage": "buildings",
        "seed": 415008249025380911
      }
    },
    {
      "type": "Feature",
      "id": "building-lot-block-district-station_area-32-33-1",
      "geometry": {
        "type": "Polygon",
        "coordinates": [
          [
            [
              531.932,
              636.887
            ],
            [
              555.601,
              636.887
            ],
            [
              555.601,
              687.729
            ],
            [
              531.932,
              687.729
            ],
            [
              531.932,
              636.887
            ]
          ]
        ]
      },
      "properties": {
        "footprint": 1203.42,
        "floors": 8,
        "height": 25.6,
        "roof": "flat",
        "setback": 2.96,
        "use": "station_area",
        "material": "mixed",
        "editable_volume": {
          "width": 23.67,
          "depth": 50.84,
          "height": 25.6
        },
        "feature_type": "Building",
        "parent_id": "lot-block-district-station_area-32-33-1",
        "stage": "buildings",
        "seed": 415008249025380911
      }
    },
    {
      "type": "Feature",
      "id": "building-lot-block-district-station_area-32-33-2",
      "geometry": {
        "type": "Polygon",
        "coordinates": [
          [
            [
              564.519,
              636.887
            ],
            [
              588.187,
              636.887
            ],
            [
              588.187,
              687.729
            ],
            [
              564.519,
              687.729
            ],
            [
              564.519,
              636.887
            ]
          ]
        ]
      },
      "properties": {
        "footprint": 1203.39,
        "floors": 9,
        "height": 28.8,
        "roof": "flat",
        "setback": 2.96,
        "use": "station_area",
        "material": "mixed",
        "editable_volume": {
          "width": 23.67,
          "depth": 50.84,
          "height": 28.8
        },
        "feature_type": "Building",
        "parent_id": "lot-block-district-station_area-32-33-2",
        "stage": "buildings",
        "seed": 415008249025380911
      }
    },
    {
      "type": "Feature",
      "id": "building-lot-block-district-station_area-32-33-3",
      "geometry": {
        "type": "Polygon",
        "coordinates": [
          [
            [
              597.105,
              636.887
            ],
            [
              620.774,
              636.887
            ],
            [
              620.774,
              687.729
            ],
            [
              597.105,
              687.729
            ],
            [
              597.105,
              636.887
            ]
          ]
        ]
      },
      "properties": {
        "footprint": 1203.42,
        "floors": 14,
        "height": 44.8,
        "roof": "flat",
        "setback": 2.96,
        "use": "station_area",
        "material": "mixed",
        "editable_volume": {
          "width": 23.67,
          "depth": 50.84,
          "height": 44.8
        },
        "feature_type": "Building",
        "parent_id": "lot-block-district-station_area-32-33-3",
        "stage": "buildings",
        "seed": 415008249025380911
      }
    },
    {
      "type": "Feature",
      "id": "building-lot-block-district-commercial-33-11-1",
      "geometry": {
        "type": "Polygon",
        "coordinates": [
          [
            [
              636.07,
              503.513
            ],
            [
              657.734,
              503.513
            ],
            [
              657.734,
              555.337
            ],
            [
              636.07,
              555.337
            ],
            [
              636.07,
              503.513
            ]
          ]
        ]
      },
      "properties": {
        "footprint": 1122.72,
        "floors": 5,
        "height": 16.0,
        "roof": "flat",
        "setback": 2.71,
        "use": "commercial",
        "material": "concrete",
        "editable_volume": {
          "width": 21.66,
          "depth": 51.82,
          "height": 16.0
        },
        "feature_type": "Building",
        "parent_id": "lot-block-district-commercial-33-11-1",
        "stage": "buildings",
        "seed": 415008249025380911
      }
    },
    {
      "type": "Feature",
      "id": "building-lot-block-district-commercial-33-11-2",
      "geometry": {
        "type": "Polygon",
        "coordinates": [
          [
            [
              666.15,
              503.513
            ],
            [
              687.814,
              503.513
            ],
            [
              687.814,
              555.337
            ],
            [
              666.15,
              555.337
            ],
            [
              666.15,
              503.513
            ]
          ]
        ]
      },
      "properties": {
        "footprint": 1122.72,
        "floors": 7,
        "height": 22.4,
        "roof": "flat",
        "setback": 2.71,
        "use": "commercial",
        "material": "concrete",
        "editable_volume": {
          "width": 21.66,
          "depth": 51.82,
          "height": 22.4
        },
        "feature_type": "Building",
        "parent_id": "lot-block-district-commercial-33-11-2",
        "stage": "buildings",
        "seed": 415008249025380911
      }
    },
    {
      "type": "Feature",
      "id": "building-lot-block-district-commercial-33-12-1",
      "geometry": {
        "type": "Polygon",
        "coordinates": [
          [
            [
              732.07,
              503.513
            ],
            [
              753.734,
              503.513
            ],
            [
              753.734,
              555.337
            ],
            [
              732.07,
              555.337
            ],
            [
              732.07,
              503.513
            ]
          ]
        ]
      },
      "properties": {
        "footprint": 1122.72,
        "floors": 8,
        "height": 25.6,
        "roof": "flat",
        "setback": 2.71,
        "use": "commercial",
        "material": "concrete",
        "editable_volume": {
          "width": 21.66,
          "depth": 51.82,
          "height": 25.6
        },
        "feature_type": "Building",
        "parent_id": "lot-block-district-commercial-33-12-1",
        "stage": "buildings",
        "seed": 415008249025380911
      }
    },
    {
      "type": "Feature",
      "id": "building-lot-block-district-commercial-33-12-3",
      "geometry": {
        "type": "Polygon",
        "coordinates": [
          [
            [
              792.23,
              503.513
            ],
            [
              813.894,
              503.513
            ],
            [
              813.894,
              555.337
            ],
            [
              792.23,
              555.337
            ],
            [
              792.23,
              503.513
            ]
          ]
        ]
      },
      "properties": {
        "footprint": 1122.72,
        "floors": 5,
        "height": 16.0,
        "roof": "flat",
        "setback": 2.71,
        "use": "commercial",
        "material": "concrete",
        "editable_volume": {
          "width": 21.66,
          "depth": 51.82,
          "height": 16.0
        },
        "feature_type": "Building",
        "parent_id": "lot-block-district-commercial-33-12-3",
        "stage": "buildings",
        "seed": 415008249025380911
      }
    },
    {
      "type": "Feature",
      "id": "building-lot-block-district-commercial-33-13-1",
      "geometry": {
        "type": "Polygon",
        "coordinates": [
          [
            [
              828.07,
              503.329
            ],
            [
              849.734,
              503.329
            ],
            [
              849.734,
              555.521
            ],
            [
              828.07,
              555.521
            ],
            [
              828.07,
              503.329
            ]
          ]
        ]
      },
      "properties": {
        "footprint": 1130.69,
        "floors": 7,
        "height": 22.4,
        "roof": "flat",
        "setback": 2.71,
        "use": "commercial",
        "material": "concrete",
        "editable_volume": {
          "width": 21.66,
          "depth": 52.19,
          "height": 22.4
        },
        "feature_type": "Building",
        "parent_id": "lot-block-district-commercial-33-13-1",
        "stage": "buildings",
        "seed": 415008249025380911
      }
    },
    {
      "type": "Feature",
      "id": "building-lot-block-district-commercial-33-13-2",
      "geometry": {
        "type": "Polygon",
        "coordinates": [
          [
            [
              858.15,
              503.329
            ],
            [
              879.814,
              503.329
            ],
            [
              879.814,
              555.521
            ],
            [
              858.15,
              555.521
            ],
            [
              858.15,
              503.329
            ]
          ]
        ]
      },
      "properties": {
        "footprint": 1130.69,
        "floors": 9,
        "height": 28.8,
        "roof": "flat",
        "setback": 2.71,
        "use": "commercial",
        "material": "concrete",
        "editable_volume": {
          "width": 21.66,
          "depth": 52.19,
          "height": 28.8
        },
        "feature_type": "Building",
        "parent_id": "lot-block-district-commercial-33-13-2",
        "stage": "buildings",
        "seed": 415008249025380911
      }
    },
    {
      "type": "Feature",
      "id": "building-lot-block-district-commercial-33-13-3",
      "geometry": {
        "type": "Polygon",
        "coordinates": [
          [
            [
              888.23,
              503.329
            ],
            [
              909.894,
              503.329
            ],
            [
              909.894,
              555.521
            ],
            [
              888.23,
              555.521
            ],
            [
              888.23,
              503.329
            ]
          ]
        ]
      },
      "properties": {
        "footprint": 1130.69,
        "floors": 7,
        "height": 22.4,
        "roof": "flat",
        "setback": 2.71,
        "use": "commercial",
        "material": "concrete",
        "editable_volume": {
          "width": 21.66,
          "depth": 52.19,
          "height": 22.4
        },
        "feature_type": "Building",
        "parent_id": "lot-block-district-commercial-33-13-3",
        "stage": "buildings",
        "seed": 415008249025380911
      }
    },
    {
      "type": "Feature",
      "id": "building-lot-block-district-commercial-33-21-1",
      "geometry": {
        "type": "Polygon",
        "coordinates": [
          [
            [
              636.07,
              569.513
            ],
            [
              657.734,
              569.513
            ],
            [
              657.734,
              621.337
            ],
            [
              636.07,
              621.337
            ],
            [
              636.07,
              569.513
            ]
          ]
        ]
      },
      "properties": {
        "footprint": 1122.72,
        "floors": 8,
        "height": 25.6,
        "roof": "flat",
        "setback": 2.71,
        "use": "commercial",
        "material": "concrete",
        "editable_volume": {
          "width": 21.66,
          "depth": 51.82,
          "height": 25.6
        },
        "feature_type": "Building",
        "parent_id": "lot-block-district-commercial-33-21-1",
        "stage": "buildings",
        "seed": 415008249025380911
      }
    },
    {
      "type": "Feature",
      "id": "building-lot-block-district-commercial-33-21-2",
      "geometry": {
        "type": "Polygon",
        "coordinates": [
          [
            [
              666.15,
              569.513
            ],
            [
              687.814,
              569.513
            ],
            [
              687.814,
              621.337
            ],
            [
              666.15,
              621.337
            ],
            [
              666.15,
              569.513
            ]
          ]
        ]
      },
      "properties": {
        "footprint": 1122.72,
        "floors": 5,
        "height": 16.0,
        "roof": "flat",
        "setback": 2.71,
        "use": "commercial",
        "material": "concrete",
        "editable_volume": {
          "width": 21.66,
          "depth": 51.82,
          "height": 16.0
        },
        "feature_type": "Building",
        "parent_id": "lot-block-district-commercial-33-21-2",
        "stage": "buildings",
        "seed": 415008249025380911
      }
    },
    {
      "type": "Feature",
      "id": "building-lot-block-district-commercial-33-21-3",
      "geometry": {
        "type": "Polygon",
        "coordinates": [
          [
            [
              696.23,
              569.513
            ],
            [
              717.894,
              569.513
            ],
            [
              717.894,
              621.337
            ],
            [
              696.23,
              621.337
            ],
            [
              696.23,
              569.513
            ]
          ]
        ]
      },
      "properties": {
        "footprint": 1122.72,
        "floors": 7,
        "height": 22.4,
        "roof": "flat",
        "setback": 2.71,
        "use": "commercial",
        "material": "concrete",
        "editable_volume": {
          "width": 21.66,
          "depth": 51.82,
          "height": 22.4
        },
        "feature_type": "Building",
        "parent_id": "lot-block-district-commercial-33-21-3",
        "stage": "buildings",
        "seed": 415008249025380911
      }
    },
    {
      "type": "Feature",
      "id": "building-lot-block-district-commercial-33-22-1",
      "geometry": {
        "type": "Polygon",
        "coordinates": [
          [
            [
              732.07,
              569.513
            ],
            [
              753.734,
              569.513
            ],
            [
              753.734,
              621.337
            ],
            [
              732.07,
              621.337
            ],
            [
              732.07,
              569.513
            ]
          ]
        ]
      },
      "properties": {
        "footprint": 1122.72,
        "floors": 6,
        "height": 19.2,
        "roof": "flat",
        "setback": 2.71,
        "use": "commercial",
        "material": "concrete",
        "editable_volume": {
          "width": 21.66,
          "depth": 51.82,
          "height": 19.2
        },
        "feature_type": "Building",
        "parent_id": "lot-block-district-commercial-33-22-1",
        "stage": "buildings",
        "seed": 415008249025380911
      }
    },
    {
      "type": "Feature",
      "id": "building-lot-block-district-commercial-33-22-2",
      "geometry": {
        "type": "Polygon",
        "coordinates": [
          [
            [
              762.15,
              569.513
            ],
            [
              783.814,
              569.513
            ],
            [
              783.814,
              621.337
            ],
            [
              762.15,
              621.337
            ],
            [
              762.15,
              569.513
            ]
          ]
        ]
      },
      "properties": {
        "footprint": 1122.72,
        "floors": 7,
        "height": 22.4,
        "roof": "flat",
        "setback": 2.71,
        "use": "commercial",
        "material": "concrete",
        "editable_volume": {
          "width": 21.66,
          "depth": 51.82,
          "height": 22.4
        },
        "feature_type": "Building",
        "parent_id": "lot-block-district-commercial-33-22-2",
        "stage": "buildings",
        "seed": 415008249025380911
      }
    },
    {
      "type": "Feature",
      "id": "building-lot-block-district-commercial-33-23-1",
      "geometry": {
        "type": "Polygon",
        "coordinates": [
          [
            [
              828.07,
              566.559
            ],
            [
              849.734,
              566.559
            ],
            [
              849.734,
              624.291
            ],
            [
              828.07,
              624.291
            ],
            [
              828.07,
              566.559
            ]
          ]
        ]
      },
      "properties": {
        "footprint": 1250.71,
        "floors": 5,
        "height": 16.0,
        "roof": "flat",
        "setback": 2.71,
        "use": "commercial",
        "material": "concrete",
        "editable_volume": {
          "width": 21.66,
          "depth": 57.73,
          "height": 16.0
        },
        "feature_type": "Building",
        "parent_id": "lot-block-district-commercial-33-23-1",
        "stage": "buildings",
        "seed": 415008249025380911
      }
    },
    {
      "type": "Feature",
      "id": "building-lot-block-district-commercial-33-23-2",
      "geometry": {
        "type": "Polygon",
        "coordinates": [
          [
            [
              858.15,
              566.559
            ],
            [
              879.814,
              566.559
            ],
            [
              879.814,
              624.291
            ],
            [
              858.15,
              624.291
            ],
            [
              858.15,
              566.559
            ]
          ]
        ]
      },
      "properties": {
        "footprint": 1250.71,
        "floors": 7,
        "height": 22.4,
        "roof": "flat",
        "setback": 2.71,
        "use": "commercial",
        "material": "concrete",
        "editable_volume": {
          "width": 21.66,
          "depth": 57.73,
          "height": 22.4
        },
        "feature_type": "Building",
        "parent_id": "lot-block-district-commercial-33-23-2",
        "stage": "buildings",
        "seed": 415008249025380911
      }
    },
    {
      "type": "Feature",
      "id": "building-lot-block-district-commercial-33-23-3",
      "geometry": {
        "type": "Polygon",
        "coordinates": [
          [
            [
              888.23,
              566.559
            ],
            [
              909.894,
              566.559
            ],
            [
              909.894,
              624.291
            ],
            [
              888.23,
              624.291
            ],
            [
              888.23,
              566.559
            ]
          ]
        ]
      },
      "properties": {
        "footprint": 1250.71,
        "floors": 9,
        "height": 28.8,
        "roof": "flat",
        "setback": 2.71,
        "use": "commercial",
        "material": "concrete",
        "editable_volume": {
          "width": 21.66,
          "depth": 57.73,
          "height": 28.8
        },
        "feature_type": "Building",
        "parent_id": "lot-block-district-commercial-33-23-3",
        "stage": "buildings",
        "seed": 415008249025380911
      }
    },
    {
      "type": "Feature",
      "id": "building-lot-block-district-commercial-33-31-1",
      "geometry": {
        "type": "Polygon",
        "coordinates": [
          [
            [
              636.07,
              635.513
            ],
            [
              657.734,
              635.513
            ],
            [
              657.734,
              687.337
            ],
            [
              636.07,
              687.337
            ],
            [
              636.07,
              635.513
            ]
          ]
        ]
      },
      "properties": {
        "footprint": 1122.72,
        "floors": 9,
        "height": 28.8,
        "roof": "flat",
        "setback": 2.71,
        "use": "commercial",
        "material": "concrete",
        "editable_volume": {
          "width": 21.66,
          "depth": 51.82,
          "height": 28.8
        },
        "feature_type": "Building",
        "parent_id": "lot-block-district-commercial-33-31-1",
        "stage": "buildings",
        "seed": 415008249025380911
      }
    },
    {
      "type": "Feature",
      "id": "building-lot-block-district-commercial-33-31-2",
      "geometry": {
        "type": "Polygon",
        "coordinates": [
          [
            [
              666.15,
              635.513
            ],
            [
              687.814,
              635.513
            ],
            [
              687.814,
              687.337
            ],
            [
              666.15,
              687.337
            ],
            [
              666.15,
              635.513
            ]
          ]
        ]
      },
      "properties": {
        "footprint": 1122.72,
        "floors": 5,
        "height": 16.0,
        "roof": "flat",
        "setback": 2.71,
        "use": "commercial",
        "material": "concrete",
        "editable_volume": {
          "width": 21.66,
          "depth": 51.82,
          "height": 16.0
        },
        "feature_type": "Building",
        "parent_id": "lot-block-district-commercial-33-31-2",
        "stage": "buildings",
        "seed": 415008249025380911
      }
    },
    {
      "type": "Feature",
      "id": "building-lot-block-district-commercial-33-31-3",
      "geometry": {
        "type": "Polygon",
        "coordinates": [
          [
            [
              696.23,
              635.513
            ],
            [
              717.894,
              635.513
            ],
            [
              717.894,
              687.337
            ],
            [
              696.23,
              687.337
            ],
            [
              696.23,
              635.513
            ]
          ]
        ]
      },
      "properties": {
        "footprint": 1122.72,
        "floors": 3,
        "height": 9.6,
        "roof": "flat",
        "setback": 2.71,
        "use": "commercial",
        "material": "concrete",
        "editable_volume": {
          "width": 21.66,
          "depth": 51.82,
          "height": 9.6
        },
        "feature_type": "Building",
        "parent_id": "lot-block-district-commercial-33-31-3",
        "stage": "buildings",
        "seed": 415008249025380911
      }
    },
    {
      "type": "Feature",
      "id": "building-lot-block-district-commercial-33-32-1",
      "geometry": {
        "type": "Polygon",
        "coordinates": [
          [
            [
              732.07,
              632.951
            ],
            [
              753.734,
              632.951
            ],
            [
              753.734,
              689.899
            ],
            [
              732.07,
              689.899
            ],
            [
              732.07,
              632.951
            ]
          ]
        ]
      },
      "properties": {
        "footprint": 1233.72,
        "floors": 4,
        "height": 12.8,
        "roof": "flat",
        "setback": 2.71,
        "use": "commercial",
        "material": "concrete",
        "editable_volume": {
          "width": 21.66,
          "depth": 56.95,
          "height": 12.8
        },
        "feature_type": "Building",
        "parent_id": "lot-block-district-commercial-33-32-1",
        "stage": "buildings",
        "seed": 415008249025380911
      }
    },
    {
      "type": "Feature",
      "id": "building-lot-block-district-commercial-33-32-3",
      "geometry": {
        "type": "Polygon",
        "coordinates": [
          [
            [
              792.23,
              632.951
            ],
            [
              813.894,
              632.951
            ],
            [
              813.894,
              689.899
            ],
            [
              792.23,
              689.899
            ],
            [
              792.23,
              632.951
            ]
          ]
        ]
      },
      "properties": {
        "footprint": 1233.72,
        "floors": 9,
        "height": 28.8,
        "roof": "flat",
        "setback": 2.71,
        "use": "commercial",
        "material": "concrete",
        "editable_volume": {
          "width": 21.66,
          "depth": 56.95,
          "height": 28.8
        },
        "feature_type": "Building",
        "parent_id": "lot-block-district-commercial-33-32-3",
        "stage": "buildings",
        "seed": 415008249025380911
      }
    },
    {
      "type": "Feature",
      "id": "building-lot-block-district-commercial-33-33-1",
      "geometry": {
        "type": "Polygon",
        "coordinates": [
          [
            [
              828.07,
              635.513
            ],
            [
              849.734,
              635.513
            ],
            [
              849.734,
              687.337
            ],
            [
              828.07,
              687.337
            ],
            [
              828.07,
              635.513
            ]
          ]
        ]
      },
      "properties": {
        "footprint": 1122.72,
        "floors": 5,
        "height": 16.0,
        "roof": "flat",
        "setback": 2.71,
        "use": "commercial",
        "material": "concrete",
        "editable_volume": {
          "width": 21.66,
          "depth": 51.82,
          "height": 16.0
        },
        "feature_type": "Building",
        "parent_id": "lot-block-district-commercial-33-33-1",
        "stage": "buildings",
        "seed": 415008249025380911
      }
    },
    {
      "type": "Feature",
      "id": "building-lot-block-district-commercial-33-33-2",
      "geometry": {
        "type": "Polygon",
        "coordinates": [
          [
            [
              858.15,
              635.513
            ],
            [
              879.814,
              635.513
            ],
            [
              879.814,
              687.337
            ],
            [
              858.15,
              687.337
            ],
            [
              858.15,
              635.513
            ]
          ]
        ]
      },
      "properties": {
        "footprint": 1122.72,
        "floors": 4,
        "height": 12.8,
        "roof": "flat",
        "setback": 2.71,
        "use": "commercial",
        "material": "concrete",
        "editable_volume": {
          "width": 21.66,
          "depth": 51.82,
          "height": 12.8
        },
        "feature_type": "Building",
        "parent_id": "lot-block-district-commercial-33-33-2",
        "stage": "buildings",
        "seed": 415008249025380911
      }
    },
    {
      "type": "Feature",
      "id": "building-lot-block-district-residential-34-11-1",
      "geometry": {
        "type": "Polygon",
        "coordinates": [
          [
            [
              919.088,
              515.524
            ],
            [
              940.752,
              515.524
            ],
            [
              940.752,
              571.742
            ],
            [
              919.088,
              571.742
            ],
            [
              919.088,
              515.524
            ]
          ]
        ]
      },
      "properties": {
        "footprint": 1217.91,
        "floors": 7,
        "height": 22.4,
        "roof": "flat",
        "setback": 2.71,
        "use": "residential",
        "material": "mixed",
        "editable_volume": {
          "width": 21.66,
          "depth": 56.22,
          "height": 22.4
        },
        "feature_type": "Building",
        "parent_id": "lot-block-district-residential-34-11-1",
        "stage": "buildings",
        "seed": 415008249025380911
      }
    },
    {
      "type": "Feature",
      "id": "building-lot-block-district-residential-34-11-2",
      "geometry": {
        "type": "Polygon",
        "coordinates": [
          [
            [
              949.168,
              515.524
            ],
            [
              970.832,
              515.524
            ],
            [
              970.832,
              571.742
            ],
            [
              949.168,
              571.742
            ],
            [
              949.168,
              515.524
            ]
          ]
        ]
      },
      "properties": {
        "footprint": 1217.91,
        "floors": 7,
        "height": 22.4,
        "roof": "flat",
        "setback": 2.71,
        "use": "residential",
        "material": "mixed",
        "editable_volume": {
          "width": 21.66,
          "depth": 56.22,
          "height": 22.4
        },
        "feature_type": "Building",
        "parent_id": "lot-block-district-residential-34-11-2",
        "stage": "buildings",
        "seed": 415008249025380911
      }
    },
    {
      "type": "Feature",
      "id": "building-lot-block-district-residential-34-11-3",
      "geometry": {
        "type": "Polygon",
        "coordinates": [
          [
            [
              979.248,
              515.524
            ],
            [
              1000.912,
              515.524
            ],
            [
              1000.912,
              571.742
            ],
            [
              979.248,
              571.742
            ],
            [
              979.248,
              515.524
            ]
          ]
        ]
      },
      "properties": {
        "footprint": 1217.91,
        "floors": 5,
        "height": 16.0,
        "roof": "flat",
        "setback": 2.71,
        "use": "residential",
        "material": "mixed",
        "editable_volume": {
          "width": 21.66,
          "depth": 56.22,
          "height": 16.0
        },
        "feature_type": "Building",
        "parent_id": "lot-block-district-residential-34-11-3",
        "stage": "buildings",
        "seed": 415008249025380911
      }
    },
    {
      "type": "Feature",
      "id": "building-lot-block-district-residential-34-12-1",
      "geometry": {
        "type": "Polygon",
        "coordinates": [
          [
            [
              1015.088,
              517.232
            ],
            [
              1036.752,
              517.232
            ],
            [
              1036.752,
              570.034
            ],
            [
              1015.088,
              570.034
            ],
            [
              1015.088,
              517.232
            ]
          ]
        ]
      },
      "properties": {
        "footprint": 1143.9,
        "floors": 7,
        "height": 22.4,
        "roof": "flat",
        "setback": 2.71,
        "use": "residential",
        "material": "mixed",
        "editable_volume": {
          "width": 21.66,
          "depth": 52.8,
          "height": 22.4
        },
        "feature_type": "Building",
        "parent_id": "lot-block-district-residential-34-12-1",
        "stage": "buildings",
        "seed": 415008249025380911
      }
    },
    {
      "type": "Feature",
      "id": "building-lot-block-district-residential-34-12-2",
      "geometry": {
        "type": "Polygon",
        "coordinates": [
          [
            [
              1045.168,
              517.232
            ],
            [
              1066.832,
              517.232
            ],
            [
              1066.832,
              570.034
            ],
            [
              1045.168,
              570.034
            ],
            [
              1045.168,
              517.232
            ]
          ]
        ]
      },
      "properties": {
        "footprint": 1143.9,
        "floors": 4,
        "height": 12.8,
        "roof": "flat",
        "setback": 2.71,
        "use": "residential",
        "material": "mixed",
        "editable_volume": {
          "width": 21.66,
          "depth": 52.8,
          "height": 12.8
        },
        "feature_type": "Building",
        "parent_id": "lot-block-district-residential-34-12-2",
        "stage": "buildings",
        "seed": 415008249025380911
      }
    },
    {
      "type": "Feature",
      "id": "building-lot-block-district-residential-34-12-3",
      "geometry": {
        "type": "Polygon",
        "coordinates": [
          [
            [
              1075.248,
              517.232
            ],
            [
              1096.912,
              517.232
            ],
            [
              1096.912,
              570.034
            ],
            [
              1075.248,
              570.034
            ],
            [
              1075.248,
              517.232
            ]
          ]
        ]
      },
      "properties": {
        "footprint": 1143.9,
        "floors": 5,
        "height": 16.0,
        "roof": "flat",
        "setback": 2.71,
        "use": "residential",
        "material": "mixed",
        "editable_volume": {
          "width": 21.66,
          "depth": 52.8,
          "height": 16.0
        },
        "feature_type": "Building",
        "parent_id": "lot-block-district-residential-34-12-3",
        "stage": "buildings",
        "seed": 415008249025380911
      }
    },
    {
      "type": "Feature",
      "id": "building-lot-block-district-residential-34-13-1",
      "geometry": {
        "type": "Polygon",
        "coordinates": [
          [
            [
              1111.088,
              516.463
            ],
            [
              1132.752,
              516.463
            ],
            [
              1132.752,
              570.803
            ],
            [
              1111.088,
              570.803
            ],
            [
              1111.088,
              516.463
            ]
          ]
        ]
      },
      "properties": {
        "footprint": 1177.22,
        "floors": 4,
        "height": 12.8,
        "roof": "flat",
        "setback": 2.71,
        "use": "residential",
        "material": "mixed",
        "editable_volume": {
          "width": 21.66,
          "depth": 54.34,
          "height": 12.8
        },
        "feature_type": "Building",
        "parent_id": "lot-block-district-residential-34-13-1",
        "stage": "buildings",
        "seed": 415008249025380911
      }
    },
    {
      "type": "Feature",
      "id": "building-lot-block-district-residential-34-13-3",
      "geometry": {
        "type": "Polygon",
        "coordinates": [
          [
            [
              1171.248,
              516.463
            ],
            [
              1192.912,
              516.463
            ],
            [
              1192.912,
              570.803
            ],
            [
              1171.248,
              570.803
            ],
            [
              1171.248,
              516.463
            ]
          ]
        ]
      },
      "properties": {
        "footprint": 1177.22,
        "floors": 5,
        "height": 16.0,
        "roof": "flat",
        "setback": 2.71,
        "use": "residential",
        "material": "mixed",
        "editable_volume": {
          "width": 21.66,
          "depth": 54.34,
          "height": 16.0
        },
        "feature_type": "Building",
        "parent_id": "lot-block-district-residential-34-13-3",
        "stage": "buildings",
        "seed": 415008249025380911
      }
    },
    {
      "type": "Feature",
      "id": "building-lot-block-district-residential-34-21-1",
      "geometry": {
        "type": "Polygon",
        "coordinates": [
          [
            [
              919.088,
              581.849
            ],
            [
              940.752,
              581.849
            ],
            [
              940.752,
              637.417
            ],
            [
              919.088,
              637.417
            ],
            [
              919.088,
              581.849
            ]
          ]
        ]
      },
      "properties": {
        "footprint": 1203.83,
        "floors": 3,
        "height": 9.6,
        "roof": "gable",
        "setback": 2.71,
        "use": "residential",
        "material": "mixed",
        "editable_volume": {
          "width": 21.66,
          "depth": 55.57,
          "height": 9.6
        },
        "feature_type": "Building",
        "parent_id": "lot-block-district-residential-34-21-1",
        "stage": "buildings",
        "seed": 415008249025380911
      }
    },
    {
      "type": "Feature",
      "id": "building-lot-block-district-residential-34-21-2",
      "geometry": {
        "type": "Polygon",
        "coordinates": [
          [
            [
              949.168,
              581.849
            ],
            [
              970.832,
              581.849
            ],
            [
              970.832,
              637.417
            ],
            [
              949.168,
              637.417
            ],
            [
              949.168,
              581.849
            ]
          ]
        ]
      },
      "properties": {
        "footprint": 1203.83,
        "floors": 2,
        "height": 6.4,
        "roof": "gable",
        "setback": 2.71,
        "use": "residential",
        "material": "mixed",
        "editable_volume": {
          "width": 21.66,
          "depth": 55.57,
          "height": 6.4
        },
        "feature_type": "Building",
        "parent_id": "lot-block-district-residential-34-21-2",
        "stage": "buildings",
        "seed": 415008249025380911
      }
    },
    {
      "type": "Feature",
      "id": "building-lot-block-district-residential-34-22-2",
      "geometry": {
        "type": "Polygon",
        "coordinates": [
          [
            [
              1045.168,
              583.721
            ],
            [
              1066.832,
              583.721
            ],
            [
              1066.832,
              635.545
            ],
            [
              1045.168,
              635.545
            ],
            [
              1045.168,
              583.721
            ]
          ]
        ]
      },
      "properties": {
        "footprint": 1122.72,
        "floors": 4,
        "height": 12.8,
        "roof": "flat",
        "setback": 2.71,
        "use": "residential",
        "material": "mixed",
        "editable_volume": {
          "width": 21.66,
          "depth": 51.82,
          "height": 12.8
        },
        "feature_type": "Building",
        "parent_id": "lot-block-district-residential-34-22-2",
        "stage": "buildings",
        "seed": 415008249025380911
      }
    },
    {
      "type": "Feature",
      "id": "building-lot-block-district-residential-34-22-3",
      "geometry": {
        "type": "Polygon",
        "coordinates": [
          [
            [
              1075.248,
              583.721
            ],
            [
              1096.912,
              583.721
            ],
            [
              1096.912,
              635.545
            ],
            [
              1075.248,
              635.545
            ],
            [
              1075.248,
              583.721
            ]
          ]
        ]
      },
      "properties": {
        "footprint": 1122.72,
        "floors": 3,
        "height": 9.6,
        "roof": "flat",
        "setback": 2.71,
        "use": "residential",
        "material": "mixed",
        "editable_volume": {
          "width": 21.66,
          "depth": 51.82,
          "height": 9.6
        },
        "feature_type": "Building",
        "parent_id": "lot-block-district-residential-34-22-3",
        "stage": "buildings",
        "seed": 415008249025380911
      }
    },
    {
      "type": "Feature",
      "id": "building-lot-block-district-residential-34-23-1",
      "geometry": {
        "type": "Polygon",
        "coordinates": [
          [
            [
              1111.088,
              583.721
            ],
            [
              1132.752,
              583.721
            ],
            [
              1132.752,
              635.545
            ],
            [
              1111.088,
              635.545
            ],
            [
              1111.088,
              583.721
            ]
          ]
        ]
      },
      "properties": {
        "footprint": 1122.72,
        "floors": 3,
        "height": 9.6,
        "roof": "flat",
        "setback": 2.71,
        "use": "residential",
        "material": "mixed",
        "editable_volume": {
          "width": 21.66,
          "depth": 51.82,
          "height": 9.6
        },
        "feature_type": "Building",
        "parent_id": "lot-block-district-residential-34-23-1",
        "stage": "buildings",
        "seed": 415008249025380911
      }
    },
    {
      "type": "Feature",
      "id": "building-lot-block-district-residential-34-23-2",
      "geometry": {
        "type": "Polygon",
        "coordinates": [
          [
            [
              1141.168,
              583.721
            ],
            [
              1162.832,
              583.721
            ],
            [
              1162.832,
              635.545
            ],
            [
              1141.168,
              635.545
            ],
            [
              1141.168,
              583.721
            ]
          ]
        ]
      },
      "properties": {
        "footprint": 1122.72,
        "floors": 7,
        "height": 22.4,
        "roof": "flat",
        "setback": 2.71,
        "use": "residential",
        "material": "mixed",
        "editable_volume": {
          "width": 21.66,
          "depth": 51.82,
          "height": 22.4
        },
        "feature_type": "Building",
        "parent_id": "lot-block-district-residential-34-23-2",
        "stage": "buildings",
        "seed": 415008249025380911
      }
    },
    {
      "type": "Feature",
      "id": "building-lot-block-district-residential-34-31-1",
      "geometry": {
        "type": "Polygon",
        "coordinates": [
          [
            [
              919.088,
              648.909
            ],
            [
              940.752,
              648.909
            ],
            [
              940.752,
              702.357
            ],
            [
              919.088,
              702.357
            ],
            [
              919.088,
              648.909
            ]
          ]
        ]
      },
      "properties": {
        "footprint": 1157.9,
        "floors": 5,
        "height": 16.0,
        "roof": "flat",
        "setback": 2.71,
        "use": "residential",
        "material": "mixed",
        "editable_volume": {
          "width": 21.66,
          "depth": 53.45,
          "height": 16.0
        },
        "feature_type": "Building",
        "parent_id": "lot-block-district-residential-34-31-1",
        "stage": "buildings",
        "seed": 415008249025380911
      }
    },
    {
      "type": "Feature",
      "id": "building-lot-block-district-residential-34-31-3",
      "geometry": {
        "type": "Polygon",
        "coordinates": [
          [
            [
              979.248,
              648.909
            ],
            [
              1000.912,
              648.909
            ],
            [
              1000.912,
              702.357
            ],
            [
              979.248,
              702.357
            ],
            [
              979.248,
              648.909
            ]
          ]
        ]
      },
      "properties": {
        "footprint": 1157.9,
        "floors": 6,
        "height": 19.2,
        "roof": "flat",
        "setback": 2.71,
        "use": "residential",
        "material": "mixed",
        "editable_volume": {
          "width": 21.66,
          "depth": 53.45,
          "height": 19.2
        },
        "feature_type": "Building",
        "parent_id": "lot-block-district-residential-34-31-3",
        "stage": "buildings",
        "seed": 415008249025380911
      }
    },
    {
      "type": "Feature",
      "id": "building-lot-block-district-residential-34-32-2",
      "geometry": {
        "type": "Polygon",
        "coordinates": [
          [
            [
              1045.168,
              649.721
            ],
            [
              1066.832,
              649.721
            ],
            [
              1066.832,
              701.545
            ],
            [
              1045.168,
              701.545
            ],
            [
              1045.168,
              649.721
            ]
          ]
        ]
      },
      "properties": {
        "footprint": 1122.72,
        "floors": 4,
        "height": 12.8,
        "roof": "flat",
        "setback": 2.71,
        "use": "residential",
        "material": "mixed",
        "editable_volume": {
          "width": 21.66,
          "depth": 51.82,
          "height": 12.8
        },
        "feature_type": "Building",
        "parent_id": "lot-block-district-residential-34-32-2",
        "stage": "buildings",
        "seed": 415008249025380911
      }
    },
    {
      "type": "Feature",
      "id": "building-lot-block-district-residential-34-32-3",
      "geometry": {
        "type": "Polygon",
        "coordinates": [
          [
            [
              1075.248,
              649.721
            ],
            [
              1096.912,
              649.721
            ],
            [
              1096.912,
              701.545
            ],
            [
              1075.248,
              701.545
            ],
            [
              1075.248,
              649.721
            ]
          ]
        ]
      },
      "properties": {
        "footprint": 1122.72,
        "floors": 2,
        "height": 6.4,
        "roof": "hip",
        "setback": 2.71,
        "use": "residential",
        "material": "mixed",
        "editable_volume": {
          "width": 21.66,
          "depth": 51.82,
          "height": 6.4
        },
        "feature_type": "Building",
        "parent_id": "lot-block-district-residential-34-32-3",
        "stage": "buildings",
        "seed": 415008249025380911
      }
    },
    {
      "type": "Feature",
      "id": "building-lot-block-district-residential-34-33-1",
      "geometry": {
        "type": "Polygon",
        "coordinates": [
          [
            [
              1111.088,
              649.721
            ],
            [
              1132.752,
              649.721
            ],
            [
              1132.752,
              701.545
            ],
            [
              1111.088,
              701.545
            ],
            [
              1111.088,
              649.721
            ]
          ]
        ]
      },
      "properties": {
        "footprint": 1122.72,
        "floors": 4,
        "height": 12.8,
        "roof": "flat",
        "setback": 2.71,
        "use": "residential",
        "material": "mixed",
        "editable_volume": {
          "width": 21.66,
          "depth": 51.82,
          "height": 12.8
        },
        "feature_type": "Building",
        "parent_id": "lot-block-district-residential-34-33-1",
        "stage": "buildings",
        "seed": 415008249025380911
      }
    },
    {
      "type": "Feature",
      "id": "building-lot-block-district-residential-34-33-2",
      "geometry": {
        "type": "Polygon",
        "coordinates": [
          [
            [
              1141.168,
              649.721
            ],
            [
              1162.832,
              649.721
            ],
            [
              1162.832,
              701.545
            ],
            [
              1141.168,
              701.545
            ],
            [
              1141.168,
              649.721
            ]
          ]
        ]
      },
      "properties": {
        "footprint": 1122.72,
        "floors": 5,
        "height": 16.0,
        "roof": "flat",
        "setback": 2.71,
        "use": "residential",
        "material": "mixed",
        "editable_volume": {
          "width": 21.66,
          "depth": 51.82,
          "height": 16.0
        },
        "feature_type": "Building",
        "parent_id": "lot-block-district-residential-34-33-2",
        "stage": "buildings",
        "seed": 415008249025380911
      }
    },
    {
      "type": "Feature",
      "id": "building-lot-block-district-park-41-12-3",
      "geometry": {
        "type": "Polygon",
        "coordinates": [
          [
            [
              263.275,
              709.435
            ],
            [
              304.565,
              709.435
            ],
            [
              304.565,
              793.565
            ],
            [
              263.275,
              793.565
            ],
            [
              263.275,
              709.435
            ]
          ]
        ]
      },
      "properties": {
        "footprint": 3473.68,
        "floors": 2,
        "height": 6.4,
        "roof": "hip",
        "setback": 2.82,
        "use": "park",
        "material": "mixed",
        "editable_volume": {
          "width": 41.29,
          "depth": 84.13,
          "height": 6.4
        },
        "feature_type": "Building",
        "parent_id": "lot-block-district-park-41-12-3",
        "stage": "buildings",
        "seed": 415008249025380911
      }
    },
    {
      "type": "Feature",
      "id": "building-lot-block-district-park-41-21-3",
      "geometry": {
        "type": "Polygon",
        "coordinates": [
          [
            [
              107.275,
              808.435
            ],
            [
              148.565,
              808.435
            ],
            [
              148.565,
              892.565
            ],
            [
              107.275,
              892.565
            ],
            [
              107.275,
              808.435
            ]
          ]
        ]
      },
      "properties": {
        "footprint": 3473.68,
        "floors": 1,
        "height": 3.2,
        "roof": "gable",
        "setback": 2.82,
        "use": "park",
        "material": "mixed",
        "editable_volume": {
          "width": 41.29,
          "depth": 84.13,
          "height": 3.2
        },
        "feature_type": "Building",
        "parent_id": "lot-block-district-park-41-21-3",
        "stage": "buildings",
        "seed": 415008249025380911
      }
    },
    {
      "type": "Feature",
      "id": "building-lot-block-district-residential-42-11-1",
      "geometry": {
        "type": "Polygon",
        "coordinates": [
          [
            [
              313.915,
              707.706
            ],
            [
              337.584,
              707.706
            ],
            [
              337.584,
              762.294
            ],
            [
              313.915,
              762.294
            ],
            [
              313.915,
              707.706
            ]
          ]
        ]
      },
      "properties": {
        "footprint": 1292.09,
        "floors": 2,
        "height": 6.4,
        "roof": "gable",
        "setback": 2.96,
        "use": "residential",
        "material": "mixed",
        "editable_volume": {
          "width": 23.67,
          "depth": 54.59,
          "height": 6.4
        },
        "feature_type": "Building",
        "parent_id": "lot-block-district-residential-42-11-1",
        "stage": "buildings",
        "seed": 415008249025380911
      }
    },
    {
      "type": "Feature",
      "id": "building-lot-block-district-residential-42-11-3",
      "geometry": {
        "type": "Polygon",
        "coordinates": [
          [
            [
              379.088,
              707.706
            ],
            [
              402.757,
              707.706
            ],
            [
              402.757,
              762.294
            ],
            [
              379.088,
              762.294
            ],
            [
              379.088,
              707.706
            ]
          ]
        ]
      },
      "properties": {
        "footprint": 1292.09,
        "floors": 7,
        "height": 22.4,
        "roof": "flat",
        "setback": 2.96,
        "use": "residential",
        "material": "mixed",
        "editable_volume": {
          "width": 23.67,
          "depth": 54.59,
          "height": 22.4
        },
        "feature_type": "Building",
        "parent_id": "lot-block-district-residential-42-11-3",
        "stage": "buildings",
        "seed": 415008249025380911
      }
    },
    {
      "type": "Feature",
      "id": "building-lot-block-district-residential-42-12-1",
      "geometry": {
        "type": "Polygon",
        "coordinates": [
          [
            [
              417.915,
              709.579
            ],
            [
              441.584,
              709.579
            ],
            [
              441.584,
              760.421
            ],
            [
              417.915,
              760.421
            ],
            [
              417.915,
              709.579
            ]
          ]
        ]
      },
      "properties": {
        "footprint": 1203.42,
        "floors": 3,
        "height": 9.6,
        "roof": "gable",
        "setback": 2.96,
        "use": "residential",
        "material": "mixed",
        "editable_volume": {
          "width": 23.67,
          "depth": 50.84,
          "height": 9.6
        },
        "feature_type": "Building",
        "parent_id": "lot-block-district-residential-42-12-1",
        "stage": "buildings",
        "seed": 415008249025380911
      }
    },
    {
      "type": "Feature",
      "id": "building-lot-block-district-residential-42-12-2",
      "geometry": {
        "type": "Polygon",
        "coordinates": [
          [
            [
              450.502,
              709.579
            ],
            [
              474.17,
              709.579
            ],
            [
              474.17,
              760.421
            ],
            [
              450.502,
              760.421
            ],
            [
              450.502,
              709.579
            ]
          ]
        ]
      },
      "properties": {
        "footprint": 1203.39,
        "floors": 7,
        "height": 22.4,
        "roof": "flat",
        "setback": 2.96,
        "use": "residential",
        "material": "mixed",
        "editable_volume": {
          "width": 23.67,
          "depth": 50.84,
          "height": 22.4
        },
        "feature_type": "Building",
        "parent_id": "lot-block-district-residential-42-12-2",
        "stage": "buildings",
        "seed": 415008249025380911
      }
    },
    {
      "type": "Feature",
      "id": "building-lot-block-district-residential-42-12-3",
      "geometry": {
        "type": "Polygon",
        "coordinates": [
          [
            [
              483.088,
              709.579
            ],
            [
              506.757,
              709.579
            ],
            [
              506.757,
              760.421
            ],
            [
              483.088,
              760.421
            ],
            [
              483.088,
              709.579
            ]
          ]
        ]
      },
      "properties": {
        "footprint": 1203.42,
        "floors": 2,
        "height": 6.4,
        "roof": "flat",
        "setback": 2.96,
        "use": "residential",
        "material": "mixed",
        "editable_volume": {
          "width": 23.67,
          "depth": 50.84,
          "height": 6.4
        },
        "feature_type": "Building",
        "parent_id": "lot-block-district-residential-42-12-3",
        "stage": "buildings",
        "seed": 415008249025380911
      }
    },
    {
      "type": "Feature",
      "id": "building-lot-block-district-residential-42-13-1",
      "geometry": {
        "type": "Polygon",
        "coordinates": [
          [
            [
              521.915,
              707.287
            ],
            [
              545.584,
              707.287
            ],
            [
              545.584,
              762.713
            ],
            [
              521.915,
              762.713
            ],
            [
              521.915,
              707.287
            ]
          ]
        ]
      },
      "properties": {
        "footprint": 1311.93,
        "floors": 6,
        "height": 19.2,
        "roof": "flat",
        "setback": 2.96,
        "use": "residential",
        "material": "mixed",
        "editable_volume": {
          "width": 23.67,
          "depth": 55.43,
          "height": 19.2
        },
        "feature_type": "Building",
        "parent_id": "lot-block-district-residential-42-13-1",
        "stage": "buildings",
        "seed": 415008249025380911
      }
    },
    {
      "type": "Feature",
      "id": "building-lot-block-district-residential-42-13-2",
      "geometry": {
        "type": "Polygon",
        "coordinates": [
          [
            [
              554.502,
              707.287
            ],
            [
              578.17,
              707.287
            ],
            [
              578.17,
              762.713
            ],
            [
              554.502,
              762.713
            ],
            [
              554.502,
              707.287
            ]
          ]
        ]
      },
      "properties": {
        "footprint": 1311.89,
        "floors": 7,
        "height": 22.4,
        "roof": "flat",
        "setback": 2.96,
        "use": "residential",
        "material": "mixed",
        "editable_volume": {
          "width": 23.67,
          "depth": 55.43,
          "height": 22.4
        },
        "feature_type": "Building",
        "parent_id": "lot-block-district-residential-42-13-2",
        "stage": "buildings",
        "seed": 415008249025380911
      }
    },
    {
      "type": "Feature",
      "id": "building-lot-block-district-residential-42-21-1",
      "geometry": {
        "type": "Polygon",
        "coordinates": [
          [
            [
              313.915,
              774.111
            ],
            [
              337.584,
              774.111
            ],
            [
              337.584,
              827.889
            ],
            [
              313.915,
              827.889
            ],
            [
              313.915,
              774.111
            ]
          ]
        ]
      },
      "properties": {
        "footprint": 1272.92,
        "floors": 7,
        "height": 22.4,
        "roof": "flat",
        "setback": 2.96,
        "use": "residential",
        "material": "mixed",
        "editable_volume": {
          "width": 23.67,
          "depth": 53.78,
          "height": 22.4
        },
        "feature_type": "Building",
        "parent_id": "lot-block-district-residential-42-21-1",
        "stage": "buildings",
        "seed": 415008249025380911
      }
    },
    {
      "type": "Feature",
      "id": "building-lot-block-district-residential-42-21-2",
      "geometry": {
        "type": "Polygon",
        "coordinates": [
          [
            [
              346.502,
              774.111
            ],
            [
              370.17,
              774.111
            ],
            [
              370.17,
              827.889
            ],
            [
              346.502,
              827.889
            ],
            [
              346.502,
              774.111
            ]
          ]
        ]
      },
      "properties": {
        "footprint": 1272.88,
        "floors": 6,
        "height": 19.2,
        "roof": "flat",
        "setback": 2.96,
        "use": "residential",
        "material": "mixed",
        "editable_volume": {
          "width": 23.67,
          "depth": 53.78,
          "height": 19.2
        },
        "feature_type": "Building",
        "parent_id": "lot-block-district-residential-42-21-2",
        "stage": "buildings",
        "seed": 415008249025380911
      }
    },
    {
      "type": "Feature",
      "id": "building-lot-block-district-residential-42-22-1",
      "geometry": {
        "type": "Polygon",
        "coordinates": [
          [
            [
              417.915,
              775.579
            ],
            [
              441.584,
              775.579
            ],
            [
              441.584,
              826.421
            ],
            [
              417.915,
              826.421
            ],
            [
              417.915,
              775.579
            ]
          ]
        ]
      },
      "properties": {
        "footprint": 1203.42,
        "floors": 7,
        "height": 22.4,
        "roof": "flat",
        "setback": 2.96,
        "use": "residential",
        "material": "mixed",
        "editable_volume": {
          "width": 23.67,
          "depth": 50.84,
          "height": 22.4
        },
        "feature_type": "Building",
        "parent_id": "lot-block-district-residential-42-22-1",
        "stage": "buildings",
        "seed": 415008249025380911
      }
    },
    {
      "type": "Feature",
      "id": "building-lot-block-district-residential-42-22-2",
      "geometry": {
        "type": "Polygon",
        "coordinates": [
          [
            [
              450.502,
              775.579
            ],
            [
              474.17,
              775.579
            ],
            [
              474.17,
              826.421
            ],
            [
              450.502,
              826.421
            ],
            [
              450.502,
              775.579
            ]
          ]
        ]
      },
      "properties": {
        "footprint": 1203.39,
        "floors": 3,
        "height": 9.6,
        "roof": "hip",
        "setback": 2.96,
        "use": "residential",
        "material": "mixed",
        "editable_volume": {
          "width": 23.67,
          "depth": 50.84,
          "height": 9.6
        },
        "feature_type": "Building",
        "parent_id": "lot-block-district-residential-42-22-2",
        "stage": "buildings",
        "seed": 415008249025380911
      }
    },
    {
      "type": "Feature",
      "id": "building-lot-block-district-residential-42-23-2",
      "geometry": {
        "type": "Polygon",
        "coordinates": [
          [
            [
              554.502,
              773.338
            ],
            [
              578.17,
              773.338
            ],
            [
              578.17,
              828.662
            ],
            [
              554.502,
              828.662
            ],
            [
              554.502,
              773.338
            ]
          ]
        ]
      },
      "properties": {
        "footprint": 1309.47,
        "floors": 2,
        "height": 6.4,
        "roof": "hip",
        "setback": 2.96,
        "use": "residential",
        "material": "mixed",
        "editable_volume": {
          "width": 23.67,
          "depth": 55.32,
          "height": 6.4
        },
        "feature_type": "Building",
        "parent_id": "lot-block-district-residential-42-23-2",
        "stage": "buildings",
        "seed": 415008249025380911
      }
    },
    {
      "type": "Feature",
      "id": "building-lot-block-district-residential-42-23-3",
      "geometry": {
        "type": "Polygon",
        "coordinates": [
          [
            [
              587.088,
              773.338
            ],
            [
              610.757,
              773.338
            ],
            [
              610.757,
              828.662
            ],
            [
              587.088,
              828.662
            ],
            [
              587.088,
              773.338
            ]
          ]
        ]
      },
      "properties": {
        "footprint": 1309.51,
        "floors": 2,
        "height": 6.4,
        "roof": "gable",
        "setback": 2.96,
        "use": "residential",
        "material": "mixed",
        "editable_volume": {
          "width": 23.67,
          "depth": 55.32,
          "height": 6.4
        },
        "feature_type": "Building",
        "parent_id": "lot-block-district-residential-42-23-3",
        "stage": "buildings",
        "seed": 415008249025380911
      }
    },
    {
      "type": "Feature",
      "id": "building-lot-block-district-residential-42-31-1",
      "geometry": {
        "type": "Polygon",
        "coordinates": [
          [
            [
              313.915,
              841.579
            ],
            [
              337.584,
              841.579
            ],
            [
              337.584,
              892.421
            ],
            [
              313.915,
              892.421
            ],
            [
              313.915,
              841.579
            ]
          ]
        ]
      },
      "properties": {
        "footprint": 1203.42,
        "floors": 3,
        "height": 9.6,
        "roof": "gable",
        "setback": 2.96,
        "use": "residential",
        "material": "mixed",
        "editable_volume": {
          "width": 23.67,
          "depth": 50.84,
          "height": 9.6
        },
        "feature_type": "Building",
        "parent_id": "lot-block-district-residential-42-31-1",
        "stage": "buildings",
        "seed": 415008249025380911
      }
    },
    {
      "type": "Feature",
      "id": "building-lot-block-district-residential-42-31-2",
      "geometry": {
        "type": "Polygon",
        "coordinates": [
          [
            [
              346.502,
              841.579
            ],
            [
              370.17,
              841.579
            ],
            [
              370.17,
              892.421
            ],
            [
              346.502,
              892.421
            ],
            [
              346.502,
              841.579
            ]
          ]
        ]
      },
      "properties": {
        "footprint": 1203.39,
        "floors": 4,
        "height": 12.8,
        "roof": "flat",
        "setback": 2.96,
        "use": "residential",
        "material": "mixed",
        "editable_volume": {
          "width": 23.67,
          "depth": 50.84,
          "height": 12.8
        },
        "feature_type": "Building",
        "parent_id": "lot-block-district-residential-42-31-2",
        "stage": "buildings",
        "seed": 415008249025380911
      }
    },
    {
      "type": "Feature",
      "id": "building-lot-block-district-residential-42-31-3",
      "geometry": {
        "type": "Polygon",
        "coordinates": [
          [
            [
              379.088,
              841.579
            ],
            [
              402.757,
              841.579
            ],
            [
              402.757,
              892.421
            ],
            [
              379.088,
              892.421
            ],
            [
              379.088,
              841.579
            ]
          ]
        ]
      },
      "properties": {
        "footprint": 1203.42,
        "floors": 3,
        "height": 9.6,
        "roof": "flat",
        "setback": 2.96,
        "use": "residential",
        "material": "mixed",
        "editable_volume": {
          "width": 23.67,
          "depth": 50.84,
          "height": 9.6
        },
        "feature_type": "Building",
        "parent_id": "lot-block-district-residential-42-31-3",
        "stage": "buildings",
        "seed": 415008249025380911
      }
    },
    {
      "type": "Feature",
      "id": "building-lot-block-district-residential-42-32-3",
      "geometry": {
        "type": "Polygon",
        "coordinates": [
          [
            [
              483.088,
              841.579
            ],
            [
              506.757,
              841.579
            ],
            [
              506.757,
              892.421
            ],
            [
              483.088,
              892.421
            ],
            [
              483.088,
              841.579
            ]
          ]
        ]
      },
      "properties": {
        "footprint": 1203.42,
        "floors": 6,
        "height": 19.2,
        "roof": "flat",
        "setback": 2.96,
        "use": "residential",
        "material": "mixed",
        "editable_volume": {
          "width": 23.67,
          "depth": 50.84,
          "height": 19.2
        },
        "feature_type": "Building",
        "parent_id": "lot-block-district-residential-42-32-3",
        "stage": "buildings",
        "seed": 415008249025380911
      }
    },
    {
      "type": "Feature",
      "id": "building-lot-block-district-residential-42-33-1",
      "geometry": {
        "type": "Polygon",
        "coordinates": [
          [
            [
              521.915,
              841.579
            ],
            [
              545.584,
              841.579
            ],
            [
              545.584,
              892.421
            ],
            [
              521.915,
              892.421
            ],
            [
              521.915,
              841.579
            ]
          ]
        ]
      },
      "properties": {
        "footprint": 1203.42,
        "floors": 3,
        "height": 9.6,
        "roof": "hip",
        "setback": 2.96,
        "use": "residential",
        "material": "mixed",
        "editable_volume": {
          "width": 23.67,
          "depth": 50.84,
          "height": 9.6
        },
        "feature_type": "Building",
        "parent_id": "lot-block-district-residential-42-33-1",
        "stage": "buildings",
        "seed": 415008249025380911
      }
    },
    {
      "type": "Feature",
      "id": "building-lot-block-district-residential-42-33-3",
      "geometry": {
        "type": "Polygon",
        "coordinates": [
          [
            [
              587.088,
              841.579
            ],
            [
              610.757,
              841.579
            ],
            [
              610.757,
              892.421
            ],
            [
              587.088,
              892.421
            ],
            [
              587.088,
              841.579
            ]
          ]
        ]
      },
      "properties": {
        "footprint": 1203.42,
        "floors": 2,
        "height": 6.4,
        "roof": "flat",
        "setback": 2.96,
        "use": "residential",
        "material": "mixed",
        "editable_volume": {
          "width": 23.67,
          "depth": 50.84,
          "height": 6.4
        },
        "feature_type": "Building",
        "parent_id": "lot-block-district-residential-42-33-3",
        "stage": "buildings",
        "seed": 415008249025380911
      }
    },
    {
      "type": "Feature",
      "id": "building-lot-block-district-residential-43-11-2",
      "geometry": {
        "type": "Polygon",
        "coordinates": [
          [
            [
              653.449,
              706.092
            ],
            [
              675.113,
              706.092
            ],
            [
              675.113,
              763.908
            ],
            [
              653.449,
              763.908
            ],
            [
              653.449,
              706.092
            ]
          ]
        ]
      },
      "properties": {
        "footprint": 1252.53,
        "floors": 4,
        "height": 12.8,
        "roof": "flat",
        "setback": 2.71,
        "use": "residential",
        "material": "mixed",
        "editable_volume": {
          "width": 21.66,
          "depth": 57.82,
          "height": 12.8
        },
        "feature_type": "Building",
        "parent_id": "lot-block-district-residential-43-11-2",
        "stage": "buildings",
        "seed": 415008249025380911
      }
    },
    {
      "type": "Feature",
      "id": "building-lot-block-district-residential-43-11-3",
      "geometry": {
        "type": "Polygon",
        "coordinates": [
          [
            [
              683.529,
              706.092
            ],
            [
              705.193,
              706.092
            ],
            [
              705.193,
              763.908
            ],
            [
              683.529,
              763.908
            ],
            [
              683.529,
              706.092
            ]
          ]
        ]
      },
      "properties": {
        "footprint": 1252.53,
        "floors": 4,
        "height": 12.8,
        "roof": "flat",
        "setback": 2.71,
        "use": "residential",
        "material": "mixed",
        "editable_volume": {
          "width": 21.66,
          "depth": 57.82,
          "height": 12.8
        },
        "feature_type": "Building",
        "parent_id": "lot-block-district-residential-43-11-3",
        "stage": "buildings",
        "seed": 415008249025380911
      }
    },
    {
      "type": "Feature",
      "id": "building-lot-block-district-residential-43-12-1",
      "geometry": {
        "type": "Polygon",
        "coordinates": [
          [
            [
              719.369,
              709.088
            ],
            [
              741.033,
              709.088
            ],
            [
              741.033,
              760.912
            ],
            [
              719.369,
              760.912
            ],
            [
              719.369,
              709.088
            ]
          ]
        ]
      },
      "properties": {
        "footprint": 1122.72,
        "floors": 3,
        "height": 9.6,
        "roof": "gable",
        "setback": 2.71,
        "use": "residential",
        "material": "mixed",
        "editable_volume": {
          "width": 21.66,
          "depth": 51.82,
          "height": 9.6
        },
        "feature_type": "Building",
        "parent_id": "lot-block-district-residential-43-12-1",
        "stage": "buildings",
        "seed": 415008249025380911
      }
    },
    {
      "type": "Feature",
      "id": "building-lot-block-district-residential-43-12-2",
      "geometry": {
        "type": "Polygon",
        "coordinates": [
          [
            [
              749.449,
              709.088
            ],
            [
              771.113,
              709.088
            ],
            [
              771.113,
              760.912
            ],
            [
              749.449,
              760.912
            ],
            [
              749.449,
              709.088
            ]
          ]
        ]
      },
      "properties": {
        "footprint": 1122.72,
        "floors": 5,
        "height": 16.0,
        "roof": "flat",
        "setback": 2.71,
        "use": "residential",
        "material": "mixed",
        "editable_volume": {
          "width": 21.66,
          "depth": 51.82,
          "height": 16.0
        },
        "feature_type": "Building",
        "parent_id": "lot-block-district-residential-43-12-2",
        "stage": "buildings",
        "seed": 415008249025380911
      }
    },
    {
      "type": "Feature",
      "id": "building-lot-block-district-residential-43-13-1",
      "geometry": {
        "type": "Polygon",
        "coordinates": [
          [
            [
              815.369,
              708.267
            ],
            [
              837.033,
              708.267
            ],
            [
              837.033,
              761.733
            ],
            [
              815.369,
              761.733
            ],
            [
              815.369,
              708.267
            ]
          ]
        ]
      },
      "properties": {
        "footprint": 1158.29,
        "floors": 6,
        "height": 19.2,
        "roof": "flat",
        "setback": 2.71,
        "use": "residential",
        "material": "mixed",
        "editable_volume": {
          "width": 21.66,
          "depth": 53.47,
          "height": 19.2
        },
        "feature_type": "Building",
        "parent_id": "lot-block-district-residential-43-13-1",
        "stage": "buildings",
        "seed": 415008249025380911
      }
    },
    {
      "type": "Feature",
      "id": "building-lot-block-district-residential-43-13-2",
      "geometry": {
        "type": "Polygon",
        "coordinates": [
          [
            [
              845.449,
              708.267
            ],
            [
              867.113,
              708.267
            ],
            [
              867.113,
              761.733
            ],
            [
              845.449,
              761.733
            ],
            [
              845.449,
              708.267
            ]
          ]
        ]
      },
      "properties": {
        "footprint": 1158.29,
        "floors": 3,
        "height": 9.6,
        "roof": "gable",
        "setback": 2.71,
        "use": "residential",
        "material": "mixed",
        "editable_volume": {
          "width": 21.66,
          "depth": 53.47,
          "height": 9.6
        },
        "feature_type": "Building",
        "parent_id": "lot-block-district-residential-43-13-2",
        "stage": "buildings",
        "seed": 415008249025380911
      }
    },
    {
      "type": "Feature",
      "id": "building-lot-block-district-residential-43-13-3",
      "geometry": {
        "type": "Polygon",
        "coordinates": [
          [
            [
              875.529,
              708.267
            ],
            [
              897.193,
              708.267
            ],
            [
              897.193,
              761.733
            ],
            [
              875.529,
              761.733
            ],
            [
              875.529,
              708.267
            ]
          ]
        ]
      },
      "properties": {
        "footprint": 1158.29,
        "floors": 4,
        "height": 12.8,
        "roof": "flat",
        "setback": 2.71,
        "use": "residential",
        "material": "mixed",
        "editable_volume": {
          "width": 21.66,
          "depth": 53.47,
          "height": 12.8
        },
        "feature_type": "Building",
        "parent_id": "lot-block-district-residential-43-13-3",
        "stage": "buildings",
        "seed": 415008249025380911
      }
    },
    {
      "type": "Feature",
      "id": "building-lot-block-district-residential-43-21-1",
      "geometry": {
        "type": "Polygon",
        "coordinates": [
          [
            [
              623.369,
              773.869
            ],
            [
              645.033,
              773.869
            ],
            [
              645.033,
              828.131
            ],
            [
              623.369,
              828.131
            ],
            [
              623.369,
              773.869
            ]
          ]
        ]
      },
      "properties": {
        "footprint": 1175.53,
        "floors": 4,
        "height": 12.8,
        "roof": "flat",
        "setback": 2.71,
        "use": "residential",
        "material": "mixed",
        "editable_volume": {
          "width": 21.66,
          "depth": 54.26,
          "height": 12.8
        },
        "feature_type": "Building",
        "parent_id": "lot-block-district-residential-43-21-1",
        "stage": "buildings",
        "seed": 415008249025380911
      }
    },
    {
      "type": "Feature",
      "id": "building-lot-block-district-residential-43-21-2",
      "geometry": {
        "type": "Polygon",
        "coordinates": [
          [
            [
              653.449,
              773.869
            ],
            [
              675.113,
              773.869
            ],
            [
              675.113,
              828.131
            ],
            [
              653.449,
              828.131
            ],
            [
              653.449,
              773.869
            ]
          ]
        ]
      },
      "properties": {
        "footprint": 1175.53,
        "floors": 3,
        "height": 9.6,
        "roof": "hip",
        "setback": 2.71,
        "use": "residential",
        "material": "mixed",
        "editable_volume": {
          "width": 21.66,
          "depth": 54.26,
          "height": 9.6
        },
        "feature_type": "Building",
        "parent_id": "lot-block-district-residential-43-21-2",
        "stage": "buildings",
        "seed": 415008249025380911
      }
    },
    {
      "type": "Feature",
      "id": "building-lot-block-district-residential-43-22-3",
      "geometry": {
        "type": "Polygon",
        "coordinates": [
          [
            [
              779.529,
              774.366
            ],
            [
              801.193,
              774.366
            ],
            [
              801.193,
              827.634
            ],
            [
              779.529,
              827.634
            ],
            [
              779.529,
              774.366
            ]
          ]
        ]
      },
      "properties": {
        "footprint": 1154.0,
        "floors": 3,
        "height": 9.6,
        "roof": "hip",
        "setback": 2.71,
        "use": "residential",
        "material": "mixed",
        "editable_volume": {
          "width": 21.66,
          "depth": 53.27,
          "height": 9.6
        },
        "feature_type": "Building",
        "parent_id": "lot-block-district-residential-43-22-3",
        "stage": "buildings",
        "seed": 415008249025380911
      }
    },
    {
      "type": "Feature",
      "id": "building-lot-block-district-residential-43-23-1",
      "geometry": {
        "type": "Polygon",
        "coordinates": [
          [
            [
              815.369,
              775.088
            ],
            [
              837.033,
              775.088
            ],
            [
              837.033,
              826.912
            ],
            [
              815.369,
              826.912
            ],
            [
              815.369,
              775.088
            ]
          ]
        ]
      },
      "properties": {
        "footprint": 1122.72,
        "floors": 5,
        "height": 16.0,
        "roof": "flat",
        "setback": 2.71,
        "use": "residential",
        "material": "mixed",
        "editable_volume": {
          "width": 21.66,
          "depth": 51.82,
          "height": 16.0
        },
        "feature_type": "Building",
        "parent_id": "lot-block-district-residential-43-23-1",
        "stage": "buildings",
        "seed": 415008249025380911
      }
    },
    {
      "type": "Feature",
      "id": "building-lot-block-district-residential-43-23-2",
      "geometry": {
        "type": "Polygon",
        "coordinates": [
          [
            [
              845.449,
              775.088
            ],
            [
              867.113,
              775.088
            ],
            [
              867.113,
              826.912
            ],
            [
              845.449,
              826.912
            ],
            [
              845.449,
              775.088
            ]
          ]
        ]
      },
      "properties": {
        "footprint": 1122.72,
        "floors": 3,
        "height": 9.6,
        "roof": "gable",
        "setback": 2.71,
        "use": "residential",
        "material": "mixed",
        "editable_volume": {
          "width": 21.66,
          "depth": 51.82,
          "height": 9.6
        },
        "feature_type": "Building",
        "parent_id": "lot-block-district-residential-43-23-2",
        "stage": "buildings",
        "seed": 415008249025380911
      }
    },
    {
      "type": "Feature",
      "id": "building-lot-block-district-residential-43-23-3",
      "geometry": {
        "type": "Polygon",
        "coordinates": [
          [
            [
              875.529,
              775.088
            ],
            [
              897.193,
              775.088
            ],
            [
              897.193,
              826.912
            ],
            [
              875.529,
              826.912
            ],
            [
              875.529,
              775.088
            ]
          ]
        ]
      },
      "properties": {
        "footprint": 1122.72,
        "floors": 3,
        "height": 9.6,
        "roof": "hip",
        "setback": 2.71,
        "use": "residential",
        "material": "mixed",
        "editable_volume": {
          "width": 21.66,
          "depth": 51.82,
          "height": 9.6
        },
        "feature_type": "Building",
        "parent_id": "lot-block-district-residential-43-23-3",
        "stage": "buildings",
        "seed": 415008249025380911
      }
    },
    {
      "type": "Feature",
      "id": "building-lot-block-district-residential-43-31-1",
      "geometry": {
        "type": "Polygon",
        "coordinates": [
          [
            [
              623.369,
              841.088
            ],
            [
              645.033,
              841.088
            ],
            [
              645.033,
              892.912
            ],
            [
              623.369,
              892.912
            ],
            [
              623.369,
              841.088
            ]
          ]
        ]
      },
      "properties": {
        "footprint": 1122.72,
        "floors": 6,
        "height": 19.2,
        "roof": "flat",
        "setback": 2.71,
        "use": "residential",
        "material": "mixed",
        "editable_volume": {
          "width": 21.66,
          "depth": 51.82,
          "height": 19.2
        },
        "feature_type": "Building",
        "parent_id": "lot-block-district-residential-43-31-1",
        "stage": "buildings",
        "seed": 415008249025380911
      }
    },
    {
      "type": "Feature",
      "id": "building-lot-block-district-residential-43-31-2",
      "geometry": {
        "type": "Polygon",
        "coordinates": [
          [
            [
              653.449,
              841.088
            ],
            [
              675.113,
              841.088
            ],
            [
              675.113,
              892.912
            ],
            [
              653.449,
              892.912
            ],
            [
              653.449,
              841.088
            ]
          ]
        ]
      },
      "properties": {
        "footprint": 1122.72,
        "floors": 6,
        "height": 19.2,
        "roof": "flat",
        "setback": 2.71,
        "use": "residential",
        "material": "mixed",
        "editable_volume": {
          "width": 21.66,
          "depth": 51.82,
          "height": 19.2
        },
        "feature_type": "Building",
        "parent_id": "lot-block-district-residential-43-31-2",
        "stage": "buildings",
        "seed": 415008249025380911
      }
    },
    {
      "type": "Feature",
      "id": "building-lot-block-district-residential-43-32-1",
      "geometry": {
        "type": "Polygon",
        "coordinates": [
          [
            [
              719.369,
              841.088
            ],
            [
              741.033,
              841.088
            ],
            [
              741.033,
              892.912
            ],
            [
              719.369,
              892.912
            ],
            [
              719.369,
              841.088
            ]
          ]
        ]
      },
      "properties": {
        "footprint": 1122.72,
        "floors": 5,
        "height": 16.0,
        "roof": "flat",
        "setback": 2.71,
        "use": "residential",
        "material": "mixed",
        "editable_volume": {
          "width": 21.66,
          "depth": 51.82,
          "height": 16.0
        },
        "feature_type": "Building",
        "parent_id": "lot-block-district-residential-43-32-1",
        "stage": "buildings",
        "seed": 415008249025380911
      }
    },
    {
      "type": "Feature",
      "id": "building-lot-block-district-residential-43-32-2",
      "geometry": {
        "type": "Polygon",
        "coordinates": [
          [
            [
              749.449,
              841.088
            ],
            [
              771.113,
              841.088
            ],
            [
              771.113,
              892.912
            ],
            [
              749.449,
              892.912
            ],
            [
              749.449,
              841.088
            ]
          ]
        ]
      },
      "properties": {
        "footprint": 1122.72,
        "floors": 5,
        "height": 16.0,
        "roof": "flat",
        "setback": 2.71,
        "use": "residential",
        "material": "mixed",
        "editable_volume": {
          "width": 21.66,
          "depth": 51.82,
          "height": 16.0
        },
        "feature_type": "Building",
        "parent_id": "lot-block-district-residential-43-32-2",
        "stage": "buildings",
        "seed": 415008249025380911
      }
    },
    {
      "type": "Feature",
      "id": "building-lot-block-district-residential-43-33-1",
      "geometry": {
        "type": "Polygon",
        "coordinates": [
          [
            [
              815.369,
              841.088
            ],
            [
              837.033,
              841.088
            ],
            [
              837.033,
              892.912
            ],
            [
              815.369,
              892.912
            ],
            [
              815.369,
              841.088
            ]
          ]
        ]
      },
      "properties": {
        "footprint": 1122.72,
        "floors": 5,
        "height": 16.0,
        "roof": "flat",
        "setback": 2.71,
        "use": "residential",
        "material": "mixed",
        "editable_volume": {
          "width": 21.66,
          "depth": 51.82,
          "height": 16.0
        },
        "feature_type": "Building",
        "parent_id": "lot-block-district-residential-43-33-1",
        "stage": "buildings",
        "seed": 415008249025380911
      }
    },
    {
      "type": "Feature",
      "id": "building-lot-block-district-residential-43-33-2",
      "geometry": {
        "type": "Polygon",
        "coordinates": [
          [
            [
              845.449,
              841.088
            ],
            [
              867.113,
              841.088
            ],
            [
              867.113,
              892.912
            ],
            [
              845.449,
              892.912
            ],
            [
              845.449,
              841.088
            ]
          ]
        ]
      },
      "properties": {
        "footprint": 1122.72,
        "floors": 7,
        "height": 22.4,
        "roof": "flat",
        "setback": 2.71,
        "use": "residential",
        "material": "mixed",
        "editable_volume": {
          "width": 21.66,
          "depth": 51.82,
          "height": 22.4
        },
        "feature_type": "Building",
        "parent_id": "lot-block-district-residential-43-33-2",
        "stage": "buildings",
        "seed": 415008249025380911
      }
    },
    {
      "type": "Feature",
      "id": "building-lot-block-district-business-44-11-2",
      "geometry": {
        "type": "Polygon",
        "coordinates": [
          [
            [
              949.168,
              707.01
            ],
            [
              970.832,
              707.01
            ],
            [
              970.832,
              762.99
            ],
            [
              949.168,
              762.99
            ],
            [
              949.168,
              707.01
            ]
          ]
        ]
      },
      "properties": {
        "footprint": 1212.75,
        "floors": 9,
        "height": 28.8,
        "roof": "flat",
        "setback": 2.71,
        "use": "business",
        "material": "concrete",
        "editable_volume": {
          "width": 21.66,
          "depth": 55.98,
          "height": 28.8
        },
        "feature_type": "Building",
        "parent_id": "lot-block-district-business-44-11-2",
        "stage": "buildings",
        "seed": 415008249025380911
      }
    },
    {
      "type": "Feature",
      "id": "building-lot-block-district-business-44-11-3",
      "geometry": {
        "type": "Polygon",
        "coordinates": [
          [
            [
              979.248,
              707.01
            ],
            [
              1000.912,
              707.01
            ],
            [
              1000.912,
              762.99
            ],
            [
              979.248,
              762.99
            ],
            [
              979.248,
              707.01
            ]
          ]
        ]
      },
      "properties": {
        "footprint": 1212.75,
        "floors": 7,
        "height": 22.4,
        "roof": "flat",
        "setback": 2.71,
        "use": "business",
        "material": "concrete",
        "editable_volume": {
          "width": 21.66,
          "depth": 55.98,
          "height": 22.4
        },
        "feature_type": "Building",
        "parent_id": "lot-block-district-business-44-11-3",
        "stage": "buildings",
        "seed": 415008249025380911
      }
    },
    {
      "type": "Feature",
      "id": "building-lot-block-district-business-44-12-1",
      "geometry": {
        "type": "Polygon",
        "coordinates": [
          [
            [
              1015.088,
              709.088
            ],
            [
              1036.752,
              709.088
            ],
            [
              1036.752,
              760.912
            ],
            [
              1015.088,
              760.912
            ],
            [
              1015.088,
              709.088
            ]
          ]
        ]
      },
      "properties": {
        "footprint": 1122.72,
        "floors": 18,
        "height": 57.6,
        "roof": "flat",
        "setback": 2.71,
        "use": "business",
        "material": "concrete",
        "editable_volume": {
          "width": 21.66,
          "depth": 51.82,
          "height": 57.6
        },
        "feature_type": "Building",
        "parent_id": "lot-block-district-business-44-12-1",
        "stage": "buildings",
        "seed": 415008249025380911
      }
    },
    {
      "type": "Feature",
      "id": "building-lot-block-district-business-44-12-2",
      "geometry": {
        "type": "Polygon",
        "coordinates": [
          [
            [
              1045.168,
              709.088
            ],
            [
              1066.832,
              709.088
            ],
            [
              1066.832,
              760.912
            ],
            [
              1045.168,
              760.912
            ],
            [
              1045.168,
              709.088
            ]
          ]
        ]
      },
      "properties": {
        "footprint": 1122.72,
        "floors": 12,
        "height": 38.4,
        "roof": "flat",
        "setback": 2.71,
        "use": "business",
        "material": "concrete",
        "editable_volume": {
          "width": 21.66,
          "depth": 51.82,
          "height": 38.4
        },
        "feature_type": "Building",
        "parent_id": "lot-block-district-business-44-12-2",
        "stage": "buildings",
        "seed": 415008249025380911
      }
    },
    {
      "type": "Feature",
      "id": "building-lot-block-district-business-44-13-1",
      "geometry": {
        "type": "Polygon",
        "coordinates": [
          [
            [
              1111.088,
              707.976
            ],
            [
              1132.752,
              707.976
            ],
            [
              1132.752,
              762.024
            ],
            [
              1111.088,
              762.024
            ],
            [
              1111.088,
              707.976
            ]
          ]
        ]
      },
      "properties": {
        "footprint": 1170.9,
        "floors": 9,
        "height": 28.8,
        "roof": "flat",
        "setback": 2.71,
        "use": "business",
        "material": "concrete",
        "editable_volume": {
          "width": 21.66,
          "depth": 54.05,
          "height": 28.8
        },
        "feature_type": "Building",
        "parent_id": "lot-block-district-business-44-13-1",
        "stage": "buildings",
        "seed": 415008249025380911
      }
    },
    {
      "type": "Feature",
      "id": "building-lot-block-district-business-44-21-1",
      "geometry": {
        "type": "Polygon",
        "coordinates": [
          [
            [
              919.088,
              774.254
            ],
            [
              940.752,
              774.254
            ],
            [
              940.752,
              827.746
            ],
            [
              919.088,
              827.746
            ],
            [
              919.088,
              774.254
            ]
          ]
        ]
      },
      "properties": {
        "footprint": 1158.85,
        "floors": 12,
        "height": 38.4,
        "roof": "flat",
        "setback": 2.71,
        "use": "business",
        "material": "concrete",
        "editable_volume": {
          "width": 21.66,
          "depth": 53.49,
          "height": 38.4
        },
        "feature_type": "Building",
        "parent_id": "lot-block-district-business-44-21-1",
        "stage": "buildings",
        "seed": 415008249025380911
      }
    },
    {
      "type": "Feature",
      "id": "building-lot-block-district-business-44-21-2",
      "geometry": {
        "type": "Polygon",
        "coordinates": [
          [
            [
              949.168,
              774.254
            ],
            [
              970.832,
              774.254
            ],
            [
              970.832,
              827.746
            ],
            [
              949.168,
              827.746
            ],
            [
              949.168,
              774.254
            ]
          ]
        ]
      },
      "properties": {
        "footprint": 1158.85,
        "floors": 8,
        "height": 25.6,
        "roof": "flat",
        "setback": 2.71,
        "use": "business",
        "material": "concrete",
        "editable_volume": {
          "width": 21.66,
          "depth": 53.49,
          "height": 25.6
        },
        "feature_type": "Building",
        "parent_id": "lot-block-district-business-44-21-2",
        "stage": "buildings",
        "seed": 415008249025380911
      }
    },
    {
      "type": "Feature",
      "id": "building-lot-block-district-business-44-21-3",
      "geometry": {
        "type": "Polygon",
        "coordinates": [
          [
            [
              979.248,
              774.254
            ],
            [
              1000.912,
              774.254
            ],
            [
              1000.912,
              827.746
            ],
            [
              979.248,
              827.746
            ],
            [
              979.248,
              774.254
            ]
          ]
        ]
      },
      "properties": {
        "footprint": 1158.85,
        "floors": 7,
        "height": 22.4,
        "roof": "flat",
        "setback": 2.71,
        "use": "business",
        "material": "concrete",
        "editable_volume": {
          "width": 21.66,
          "depth": 53.49,
          "height": 22.4
        },
        "feature_type": "Building",
        "parent_id": "lot-block-district-business-44-21-3",
        "stage": "buildings",
        "seed": 415008249025380911
      }
    },
    {
      "type": "Feature",
      "id": "building-lot-block-district-business-44-22-1",
      "geometry": {
        "type": "Polygon",
        "coordinates": [
          [
            [
              1015.088,
              772.763
            ],
            [
              1036.752,
              772.763
            ],
            [
              1036.752,
              829.237
            ],
            [
              1015.088,
              829.237
            ],
            [
              1015.088,
              772.763
            ]
          ]
        ]
      },
      "properties": {
        "footprint": 1223.45,
        "floors": 16,
        "height": 51.2,
        "roof": "flat",
        "setback": 2.71,
        "use": "business",
        "material": "concrete",
        "editable_volume": {
          "width": 21.66,
          "depth": 56.47,
          "height": 51.2
        },
        "feature_type": "Building",
        "parent_id": "lot-block-district-business-44-22-1",
        "stage": "buildings",
        "seed": 415008249025380911
      }
    },
    {
      "type": "Feature",
      "id": "building-lot-block-district-business-44-22-2",
      "geometry": {
        "type": "Polygon",
        "coordinates": [
          [
            [
              1045.168,
              772.763
            ],
            [
              1066.832,
              772.763
            ],
            [
              1066.832,
              829.237
            ],
            [
              1045.168,
              829.237
            ],
            [
              1045.168,
              772.763
            ]
          ]
        ]
      },
      "properties": {
        "footprint": 1223.45,
        "floors": 12,
        "height": 38.4,
        "roof": "flat",
        "setback": 2.71,
        "use": "business",
        "material": "concrete",
        "editable_volume": {
          "width": 21.66,
          "depth": 56.47,
          "height": 38.4
        },
        "feature_type": "Building",
        "parent_id": "lot-block-district-business-44-22-2",
        "stage": "buildings",
        "seed": 415008249025380911
      }
    },
    {
      "type": "Feature",
      "id": "building-lot-block-district-business-44-23-1",
      "geometry": {
        "type": "Polygon",
        "coordinates": [
          [
            [
              1111.088,
              775.088
            ],
            [
              1132.752,
              775.088
            ],
            [
              1132.752,
              826.912
            ],
            [
              1111.088,
              826.912
            ],
            [
              1111.088,
              775.088
            ]
          ]
        ]
      },
      "properties": {
        "footprint": 1122.72,
        "floors": 9,
        "height": 28.8,
        "roof": "flat",
        "setback": 2.71,
        "use": "business",
        "material": "concrete",
        "editable_volume": {
          "width": 21.66,
          "depth": 51.82,
          "height": 28.8
        },
        "feature_type": "Building",
        "parent_id": "lot-block-district-business-44-23-1",
        "stage": "buildings",
        "seed": 415008249025380911
      }
    },
    {
      "type": "Feature",
      "id": "building-lot-block-district-business-44-23-2",
      "geometry": {
        "type": "Polygon",
        "coordinates": [
          [
            [
              1141.168,
              775.088
            ],
            [
              1162.832,
              775.088
            ],
            [
              1162.832,
              826.912
            ],
            [
              1141.168,
              826.912
            ],
            [
              1141.168,
              775.088
            ]
          ]
        ]
      },
      "properties": {
        "footprint": 1122.72,
        "floors": 12,
        "height": 38.4,
        "roof": "flat",
        "setback": 2.71,
        "use": "business",
        "material": "concrete",
        "editable_volume": {
          "width": 21.66,
          "depth": 51.82,
          "height": 38.4
        },
        "feature_type": "Building",
        "parent_id": "lot-block-district-business-44-23-2",
        "stage": "buildings",
        "seed": 415008249025380911
      }
    },
    {
      "type": "Feature",
      "id": "building-lot-block-district-business-44-23-3",
      "geometry": {
        "type": "Polygon",
        "coordinates": [
          [
            [
              1171.248,
              775.088
            ],
            [
              1192.912,
              775.088
            ],
            [
              1192.912,
              826.912
            ],
            [
              1171.248,
              826.912
            ],
            [
              1171.248,
              775.088
            ]
          ]
        ]
      },
      "properties": {
        "footprint": 1122.72,
        "floors": 9,
        "height": 28.8,
        "roof": "flat",
        "setback": 2.71,
        "use": "business",
        "material": "concrete",
        "editable_volume": {
          "width": 21.66,
          "depth": 51.82,
          "height": 28.8
        },
        "feature_type": "Building",
        "parent_id": "lot-block-district-business-44-23-3",
        "stage": "buildings",
        "seed": 415008249025380911
      }
    },
    {
      "type": "Feature",
      "id": "building-lot-block-district-business-44-31-2",
      "geometry": {
        "type": "Polygon",
        "coordinates": [
          [
            [
              949.168,
              838.151
            ],
            [
              970.832,
              838.151
            ],
            [
              970.832,
              895.792
            ],
            [
              949.168,
              895.792
            ],
            [
              949.168,
              838.151
            ]
          ]
        ]
      },
      "properties": {
        "footprint": 1248.73,
        "floors": 13,
        "height": 41.6,
        "roof": "flat",
        "setback": 2.71,
        "use": "business",
        "material": "concrete",
        "editable_volume": {
          "width": 21.66,
          "depth": 57.64,
          "height": 41.6
        },
        "feature_type": "Building",
        "parent_id": "lot-block-district-business-44-31-2",
        "stage": "buildings",
        "seed": 415008249025380911
      }
    },
    {
      "type": "Feature",
      "id": "building-lot-block-district-business-44-32-1",
      "geometry": {
        "type": "Polygon",
        "coordinates": [
          [
            [
              1015.088,
              841.046
            ],
            [
              1036.752,
              841.046
            ],
            [
              1036.752,
              892.954
            ],
            [
              1015.088,
              892.954
            ],
            [
              1015.088,
              841.046
            ]
          ]
        ]
      },
      "properties": {
        "footprint": 1124.53,
        "floors": 15,
        "height": 48.0,
        "roof": "flat",
        "setback": 2.71,
        "use": "business",
        "material": "concrete",
        "editable_volume": {
          "width": 21.66,
          "depth": 51.91,
          "height": 48.0
        },
        "feature_type": "Building",
        "parent_id": "lot-block-district-business-44-32-1",
        "stage": "buildings",
        "seed": 415008249025380911
      }
    },
    {
      "type": "Feature",
      "id": "building-lot-block-district-business-44-32-2",
      "geometry": {
        "type": "Polygon",
        "coordinates": [
          [
            [
              1045.168,
              841.046
            ],
            [
              1066.832,
              841.046
            ],
            [
              1066.832,
              892.954
            ],
            [
              1045.168,
              892.954
            ],
            [
              1045.168,
              841.046
            ]
          ]
        ]
      },
      "properties": {
        "footprint": 1124.53,
        "floors": 14,
        "height": 44.8,
        "roof": "flat",
        "setback": 2.71,
        "use": "business",
        "material": "concrete",
        "editable_volume": {
          "width": 21.66,
          "depth": 51.91,
          "height": 44.8
        },
        "feature_type": "Building",
        "parent_id": "lot-block-district-business-44-32-2",
        "stage": "buildings",
        "seed": 415008249025380911
      }
    },
    {
      "type": "Feature",
      "id": "building-lot-block-district-business-44-32-3",
      "geometry": {
        "type": "Polygon",
        "coordinates": [
          [
            [
              1075.248,
              841.046
            ],
            [
              1096.912,
              841.046
            ],
            [
              1096.912,
              892.954
            ],
            [
              1075.248,
              892.954
            ],
            [
              1075.248,
              841.046
            ]
          ]
        ]
      },
      "properties": {
        "footprint": 1124.53,
        "floors": 18,
        "height": 57.6,
        "roof": "flat",
        "setback": 2.71,
        "use": "business",
        "material": "concrete",
        "editable_volume": {
          "width": 21.66,
          "depth": 51.91,
          "height": 57.6
        },
        "feature_type": "Building",
        "parent_id": "lot-block-district-business-44-32-3",
        "stage": "buildings",
        "seed": 415008249025380911
      }
    },
    {
      "type": "Feature",
      "id": "building-lot-block-district-business-44-33-1",
      "geometry": {
        "type": "Polygon",
        "coordinates": [
          [
            [
              1111.088,
              841.088
            ],
            [
              1132.752,
              841.088
            ],
            [
              1132.752,
              892.912
            ],
            [
              1111.088,
              892.912
            ],
            [
              1111.088,
              841.088
            ]
          ]
        ]
      },
      "properties": {
        "footprint": 1122.72,
        "floors": 13,
        "height": 41.6,
        "roof": "flat",
        "setback": 2.71,
        "use": "business",
        "material": "concrete",
        "editable_volume": {
          "width": 21.66,
          "depth": 51.82,
          "height": 41.6
        },
        "feature_type": "Building",
        "parent_id": "lot-block-district-business-44-33-1",
        "stage": "buildings",
        "seed": 415008249025380911
      }
    },
    {
      "type": "Feature",
      "id": "building-lot-block-district-business-44-33-2",
      "geometry": {
        "type": "Polygon",
        "coordinates": [
          [
            [
              1141.168,
              841.088
            ],
            [
              1162.832,
              841.088
            ],
            [
              1162.832,
              892.912
            ],
            [
              1141.168,
              892.912
            ],
            [
              1141.168,
              841.088
            ]
          ]
        ]
      },
      "properties": {
        "footprint": 1122.72,
        "floors": 6,
        "height": 19.2,
        "roof": "flat",
        "setback": 2.71,
        "use": "business",
        "material": "concrete",
        "editable_volume": {
          "width": 21.66,
          "depth": 51.82,
          "height": 19.2
        },
        "feature_type": "Building",
        "parent_id": "lot-block-district-business-44-33-2",
        "stage": "buildings",
        "seed": 415008249025380911
      }
    },
    {
      "type": "Feature",
      "id": "building-lot-block-district-business-44-33-3",
      "geometry": {
        "type": "Polygon",
        "coordinates": [
          [
            [
              1171.248,
              841.088
            ],
            [
              1192.912,
              841.088
            ],
            [
              1192.912,
              892.912
            ],
            [
              1171.248,
              892.912
            ],
            [
              1171.248,
              841.088
            ]
          ]
        ]
      },
      "properties": {
        "footprint": 1122.72,
        "floors": 10,
        "height": 32.0,
        "roof": "flat",
        "setback": 2.71,
        "use": "business",
        "material": "concrete",
        "editable_volume": {
          "width": 21.66,
          "depth": 51.82,
          "height": 32.0
        },
        "feature_type": "Building",
        "parent_id": "lot-block-district-business-44-33-3",
        "stage": "buildings",
        "seed": 415008249025380911
      }
    },
    {
      "type": "Feature",
      "id": "poi-warehouse-11",
      "geometry": {
        "type": "Point",
        "coordinates": [
          146.506,
          137.905
        ]
      },
      "properties": {
        "poi_type": "Warehouse",
        "district": "industrial",
        "service_radius": 200,
        "feature_type": "POI",
        "parent_id": "district-industrial-11",
        "stage": "poi",
        "seed": 9944548192238592887
      }
    },
    {
      "type": "Feature",
      "id": "poi-park-12",
      "geometry": {
        "type": "Point",
        "coordinates": [
          473.263,
          132.353
        ]
      },
      "properties": {
        "poi_type": "Park",
        "district": "park",
        "service_radius": 160,
        "feature_type": "POI",
        "parent_id": "district-park-12",
        "stage": "poi",
        "seed": 9944548192238592887
      }
    },
    {
      "type": "Feature",
      "id": "poi-mall-13",
      "geometry": {
        "type": "Point",
        "coordinates": [
          782.215,
          139.294
        ]
      },
      "properties": {
        "poi_type": "Mall",
        "district": "commercial",
        "service_radius": 260,
        "feature_type": "POI",
        "parent_id": "district-commercial-13",
        "stage": "poi",
        "seed": 9944548192238592887
      }
    },
    {
      "type": "Feature",
      "id": "poi-warehouse-21",
      "geometry": {
        "type": "Point",
        "coordinates": [
          149.641,
          373.364
        ]
      },
      "properties": {
        "poi_type": "Warehouse",
        "district": "industrial",
        "service_radius": 200,
        "feature_type": "POI",
        "parent_id": "district-industrial-21",
        "stage": "poi",
        "seed": 9944548192238592887
      }
    },
    {
      "type": "Feature",
      "id": "poi-government-22",
      "geometry": {
        "type": "Point",
        "coordinates": [
          480.773,
          386.441
        ]
      },
      "properties": {
        "poi_type": "Government",
        "district": "business",
        "service_radius": 220,
        "feature_type": "POI",
        "parent_id": "district-business-22",
        "stage": "poi",
        "seed": 9944548192238592887
      }
    },
    {
      "type": "Feature",
      "id": "poi-temple-23",
      "geometry": {
        "type": "Point",
        "coordinates": [
          772.232,
          385.231
        ]
      },
      "properties": {
        "poi_type": "Temple",
        "district": "old_town",
        "service_radius": 140,
        "feature_type": "POI",
        "parent_id": "district-old_town-23",
        "stage": "poi",
        "seed": 9944548192238592887
      }
    },
    {
      "type": "Feature",
      "id": "poi-park-31",
      "geometry": {
        "type": "Point",
        "coordinates": [
          156.058,
          598.152
        ]
      },
      "properties": {
        "poi_type": "Park",
        "district": "park",
        "service_radius": 160,
        "feature_type": "POI",
        "parent_id": "district-park-31",
        "stage": "poi",
        "seed": 9944548192238592887
      }
    },
    {
      "type": "Feature",
      "id": "poi-station-32",
      "geometry": {
        "type": "Point",
        "coordinates": [
          472.747,
          596.998
        ]
      },
      "properties": {
        "poi_type": "Station",
        "district": "station_area",
        "service_radius": 240,
        "feature_type": "POI",
        "parent_id": "district-station_area-32",
        "stage": "poi",
        "seed": 9944548192238592887
      }
    },
    {
      "type": "Feature",
      "id": "poi-mall-33",
      "geometry": {
        "type": "Point",
        "coordinates": [
          766.404,
          594.568
        ]
      },
      "properties": {
        "poi_type": "Mall",
        "district": "commercial",
        "service_radius": 260,
        "feature_type": "POI",
        "parent_id": "district-commercial-33",
        "stage": "poi",
        "seed": 9944548192238592887
      }
    },
    {
      "type": "Feature",
      "id": "poi-park-41",
      "geometry": {
        "type": "Point",
        "coordinates": [
          157.068,
          812.67
        ]
      },
      "properties": {
        "poi_type": "Park",
        "district": "park",
        "service_radius": 160,
        "feature_type": "POI",
        "parent_id": "district-park-41",
        "stage": "poi",
        "seed": 9944548192238592887
      }
    },
    {
      "type": "Feature",
      "id": "poi-government-44",
      "geometry": {
        "type": "Point",
        "coordinates": [
          1061.726,
          790.114
        ]
      },
      "properties": {
        "poi_type": "Government",
        "district": "business",
        "service_radius": 220,
        "feature_type": "POI",
        "parent_id": "district-business-44",
        "stage": "poi",
        "seed": 9944548192238592887
      }
    },
    {
      "type": "Feature",
      "id": "poi-school-central",
      "geometry": {
        "type": "Point",
        "coordinates": [
          1060.041,
          150.561
        ]
      },
      "properties": {
        "poi_type": "School",
        "district": "residential",
        "service_radius": 180,
        "feature_type": "POI",
        "parent_id": "district-residential-14",
        "stage": "poi",
        "seed": 9944548192238592887
      }
    },
    {
      "type": "Feature",
      "id": "poi-hospital-central",
      "geometry": {
        "type": "Point",
        "coordinates": [
          453.955,
          601.381
        ]
      },
      "properties": {
        "poi_type": "Hospital",
        "district": "station_area",
        "service_radius": 180,
        "feature_type": "POI",
        "parent_id": "district-station_area-32",
        "stage": "poi",
        "seed": 9944548192238592887
      }
    },
    {
      "type": "Feature",
      "id": "poi-cafe-central",
      "geometry": {
        "type": "Point",
        "coordinates": [
          793.635,
          123.984
        ]
      },
      "properties": {
        "poi_type": "Cafe",
        "district": "commercial",
        "service_radius": 180,
        "feature_type": "POI",
        "parent_id": "district-commercial-13",
        "stage": "poi",
        "seed": 9944548192238592887
      }
    }
  ]
}
