# Procedural World Studio OBJ export
# vertices=4518 faces=3380
v 0.000000 -198.000000 0.000000
v 1200.000000 -198.000000 0.000000
v 1200.000000 216.000000 0.000000
v 0.000000 216.000000 0.000000
v 0.000000 450.000000 0.050000
v 1200.000000 450.000000 0.050000
v 144.000000 0.000000 0.050000
v 1008.000000 900.000000 0.050000
v 0.000000 203.391000 0.050000
v 1200.000000 207.647000 0.050000
v 0.000000 341.553000 0.050000
v 1200.000000 342.215000 0.050000
v 0.000000 549.711000 0.050000
v 1200.000000 550.552000 0.050000
v 0.000000 694.888000 0.050000
v 1200.000000 693.618000 0.050000
v 265.873000 0.000000 0.050000
v 259.042000 900.000000 0.050000
v 506.981000 0.000000 0.050000
v 513.305000 900.000000 0.050000
v 754.737000 0.000000 0.050000
v 759.977000 900.000000 0.050000
v 981.301000 0.000000 0.050000
v 985.002000 900.000000 0.050000
v 0.000000 112.243000 0.050000
v 1200.000000 112.267000 0.050000
v 0.000000 260.448000 0.050000
v 1200.000000 261.690000 0.050000
v 0.000000 416.096000 0.050000
v 1200.000000 411.002000 0.050000
v 0.000000 573.672000 0.050000
v 1200.000000 570.394000 0.050000
v 0.000000 722.614000 0.050000
v 1200.000000 712.973000 0.050000
v 120.547000 0.000000 0.050000
v 110.897000 900.000000 0.050000
v 296.898000 0.000000 0.050000
v 302.960000 900.000000 0.050000
v 479.208000 0.000000 0.050000
v 472.665000 900.000000 0.050000
v 667.582000 0.000000 0.050000
v 662.984000 900.000000 0.050000
v 836.357000 0.000000 0.050000
v 821.404000 900.000000 0.050000
v 1024.992000 0.000000 0.050000
v 1035.402000 900.000000 0.050000
v 636.000000 504.000000 0.050000
v 1200.000000 480.414000 0.050000
v 636.000000 504.000000 0.050000
v 1200.000000 872.886000 0.050000
v 636.000000 504.000000 0.050000
v 666.593000 900.000000 0.050000
v 636.000000 504.000000 0.050000
v 125.020000 900.000000 0.050000
v 636.000000 504.000000 0.050000
v 0.000000 510.763000 0.050000
v 636.000000 504.000000 0.050000
v 0.000000 78.304000 0.050000
v 636.000000 504.000000 0.050000
v 638.745000 0.000000 0.050000
v 636.000000 504.000000 0.050000
v 1200.000000 100.305000 0.050000
v 828.000000 504.000000 0.000000
v 824.311000 532.093000 0.000000
v 813.385000 559.106000 0.000000
v 795.642000 584.002000 0.000000
v 771.765000 605.823000 0.000000
v 742.669000 623.732000 0.000000
v 709.475000 637.039000 0.000000
v 673.457000 645.233000 0.000000
v 636.000000 648.000000 0.000000
v 598.543000 645.233000 0.000000
v 562.525000 637.039000 0.000000
v 529.331000 623.732000 0.000000
v 500.235000 605.823000 0.000000
v 476.358000 584.002000 0.000000
v 458.615000 559.106000 0.000000
v 447.689000 532.093000 0.000000
v 444.000000 504.000000 0.000000
v 447.689000 475.907000 0.000000
v 458.615000 448.894000 0.000000
v 476.358000 423.998000 0.000000
v 500.235000 402.177000 0.000000
v 529.331000 384.268000 0.000000
v 562.525000 370.961000 0.000000
v 598.543000 362.767000 0.000000
v 636.000000 360.000000 0.000000
v 673.457000 362.767000 0.000000
v 709.475000 370.961000 0.000000
v 742.669000 384.268000 0.000000
v 771.765000 402.177000 0.000000
v 795.642000 423.998000 0.000000
v 813.385000 448.894000 0.000000
v 824.311000 475.907000 0.000000
v 972.000000 504.000000 0.000000
v 965.544000 553.163000 0.000000
v 946.424000 600.436000 0.000000
v 915.374000 644.004000 0.000000
v 873.588000 682.191000 0.000000
v 822.672000 713.530000 0.000000
v 764.582000 736.818000 0.000000
v 701.550000 751.158000 0.000000
v 636.000000 756.000000 0.000000
v 570.450000 751.158000 0.000000
v 507.418000 736.818000 0.000000
v 449.328000 713.530000 0.000000
v 398.412000 682.191000 0.000000
v 356.626000 644.004000 0.000000
v 325.576000 600.436000 0.000000
v 306.456000 553.163000 0.000000
v 300.000000 504.000000 0.000000
v 306.456000 454.837000 0.000000
v 325.576000 407.564000 0.000000
v 356.626000 363.996000 0.000000
v 398.412000 325.809000 0.000000
v 449.328000 294.470000 0.000000
v 507.418000 271.182000 0.000000
v 570.450000 256.842000 0.000000
v 636.000000 252.000000 0.000000
v 701.550000 256.842000 0.000000
v 764.582000 271.182000 0.000000
v 822.672000 294.470000 0.000000
v 873.588000 325.809000 0.000000
v 915.374000 363.996000 0.000000
v 946.424000 407.564000 0.000000
v 965.544000 454.837000 0.000000
v 72.000000 162.000000 0.050000
v 89.753000 738.000000 0.050000
v 216.000000 162.000000 0.050000
v 220.844000 738.000000 0.050000
v 360.000000 162.000000 0.050000
v 348.566000 738.000000 0.050000
v 504.000000 162.000000 0.050000
v 518.548000 738.000000 0.050000
v 648.000000 162.000000 0.050000
v 644.571000 738.000000 0.050000
v 792.000000 162.000000 0.050000
v 776.458000 738.000000 0.050000
v 936.000000 162.000000 0.050000
v 935.526000 738.000000 0.050000
v 1080.000000 162.000000 0.050000
v 1082.416000 738.000000 0.050000
v 0.000000 0.000000 0.000000
v 312.000000 0.000000 0.000000
v 312.000000 270.000000 0.000000
v 0.000000 270.000000 0.000000
v 311.977000 0.000000 0.000000
v 623.977000 0.000000 0.000000
v 623.977000 270.000000 0.000000
v 311.977000 270.000000 0.000000
v 626.861000 0.000000 0.000000
v 914.861000 0.000000 0.000000
v 914.861000 270.000000 0.000000
v 626.861000 270.000000 0.000000
v 912.000000 0.000000 0.000000
v 1200.000000 0.000000 0.000000
v 1200.000000 270.000000 0.000000
v 912.000000 270.000000 0.000000
v 0.000000 274.446000 0.000000
v 312.000000 274.446000 0.000000
v 312.000000 508.446000 0.000000
v 0.000000 508.446000 0.000000
v 310.935000 271.137000 0.000000
v 622.935000 271.137000 0.000000
v 622.935000 505.137000 0.000000
v 310.935000 505.137000 0.000000
v 622.696000 270.888000 0.000000
v 910.696000 270.888000 0.000000
v 910.696000 504.888000 0.000000
v 622.696000 504.888000 0.000000
v 912.000000 266.567000 0.000000
v 1200.000000 266.567000 0.000000
v 1200.000000 500.567000 0.000000
v 912.000000 500.567000 0.000000
v 0.000000 509.609000 0.000000
v 312.000000 509.609000 0.000000
v 312.000000 707.609000 0.000000
v 0.000000 707.609000 0.000000
v 317.354000 511.036000 0.000000
v 629.354000 511.036000 0.000000
v 629.354000 709.036000 0.000000
v 317.354000 709.036000 0.000000
v 623.508000 511.212000 0.000000
v 911.508000 511.212000 0.000000
v 911.508000 709.212000 0.000000
v 623.508000 709.212000 0.000000
v 912.000000 498.897000 0.000000
v 1200.000000 498.897000 0.000000
v 1200.000000 696.897000 0.000000
v 912.000000 696.897000 0.000000
v 0.000000 702.000000 0.000000
v 312.000000 702.000000 0.000000
v 312.000000 900.000000 0.000000
v 0.000000 900.000000 0.000000
v 308.815000 702.000000 0.000000
v 620.815000 702.000000 0.000000
v 620.815000 900.000000 0.000000
v 308.815000 900.000000 0.000000
v 622.846000 702.000000 0.000000
v 910.846000 702.000000 0.000000
v 910.846000 900.000000 0.000000
v 622.846000 900.000000 0.000000
v 912.000000 702.000000 0.000000
v 1200.000000 702.000000 0.000000
v 1200.000000 900.000000 0.000000
v 912.000000 900.000000 0.000000
v 3.120000 3.120000 0.000000
v 152.880000 5.831000 0.000000
v 152.880000 86.880000 0.000000
v 3.120000 84.169000 0.000000
v 159.120000 3.120000 0.000000
v 308.880000 2.668000 0.000000
v 308.880000 86.880000 0.000000
v 159.120000 87.332000 0.000000
v 3.120000 93.120000 0.000000
v 152.880000 94.100000 0.000000
v 152.880000 176.880000 0.000000
v 3.120000 175.900000 0.000000
v 159.120000 93.120000 0.000000
v 308.880000 94.678000 0.000000
v 308.880000 176.880000 0.000000
v 159.120000 175.322000 0.000000
v 3.120000 183.120000 0.000000
v 152.880000 185.193000 0.000000
v 152.880000 266.880000 0.000000
v 3.120000 264.807000 0.000000
v 159.120000 183.120000 0.000000
v 308.880000 183.428000 0.000000
v 308.880000 266.880000 0.000000
v 159.120000 266.572000 0.000000
v 315.097000 3.120000 0.000000
v 464.857000 1.694000 0.000000
v 464.857000 86.880000 0.000000
v 315.097000 88.306000 0.000000
v 471.097000 3.120000 0.000000
v 620.857000 3.778000 0.000000
v 620.857000 86.880000 0.000000
v 471.097000 86.222000 0.000000
v 315.097000 93.120000 0.000000
v 464.857000 92.523000 0.000000
v 464.857000 176.880000 0.000000
v 315.097000 177.477000 0.000000
v 471.097000 93.120000 0.000000
v 620.857000 92.499000 0.000000
v 620.857000 176.880000 0.000000
v 471.097000 177.501000 0.000000
v 315.097000 183.120000 0.000000
v 464.857000 183.237000 0.000000
v 464.857000 266.880000 0.000000
v 315.097000 266.763000 0.000000
v 471.097000 183.120000 0.000000
v 620.857000 183.529000 0.000000
v 620.857000 266.880000 0.000000
v 471.097000 266.471000 0.000000
v 629.741000 2.880000 0.000000
v 719.981000 4.115000 0.000000
v 719.981000 87.120000 0.000000
v 629.741000 85.885000 0.000000
v 725.741000 2.880000 0.000000
v 815.981000 0.076000 0.000000
v 815.981000 87.120000 0.000000
v 725.741000 89.924000 0.000000
v 821.741000 2.880000 0.000000
v 911.981000 1.335000 0.000000
v 911.981000 87.120000 0.000000
v 821.741000 88.665000 0.000000
v 629.741000 92.880000 0.000000
v 719.981000 94.564000 0.000000
v 719.981000 177.120000 0.000000
v 629.741000 175.436000 0.000000
v 725.741000 92.880000 0.000000
v 815.981000 94.892000 0.000000
v 815.981000 177.120000 0.000000
v 725.741000 175.108000 0.000000
v 821.741000 92.880000 0.000000
v 911.981000 91.279000 0.000000
v 911.981000 177.120000 0.000000
v 821.741000 178.721000 0.000000
v 629.741000 182.880000 0.000000
v 719.981000 184.721000 0.000000
v 719.981000 267.120000 0.000000
v 629.741000 265.279000 0.000000
v 725.741000 182.880000 0.000000
v 815.981000 183.278000 0.000000
v 815.981000 267.120000 0.000000
v 725.741000 266.722000 0.000000
v 821.741000 182.880000 0.000000
v 911.981000 185.798000 0.000000
v 911.981000 267.120000 0.000000
v 821.741000 264.202000 0.000000
v 914.880000 2.880000 0.000000
v 1005.120000 5.001000 0.000000
v 1005.120000 87.120000 0.000000
v 914.880000 84.999000 0.000000
v 1010.880000 2.880000 0.000000
v 1101.120000 3.036000 0.000000
v 1101.120000 87.120000 0.000000
v 1010.880000 86.964000 0.000000
v 1106.880000 2.880000 0.000000
v 1197.120000 4.488000 0.000000
v 1197.120000 87.120000 0.000000
v 1106.880000 85.512000 0.000000
v 914.880000 92.880000 0.000000
v 1005.120000 92.933000 0.000000
v 1005.120000 177.120000 0.000000
v 914.880000 177.067000 0.000000
v 1010.880000 92.880000 0.000000
v 1101.120000 92.702000 0.000000
v 1101.120000 177.120000 0.000000
v 1010.880000 177.298000 0.000000
v 1106.880000 92.880000 0.000000
v 1197.120000 93.465000 0.000000
v 1197.120000 177.120000 0.000000
v 1106.880000 176.535000 0.000000
v 914.880000 182.880000 0.000000
v 1005.120000 183.291000 0.000000
v 1005.120000 267.120000 0.000000
v 914.880000 266.709000 0.000000
v 1010.880000 182.880000 0.000000
v 1101.120000 183.859000 0.000000
v 1101.120000 267.120000 0.000000
v 1010.880000 266.141000 0.000000
v 1106.880000 182.880000 0.000000
v 1197.120000 184.932000 0.000000
v 1197.120000 267.120000 0.000000
v 1106.880000 265.068000 0.000000
v 3.120000 277.566000 0.000000
v 152.880000 279.646000 0.000000
v 152.880000 349.326000 0.000000
v 3.120000 347.246000 0.000000
v 159.120000 277.566000 0.000000
v 308.880000 279.780000 0.000000
v 308.880000 349.326000 0.000000
v 159.120000 347.112000 0.000000
v 3.120000 355.566000 0.000000
v 152.880000 354.933000 0.000000
v 152.880000 427.326000 0.000000
v 3.120000 427.959000 0.000000
v 159.120000 355.566000 0.000000
v 308.880000 353.105000 0.000000
v 308.880000 427.326000 0.000000
v 159.120000 429.787000 0.000000
v 3.120000 433.566000 0.000000
v 152.880000 433.496000 0.000000
v 152.880000 505.326000 0.000000
v 3.120000 505.396000 0.000000
v 159.120000 433.566000 0.000000
v 308.880000 435.287000 0.000000
v 308.880000 505.326000 0.000000
v 159.120000 503.605000 0.000000
v 314.055000 274.257000 0.000000
v 411.815000 275.593000 0.000000
v 411.815000 346.017000 0.000000
v 314.055000 344.681000 0.000000
v 418.055000 274.257000 0.000000
v 515.815000 272.861000 0.000000
v 515.815000 346.017000 0.000000
v 418.055000 347.413000 0.000000
v 522.055000 274.257000 0.000000
v 619.815000 271.505000 0.000000
v 619.815000 346.017000 0.000000
v 522.055000 348.769000 0.000000
v 314.055000 352.257000 0.000000
v 411.815000 350.871000 0.000000
v 411.815000 424.017000 0.000000
v 314.055000 425.403000 0.000000
v 418.055000 352.257000 0.000000
v 515.815000 351.371000 0.000000
v 515.815000 424.017000 0.000000
v 418.055000 424.903000 0.000000
v 522.055000 352.257000 0.000000
v 619.815000 352.043000 0.000000
v 619.815000 424.017000 0.000000
v 522.055000 424.231000 0.000000
v 314.055000 430.257000 0.000000
v 411.815000 428.954000 0.000000
v 411.815000 502.017000 0.000000
v 314.055000 503.320000 0.000000
v 418.055000 430.257000 0.000000
v 515.815000 429.696000 0.000000
v 515.815000 502.017000 0.000000
v 418.055000 502.578000 0.000000
v 522.055000 430.257000 0.000000
v 619.815000 428.525000 0.000000
v 619.815000 502.017000 0.000000
v 522.055000 503.749000 0.000000
v 625.576000 273.768000 0.000000
v 715.816000 276.096000 0.000000
v 715.816000 346.008000 0.000000
v 625.576000 343.680000 0.000000
v 721.576000 273.768000 0.000000
v 811.816000 275.013000 0.000000
v 811.816000 346.008000 0.000000
v 721.576000 344.763000 0.000000
v 817.576000 273.768000 0.000000
v 907.816000 275.129000 0.000000
v 907.816000 346.008000 0.000000
v 817.576000 344.647000 0.000000
v 625.576000 351.768000 0.000000
v 715.816000 352.568000 0.000000
v 715.816000 424.008000 0.000000
v 625.576000 423.208000 0.000000
v 721.576000 351.768000 0.000000
v 811.816000 348.886000 0.000000
v 811.816000 424.008000 0.000000
v 721.576000 426.890000 0.000000
v 817.576000 351.768000 0.000000
v 907.816000 353.614000 0.000000
v 907.816000 424.008000 0.000000
v 817.576000 422.162000 0.000000
v 625.576000 429.768000 0.000000
v 715.816000 429.928000 0.000000
v 715.816000 502.008000 0.000000
v 625.576000 501.848000 0.000000
v 721.576000 429.768000 0.000000
v 811.816000 428.661000 0.000000
v 811.816000 502.008000 0.000000
v 721.576000 503.115000 0.000000
v 817.576000 429.768000 0.000000
v 907.816000 431.108000 0.000000
v 907.816000 502.008000 0.000000
v 817.576000 500.668000 0.000000
v 914.880000 269.447000 0.000000
v 1005.120000 268.236000 0.000000
v 1005.120000 341.687000 0.000000
v 914.880000 342.898000 0.000000
v 1010.880000 269.447000 0.000000
v 1101.120000 267.122000 0.000000
v 1101.120000 341.687000 0.000000
v 1010.880000 344.012000 0.000000
v 1106.880000 269.447000 0.000000
v 1197.120000 269.986000 0.000000
v 1197.120000 341.687000 0.000000
v 1106.880000 341.148000 0.000000
v 914.880000 347.447000 0.000000
v 1005.120000 345.505000 0.000000
v 1005.120000 419.687000 0.000000
v 914.880000 421.629000 0.000000
v 1010.880000 347.447000 0.000000
v 1101.120000 349.819000 0.000000
v 1101.120000 419.687000 0.000000
v 1010.880000 417.315000 0.000000
v 1106.880000 347.447000 0.000000
v 1197.120000 348.083000 0.000000
v 1197.120000 419.687000 0.000000
v 1106.880000 419.051000 0.000000
v 914.880000 425.447000 0.000000
v 1005.120000 423.778000 0.000000
v 1005.120000 497.687000 0.000000
v 914.880000 499.356000 0.000000
v 1010.880000 425.447000 0.000000
v 1101.120000 427.822000 0.000000
v 1101.120000 497.687000 0.000000
v 1010.880000 495.312000 0.000000
v 1106.880000 425.447000 0.000000
v 1197.120000 422.855000 0.000000
v 1197.120000 497.687000 0.000000
v 1106.880000 500.279000 0.000000
v 3.120000 512.729000 0.000000
v 152.880000 513.491000 0.000000
v 152.880000 605.489000 0.000000
v 3.120000 604.727000 0.000000
v 159.120000 512.729000 0.000000
v 308.880000 514.988000 0.000000
v 308.880000 605.489000 0.000000
v 159.120000 603.230000 0.000000
v 3.120000 611.729000 0.000000
v 152.880000 611.132000 0.000000
v 152.880000 704.489000 0.000000
v 3.120000 705.086000 0.000000
v 159.120000 611.729000 0.000000
v 308.880000 611.977000 0.000000
v 308.880000 704.489000 0.000000
v 159.120000 704.241000 0.000000
v 320.474000 514.156000 0.000000
v 418.234000 516.753000 0.000000
v 418.234000 573.916000 0.000000
v 320.474000 571.319000 0.000000
v 424.474000 514.156000 0.000000
v 522.234000 515.739000 0.000000
v 522.234000 573.916000 0.000000
v 424.474000 572.333000 0.000000
v 528.474000 514.156000 0.000000
v 626.234000 516.971000 0.000000
v 626.234000 573.916000 0.000000
v 528.474000 571.101000 0.000000
v 320.474000 580.156000 0.000000
v 418.234000 579.666000 0.000000
v 418.234000 639.916000 0.000000
v 320.474000 640.406000 0.000000
v 424.474000 580.156000 0.000000
v 522.234000 580.555000 0.000000
v 522.234000 639.916000 0.000000
v 424.474000 639.517000 0.000000
v 528.474000 580.156000 0.000000
v 626.234000 582.824000 0.000000
v 626.234000 639.916000 0.000000
v 528.474000 637.248000 0.000000
v 320.474000 646.156000 0.000000
v 418.234000 645.233000 0.000000
v 418.234000 705.916000 0.000000
v 320.474000 706.839000 0.000000
v 424.474000 646.156000 0.000000
v 522.234000 648.918000 0.000000
v 522.234000 705.916000 0.000000
v 424.474000 703.154000 0.000000
v 528.474000 646.156000 0.000000
v 626.234000 648.972000 0.000000
v 626.234000 705.916000 0.000000
v 528.474000 703.100000 0.000000
v 626.388000 514.092000 0.000000
v 716.628000 511.778000 0.000000
v 716.628000 574.332000 0.000000
v 626.388000 576.646000 0.000000
v 722.388000 514.092000 0.000000
v 812.628000 513.527000 0.000000
v 812.628000 574.332000 0.000000
v 722.388000 574.897000 0.000000
v 818.388000 514.092000 0.000000
v 908.628000 512.492000 0.000000
v 908.628000 574.332000 0.000000
v 818.388000 575.932000 0.000000
v 626.388000 580.092000 0.000000
v 716.628000 581.602000 0.000000
v 716.628000 640.332000 0.000000
v 626.388000 638.822000 0.000000
v 722.388000 580.092000 0.000000
v 812.628000 579.043000 0.000000
v 812.628000 640.332000 0.000000
v 722.388000 641.381000 0.000000
v 818.388000 580.092000 0.000000
v 908.628000 577.436000 0.000000
v 908.628000 640.332000 0.000000
v 818.388000 642.988000 0.000000
v 626.388000 646.092000 0.000000
v 716.628000 643.954000 0.000000
v 716.628000 706.332000 0.000000
v 626.388000 708.470000 0.000000
v 722.388000 646.092000 0.000000
v 812.628000 645.244000 0.000000
v 812.628000 706.332000 0.000000
v 722.388000 707.180000 0.000000
v 818.388000 646.092000 0.000000
v 908.628000 648.071000 0.000000
v 908.628000 706.332000 0.000000
v 818.388000 704.353000 0.000000
v 914.880000 501.777000 0.000000
v 1005.120000 499.831000 0.000000
v 1005.120000 562.017000 0.000000
v 914.880000 563.963000 0.000000
v 1010.880000 501.777000 0.000000
v 1101.120000 500.328000 0.000000
v 1101.120000 562.017000 0.000000
v 1010.880000 563.466000 0.000000
v 1106.880000 501.777000 0.000000
v 1197.120000 501.972000 0.000000
v 1197.120000 562.017000 0.000000
v 1106.880000 561.822000 0.000000
v 914.880000 567.777000 0.000000
v 1005.120000 568.253000 0.000000
v 1005.120000 628.017000 0.000000
v 914.880000 627.541000 0.000000
v 1010.880000 567.777000 0.000000
v 1101.120000 568.506000 0.000000
v 1101.120000 628.017000 0.000000
v 1010.880000 627.288000 0.000000
v 1106.880000 567.777000 0.000000
v 1197.120000 567.689000 0.000000
v 1197.120000 628.017000 0.000000
v 1106.880000 628.105000 0.000000
v 914.880000 633.777000 0.000000
v 1005.120000 631.148000 0.000000
v 1005.120000 694.017000 0.000000
v 914.880000 696.646000 0.000000
v 1010.880000 633.777000 0.000000
v 1101.120000 633.788000 0.000000
v 1101.120000 694.017000 0.000000
v 1010.880000 694.006000 0.000000
v 1106.880000 633.777000 0.000000
v 1197.120000 632.852000 0.000000
v 1197.120000 694.017000 0.000000
v 1106.880000 694.942000 0.000000
v 3.120000 705.120000 0.000000
v 152.880000 705.295000 0.000000
v 152.880000 797.880000 0.000000
v 3.120000 797.705000 0.000000
v 159.120000 705.120000 0.000000
v 308.880000 705.390000 0.000000
v 308.880000 797.880000 0.000000
v 159.120000 797.610000 0.000000
v 3.120000 804.120000 0.000000
v 152.880000 805.211000 0.000000
v 152.880000 896.880000 0.000000
v 3.120000 895.789000 0.000000
v 159.120000 804.120000 0.000000
v 308.880000 805.050000 0.000000
v 308.880000 896.880000 0.000000
v 159.120000 895.950000 0.000000
v 311.935000 705.120000 0.000000
v 409.695000 707.398000 0.000000
v 409.695000 764.880000 0.000000
v 311.935000 762.602000 0.000000
v 415.935000 705.120000 0.000000
v 513.695000 706.191000 0.000000
v 513.695000 764.880000 0.000000
v 415.935000 763.809000 0.000000
v 519.935000 705.120000 0.000000
v 617.695000 706.709000 0.000000
v 617.695000 764.880000 0.000000
v 519.935000 763.291000 0.000000
v 311.935000 771.120000 0.000000
v 409.695000 769.014000 0.000000
v 409.695000 830.880000 0.000000
v 311.935000 832.986000 0.000000
v 415.935000 771.120000 0.000000
v 513.695000 768.788000 0.000000
v 513.695000 830.880000 0.000000
v 415.935000 833.212000 0.000000
v 519.935000 771.120000 0.000000
v 617.695000 768.224000 0.000000
v 617.695000 830.880000 0.000000
v 519.935000 833.776000 0.000000
v 311.935000 837.120000 0.000000
v 409.695000 837.277000 0.000000
v 409.695000 896.880000 0.000000
v 311.935000 896.723000 0.000000
v 415.935000 837.120000 0.000000
v 513.695000 839.178000 0.000000
v 513.695000 896.880000 0.000000
v 415.935000 894.822000 0.000000
v 519.935000 837.120000 0.000000
v 617.695000 837.684000 0.000000
v 617.695000 896.880000 0.000000
v 519.935000 896.316000 0.000000
v 625.726000 704.880000 0.000000
v 715.966000 704.527000 0.000000
v 715.966000 765.120000 0.000000
v 625.726000 765.473000 0.000000
v 721.726000 704.880000 0.000000
v 811.966000 705.317000 0.000000
v 811.966000 765.120000 0.000000
v 721.726000 764.683000 0.000000
v 817.726000 704.880000 0.000000
v 907.966000 705.986000 0.000000
v 907.966000 765.120000 0.000000
v 817.726000 764.014000 0.000000
v 625.726000 770.880000 0.000000
v 715.966000 770.181000 0.000000
v 715.966000 831.120000 0.000000
v 625.726000 831.819000 0.000000
v 721.726000 770.880000 0.000000
v 811.966000 769.338000 0.000000
v 811.966000 831.120000 0.000000
v 721.726000 832.662000 0.000000
v 817.726000 770.880000 0.000000
v 907.966000 773.096000 0.000000
v 907.966000 831.120000 0.000000
v 817.726000 828.904000 0.000000
v 625.726000 836.880000 0.000000
v 715.966000 836.302000 0.000000
v 715.966000 897.120000 0.000000
v 625.726000 897.698000 0.000000
v 721.726000 836.880000 0.000000
v 811.966000 836.213000 0.000000
v 811.966000 897.120000 0.000000
v 721.726000 897.787000 0.000000
v 817.726000 836.880000 0.000000
v 907.966000 834.835000 0.000000
v 907.966000 897.120000 0.000000
v 817.726000 899.165000 0.000000
v 914.880000 704.880000 0.000000
v 1005.120000 705.498000 0.000000
v 1005.120000 765.120000 0.000000
v 914.880000 764.502000 0.000000
v 1010.880000 704.880000 0.000000
v 1101.120000 707.393000 0.000000
v 1101.120000 765.120000 0.000000
v 1010.880000 762.607000 0.000000
v 1106.880000 704.880000 0.000000
v 1197.120000 703.364000 0.000000
v 1197.120000 765.120000 0.000000
v 1106.880000 766.636000 0.000000
v 914.880000 770.880000 0.000000
v 1005.120000 771.561000 0.000000
v 1005.120000 831.120000 0.000000
v 914.880000 830.439000 0.000000
v 1010.880000 770.880000 0.000000
v 1101.120000 772.589000 0.000000
v 1101.120000 831.120000 0.000000
v 1010.880000 829.411000 0.000000
v 1106.880000 770.880000 0.000000
v 1197.120000 768.815000 0.000000
v 1197.120000 831.120000 0.000000
v 1106.880000 833.185000 0.000000
v 914.880000 836.880000 0.000000
v 1005.120000 839.611000 0.000000
v 1005.120000 897.120000 0.000000
v 914.880000 894.389000 0.000000
v 1010.880000 836.880000 0.000000
v 1101.120000 835.000000 0.000000
v 1101.120000 897.120000 0.000000
v 1010.880000 899.000000 0.000000
v 1106.880000 836.880000 0.000000
v 1197.120000 836.366000 0.000000
v 1197.120000 897.120000 0.000000
v 1106.880000 897.634000 0.000000
v 4.620000 4.620000 0.000000
v 51.540000 4.620000 0.000000
v 51.540000 85.380000 0.000000
v 4.620000 85.380000 0.000000
v 54.540000 4.620000 0.000000
v 101.460000 4.620000 0.000000
v 101.460000 85.380000 0.000000
v 54.540000 85.380000 0.000000
v 104.460000 4.620000 0.000000
v 151.380000 4.620000 0.000000
v 151.380000 85.380000 0.000000
v 104.460000 85.380000 0.000000
v 160.620000 4.168000 0.000000
v 207.540000 4.168000 0.000000
v 207.540000 85.832000 0.000000
v 160.620000 85.832000 0.000000
v 210.540000 4.168000 0.000000
v 257.460000 4.168000 0.000000
v 257.460000 85.832000 0.000000
v 210.540000 85.832000 0.000000
v 260.460000 4.168000 0.000000
v 307.380000 4.168000 0.000000
v 307.380000 85.832000 0.000000
v 260.460000 85.832000 0.000000
v 4.620000 94.620000 0.000000
v 51.540000 94.620000 0.000000
v 51.540000 175.380000 0.000000
v 4.620000 175.380000 0.000000
v 54.540000 94.620000 0.000000
v 101.460000 94.620000 0.000000
v 101.460000 175.380000 0.000000
v 54.540000 175.380000 0.000000
v 104.460000 94.620000 0.000000
v 151.380000 94.620000 0.000000
v 151.380000 175.380000 0.000000
v 104.460000 175.380000 0.000000
v 160.620000 94.620000 0.000000
v 207.540000 94.620000 0.000000
v 207.540000 175.380000 0.000000
v 160.620000 175.380000 0.000000
v 210.540000 94.620000 0.000000
v 257.460000 94.620000 0.000000
v 257.460000 175.380000 0.000000
v 210.540000 175.380000 0.000000
v 260.460000 94.620000 0.000000
v 307.380000 94.620000 0.000000
v 307.380000 175.380000 0.000000
v 260.460000 175.380000 0.000000
v 4.620000 184.620000 0.000000
v 51.540000 184.620000 0.000000
v 51.540000 265.380000 0.000000
v 4.620000 265.380000 0.000000
v 54.540000 184.620000 0.000000
v 101.460000 184.620000 0.000000
v 101.460000 265.380000 0.000000
v 54.540000 265.380000 0.000000
v 104.460000 184.620000 0.000000
v 151.380000 184.620000 0.000000
v 151.380000 265.380000 0.000000
v 104.460000 265.380000 0.000000
v 160.620000 184.620000 0.000000
v 207.540000 184.620000 0.000000
v 207.540000 265.380000 0.000000
v 160.620000 265.380000 0.000000
v 210.540000 184.620000 0.000000
v 257.460000 184.620000 0.000000
v 257.460000 265.380000 0.000000
v 210.540000 265.380000 0.000000
v 260.460000 184.620000 0.000000
v 307.380000 184.620000 0.000000
v 307.380000 265.380000 0.000000
v 260.460000 265.380000 0.000000
v 316.597000 3.194000 0.000000
v 363.517000 3.194000 0.000000
v 363.517000 86.806000 0.000000
v 316.597000 86.806000 0.000000
v 366.517000 3.194000 0.000000
v 413.437000 3.194000 0.000000
v 413.437000 86.806000 0.000000
v 366.517000 86.806000 0.000000
v 416.437000 3.194000 0.000000
v 463.357000 3.194000 0.000000
v 463.357000 86.806000 0.000000
v 416.437000 86.806000 0.000000
v 472.597000 4.620000 0.000000
v 519.517000 4.620000 0.000000
v 519.517000 85.380000 0.000000
v 472.597000 85.380000 0.000000
v 522.517000 4.620000 0.000000
v 569.437000 4.620000 0.000000
v 569.437000 85.380000 0.000000
v 522.517000 85.380000 0.000000
v 572.437000 4.620000 0.000000
v 619.357000 4.620000 0.000000
v 619.357000 85.380000 0.000000
v 572.437000 85.380000 0.000000
v 316.597000 94.023000 0.000000
v 363.517000 94.023000 0.000000
v 363.517000 175.977000 0.000000
v 316.597000 175.977000 0.000000
v 366.517000 94.023000 0.000000
v 413.437000 94.023000 0.000000
v 413.437000 175.977000 0.000000
v 366.517000 175.977000 0.000000
v 416.437000 94.023000 0.000000
v 463.357000 94.023000 0.000000
v 463.357000 175.977000 0.000000
v 416.437000 175.977000 0.000000
v 472.597000 93.999000 0.000000
v 519.517000 93.999000 0.000000
v 519.517000 176.001000 0.000000
v 472.597000 176.001000 0.000000
v 522.517000 93.999000 0.000000
v 569.437000 93.999000 0.000000
v 569.437000 176.001000 0.000000
v 522.517000 176.001000 0.000000
v 572.437000 93.999000 0.000000
v 619.357000 93.999000 0.000000
v 619.357000 176.001000 0.000000
v 572.437000 176.001000 0.000000
v 316.597000 184.620000 0.000000
v 363.517000 184.620000 0.000000
v 363.517000 265.380000 0.000000
v 316.597000 265.380000 0.000000
v 366.517000 184.620000 0.000000
v 413.437000 184.620000 0.000000
v 413.437000 265.380000 0.000000
v 366.517000 265.380000 0.000000
v 416.437000 184.620000 0.000000
v 463.357000 184.620000 0.000000
v 463.357000 265.380000 0.000000
v 416.437000 265.380000 0.000000
v 472.597000 184.620000 0.000000
v 519.517000 184.620000 0.000000
v 519.517000 265.380000 0.000000
v 472.597000 265.380000 0.000000
v 522.517000 184.620000 0.000000
v 569.437000 184.620000 0.000000
v 569.437000 265.380000 0.000000
v 522.517000 265.380000 0.000000
v 572.437000 184.620000 0.000000
v 619.357000 184.620000 0.000000
v 619.357000 265.380000 0.000000
v 572.437000 265.380000 0.000000
v 631.241000 4.380000 0.000000
v 658.321000 4.380000 0.000000
v 658.321000 85.620000 0.000000
v 631.241000 85.620000 0.000000
v 661.321000 4.380000 0.000000
v 688.401000 4.380000 0.000000
v 688.401000 85.620000 0.000000
v 661.321000 85.620000 0.000000
v 691.401000 4.380000 0.000000
v 718.481000 4.380000 0.000000
v 718.481000 85.620000 0.000000
v 691.401000 85.620000 0.000000
v 727.241000 1.576000 0.000000
v 754.321000 1.576000 0.000000
v 754.321000 88.424000 0.000000
v 727.241000 88.424000 0.000000
v 757.321000 1.576000 0.000000
v 784.401000 1.576000 0.000000
v 784.401000 88.424000 0.000000
v 757.321000 88.424000 0.000000
v 787.401000 1.576000 0.000000
v 814.481000 1.576000 0.000000
v 814.481000 88.424000 0.000000
v 787.401000 88.424000 0.000000
v 823.241000 2.835000 0.000000
v 850.321000 2.835000 0.000000
v 850.321000 87.165000 0.000000
v 823.241000 87.165000 0.000000
v 853.321000 2.835000 0.000000
v 880.401000 2.835000 0.000000
v 880.401000 87.165000 0.000000
v 853.321000 87.165000 0.000000
v 883.401000 2.835000 0.000000
v 910.481000 2.835000 0.000000
v 910.481000 87.165000 0.000000
v 883.401000 87.165000 0.000000
v 631.241000 94.380000 0.000000
v 658.321000 94.380000 0.000000
v 658.321000 175.620000 0.000000
v 631.241000 175.620000 0.000000
v 661.321000 94.380000 0.000000
v 688.401000 94.380000 0.000000
v 688.401000 175.620000 0.000000
v 661.321000 175.620000 0.000000
v 691.401000 94.380000 0.000000
v 718.481000 94.380000 0.000000
v 718.481000 175.620000 0.000000
v 691.401000 175.620000 0.000000
v 727.241000 94.380000 0.000000
v 754.321000 94.380000 0.000000
v 754.321000 175.620000 0.000000
v 727.241000 175.620000 0.000000
v 757.321000 94.380000 0.000000
v 784.401000 94.380000 0.000000
v 784.401000 175.620000 0.000000
v 757.321000 175.620000 0.000000
v 787.401000 94.380000 0.000000
v 814.481000 94.380000 0.000000
v 814.481000 175.620000 0.000000
v 787.401000 175.620000 0.000000
v 823.241000 92.779000 0.000000
v 850.321000 92.779000 0.000000
v 850.321000 177.221000 0.000000
v 823.241000 177.221000 0.000000
v 853.321000 92.779000 0.000000
v 880.401000 92.779000 0.000000
v 880.401000 177.221000 0.000000
v 853.321000 177.221000 0.000000
v 883.401000 92.779000 0.000000
v 910.481000 92.779000 0.000000
v 910.481000 177.221000 0.000000
v 883.401000 177.221000 0.000000
v 631.241000 184.380000 0.000000
v 658.321000 184.380000 0.000000
v 658.321000 265.620000 0.000000
v 631.241000 265.620000 0.000000
v 661.321000 184.380000 0.000000
v 688.401000 184.380000 0.000000
v 688.401000 265.620000 0.000000
v 661.321000 265.620000 0.000000
v 691.401000 184.380000 0.000000
v 718.481000 184.380000 0.000000
v 718.481000 265.620000 0.000000
v 691.401000 265.620000 0.000000
v 727.241000 184.380000 0.000000
v 754.321000 184.380000 0.000000
v 754.321000 265.620000 0.000000
v 727.241000 265.620000 0.000000
v 757.321000 184.380000 0.000000
v 784.401000 184.380000 0.000000
v 784.401000 265.620000 0.000000
v 757.321000 265.620000 0.000000
v 787.401000 184.380000 0.000000
v 814.481000 184.380000 0.000000
v 814.481000 265.620000 0.000000
v 787.401000 265.620000 0.000000
v 823.241000 184.380000 0.000000
v 850.321000 184.380000 0.000000
v 850.321000 265.620000 0.000000
v 823.241000 265.620000 0.000000
v 853.321000 184.380000 0.000000
v 880.401000 184.380000 0.000000
v 880.401000 265.620000 0.000000
v 853.321000 265.620000 0.000000
v 883.401000 184.380000 0.000000
v 910.481000 184.380000 0.000000
v 910.481000 265.620000 0.000000
v 883.401000 265.620000 0.000000
v 916.380000 4.380000 0.000000
v 943.460000 4.380000 0.000000
v 943.460000 85.620000 0.000000
v 916.380000 85.620000 0.000000
v 946.460000 4.380000 0.000000
v 973.540000 4.380000 0.000000
v 973.540000 85.620000 0.000000
v 946.460000 85.620000 0.000000
v 976.540000 4.380000 0.000000
v 1003.620000 4.380000 0.000000
v 1003.620000 85.620000 0.000000
v 976.540000 85.620000 0.000000
v 1012.380000 4.380000 0.000000
v 1039.460000 4.380000 0.000000
v 1039.460000 85.620000 0.000000
v 1012.380000 85.620000 0.000000
v 1042.460000 4.380000 0.000000
v 1069.540000 4.380000 0.000000
v 1069.540000 85.620000 0.000000
v 1042.460000 85.620000 0.000000
v 1072.540000 4.380000 0.000000
v 1099.620000 4.380000 0.000000
v 1099.620000 85.620000 0.000000
v 1072.540000 85.620000 0.000000
v 1108.380000 4.380000 0.000000
v 1135.460000 4.380000 0.000000
v 1135.460000 85.620000 0.000000
v 1108.380000 85.620000 0.000000
v 1138.460000 4.380000 0.000000
v 1165.540000 4.380000 0.000000
v 1165.540000 85.620000 0.000000
v 1138.460000 85.620000 0.000000
v 1168.540000 4.380000 0.000000
v 1195.620000 4.380000 0.000000
v 1195.620000 85.620000 0.000000
v 1168.540000 85.620000 0.000000
v 916.380000 94.380000 0.000000
v 943.460000 94.380000 0.000000
v 943.460000 175.620000 0.000000
v 916.380000 175.620000 0.000000
v 946.460000 94.380000 0.000000
v 973.540000 94.380000 0.000000
v 973.540000 175.620000 0.000000
v 946.460000 175.620000 0.000000
v 976.540000 94.380000 0.000000
v 1003.620000 94.380000 0.000000
v 1003.620000 175.620000 0.000000
v 976.540000 175.620000 0.000000
v 1012.380000 94.202000 0.000000
v 1039.460000 94.202000 0.000000
v 1039.460000 175.798000 0.000000
v 1012.380000 175.798000 0.000000
v 1042.460000 94.202000 0.000000
v 1069.540000 94.202000 0.000000
v 1069.540000 175.798000 0.000000
v 1042.460000 175.798000 0.000000
v 1072.540000 94.202000 0.000000
v 1099.620000 94.202000 0.000000
v 1099.620000 175.798000 0.000000
v 1072.540000 175.798000 0.000000
v 1108.380000 94.380000 0.000000
v 1135.460000 94.380000 0.000000
v 1135.460000 175.620000 0.000000
v 1108.380000 175.620000 0.000000
v 1138.460000 94.380000 0.000000
v 1165.540000 94.380000 0.000000
v 1165.540000 175.620000 0.000000
v 1138.460000 175.620000 0.000000
v 1168.540000 94.380000 0.000000
v 1195.620000 94.380000 0.000000
v 1195.620000 175.620000 0.000000
v 1168.540000 175.620000 0.000000
v 916.380000 184.380000 0.000000
v 943.460000 184.380000 0.000000
v 943.460000 265.620000 0.000000
v 916.380000 265.620000 0.000000
v 946.460000 184.380000 0.000000
v 973.540000 184.380000 0.000000
v 973.540000 265.620000 0.000000
v 946.460000 265.620000 0.000000
v 976.540000 184.380000 0.000000
v 1003.620000 184.380000 0.000000
v 1003.620000 265.620000 0.000000
v 976.540000 265.620000 0.000000
v 1012.380000 184.380000 0.000000
v 1039.460000 184.380000 0.000000
v 1039.460000 265.620000 0.000000
v 1012.380000 265.620000 0.000000
v 1042.460000 184.380000 0.000000
v 1069.540000 184.380000 0.000000
v 1069.540000 265.620000 0.000000
v 1042.460000 265.620000 0.000000
v 1072.540000 184.380000 0.000000
v 1099.620000 184.380000 0.000000
v 1099.620000 265.620000 0.000000
v 1072.540000 265.620000 0.000000
v 1108.380000 184.380000 0.000000
v 1135.460000 184.380000 0.000000
v 1135.460000 265.620000 0.000000
v 1108.380000 265.620000 0.000000
v 1138.460000 184.380000 0.000000
v 1165.540000 184.380000 0.000000
v 1165.540000 265.620000 0.000000
v 1138.460000 265.620000 0.000000
v 1168.540000 184.380000 0.000000
v 1195.620000 184.380000 0.000000
v 1195.620000 265.620000 0.000000
v 1168.540000 265.620000 0.000000
v 4.620000 279.066000 0.000000
v 51.540000 279.066000 0.000000
v 51.540000 347.826000 0.000000
v 4.620000 347.826000 0.000000
v 54.540000 279.066000 0.000000
v 101.460000 279.066000 0.000000
v 101.460000 347.826000 0.000000
v 54.540000 347.826000 0.000000
v 104.460000 279.066000 0.000000
v 151.380000 279.066000 0.000000
v 151.380000 347.826000 0.000000
v 104.460000 347.826000 0.000000
v 160.620000 279.066000 0.000000
v 207.540000 279.066000 0.000000
v 207.540000 347.826000 0.000000
v 160.620000 347.826000 0.000000
v 210.540000 279.066000 0.000000
v 257.460000 279.066000 0.000000
v 257.460000 347.826000 0.000000
v 210.540000 347.826000 0.000000
v 260.460000 279.066000 0.000000
v 307.380000 279.066000 0.000000
v 307.380000 347.826000 0.000000
v 260.460000 347.826000 0.000000
v 4.620000 356.433000 0.000000
v 51.540000 356.433000 0.000000
v 51.540000 426.459000 0.000000
v 4.620000 426.459000 0.000000
v 54.540000 356.433000 0.000000
v 101.460000 356.433000 0.000000
v 101.460000 426.459000 0.000000
v 54.540000 426.459000 0.000000
v 104.460000 356.433000 0.000000
v 151.380000 356.433000 0.000000
v 151.380000 426.459000 0.000000
v 104.460000 426.459000 0.000000
v 160.620000 354.605000 0.000000
v 207.540000 354.605000 0.000000
v 207.540000 428.287000 0.000000
v 160.620000 428.287000 0.000000
v 210.540000 354.605000 0.000000
v 257.460000 354.605000 0.000000
v 257.460000 428.287000 0.000000
v 210.540000 428.287000 0.000000
v 260.460000 354.605000 0.000000
v 307.380000 354.605000 0.000000
v 307.380000 428.287000 0.000000
v 260.460000 428.287000 0.000000
v 4.620000 434.996000 0.000000
v 51.540000 434.996000 0.000000
v 51.540000 503.896000 0.000000
v 4.620000 503.896000 0.000000
v 54.540000 434.996000 0.000000
v 101.460000 434.996000 0.000000
v 101.460000 503.896000 0.000000
v 54.540000 503.896000 0.000000
v 104.460000 434.996000 0.000000
v 151.380000 434.996000 0.000000
v 151.380000 503.896000 0.000000
v 104.460000 503.896000 0.000000
v 160.620000 435.066000 0.000000
v 207.540000 435.066000 0.000000
v 207.540000 503.826000 0.000000
v 160.620000 503.826000 0.000000
v 210.540000 435.066000 0.000000
v 257.460000 435.066000 0.000000
v 257.460000 503.826000 0.000000
v 210.540000 503.826000 0.000000
v 260.460000 435.066000 0.000000
v 307.380000 435.066000 0.000000
v 307.380000 503.826000 0.000000
v 260.460000 503.826000 0.000000
v 315.555000 275.757000 0.000000
v 345.142000 275.757000 0.000000
v 345.142000 344.517000 0.000000
v 315.555000 344.517000 0.000000
v 348.142000 275.757000 0.000000
v 377.728000 275.757000 0.000000
v 377.728000 344.517000 0.000000
v 348.142000 344.517000 0.000000
v 380.728000 275.757000 0.000000
v 410.315000 275.757000 0.000000
v 410.315000 344.517000 0.000000
v 380.728000 344.517000 0.000000
v 419.555000 274.361000 0.000000
v 449.142000 274.361000 0.000000
v 449.142000 345.913000 0.000000
v 419.555000 345.913000 0.000000
v 452.142000 274.361000 0.000000
v 481.728000 274.361000 0.000000
v 481.728000 345.913000 0.000000
v 452.142000 345.913000 0.000000
v 484.728000 274.361000 0.000000
v 514.315000 274.361000 0.000000
v 514.315000 345.913000 0.000000
v 484.728000 345.913000 0.000000
v 523.555000 273.005000 0.000000
v 553.142000 273.005000 0.000000
v 553.142000 347.269000 0.000000
v 523.555000 347.269000 0.000000
v 556.142000 273.005000 0.000000
v 585.728000 273.005000 0.000000
v 585.728000 347.269000 0.000000
v 556.142000 347.269000 0.000000
v 588.728000 273.005000 0.000000
v 618.315000 273.005000 0.000000
v 618.315000 347.269000 0.000000
v 588.728000 347.269000 0.000000
v 315.555000 352.371000 0.000000
v 345.142000 352.371000 0.000000
v 345.142000 423.903000 0.000000
v 315.555000 423.903000 0.000000
v 348.142000 352.371000 0.000000
v 377.728000 352.371000 0.000000
v 377.728000 423.903000 0.000000
v 348.142000 423.903000 0.000000
v 380.728000 352.371000 0.000000
v 410.315000 352.371000 0.000000
v 410.315000 423.903000 0.000000
v 380.728000 423.903000 0.000000
v 419.555000 352.871000 0.000000
v 449.142000 352.871000 0.000000
v 449.142000 423.403000 0.000000
v 419.555000 423.403000 0.000000
v 452.142000 352.871000 0.000000
v 481.728000 352.871000 0.000000
v 481.728000 423.403000 0.000000
v 452.142000 423.403000 0.000000
v 484.728000 352.871000 0.000000
v 514.315000 352.871000 0.000000
v 514.315000 423.403000 0.000000
v 484.728000 423.403000 0.000000
v 523.555000 353.543000 0.000000
v 553.142000 353.543000 0.000000
v 553.142000 422.731000 0.000000
v 523.555000 422.731000 0.000000
v 556.142000 353.543000 0.000000
v 585.728000 353.543000 0.000000
v 585.728000 422.731000 0.000000
v 556.142000 422.731000 0.000000
v 588.728000 353.543000 0.000000
v 618.315000 353.543000 0.000000
v 618.315000 422.731000 0.000000
v 588.728000 422.731000 0.000000
v 315.555000 430.454000 0.000000
v 345.142000 430.454000 0.000000
v 345.142000 501.820000 0.000000
v 315.555000 501.820000 0.000000
v 348.142000 430.454000 0.000000
v 377.728000 430.454000 0.000000
v 377.728000 501.820000 0.000000
v 348.142000 501.820000 0.000000
v 380.728000 430.454000 0.000000
v 410.315000 430.454000 0.000000
v 410.315000 501.820000 0.000000
v 380.728000 501.820000 0.000000
v 419.555000 431.196000 0.000000
v 449.142000 431.196000 0.000000
v 449.142000 501.078000 0.000000
v 419.555000 501.078000 0.000000
v 452.142000 431.196000 0.000000
v 481.728000 431.196000 0.000000
v 481.728000 501.078000 0.000000
v 452.142000 501.078000 0.000000
v 484.728000 431.196000 0.000000
v 514.315000 431.196000 0.000000
v 514.315000 501.078000 0.000000
v 484.728000 501.078000 0.000000
v 523.555000 430.025000 0.000000
v 553.142000 430.025000 0.000000
v 553.142000 502.249000 0.000000
v 523.555000 502.249000 0.000000
v 556.142000 430.025000 0.000000
v 585.728000 430.025000 0.000000
v 585.728000 502.249000 0.000000
v 556.142000 502.249000 0.000000
v 588.728000 430.025000 0.000000
v 618.315000 430.025000 0.000000
v 618.315000 502.249000 0.000000
v 588.728000 502.249000 0.000000
v 627.076000 275.268000 0.000000
v 654.156000 275.268000 0.000000
v 654.156000 344.508000 0.000000
v 627.076000 344.508000 0.000000
v 657.156000 275.268000 0.000000
v 684.236000 275.268000 0.000000
v 684.236000 344.508000 0.000000
v 657.156000 344.508000 0.000000
v 687.236000 275.268000 0.000000
v 714.316000 275.268000 0.000000
v 714.316000 344.508000 0.000000
v 687.236000 344.508000 0.000000
v 723.076000 275.268000 0.000000
v 750.156000 275.268000 0.000000
v 750.156000 344.508000 0.000000
v 723.076000 344.508000 0.000000
v 753.156000 275.268000 0.000000
v 780.236000 275.268000 0.000000
v 780.236000 344.508000 0.000000
v 753.156000 344.508000 0.000000
v 783.236000 275.268000 0.000000
v 810.316000 275.268000 0.000000
v 810.316000 344.508000 0.000000
v 783.236000 344.508000 0.000000
v 819.076000 275.268000 0.000000
v 846.156000 275.268000 0.000000
v 846.156000 344.508000 0.000000
v 819.076000 344.508000 0.000000
v 849.156000 275.268000 0.000000
v 876.236000 275.268000 0.000000
v 876.236000 344.508000 0.000000
v 849.156000 344.508000 0.000000
v 879.236000 275.268000 0.000000
v 906.316000 275.268000 0.000000
v 906.316000 344.508000 0.000000
v 879.236000 344.508000 0.000000
v 627.076000 353.268000 0.000000
v 654.156000 353.268000 0.000000
v 654.156000 422.508000 0.000000
v 627.076000 422.508000 0.000000
v 657.156000 353.268000 0.000000
v 684.236000 353.268000 0.000000
v 684.236000 422.508000 0.000000
v 657.156000 422.508000 0.000000
v 687.236000 353.268000 0.000000
v 714.316000 353.268000 0.000000
v 714.316000 422.508000 0.000000
v 687.236000 422.508000 0.000000
v 723.076000 350.386000 0.000000
v 750.156000 350.386000 0.000000
v 750.156000 425.390000 0.000000
v 723.076000 425.390000 0.000000
v 753.156000 350.386000 0.000000
v 780.236000 350.386000 0.000000
v 780.236000 425.390000 0.000000
v 753.156000 425.390000 0.000000
v 783.236000 350.386000 0.000000
v 810.316000 350.386000 0.000000
v 810.316000 425.390000 0.000000
v 783.236000 425.390000 0.000000
v 819.076000 353.268000 0.000000
v 846.156000 353.268000 0.000000
v 846.156000 422.508000 0.000000
v 819.076000 422.508000 0.000000
v 849.156000 353.268000 0.000000
v 876.236000 353.268000 0.000000
v 876.236000 422.508000 0.000000
v 849.156000 422.508000 0.000000
v 879.236000 353.268000 0.000000
v 906.316000 353.268000 0.000000
v 906.316000 422.508000 0.000000
v 879.236000 422.508000 0.000000
v 627.076000 431.268000 0.000000
v 654.156000 431.268000 0.000000
v 654.156000 500.508000 0.000000
v 627.076000 500.508000 0.000000
v 657.156000 431.268000 0.000000
v 684.236000 431.268000 0.000000
v 684.236000 500.508000 0.000000
v 657.156000 500.508000 0.000000
v 687.236000 431.268000 0.000000
v 714.316000 431.268000 0.000000
v 714.316000 500.508000 0.000000
v 687.236000 500.508000 0.000000
v 723.076000 430.161000 0.000000
v 750.156000 430.161000 0.000000
v 750.156000 501.615000 0.000000
v 723.076000 501.615000 0.000000
v 753.156000 430.161000 0.000000
v 780.236000 430.161000 0.000000
v 780.236000 501.615000 0.000000
v 753.156000 501.615000 0.000000
v 783.236000 430.161000 0.000000
v 810.316000 430.161000 0.000000
v 810.316000 501.615000 0.000000
v 783.236000 501.615000 0.000000
v 819.076000 431.268000 0.000000
v 846.156000 431.268000 0.000000
v 846.156000 500.508000 0.000000
v 819.076000 500.508000 0.000000
v 849.156000 431.268000 0.000000
v 876.236000 431.268000 0.000000
v 876.236000 500.508000 0.000000
v 849.156000 500.508000 0.000000
v 879.236000 431.268000 0.000000
v 906.316000 431.268000 0.000000
v 906.316000 500.508000 0.000000
v 879.236000 500.508000 0.000000
v 916.380000 269.736000 0.000000
v 943.460000 269.736000 0.000000
v 943.460000 341.398000 0.000000
v 916.380000 341.398000 0.000000
v 946.460000 269.736000 0.000000
v 973.540000 269.736000 0.000000
v 973.540000 341.398000 0.000000
v 946.460000 341.398000 0.000000
v 976.540000 269.736000 0.000000
v 1003.620000 269.736000 0.000000
v 1003.620000 341.398000 0.000000
v 976.540000 341.398000 0.000000
v 1012.380000 268.622000 0.000000
v 1039.460000 268.622000 0.000000
v 1039.460000 342.512000 0.000000
v 1012.380000 342.512000 0.000000
v 1042.460000 268.622000 0.000000
v 1069.540000 268.622000 0.000000
v 1069.540000 342.512000 0.000000
v 1042.460000 342.512000 0.000000
v 1072.540000 268.622000 0.000000
v 1099.620000 268.622000 0.000000
v 1099.620000 342.512000 0.000000
v 1072.540000 342.512000 0.000000
v 1108.380000 270.947000 0.000000
v 1135.460000 270.947000 0.000000
v 1135.460000 340.187000 0.000000
v 1108.380000 340.187000 0.000000
v 1138.460000 270.947000 0.000000
v 1165.540000 270.947000 0.000000
v 1165.540000 340.187000 0.000000
v 1138.460000 340.187000 0.000000
v 1168.540000 270.947000 0.000000
v 1195.620000 270.947000 0.000000
v 1195.620000 340.187000 0.000000
v 1168.540000 340.187000 0.000000
v 916.380000 347.005000 0.000000
v 943.460000 347.005000 0.000000
v 943.460000 420.129000 0.000000
v 916.380000 420.129000 0.000000
v 946.460000 347.005000 0.000000
v 973.540000 347.005000 0.000000
v 973.540000 420.129000 0.000000
v 946.460000 420.129000 0.000000
v 976.540000 347.005000 0.000000
v 1003.620000 347.005000 0.000000
v 1003.620000 420.129000 0.000000
v 976.540000 420.129000 0.000000
v 1012.380000 348.947000 0.000000
v 1039.460000 348.947000 0.000000
v 1039.460000 418.187000 0.000000
v 1012.380000 418.187000 0.000000
v 1042.460000 348.947000 0.000000
v 1069.540000 348.947000 0.000000
v 1069.540000 418.187000 0.000000
v 1042.460000 418.187000 0.000000
v 1072.540000 348.947000 0.000000
v 1099.620000 348.947000 0.000000
v 1099.620000 418.187000 0.000000
v 1072.540000 418.187000 0.000000
v 1108.380000 348.947000 0.000000
v 1135.460000 348.947000 0.000000
v 1135.460000 418.187000 0.000000
v 1108.380000 418.187000 0.000000
v 1138.460000 348.947000 0.000000
v 1165.540000 348.947000 0.000000
v 1165.540000 418.187000 0.000000
v 1138.460000 418.187000 0.000000
v 1168.540000 348.947000 0.000000
v 1195.620000 348.947000 0.000000
v 1195.620000 418.187000 0.000000
v 1168.540000 418.187000 0.000000
v 916.380000 425.278000 0.000000
v 943.460000 425.278000 0.000000
v 943.460000 497.856000 0.000000
v 916.380000 497.856000 0.000000
v 946.460000 425.278000 0.000000
v 973.540000 425.278000 0.000000
v 973.540000 497.856000 0.000000
v 946.460000 497.856000 0.000000
v 976.540000 425.278000 0.000000
v 1003.620000 425.278000 0.000000
v 1003.620000 497.856000 0.000000
v 976.540000 497.856000 0.000000
v 1012.380000 426.947000 0.000000
v 1039.460000 426.947000 0.000000
v 1039.460000 496.187000 0.000000
v 1012.380000 496.187000 0.000000
v 1042.460000 426.947000 0.000000
v 1069.540000 426.947000 0.000000
v 1069.540000 496.187000 0.000000
v 1042.460000 496.187000 0.000000
v 1072.540000 426.947000 0.000000
v 1099.620000 426.947000 0.000000
v 1099.620000 496.187000 0.000000
v 1072.540000 496.187000 0.000000
v 1108.380000 424.355000 0.000000
v 1135.460000 424.355000 0.000000
v 1135.460000 498.779000 0.000000
v 1108.380000 498.779000 0.000000
v 1138.460000 424.355000 0.000000
v 1165.540000 424.355000 0.000000
v 1165.540000 498.779000 0.000000
v 1138.460000 498.779000 0.000000
v 1168.540000 424.355000 0.000000
v 1195.620000 424.355000 0.000000
v 1195.620000 498.779000 0.000000
v 1168.540000 498.779000 0.000000
v 4.620000 514.229000 0.000000
v 51.540000 514.229000 0.000000
v 51.540000 603.989000 0.000000
v 4.620000 603.989000 0.000000
v 54.540000 514.229000 0.000000
v 101.460000 514.229000 0.000000
v 101.460000 603.989000 0.000000
v 54.540000 603.989000 0.000000
v 104.460000 514.229000 0.000000
v 151.380000 514.229000 0.000000
v 151.380000 603.989000 0.000000
v 104.460000 603.989000 0.000000
v 160.620000 514.229000 0.000000
v 207.540000 514.229000 0.000000
v 207.540000 603.989000 0.000000
v 160.620000 603.989000 0.000000
v 210.540000 514.229000 0.000000
v 257.460000 514.229000 0.000000
v 257.460000 603.989000 0.000000
v 210.540000 603.989000 0.000000
v 260.460000 514.229000 0.000000
v 307.380000 514.229000 0.000000
v 307.380000 603.989000 0.000000
v 260.460000 603.989000 0.000000
v 4.620000 612.632000 0.000000
v 51.540000 612.632000 0.000000
v 51.540000 703.586000 0.000000
v 4.620000 703.586000 0.000000
v 54.540000 612.632000 0.000000
v 101.460000 612.632000 0.000000
v 101.460000 703.586000 0.000000
v 54.540000 703.586000 0.000000
v 104.460000 612.632000 0.000000
v 151.380000 612.632000 0.000000
v 151.380000 703.586000 0.000000
v 104.460000 703.586000 0.000000
v 160.620000 613.229000 0.000000
v 207.540000 613.229000 0.000000
v 207.540000 702.989000 0.000000
v 160.620000 702.989000 0.000000
v 210.540000 613.229000 0.000000
v 257.460000 613.229000 0.000000
v 257.460000 702.989000 0.000000
v 210.540000 702.989000 0.000000
v 260.460000 613.229000 0.000000
v 307.380000 613.229000 0.000000
v 307.380000 702.989000 0.000000
v 260.460000 702.989000 0.000000
v 321.974000 515.656000 0.000000
v 351.561000 515.656000 0.000000
v 351.561000 572.416000 0.000000
v 321.974000 572.416000 0.000000
v 354.561000 515.656000 0.000000
v 384.147000 515.656000 0.000000
v 384.147000 572.416000 0.000000
v 354.561000 572.416000 0.000000
v 387.147000 515.656000 0.000000
v 416.734000 515.656000 0.000000
v 416.734000 572.416000 0.000000
v 387.147000 572.416000 0.000000
v 425.974000 515.656000 0.000000
v 455.561000 515.656000 0.000000
v 455.561000 572.416000 0.000000
v 425.974000 572.416000 0.000000
v 458.561000 515.656000 0.000000
v 488.147000 515.656000 0.000000
v 488.147000 572.416000 0.000000
v 458.561000 572.416000 0.000000
v 491.147000 515.656000 0.000000
v 520.734000 515.656000 0.000000
v 520.734000 572.416000 0.000000
v 491.147000 572.416000 0.000000
v 529.974000 515.656000 0.000000
v 559.561000 515.656000 0.000000
v 559.561000 572.416000 0.000000
v 529.974000 572.416000 0.000000
v 562.561000 515.656000 0.000000
v 592.147000 515.656000 0.000000
v 592.147000 572.416000 0.000000
v 562.561000 572.416000 0.000000
v 595.147000 515.656000 0.000000
v 624.734000 515.656000 0.000000
v 624.734000 572.416000 0.000000
v 595.147000 572.416000 0.000000
v 321.974000 581.166000 0.000000
v 351.561000 581.166000 0.000000
v 351.561000 638.906000 0.000000
v 321.974000 638.906000 0.000000
v 354.561000 581.166000 0.000000
v 384.147000 581.166000 0.000000
v 384.147000 638.906000 0.000000
v 354.561000 638.906000 0.000000
v 387.147000 581.166000 0.000000
v 416.734000 581.166000 0.000000
v 416.734000 638.906000 0.000000
v 387.147000 638.906000 0.000000
v 425.974000 581.656000 0.000000
v 455.561000 581.656000 0.000000
v 455.561000 638.416000 0.000000
v 425.974000 638.416000 0.000000
v 458.561000 581.656000 0.000000
v 488.147000 581.656000 0.000000
v 488.147000 638.416000 0.000000
v 458.561000 638.416000 0.000000
v 491.147000 581.656000 0.000000
v 520.734000 581.656000 0.000000
v 520.734000 638.416000 0.000000
v 491.147000 638.416000 0.000000
v 529.974000 581.656000 0.000000
v 559.561000 581.656000 0.000000
v 559.561000 638.416000 0.000000
v 529.974000 638.416000 0.000000
v 562.561000 581.656000 0.000000
v 592.147000 581.656000 0.000000
v 592.147000 638.416000 0.000000
v 562.561000 638.416000 0.000000
v 595.147000 581.656000 0.000000
v 624.734000 581.656000 0.000000
v 624.734000 638.416000 0.000000
v 595.147000 638.416000 0.000000
v 321.974000 646.733000 0.000000
v 351.561000 646.733000 0.000000
v 351.561000 705.339000 0.000000
v 321.974000 705.339000 0.000000
v 354.561000 646.733000 0.000000
v 384.147000 646.733000 0.000000
v 384.147000 705.339000 0.000000
v 354.561000 705.339000 0.000000
v 387.147000 646.733000 0.000000
v 416.734000 646.733000 0.000000
v 416.734000 705.339000 0.000000
v 387.147000 705.339000 0.000000
v 425.974000 647.656000 0.000000
v 455.561000 647.656000 0.000000
v 455.561000 704.416000 0.000000
v 425.974000 704.416000 0.000000
v 458.561000 647.656000 0.000000
v 488.147000 647.656000 0.000000
v 488.147000 704.416000 0.000000
v 458.561000 704.416000 0.000000
v 491.147000 647.656000 0.000000
v 520.734000 647.656000 0.000000
v 520.734000 704.416000 0.000000
v 491.147000 704.416000 0.000000
v 529.974000 647.656000 0.000000
v 559.561000 647.656000 0.000000
v 559.561000 704.416000 0.000000
v 529.974000 704.416000 0.000000
v 562.561000 647.656000 0.000000
v 592.147000 647.656000 0.000000
v 592.147000 704.416000 0.000000
v 562.561000 704.416000 0.000000
v 595.147000 647.656000 0.000000
v 624.734000 647.656000 0.000000
v 624.734000 704.416000 0.000000
v 595.147000 704.416000 0.000000
v 627.888000 513.278000 0.000000
v 654.968000 513.278000 0.000000
v 654.968000 575.146000 0.000000
v 627.888000 575.146000 0.000000
v 657.968000 513.278000 0.000000
v 685.048000 513.278000 0.000000
v 685.048000 575.146000 0.000000
v 657.968000 575.146000 0.000000
v 688.048000 513.278000 0.000000
v 715.128000 513.278000 0.000000
v 715.128000 575.146000 0.000000
v 688.048000 575.146000 0.000000
v 723.888000 515.027000 0.000000
v 750.968000 515.027000 0.000000
v 750.968000 573.397000 0.000000
v 723.888000 573.397000 0.000000
v 753.968000 515.027000 0.000000
v 781.048000 515.027000 0.000000
v 781.048000 573.397000 0.000000
v 753.968000 573.397000 0.000000
v 784.048000 515.027000 0.000000
v 811.128000 515.027000 0.000000
v 811.128000 573.397000 0.000000
v 784.048000 573.397000 0.000000
v 819.888000 513.992000 0.000000
v 846.968000 513.992000 0.000000
v 846.968000 574.432000 0.000000
v 819.888000 574.432000 0.000000
v 849.968000 513.992000 0.000000
v 877.048000 513.992000 0.000000
v 877.048000 574.432000 0.000000
v 849.968000 574.432000 0.000000
v 880.048000 513.992000 0.000000
v 907.128000 513.992000 0.000000
v 907.128000 574.432000 0.000000
v 880.048000 574.432000 0.000000
v 627.888000 581.592000 0.000000
v 654.968000 581.592000 0.000000
v 654.968000 638.832000 0.000000
v 627.888000 638.832000 0.000000
v 657.968000 581.592000 0.000000
v 685.048000 581.592000 0.000000
v 685.048000 638.832000 0.000000
v 657.968000 638.832000 0.000000
v 688.048000 581.592000 0.000000
v 715.128000 581.592000 0.000000
v 715.128000 638.832000 0.000000
v 688.048000 638.832000 0.000000
v 723.888000 580.543000 0.000000
v 750.968000 580.543000 0.000000
v 750.968000 639.881000 0.000000
v 723.888000 639.881000 0.000000
v 753.968000 580.543000 0.000000
v 781.048000 580.543000 0.000000
v 781.048000 639.881000 0.000000
v 753.968000 639.881000 0.000000
v 784.048000 580.543000 0.000000
v 811.128000 580.543000 0.000000
v 811.128000 639.881000 0.000000
v 784.048000 639.881000 0.000000
v 819.888000 578.936000 0.000000
v 846.968000 578.936000 0.000000
v 846.968000 641.488000 0.000000
v 819.888000 641.488000 0.000000
v 849.968000 578.936000 0.000000
v 877.048000 578.936000 0.000000
v 877.048000 641.488000 0.000000
v 849.968000 641.488000 0.000000
v 880.048000 578.936000 0.000000
v 907.128000 578.936000 0.000000
v 907.128000 641.488000 0.000000
v 880.048000 641.488000 0.000000
v 627.888000 645.454000 0.000000
v 654.968000 645.454000 0.000000
v 654.968000 706.970000 0.000000
v 627.888000 706.970000 0.000000
v 657.968000 645.454000 0.000000
v 685.048000 645.454000 0.000000
v 685.048000 706.970000 0.000000
v 657.968000 706.970000 0.000000
v 688.048000 645.454000 0.000000
v 715.128000 645.454000 0.000000
v 715.128000 706.970000 0.000000
v 688.048000 706.970000 0.000000
v 723.888000 646.744000 0.000000
v 750.968000 646.744000 0.000000
v 750.968000 705.680000 0.000000
v 723.888000 705.680000 0.000000
v 753.968000 646.744000 0.000000
v 781.048000 646.744000 0.000000
v 781.048000 705.680000 0.000000
v 753.968000 705.680000 0.000000
v 784.048000 646.744000 0.000000
v 811.128000 646.744000 0.000000
v 811.128000 705.680000 0.000000
v 784.048000 705.680000 0.000000
v 819.888000 647.592000 0.000000
v 846.968000 647.592000 0.000000
v 846.968000 704.832000 0.000000
v 819.888000 704.832000 0.000000
v 849.968000 647.592000 0.000000
v 877.048000 647.592000 0.000000
v 877.048000 704.832000 0.000000
v 849.968000 704.832000 0.000000
v 880.048000 647.592000 0.000000
v 907.128000 647.592000 0.000000
v 907.128000 704.832000 0.000000
v 880.048000 704.832000 0.000000
v 916.380000 501.331000 0.000000
v 943.460000 501.331000 0.000000
v 943.460000 562.463000 0.000000
v 916.380000 562.463000 0.000000
v 946.460000 501.331000 0.000000
v 973.540000 501.331000 0.000000
v 973.540000 562.463000 0.000000
v 946.460000 562.463000 0.000000
v 976.540000 501.331000 0.000000
v 1003.620000 501.331000 0.000000
v 1003.620000 562.463000 0.000000
v 976.540000 562.463000 0.000000
v 1012.380000 501.828000 0.000000
v 1039.460000 501.828000 0.000000
v 1039.460000 561.966000 0.000000
v 1012.380000 561.966000 0.000000
v 1042.460000 501.828000 0.000000
v 1069.540000 501.828000 0.000000
v 1069.540000 561.966000 0.000000
v 1042.460000 561.966000 0.000000
v 1072.540000 501.828000 0.000000
v 1099.620000 501.828000 0.000000
v 1099.620000 561.966000 0.000000
v 1072.540000 561.966000 0.000000
v 1108.380000 503.277000 0.000000
v 1135.460000 503.277000 0.000000
v 1135.460000 560.517000 0.000000
v 1108.380000 560.517000 0.000000
v 1138.460000 503.277000 0.000000
v 1165.540000 503.277000 0.000000
v 1165.540000 560.517000 0.000000
v 1138.460000 560.517000 0.000000
v 1168.540000 503.277000 0.000000
v 1195.620000 503.277000 0.000000
v 1195.620000 560.517000 0.000000
v 1168.540000 560.517000 0.000000
v 916.380000 569.277000 0.000000
v 943.460000 569.277000 0.000000
v 943.460000 626.517000 0.000000
v 916.380000 626.517000 0.000000
v 946.460000 569.277000 0.000000
v 973.540000 569.277000 0.000000
v 973.540000 626.517000 0.000000
v 946.460000 626.517000 0.000000
v 976.540000 569.277000 0.000000
v 1003.620000 569.277000 0.000000
v 1003.620000 626.517000 0.000000
v 976.540000 626.517000 0.000000
v 1012.380000 569.277000 0.000000
v 1039.460000 569.277000 0.000000
v 1039.460000 626.517000 0.000000
v 1012.380000 626.517000 0.000000
v 1042.460000 569.277000 0.000000
v 1069.540000 569.277000 0.000000
v 1069.540000 626.517000 0.000000
v 1042.460000 626.517000 0.000000
v 1072.540000 569.277000 0.000000
v 1099.620000 569.277000 0.000000
v 1099.620000 626.517000 0.000000
v 1072.540000 626.517000 0.000000
v 1108.380000 569.189000 0.000000
v 1135.460000 569.189000 0.000000
v 1135.460000 626.605000 0.000000
v 1108.380000 626.605000 0.000000
v 1138.460000 569.189000 0.000000
v 1165.540000 569.189000 0.000000
v 1165.540000 626.605000 0.000000
v 1138.460000 626.605000 0.000000
v 1168.540000 569.189000 0.000000
v 1195.620000 569.189000 0.000000
v 1195.620000 626.605000 0.000000
v 1168.540000 626.605000 0.000000
v 916.380000 632.648000 0.000000
v 943.460000 632.648000 0.000000
v 943.460000 695.146000 0.000000
v 916.380000 695.146000 0.000000
v 946.460000 632.648000 0.000000
v 973.540000 632.648000 0.000000
v 973.540000 695.146000 0.000000
v 946.460000 695.146000 0.000000
v 976.540000 632.648000 0.000000
v 1003.620000 632.648000 0.000000
v 1003.620000 695.146000 0.000000
v 976.540000 695.146000 0.000000
v 1012.380000 635.277000 0.000000
v 1039.460000 635.277000 0.000000
v 1039.460000 692.517000 0.000000
v 1012.380000 692.517000 0.000000
v 1042.460000 635.277000 0.000000
v 1069.540000 635.277000 0.000000
v 1069.540000 692.517000 0.000000
v 1042.460000 692.517000 0.000000
v 1072.540000 635.277000 0.000000
v 1099.620000 635.277000 0.000000
v 1099.620000 692.517000 0.000000
v 1072.540000 692.517000 0.000000
v 1108.380000 634.352000 0.000000
v 1135.460000 634.352000 0.000000
v 1135.460000 693.442000 0.000000
v 1108.380000 693.442000 0.000000
v 1138.460000 634.352000 0.000000
v 1165.540000 634.352000 0.000000
v 1165.540000 693.442000 0.000000
v 1138.460000 693.442000 0.000000
v 1168.540000 634.352000 0.000000
v 1195.620000 634.352000 0.000000
v 1195.620000 693.442000 0.000000
v 1168.540000 693.442000 0.000000
v 4.620000 706.620000 0.000000
v 51.540000 706.620000 0.000000
v 51.540000 796.380000 0.000000
v 4.620000 796.380000 0.000000
v 54.540000 706.620000 0.000000
v 101.460000 706.620000 0.000000
v 101.460000 796.380000 0.000000
v 54.540000 796.380000 0.000000
v 104.460000 706.620000 0.000000
v 151.380000 706.620000 0.000000
v 151.380000 796.380000 0.000000
v 104.460000 796.380000 0.000000
v 160.620000 706.620000 0.000000
v 207.540000 706.620000 0.000000
v 207.540000 796.380000 0.000000
v 160.620000 796.380000 0.000000
v 210.540000 706.620000 0.000000
v 257.460000 706.620000 0.000000
v 257.460000 796.380000 0.000000
v 210.540000 796.380000 0.000000
v 260.460000 706.620000 0.000000
v 307.380000 706.620000 0.000000
v 307.380000 796.380000 0.000000
v 260.460000 796.380000 0.000000
v 4.620000 805.620000 0.000000
v 51.540000 805.620000 0.000000
v 51.540000 895.380000 0.000000
v 4.620000 895.380000 0.000000
v 54.540000 805.620000 0.000000
v 101.460000 805.620000 0.000000
v 101.460000 895.380000 0.000000
v 54.540000 895.380000 0.000000
v 104.460000 805.620000 0.000000
v 151.380000 805.620000 0.000000
v 151.380000 895.380000 0.000000
v 104.460000 895.380000 0.000000
v 160.620000 805.620000 0.000000
v 207.540000 805.620000 0.000000
v 207.540000 895.380000 0.000000
v 160.620000 895.380000 0.000000
v 210.540000 805.620000 0.000000
v 257.460000 805.620000 0.000000
v 257.460000 895.380000 0.000000
v 210.540000 895.380000 0.000000
v 260.460000 805.620000 0.000000
v 307.380000 805.620000 0.000000
v 307.380000 895.380000 0.000000
v 260.460000 895.380000 0.000000
v 313.435000 706.620000 0.000000
v 343.022000 706.620000 0.000000
v 343.022000 763.380000 0.000000
v 313.435000 763.380000 0.000000
v 346.022000 706.620000 0.000000
v 375.608000 706.620000 0.000000
v 375.608000 763.380000 0.000000
v 346.022000 763.380000 0.000000
v 378.608000 706.620000 0.000000
v 408.195000 706.620000 0.000000
v 408.195000 763.380000 0.000000
v 378.608000 763.380000 0.000000
v 417.435000 706.620000 0.000000
v 447.022000 706.620000 0.000000
v 447.022000 763.380000 0.000000
v 417.435000 763.380000 0.000000
v 450.022000 706.620000 0.000000
v 479.608000 706.620000 0.000000
v 479.608000 763.380000 0.000000
v 450.022000 763.380000 0.000000
v 482.608000 706.620000 0.000000
v 512.195000 706.620000 0.000000
v 512.195000 763.380000 0.000000
v 482.608000 763.380000 0.000000
v 521.435000 706.620000 0.000000
v 551.022000 706.620000 0.000000
v 551.022000 763.380000 0.000000
v 521.435000 763.380000 0.000000
v 554.022000 706.620000 0.000000
v 583.608000 706.620000 0.000000
v 583.608000 763.380000 0.000000
v 554.022000 763.380000 0.000000
v 586.608000 706.620000 0.000000
v 616.195000 706.620000 0.000000
v 616.195000 763.380000 0.000000
v 586.608000 763.380000 0.000000
v 313.435000 770.514000 0.000000
v 343.022000 770.514000 0.000000
v 343.022000 831.486000 0.000000
v 313.435000 831.486000 0.000000
v 346.022000 770.514000 0.000000
v 375.608000 770.514000 0.000000
v 375.608000 831.486000 0.000000
v 346.022000 831.486000 0.000000
v 378.608000 770.514000 0.000000
v 408.195000 770.514000 0.000000
v 408.195000 831.486000 0.000000
v 378.608000 831.486000 0.000000
v 417.435000 770.288000 0.000000
v 447.022000 770.288000 0.000000
v 447.022000 831.712000 0.000000
v 417.435000 831.712000 0.000000
v 450.022000 770.288000 0.000000
v 479.608000 770.288000 0.000000
v 479.608000 831.712000 0.000000
v 450.022000 831.712000 0.000000
v 482.608000 770.288000 0.000000
v 512.195000 770.288000 0.000000
v 512.195000 831.712000 0.000000
v 482.608000 831.712000 0.000000
v 521.435000 769.724000 0.000000
v 551.022000 769.724000 0.000000
v 551.022000 832.276000 0.000000
v 521.435000 832.276000 0.000000
v 554.022000 769.724000 0.000000
v 583.608000 769.724000 0.000000
v 583.608000 832.276000 0.000000
v 554.022000 832.276000 0.000000
v 586.608000 769.724000 0.000000
v 616.195000 769.724000 0.000000
v 616.195000 832.276000 0.000000
v 586.608000 832.276000 0.000000
v 313.435000 838.620000 0.000000
v 343.022000 838.620000 0.000000
v 343.022000 895.380000 0.000000
v 313.435000 895.380000 0.000000
v 346.022000 838.620000 0.000000
v 375.608000 838.620000 0.000000
v 375.608000 895.380000 0.000000
v 346.022000 895.380000 0.000000
v 378.608000 838.620000 0.000000
v 408.195000 838.620000 0.000000
v 408.195000 895.380000 0.000000
v 378.608000 895.380000 0.000000
v 417.435000 838.620000 0.000000
v 447.022000 838.620000 0.000000
v 447.022000 895.380000 0.000000
v 417.435000 895.380000 0.000000
v 450.022000 838.620000 0.000000
v 479.608000 838.620000 0.000000
v 479.608000 895.380000 0.000000
v 450.022000 895.380000 0.000000
v 482.608000 838.620000 0.000000
v 512.195000 838.620000 0.000000
v 512.195000 895.380000 0.000000
v 482.608000 895.380000 0.000000
v 521.435000 838.620000 0.000000
v 551.022000 838.620000 0.000000
v 551.022000 895.380000 0.000000
v 521.435000 895.380000 0.000000
v 554.022000 838.620000 0.000000
v 583.608000 838.620000 0.000000
v 583.608000 895.380000 0.000000
v 554.022000 895.380000 0.000000
v 586.608000 838.620000 0.000000
v 616.195000 838.620000 0.000000
v 616.195000 895.380000 0.000000
v 586.608000 895.380000 0.000000
v 627.226000 706.027000 0.000000
v 654.306000 706.027000 0.000000
v 654.306000 763.973000 0.000000
v 627.226000 763.973000 0.000000
v 657.306000 706.027000 0.000000
v 684.386000 706.027000 0.000000
v 684.386000 763.973000 0.000000
v 657.306000 763.973000 0.000000
v 687.386000 706.027000 0.000000
v 714.466000 706.027000 0.000000
v 714.466000 763.973000 0.000000
v 687.386000 763.973000 0.000000
v 723.226000 706.380000 0.000000
v 750.306000 706.380000 0.000000
v 750.306000 763.620000 0.000000
v 723.226000 763.620000 0.000000
v 753.306000 706.380000 0.000000
v 780.386000 706.380000 0.000000
v 780.386000 763.620000 0.000000
v 753.306000 763.620000 0.000000
v 783.386000 706.380000 0.000000
v 810.466000 706.380000 0.000000
v 810.466000 763.620000 0.000000
v 783.386000 763.620000 0.000000
v 819.226000 706.380000 0.000000
v 846.306000 706.380000 0.000000
v 846.306000 763.620000 0.000000
v 819.226000 763.620000 0.000000
v 849.306000 706.380000 0.000000
v 876.386000 706.380000 0.000000
v 876.386000 763.620000 0.000000
v 849.306000 763.620000 0.000000
v 879.386000 706.380000 0.000000
v 906.466000 706.380000 0.000000
v 906.466000 763.620000 0.000000
v 879.386000 763.620000 0.000000
v 627.226000 771.681000 0.000000
v 654.306000 771.681000 0.000000
v 654.306000 830.319000 0.000000
v 627.226000 830.319000 0.000000
v 657.306000 771.681000 0.000000
v 684.386000 771.681000 0.000000
v 684.386000 830.319000 0.000000
v 657.306000 830.319000 0.000000
v 687.386000 771.681000 0.000000
v 714.466000 771.681000 0.000000
v 714.466000 830.319000 0.000000
v 687.386000 830.319000 0.000000
v 723.226000 770.838000 0.000000
v 750.306000 770.838000 0.000000
v 750.306000 831.162000 0.000000
v 723.226000 831.162000 0.000000
v 753.306000 770.838000 0.000000
v 780.386000 770.838000 0.000000
v 780.386000 831.162000 0.000000
v 753.306000 831.162000 0.000000
v 783.386000 770.838000 0.000000
v 810.466000 770.838000 0.000000
v 810.466000 831.162000 0.000000
v 783.386000 831.162000 0.000000
v 819.226000 772.380000 0.000000
v 846.306000 772.380000 0.000000
v 846.306000 829.620000 0.000000
v 819.226000 829.620000 0.000000
v 849.306000 772.380000 0.000000
v 876.386000 772.380000 0.000000
v 876.386000 829.620000 0.000000
v 849.306000 829.620000 0.000000
v 879.386000 772.380000 0.000000
v 906.466000 772.380000 0.000000
v 906.466000 829.620000 0.000000
v 879.386000 829.620000 0.000000
v 627.226000 837.802000 0.000000
v 654.306000 837.802000 0.000000
v 654.306000 896.198000 0.000000
v 627.226000 896.198000 0.000000
v 657.306000 837.802000 0.000000
v 684.386000 837.802000 0.000000
v 684.386000 896.198000 0.000000
v 657.306000 896.198000 0.000000
v 687.386000 837.802000 0.000000
v 714.466000 837.802000 0.000000
v 714.466000 896.198000 0.000000
v 687.386000 896.198000 0.000000
v 723.226000 837.713000 0.000000
v 750.306000 837.713000 0.000000
v 750.306000 896.287000 0.000000
v 723.226000 896.287000 0.000000
v 753.306000 837.713000 0.000000
v 780.386000 837.713000 0.000000
v 780.386000 896.287000 0.000000
v 753.306000 896.287000 0.000000
v 783.386000 837.713000 0.000000
v 810.466000 837.713000 0.000000
v 810.466000 896.287000 0.000000
v 783.386000 896.287000 0.000000
v 819.226000 836.335000 0.000000
v 846.306000 836.335000 0.000000
v 846.306000 897.665000 0.000000
v 819.226000 897.665000 0.000000
v 849.306000 836.335000 0.000000
v 876.386000 836.335000 0.000000
v 876.386000 897.665000 0.000000
v 849.306000 897.665000 0.000000
v 879.386000 836.335000 0.000000
v 906.466000 836.335000 0.000000
v 906.466000 897.665000 0.000000
v 879.386000 897.665000 0.000000
v 916.380000 706.380000 0.000000
v 943.460000 706.380000 0.000000
v 943.460000 763.620000 0.000000
v 916.380000 763.620000 0.000000
v 946.460000 706.380000 0.000000
v 973.540000 706.380000 0.000000
v 973.540000 763.620000 0.000000
v 946.460000 763.620000 0.000000
v 976.540000 706.380000 0.000000
v 1003.620000 706.380000 0.000000
v 1003.620000 763.620000 0.000000
v 976.540000 763.620000 0.000000
v 1012.380000 706.380000 0.000000
v 1039.460000 706.380000 0.000000
v 1039.460000 763.620000 0.000000
v 1012.380000 763.620000 0.000000
v 1042.460000 706.380000 0.000000
v 1069.540000 706.380000 0.000000
v 1069.540000 763.620000 0.000000
v 1042.460000 763.620000 0.000000
v 1072.540000 706.380000 0.000000
v 1099.620000 706.380000 0.000000
v 1099.620000 763.620000 0.000000
v 1072.540000 763.620000 0.000000
v 1108.380000 704.864000 0.000000
v 1135.460000 704.864000 0.000000
v 1135.460000 765.136000 0.000000
v 1108.380000 765.136000 0.000000
v 1138.460000 704.864000 0.000000
v 1165.540000 704.864000 0.000000
v 1165.540000 765.136000 0.000000
v 1138.460000 765.136000 0.000000
v 1168.540000 704.864000 0.000000
v 1195.620000 704.864000 0.000000
v 1195.620000 765.136000 0.000000
v 1168.540000 765.136000 0.000000
v 916.380000 772.380000 0.000000
v 943.460000 772.380000 0.000000
v 943.460000 829.620000 0.000000
v 916.380000 829.620000 0.000000
v 946.460000 772.380000 0.000000
v 973.540000 772.380000 0.000000
v 973.540000 829.620000 0.000000
v 946.460000 829.620000 0.000000
v 976.540000 772.380000 0.000000
v 1003.620000 772.380000 0.000000
v 1003.620000 829.620000 0.000000
v 976.540000 829.620000 0.000000
v 1012.380000 772.380000 0.000000
v 1039.460000 772.380000 0.000000
v 1039.460000 829.620000 0.000000
v 1012.380000 829.620000 0.000000
v 1042.460000 772.380000 0.000000
v 1069.540000 772.380000 0.000000
v 1069.540000 829.620000 0.000000
v 1042.460000 829.620000 0.000000
v 1072.540000 772.380000 0.000000
v 1099.620000 772.380000 0.000000
v 1099.620000 829.620000 0.000000
v 1072.540000 829.620000 0.000000
v 1108.380000 770.315000 0.000000
v 1135.460000 770.315000 0.000000
v 1135.460000 831.685000 0.000000
v 1108.380000 831.685000 0.000000
v 1138.460000 770.315000 0.000000
v 1165.540000 770.315000 0.000000
v 1165.540000 831.685000 0.000000
v 1138.460000 831.685000 0.000000
v 1168.540000 770.315000 0.000000
v 1195.620000 770.315000 0.000000
v 1195.620000 831.685000 0.000000
v 1168.540000 831.685000 0.000000
v 916.380000 838.380000 0.000000
v 943.460000 838.380000 0.000000
v 943.460000 895.620000 0.000000
v 916.380000 895.620000 0.000000
v 946.460000 838.380000 0.000000
v 973.540000 838.380000 0.000000
v 973.540000 895.620000 0.000000
v 946.460000 895.620000 0.000000
v 976.540000 838.380000 0.000000
v 1003.620000 838.380000 0.000000
v 1003.620000 895.620000 0.000000
v 976.540000 895.620000 0.000000
v 1012.380000 836.500000 0.000000
v 1039.460000 836.500000 0.000000
v 1039.460000 897.500000 0.000000
v 1012.380000 897.500000 0.000000
v 1042.460000 836.500000 0.000000
v 1069.540000 836.500000 0.000000
v 1069.540000 897.500000 0.000000
v 1042.460000 897.500000 0.000000
v 1072.540000 836.500000 0.000000
v 1099.620000 836.500000 0.000000
v 1099.620000 897.500000 0.000000
v 1072.540000 897.500000 0.000000
v 1108.380000 837.866000 0.000000
v 1135.460000 837.866000 0.000000
v 1135.460000 896.134000 0.000000
v 1108.380000 896.134000 0.000000
v 1138.460000 837.866000 0.000000
v 1165.540000 837.866000 0.000000
v 1165.540000 896.134000 0.000000
v 1138.460000 896.134000 0.000000
v 1168.540000 837.866000 0.000000
v 1195.620000 837.866000 0.000000
v 1195.620000 896.134000 0.000000
v 1168.540000 896.134000 0.000000
v 7.435000 7.435000 0.000000
v 48.725000 7.435000 0.000000
v 48.725000 82.565000 0.000000
v 7.435000 82.565000 0.000000
v 7.435000 7.435000 9.600000
v 48.725000 7.435000 9.600000
v 48.725000 82.565000 9.600000
v 7.435000 82.565000 9.600000
v 57.355000 7.435000 0.000000
v 98.645000 7.435000 0.000000
v 98.645000 82.565000 0.000000
v 57.355000 82.565000 0.000000
v 57.355000 7.435000 6.400000
v 98.645000 7.435000 6.400000
v 98.645000 82.565000 6.400000
v 57.355000 82.565000 6.400000
v 107.275000 7.435000 0.000000
v 148.565000 7.435000 0.000000
v 148.565000 82.565000 0.000000
v 107.275000 82.565000 0.000000
v 107.275000 7.435000 12.800000
v 148.565000 7.435000 12.800000
v 148.565000 82.565000 12.800000
v 107.275000 82.565000 12.800000
v 163.435000 6.983000 0.000000
v 204.725000 6.983000 0.000000
v 204.725000 83.017000 0.000000
v 163.435000 83.017000 0.000000
v 163.435000 6.983000 3.200000
v 204.725000 6.983000 3.200000
v 204.725000 83.017000 3.200000
v 163.435000 83.017000 3.200000
v 263.275000 6.983000 0.000000
v 304.565000 6.983000 0.000000
v 304.565000 83.017000 0.000000
v 263.275000 83.017000 0.000000
v 263.275000 6.983000 3.200000
v 304.565000 6.983000 3.200000
v 304.565000 83.017000 3.200000
v 263.275000 83.017000 3.200000
v 7.435000 97.435000 0.000000
v 48.725000 97.435000 0.000000
v 48.725000 172.565000 0.000000
v 7.435000 172.565000 0.000000
v 7.435000 97.435000 3.200000
v 48.725000 97.435000 3.200000
v 48.725000 172.565000 3.200000
v 7.435000 172.565000 3.200000
v 57.355000 97.435000 0.000000
v 98.645000 97.435000 0.000000
v 98.645000 172.565000 0.000000
v 57.355000 172.565000 0.000000
v 57.355000 97.435000 3.200000
v 98.645000 97.435000 3.200000
v 98.645000 172.565000 3.200000
v 57.355000 172.565000 3.200000
v 107.275000 97.435000 0.000000
v 148.565000 97.435000 0.000000
v 148.565000 172.565000 0.000000
v 107.275000 172.565000 0.000000
v 107.275000 97.435000 9.600000
v 148.565000 97.435000 9.600000
v 148.565000 172.565000 9.600000
v 107.275000 172.565000 9.600000
v 163.435000 97.435000 0.000000
v 204.725000 97.435000 0.000000
v 204.725000 172.565000 0.000000
v 163.435000 172.565000 0.000000
v 163.435000 97.435000 3.200000
v 204.725000 97.435000 3.200000
v 204.725000 172.565000 3.200000
v 163.435000 172.565000 3.200000
v 263.275000 97.435000 0.000000
v 304.565000 97.435000 0.000000
v 304.565000 172.565000 0.000000
v 263.275000 172.565000 0.000000
v 263.275000 97.435000 3.200000
v 304.565000 97.435000 3.200000
v 304.565000 172.565000 3.200000
v 263.275000 172.565000 3.200000
v 7.435000 187.435000 0.000000
v 48.725000 187.435000 0.000000
v 48.725000 262.565000 0.000000
v 7.435000 262.565000 0.000000
v 7.435000 187.435000 12.800000
v 48.725000 187.435000 12.800000
v 48.725000 262.565000 12.800000
v 7.435000 262.565000 12.800000
v 57.355000 187.435000 0.000000
v 98.645000 187.435000 0.000000
v 98.645000 262.565000 0.000000
v 57.355000 262.565000 0.000000
v 57.355000 187.435000 12.800000
v 98.645000 187.435000 12.800000
v 98.645000 262.565000 12.800000
v 57.355000 262.565000 12.800000
v 107.275000 187.435000 0.000000
v 148.565000 187.435000 0.000000
v 148.565000 262.565000 0.000000
v 107.275000 262.565000 0.000000
v 107.275000 187.435000 3.200000
v 148.565000 187.435000 3.200000
v 148.565000 262.565000 3.200000
v 107.275000 262.565000 3.200000
v 163.435000 187.435000 0.000000
v 204.725000 187.435000 0.000000
v 204.725000 262.565000 0.000000
v 163.435000 262.565000 0.000000
v 163.435000 187.435000 3.200000
v 204.725000 187.435000 3.200000
v 204.725000 262.565000 3.200000
v 163.435000 262.565000 3.200000
v 321.289000 7.886000 0.000000
v 358.825000 7.886000 0.000000
v 358.825000 82.114000 0.000000
v 321.289000 82.114000 0.000000
v 321.289000 7.886000 6.400000
v 358.825000 7.886000 6.400000
v 358.825000 82.114000 6.400000
v 321.289000 82.114000 6.400000
v 371.209000 7.886000 0.000000
v 408.745000 7.886000 0.000000
v 408.745000 82.114000 0.000000
v 371.209000 82.114000 0.000000
v 371.209000 7.886000 3.200000
v 408.745000 7.886000 3.200000
v 408.745000 82.114000 3.200000
v 371.209000 82.114000 3.200000
v 421.129000 7.886000 0.000000
v 458.665000 7.886000 0.000000
v 458.665000 82.114000 0.000000
v 421.129000 82.114000 0.000000
v 421.129000 7.886000 3.200000
v 458.665000 7.886000 3.200000
v 458.665000 82.114000 3.200000
v 421.129000 82.114000 3.200000
v 477.289000 9.312000 0.000000
v 514.825000 9.312000 0.000000
v 514.825000 80.688000 0.000000
v 477.289000 80.688000 0.000000
v 477.289000 9.312000 9.600000
v 514.825000 9.312000 9.600000
v 514.825000 80.688000 9.600000
v 477.289000 80.688000 9.600000
v 527.209000 9.312000 0.000000
v 564.745000 9.312000 0.000000
v 564.745000 80.688000 0.000000
v 527.209000 80.688000 0.000000
v 527.209000 9.312000 6.400000
v 564.745000 9.312000 6.400000
v 564.745000 80.688000 6.400000
v 527.209000 80.688000 6.400000
v 577.129000 9.312000 0.000000
v 614.665000 9.312000 0.000000
v 614.665000 80.688000 0.000000
v 577.129000 80.688000 0.000000
v 577.129000 9.312000 9.600000
v 614.665000 9.312000 9.600000
v 614.665000 80.688000 9.600000
v 577.129000 80.688000 9.600000
v 321.289000 98.715000 0.000000
v 358.825000 98.715000 0.000000
v 358.825000 171.285000 0.000000
v 321.289000 171.285000 0.000000
v 321.289000 98.715000 3.200000
v 358.825000 98.715000 3.200000
v 358.825000 171.285000 3.200000
v 321.289000 171.285000 3.200000
v 371.209000 98.715000 0.000000
v 408.745000 98.715000 0.000000
v 408.745000 171.285000 0.000000
v 371.209000 171.285000 0.000000
v 371.209000 98.715000 9.600000
v 408.745000 98.715000 9.600000
v 408.745000 171.285000 9.600000
v 371.209000 171.285000 9.600000
v 421.129000 98.715000 0.000000
v 458.665000 98.715000 0.000000
v 458.665000 171.285000 0.000000
v 421.129000 171.285000 0.000000
v 421.129000 98.715000 9.600000
v 458.665000 98.715000 9.600000
v 458.665000 171.285000 9.600000
v 421.129000 171.285000 9.600000
v 477.289000 98.691000 0.000000
v 514.825000 98.691000 0.000000
v 514.825000 171.309000 0.000000
v 477.289000 171.309000 0.000000
v 477.289000 98.691000 6.400000
v 514.825000 98.691000 6.400000
v 514.825000 171.309000 6.400000
v 477.289000 171.309000 6.400000
v 321.289000 189.312000 0.000000
v 358.825000 189.312000 0.000000
v 358.825000 260.688000 0.000000
v 321.289000 260.688000 0.000000
v 321.289000 189.312000 9.600000
v 358.825000 189.312000 9.600000
v 358.825000 260.688000 9.600000
v 321.289000 260.688000 9.600000
v 421.129000 189.312000 0.000000
v 458.665000 189.312000 0.000000
v 458.665000 260.688000 0.000000
v 421.129000 260.688000 0.000000
v 421.129000 189.312000 3.200000
v 458.665000 189.312000 3.200000
v 458.665000 260.688000 3.200000
v 421.129000 260.688000 3.200000
v 527.209000 189.312000 0.000000
v 564.745000 189.312000 0.000000
v 564.745000 260.688000 0.000000
v 527.209000 260.688000 0.000000
v 527.209000 189.312000 6.400000
v 564.745000 189.312000 6.400000
v 564.745000 260.688000 6.400000
v 527.209000 260.688000 6.400000
v 577.129000 189.312000 0.000000
v 614.665000 189.312000 0.000000
v 614.665000 260.688000 0.000000
v 577.129000 260.688000 0.000000
v 577.129000 189.312000 6.400000
v 614.665000 189.312000 6.400000
v 614.665000 260.688000 6.400000
v 577.129000 260.688000 6.400000
v 633.949000 7.088000 0.000000
v 655.613000 7.088000 0.000000
v 655.613000 82.912000 0.000000
v 633.949000 82.912000 0.000000
v 633.949000 7.088000 19.200000
v 655.613000 7.088000 19.200000
v 655.613000 82.912000 19.200000
v 633.949000 82.912000 19.200000
v 664.029000 7.088000 0.000000
v 685.693000 7.088000 0.000000
v 685.693000 82.912000 0.000000
v 664.029000 82.912000 0.000000
v 664.029000 7.088000 25.600000
v 685.693000 7.088000 25.600000
v 685.693000 82.912000 25.600000
v 664.029000 82.912000 25.600000
v 694.109000 7.088000 0.000000
v 715.773000 7.088000 0.000000
v 715.773000 82.912000 0.000000
v 694.109000 82.912000 0.000000
v 694.109000 7.088000 19.200000
v 715.773000 7.088000 19.200000
v 715.773000 82.912000 19.200000
v 694.109000 82.912000 19.200000
v 760.029000 4.284000 0.000000
v 781.693000 4.284000 0.000000
v 781.693000 85.716000 0.000000
v 760.029000 85.716000 0.000000
v 760.029000 4.284000 16.000000
v 781.693000 4.284000 16.000000
v 781.693000 85.716000 16.000000
v 760.029000 85.716000 16.000000
v 825.949000 5.543000 0.000000
v 847.613000 5.543000 0.000000
v 847.613000 84.457000 0.000000
v 825.949000 84.457000 0.000000
v 825.949000 5.543000 28.800000
v 847.613000 5.543000 28.800000
v 847.613000 84.457000 28.800000
v 825.949000 84.457000 28.800000
v 856.029000 5.543000 0.000000
v 877.693000 5.543000 0.000000
v 877.693000 84.457000 0.000000
v 856.029000 84.457000 0.000000
v 856.029000 5.543000 12.800000
v 877.693000 5.543000 12.800000
v 877.693000 84.457000 12.800000
v 856.029000 84.457000 12.800000
v 886.109000 5.543000 0.000000
v 907.773000 5.543000 0.000000
v 907.773000 84.457000 0.000000
v 886.109000 84.457000 0.000000
v 886.109000 5.543000 25.600000
v 907.773000 5.543000 25.600000
v 907.773000 84.457000 25.600000
v 886.109000 84.457000 25.600000
v 633.949000 97.088000 0.000000
v 655.613000 97.088000 0.000000
v 655.613000 172.912000 0.000000
v 633.949000 172.912000 0.000000
v 633.949000 97.088000 16.000000
v 655.613000 97.088000 16.000000
v 655.613000 172.912000 16.000000
v 633.949000 172.912000 16.000000
v 694.109000 97.088000 0.000000
v 715.773000 97.088000 0.000000
v 715.773000 172.912000 0.000000
v 694.109000 172.912000 0.000000
v 694.109000 97.088000 9.600000
v 715.773000 97.088000 9.600000
v 715.773000 172.912000 9.600000
v 694.109000 172.912000 9.600000
v 729.949000 97.088000 0.000000
v 751.613000 97.088000 0.000000
v 751.613000 172.912000 0.000000
v 729.949000 172.912000 0.000000
v 729.949000 97.088000 22.400000
v 751.613000 97.088000 22.400000
v 751.613000 172.912000 22.400000
v 729.949000 172.912000 22.400000
v 760.029000 97.088000 0.000000
v 781.693000 97.088000 0.000000
v 781.693000 172.912000 0.000000
v 760.029000 172.912000 0.000000
v 760.029000 97.088000 28.800000
v 781.693000 97.088000 28.800000
v 781.693000 172.912000 28.800000
v 760.029000 172.912000 28.800000
v 790.109000 97.088000 0.000000
v 811.773000 97.088000 0.000000
v 811.773000 172.912000 0.000000
v 790.109000 172.912000 0.000000
v 790.109000 97.088000 16.000000
v 811.773000 97.088000 16.000000
v 811.773000 172.912000 16.000000
v 790.109000 172.912000 16.000000
v 856.029000 95.487000 0.000000
v 877.693000 95.487000 0.000000
v 877.693000 174.513000 0.000000
v 856.029000 174.513000 0.000000
v 856.029000 95.487000 28.800000
v 877.693000 95.487000 28.800000
v 877.693000 174.513000 28.800000
v 856.029000 174.513000 28.800000
v 886.109000 95.487000 0.000000
v 907.773000 95.487000 0.000000
v 907.773000 174.513000 0.000000
v 886.109000 174.513000 0.000000
v 886.109000 95.487000 16.000000
v 907.773000 95.487000 16.000000
v 907.773000 174.513000 16.000000
v 886.109000 174.513000 16.000000
v 633.949000 187.088000 0.000000
v 655.613000 187.088000 0.000000
v 655.613000 262.912000 0.000000
v 633.949000 262.912000 0.000000
v 633.949000 187.088000 9.600000
v 655.613000 187.088000 9.600000
v 655.613000 262.912000 9.600000
v 633.949000 262.912000 9.600000
v 664.029000 187.088000 0.000000
v 685.693000 187.088000 0.000000
v 685.693000 262.912000 0.000000
v 664.029000 262.912000 0.000000
v 664.029000 187.088000 9.600000
v 685.693000 187.088000 9.600000
v 685.693000 262.912000 9.600000
v 664.029000 262.912000 9.600000
v 694.109000 187.088000 0.000000
v 715.773000 187.088000 0.000000
v 715.773000 262.912000 0.000000
v 694.109000 262.912000 0.000000
v 694.109000 187.088000 12.800000
v 715.773000 187.088000 12.800000
v 715.773000 262.912000 12.800000
v 694.109000 262.912000 12.800000
v 729.949000 187.088000 0.000000
v 751.613000 187.088000 0.000000
v 751.613000 262.912000 0.000000
v 729.949000 262.912000 0.000000
v 729.949000 187.088000 12.800000
v 751.613000 187.088000 12.800000
v 751.613000 262.912000 12.800000
v 729.949000 262.912000 12.800000
v 760.029000 187.088000 0.000000
v 781.693000 187.088000 0.000000
v 781.693000 262.912000 0.000000
v 760.029000 262.912000 0.000000
v 760.029000 187.088000 16.000000
v 781.693000 187.088000 16.000000
v 781.693000 262.912000 16.000000
v 760.029000 262.912000 16.000000
v 790.109000 187.088000 0.000000
v 811.773000 187.088000 0.000000
v 811.773000 262.912000 0.000000
v 790.109000 262.912000 0.000000
v 790.109000 187.088000 25.600000
v 811.773000 187.088000 25.600000
v 811.773000 262.912000 25.600000
v 790.109000 262.912000 25.600000
v 825.949000 187.088000 0.000000
v 847.613000 187.088000 0.000000
v 847.613000 262.912000 0.000000
v 825.949000 262.912000 0.000000
v 825.949000 187.088000 22.400000
v 847.613000 187.088000 22.400000
v 847.613000 262.912000 22.400000
v 825.949000 262.912000 22.400000
v 856.029000 187.088000 0.000000
v 877.693000 187.088000 0.000000
v 877.693000 262.912000 0.000000
v 856.029000 262.912000 0.000000
v 856.029000 187.088000 25.600000
v 877.693000 187.088000 25.600000
v 877.693000 262.912000 25.600000
v 856.029000 262.912000 25.600000
v 886.109000 187.088000 0.000000
v 907.773000 187.088000 0.000000
v 907.773000 262.912000 0.000000
v 886.109000 262.912000 0.000000
v 886.109000 187.088000 19.200000
v 907.773000 187.088000 19.200000
v 907.773000 262.912000 19.200000
v 886.109000 262.912000 19.200000
v 949.168000 7.088000 0.000000
v 970.832000 7.088000 0.000000
v 970.832000 82.912000 0.000000
v 949.168000 82.912000 0.000000
v 949.168000 7.088000 6.400000
v 970.832000 7.088000 6.400000
v 970.832000 82.912000 6.400000
v 949.168000 82.912000 6.400000
v 979.248000 7.088000 0.000000
v 1000.912000 7.088000 0.000000
v 1000.912000 82.912000 0.000000
v 979.248000 82.912000 0.000000
v 979.248000 7.088000 22.400000
v 1000.912000 7.088000 22.400000
v 1000.912000 82.912000 22.400000
v 979.248000 82.912000 22.400000
v 1015.088000 7.088000 0.000000
v 1036.752000 7.088000 0.000000
v 1036.752000 82.912000 0.000000
v 1015.088000 82.912000 0.000000
v 1015.088000 7.088000 16.000000
v 1036.752000 7.088000 16.000000
v 1036.752000 82.912000 16.000000
v 1015.088000 82.912000 16.000000
v 1045.168000 7.088000 0.000000
v 1066.832000 7.088000 0.000000
v 1066.832000 82.912000 0.000000
v 1045.168000 82.912000 0.000000
v 1045.168000 7.088000 22.400000
v 1066.832000 7.088000 22.400000
v 1066.832000 82.912000 22.400000
v 1045.168000 82.912000 22.400000
v 1111.088000 7.088000 0.000000
v 1132.752000 7.088000 0.000000
v 1132.752000 82.912000 0.000000
v 1111.088000 82.912000 0.000000
v 1111.088000 7.088000 6.400000
v 1132.752000 7.088000 6.400000
v 1132.752000 82.912000 6.400000
v 1111.088000 82.912000 6.400000
v 1171.248000 7.088000 0.000000
v 1192.912000 7.088000 0.000000
v 1192.912000 82.912000 0.000000
v 1171.248000 82.912000 0.000000
v 1171.248000 7.088000 9.600000
v 1192.912000 7.088000 9.600000
v 1192.912000 82.912000 9.600000
v 1171.248000 82.912000 9.600000
v 919.088000 97.088000 0.000000
v 940.752000 97.088000 0.000000
v 940.752000 172.912000 0.000000
v 919.088000 172.912000 0.000000
v 919.088000 97.088000 19.200000
v 940.752000 97.088000 19.200000
v 940.752000 172.912000 19.200000
v 919.088000 172.912000 19.200000
v 949.168000 97.088000 0.000000
v 970.832000 97.088000 0.000000
v 970.832000 172.912000 0.000000
v 949.168000 172.912000 0.000000
v 949.168000 97.088000 16.000000
v 970.832000 97.088000 16.000000
v 970.832000 172.912000 16.000000
v 949.168000 172.912000 16.000000
v 979.248000 97.088000 0.000000
v 1000.912000 97.088000 0.000000
v 1000.912000 172.912000 0.000000
v 979.248000 172.912000 0.000000
v 979.248000 97.088000 16.000000
v 1000.912000 97.088000 16.000000
v 1000.912000 172.912000 16.000000
v 979.248000 172.912000 16.000000
v 1015.088000 96.910000 0.000000
v 1036.752000 96.910000 0.000000
v 1036.752000 173.090000 0.000000
v 1015.088000 173.090000 0.000000
v 1015.088000 96.910000 22.400000
v 1036.752000 96.910000 22.400000
v 1036.752000 173.090000 22.400000
v 1015.088000 173.090000 22.400000
v 1045.168000 96.910000 0.000000
v 1066.832000 96.910000 0.000000
v 1066.832000 173.090000 0.000000
v 1045.168000 173.090000 0.000000
v 1045.168000 96.910000 6.400000
v 1066.832000 96.910000 6.400000
v 1066.832000 173.090000 6.400000
v 1045.168000 173.090000 6.400000
v 1171.248000 97.088000 0.000000
v 1192.912000 97.088000 0.000000
v 1192.912000 172.912000 0.000000
v 1171.248000 172.912000 0.000000
v 1171.248000 97.088000 19.200000
v 1192.912000 97.088000 19.200000
v 1192.912000 172.912000 19.200000
v 1171.248000 172.912000 19.200000
v 919.088000 187.088000 0.000000
v 940.752000 187.088000 0.000000
v 940.752000 262.912000 0.000000
v 919.088000 262.912000 0.000000
v 919.088000 187.088000 12.800000
v 940.752000 187.088000 12.800000
v 940.752000 262.912000 12.800000
v 919.088000 262.912000 12.800000
v 949.168000 187.088000 0.000000
v 970.832000 187.088000 0.000000
v 970.832000 262.912000 0.000000
v 949.168000 262.912000 0.000000
v 949.168000 187.088000 9.600000
v 970.832000 187.088000 9.600000
v 970.832000 262.912000 9.600000
v 949.168000 262.912000 9.600000
v 979.248000 187.088000 0.000000
v 1000.912000 187.088000 0.000000
v 1000.912000 262.912000 0.000000
v 979.248000 262.912000 0.000000
v 979.248000 187.088000 19.200000
v 1000.912000 187.088000 19.200000
v 1000.912000 262.912000 19.200000
v 979.248000 262.912000 19.200000
v 1045.168000 187.088000 0.000000
v 1066.832000 187.088000 0.000000
v 1066.832000 262.912000 0.000000
v 1045.168000 262.912000 0.000000
v 1045.168000 187.088000 19.200000
v 1066.832000 187.088000 19.200000
v 1066.832000 262.912000 19.200000
v 1045.168000 262.912000 19.200000
v 1075.248000 187.088000 0.000000
v 1096.912000 187.088000 0.000000
v 1096.912000 262.912000 0.000000
v 1075.248000 262.912000 0.000000
v 1075.248000 187.088000 16.000000
v 1096.912000 187.088000 16.000000
v 1096.912000 262.912000 16.000000
v 1075.248000 262.912000 16.000000
v 1111.088000 187.088000 0.000000
v 1132.752000 187.088000 0.000000
v 1132.752000 262.912000 0.000000
v 1111.088000 262.912000 0.000000
v 1111.088000 187.088000 19.200000
v 1132.752000 187.088000 19.200000
v 1132.752000 262.912000 19.200000
v 1111.088000 262.912000 19.200000
v 1141.168000 187.088000 0.000000
v 1162.832000 187.088000 0.000000
v 1162.832000 262.912000 0.000000
v 1141.168000 262.912000 0.000000
v 1141.168000 187.088000 22.400000
v 1162.832000 187.088000 22.400000
v 1162.832000 262.912000 22.400000
v 1141.168000 262.912000 22.400000
v 7.435000 281.881000 0.000000
v 48.725000 281.881000 0.000000
v 48.725000 345.011000 0.000000
v 7.435000 345.011000 0.000000
v 7.435000 281.881000 12.800000
v 48.725000 281.881000 12.800000
v 48.725000 345.011000 12.800000
v 7.435000 345.011000 12.800000
v 57.355000 281.881000 0.000000
v 98.645000 281.881000 0.000000
v 98.645000 345.011000 0.000000
v 57.355000 345.011000 0.000000
v 57.355000 281.881000 3.200000
v 98.645000 281.881000 3.200000
v 98.645000 345.011000 3.200000
v 57.355000 345.011000 3.200000
v 163.435000 281.881000 0.000000
v 204.725000 281.881000 0.000000
v 204.725000 345.011000 0.000000
v 163.435000 345.011000 0.000000
v 163.435000 281.881000 3.200000
v 204.725000 281.881000 3.200000
v 204.725000 345.011000 3.200000
v 163.435000 345.011000 3.200000
v 213.355000 281.881000 0.000000
v 254.645000 281.881000 0.000000
v 254.645000 345.011000 0.000000
v 213.355000 345.011000 0.000000
v 213.355000 281.881000 3.200000
v 254.645000 281.881000 3.200000
v 254.645000 345.011000 3.200000
v 213.355000 345.011000 3.200000
v 263.275000 281.881000 0.000000
v 304.565000 281.881000 0.000000
v 304.565000 345.011000 0.000000
v 263.275000 345.011000 0.000000
v 263.275000 281.881000 6.400000
v 304.565000 281.881000 6.400000
v 304.565000 345.011000 6.400000
v 263.275000 345.011000 6.400000
v 7.435000 359.248000 0.000000
v 48.725000 359.248000 0.000000
v 48.725000 423.644000 0.000000
v 7.435000 423.644000 0.000000
v 7.435000 359.248000 9.600000
v 48.725000 359.248000 9.600000
v 48.725000 423.644000 9.600000
v 7.435000 423.644000 9.600000
v 57.355000 359.248000 0.000000
v 98.645000 359.248000 0.000000
v 98.645000 423.644000 0.000000
v 57.355000 423.644000 0.000000
v 57.355000 359.248000 6.400000
v 98.645000 359.248000 6.400000
v 98.645000 423.644000 6.400000
v 57.355000 423.644000 6.400000
v 107.275000 359.248000 0.000000
v 148.565000 359.248000 0.000000
v 148.565000 423.644000 0.000000
v 107.275000 423.644000 0.000000
v 107.275000 359.248000 9.600000
v 148.565000 359.248000 9.600000
v 148.565000 423.644000 9.600000
v 107.275000 423.644000 9.600000
v 163.435000 357.420000 0.000000
v 204.725000 357.420000 0.000000
v 204.725000 425.472000 0.000000
v 163.435000 425.472000 0.000000
v 163.435000 357.420000 6.400000
v 204.725000 357.420000 6.400000
v 204.725000 425.472000 6.400000
v 163.435000 425.472000 6.400000
v 213.355000 357.420000 0.000000
v 254.645000 357.420000 0.000000
v 254.645000 425.472000 0.000000
v 213.355000 425.472000 0.000000
v 213.355000 357.420000 3.200000
v 254.645000 357.420000 3.200000
v 254.645000 425.472000 3.200000
v 213.355000 425.472000 3.200000
v 263.275000 357.420000 0.000000
v 304.565000 357.420000 0.000000
v 304.565000 425.472000 0.000000
v 263.275000 425.472000 0.000000
v 263.275000 357.420000 12.800000
v 304.565000 357.420000 12.800000
v 304.565000 425.472000 12.800000
v 263.275000 425.472000 12.800000
v 7.435000 437.811000 0.000000
v 48.725000 437.811000 0.000000
v 48.725000 501.081000 0.000000
v 7.435000 501.081000 0.000000
v 7.435000 437.811000 3.200000
v 48.725000 437.811000 3.200000
v 48.725000 501.081000 3.200000
v 7.435000 501.081000 3.200000
v 57.355000 437.811000 0.000000
v 98.645000 437.811000 0.000000
v 98.645000 501.081000 0.000000
v 57.355000 501.081000 0.000000
v 57.355000 437.811000 6.400000
v 98.645000 437.811000 6.400000
v 98.645000 501.081000 6.400000
v 57.355000 501.081000 6.400000
v 107.275000 437.811000 0.000000
v 148.565000 437.811000 0.000000
v 148.565000 501.081000 0.000000
v 107.275000 501.081000 0.000000
v 107.275000 437.811000 9.600000
v 148.565000 437.811000 9.600000
v 148.565000 501.081000 9.600000
v 107.275000 501.081000 9.600000
v 163.435000 437.881000 0.000000
v 204.725000 437.881000 0.000000
v 204.725000 501.011000 0.000000
v 163.435000 501.011000 0.000000
v 163.435000 437.881000 6.400000
v 204.725000 437.881000 6.400000
v 204.725000 501.011000 6.400000
v 163.435000 501.011000 6.400000
v 213.355000 437.881000 0.000000
v 254.645000 437.881000 0.000000
v 254.645000 501.011000 0.000000
v 213.355000 501.011000 0.000000
v 213.355000 437.881000 12.800000
v 254.645000 437.881000 12.800000
v 254.645000 501.011000 12.800000
v 213.355000 501.011000 12.800000
v 263.275000 437.881000 0.000000
v 304.565000 437.881000 0.000000
v 304.565000 501.011000 0.000000
v 263.275000 501.011000 0.000000
v 263.275000 437.881000 6.400000
v 304.565000 437.881000 6.400000
v 304.565000 501.011000 6.400000
v 263.275000 501.011000 6.400000
v 318.514000 278.716000 0.000000
v 342.183000 278.716000 0.000000
v 342.183000 341.558000 0.000000
v 318.514000 341.558000 0.000000
v 318.514000 278.716000 25.600000
v 342.183000 278.716000 25.600000
v 342.183000 341.558000 25.600000
v 318.514000 341.558000 25.600000
v 351.101000 278.716000 0.000000
v 374.769000 278.716000 0.000000
v 374.769000 341.558000 0.000000
v 351.101000 341.558000 0.000000
v 351.101000 278.716000 19.200000
v 374.769000 278.716000 19.200000
v 374.769000 341.558000 19.200000
v 351.101000 341.558000 19.200000
v 383.687000 278.716000 0.000000
v 407.356000 278.716000 0.000000
v 407.356000 341.558000 0.000000
v 383.687000 341.558000 0.000000
v 383.687000 278.716000 28.800000
v 407.356000 278.716000 28.800000
v 407.356000 341.558000 28.800000
v 383.687000 341.558000 28.800000
v 422.514000 277.320000 0.000000
v 446.183000 277.320000 0.000000
v 446.183000 342.954000 0.000000
v 422.514000 342.954000 0.000000
v 422.514000 277.320000 22.400000
v 446.183000 277.320000 22.400000
v 446.183000 342.954000 22.400000
v 422.514000 342.954000 22.400000
v 455.101000 277.320000 0.000000
v 478.769000 277.320000 0.000000
v 478.769000 342.954000 0.000000
v 455.101000 342.954000 0.000000
v 455.101000 277.320000 57.600000
v 478.769000 277.320000 57.600000
v 478.769000 342.954000 57.600000
v 455.101000 342.954000 57.600000
v 487.687000 277.320000 0.000000
v 511.356000 277.320000 0.000000
v 511.356000 342.954000 0.000000
v 487.687000 342.954000 0.000000
v 487.687000 277.320000 51.200000
v 511.356000 277.320000 51.200000
v 511.356000 342.954000 51.200000
v 487.687000 342.954000 51.200000
v 526.514000 275.964000 0.000000
v 550.183000 275.964000 0.000000
v 550.183000 344.310000 0.000000
v 526.514000 344.310000 0.000000
v 526.514000 275.964000 54.400000
v 550.183000 275.964000 54.400000
v 550.183000 344.310000 54.400000
v 526.514000 344.310000 54.400000
v 559.101000 275.964000 0.000000
v 582.769000 275.964000 0.000000
v 582.769000 344.310000 0.000000
v 559.101000 344.310000 0.000000
v 559.101000 275.964000 19.200000
v 582.769000 275.964000 19.200000
v 582.769000 344.310000 19.200000
v 559.101000 344.310000 19.200000
v 591.687000 275.964000 0.000000
v 615.356000 275.964000 0.000000
v 615.356000 344.310000 0.000000
v 591.687000 344.310000 0.000000
v 591.687000 275.964000 57.600000
v 615.356000 275.964000 57.600000
v 615.356000 344.310000 57.600000
v 591.687000 344.310000 57.600000
v 318.514000 355.330000 0.000000
v 342.183000 355.330000 0.000000
v 342.183000 420.944000 0.000000
v 318.514000 420.944000 0.000000
v 318.514000 355.330000 28.800000
v 342.183000 355.330000 28.800000
v 342.183000 420.944000 28.800000
v 318.514000 420.944000 28.800000
v 351.101000 355.330000 0.000000
v 374.769000 355.330000 0.000000
v 374.769000 420.944000 0.000000
v 351.101000 420.944000 0.000000
v 351.101000 355.330000 38.400000
v 374.769000 355.330000 38.400000
v 374.769000 420.944000 38.400000
v 351.101000 420.944000 38.400000
v 383.687000 355.330000 0.000000
v 407.356000 355.330000 0.000000
v 407.356000 420.944000 0.000000
v 383.687000 420.944000 0.000000
v 383.687000 355.330000 28.800000
v 407.356000 355.330000 28.800000
v 407.356000 420.944000 28.800000
v 383.687000 420.944000 28.800000
v 422.514000 355.830000 0.000000
v 446.183000 355.830000 0.000000
v 446.183000 420.444000 0.000000
v 422.514000 420.444000 0.000000
v 422.514000 355.830000 48.000000
v 446.183000 355.830000 48.000000
v 446.183000 420.444000 48.000000
v 422.514000 420.444000 48.000000
v 455.101000 355.830000 0.000000
v 478.769000 355.830000 0.000000
v 478.769000 420.444000 0.000000
v 455.101000 420.444000 0.000000
v 455.101000 355.830000 28.800000
v 478.769000 355.830000 28.800000
v 478.769000 420.444000 28.800000
v 455.101000 420.444000 28.800000
v 487.687000 355.830000 0.000000
v 511.356000 355.830000 0.000000
v 511.356000 420.444000 0.000000
v 487.687000 420.444000 0.000000
v 487.687000 355.830000 38.400000
v 511.356000 355.830000 38.400000
v 511.356000 420.444000 38.400000
v 487.687000 420.444000 38.400000
v 526.514000 356.502000 0.000000
v 550.183000 356.502000 0.000000
v 550.183000 419.772000 0.000000
v 526.514000 419.772000 0.000000
v 526.514000 356.502000 41.600000
v 550.183000 356.502000 41.600000
v 550.183000 419.772000 41.600000
v 526.514000 419.772000 41.600000
v 559.101000 356.502000 0.000000
v 582.769000 356.502000 0.000000
v 582.769000 419.772000 0.000000
v 559.101000 419.772000 0.000000
v 559.101000 356.502000 25.600000
v 582.769000 356.502000 25.600000
v 582.769000 419.772000 25.600000
v 559.101000 419.772000 25.600000
v 591.687000 356.502000 0.000000
v 615.356000 356.502000 0.000000
v 615.356000 419.772000 0.000000
v 591.687000 419.772000 0.000000
v 591.687000 356.502000 35.200000
v 615.356000 356.502000 35.200000
v 615.356000 419.772000 35.200000
v 591.687000 419.772000 35.200000
v 318.514000 433.413000 0.000000
v 342.183000 433.413000 0.000000
v 342.183000 498.861000 0.000000
v 318.514000 498.861000 0.000000
v 318.514000 433.413000 54.400000
v 342.183000 433.413000 54.400000
v 342.183000 498.861000 54.400000
v 318.514000 498.861000 54.400000
v 351.101000 433.413000 0.000000
v 374.769000 433.413000 0.000000
v 374.769000 498.861000 0.000000
v 351.101000 498.861000 0.000000
v 351.101000 433.413000 51.200000
v 374.769000 433.413000 51.200000
v 374.769000 498.861000 51.200000
v 351.101000 498.861000 51.200000
v 383.687000 433.413000 0.000000
v 407.356000 433.413000 0.000000
v 407.356000 498.861000 0.000000
v 383.687000 498.861000 0.000000
v 383.687000 433.413000 19.200000
v 407.356000 433.413000 19.200000
v 407.356000 498.861000 19.200000
v 383.687000 498.861000 19.200000
v 422.514000 434.155000 0.000000
v 446.183000 434.155000 0.000000
v 446.183000 498.119000 0.000000
v 422.514000 498.119000 0.000000
v 422.514000 434.155000 44.800000
v 446.183000 434.155000 44.800000
v 446.183000 498.119000 44.800000
v 422.514000 498.119000 44.800000
v 455.101000 434.155000 0.000000
v 478.769000 434.155000 0.000000
v 478.769000 498.119000 0.000000
v 455.101000 498.119000 0.000000
v 455.101000 434.155000 35.200000
v 478.769000 434.155000 35.200000
v 478.769000 498.119000 35.200000
v 455.101000 498.119000 35.200000
v 487.687000 434.155000 0.000000
v 511.356000 434.155000 0.000000
v 511.356000 498.119000 0.000000
v 487.687000 498.119000 0.000000
v 487.687000 434.155000 54.400000
v 511.356000 434.155000 54.400000
v 511.356000 498.119000 54.400000
v 487.687000 498.119000 54.400000
v 526.514000 432.984000 0.000000
v 550.183000 432.984000 0.000000
v 550.183000 499.290000 0.000000
v 526.514000 499.290000 0.000000
v 526.514000 432.984000 44.800000
v 550.183000 432.984000 44.800000
v 550.183000 499.290000 44.800000
v 526.514000 499.290000 44.800000
v 559.101000 432.984000 0.000000
v 582.769000 432.984000 0.000000
v 582.769000 499.290000 0.000000
v 559.101000 499.290000 0.000000
v 559.101000 432.984000 32.000000
v 582.769000 432.984000 32.000000
v 582.769000 499.290000 32.000000
v 559.101000 499.290000 32.000000
v 629.784000 277.976000 0.000000
v 651.448000 277.976000 0.000000
v 651.448000 341.800000 0.000000
v 629.784000 341.800000 0.000000
v 629.784000 277.976000 9.600000
v 651.448000 277.976000 9.600000
v 651.448000 341.800000 9.600000
v 629.784000 341.800000 9.600000
v 659.864000 277.976000 0.000000
v 681.528000 277.976000 0.000000
v 681.528000 341.800000 0.000000
v 659.864000 341.800000 0.000000
v 659.864000 277.976000 12.800000
v 681.528000 277.976000 12.800000
v 681.528000 341.800000 12.800000
v 659.864000 341.800000 12.800000
v 725.784000 277.976000 0.000000
v 747.448000 277.976000 0.000000
v 747.448000 341.800000 0.000000
v 725.784000 341.800000 0.000000
v 725.784000 277.976000 6.400000
v 747.448000 277.976000 6.400000
v 747.448000 341.800000 6.400000
v 725.784000 341.800000 6.400000
v 785.944000 277.976000 0.000000
v 807.608000 277.976000 0.000000
v 807.608000 341.800000 0.000000
v 785.944000 341.800000 0.000000
v 785.944000 277.976000 9.600000
v 807.608000 277.976000 9.600000
v 807.608000 341.800000 9.600000
v 785.944000 341.800000 9.600000
v 821.784000 277.976000 0.000000
v 843.448000 277.976000 0.000000
v 843.448000 341.800000 0.000000
v 821.784000 341.800000 0.000000
v 821.784000 277.976000 12.800000
v 843.448000 277.976000 12.800000
v 843.448000 341.800000 12.800000
v 821.784000 341.800000 12.800000
v 851.864000 277.976000 0.000000
v 873.528000 277.976000 0.000000
v 873.528000 341.800000 0.000000
v 851.864000 341.800000 0.000000
v 851.864000 277.976000 16.000000
v 873.528000 277.976000 16.000000
v 873.528000 341.800000 16.000000
v 851.864000 341.800000 16.000000
v 881.944000 277.976000 0.000000
v 903.608000 277.976000 0.000000
v 903.608000 341.800000 0.000000
v 881.944000 341.800000 0.000000
v 881.944000 277.976000 12.800000
v 903.608000 277.976000 12.800000
v 903.608000 341.800000 12.800000
v 881.944000 341.800000 12.800000
v 629.784000 355.976000 0.000000
v 651.448000 355.976000 0.000000
v 651.448000 419.800000 0.000000
v 629.784000 419.800000 0.000000
v 629.784000 355.976000 12.800000
v 651.448000 355.976000 12.800000
v 651.448000 419.800000 12.800000
v 629.784000 419.800000 12.800000
v 659.864000 355.976000 0.000000
v 681.528000 355.976000 0.000000
v 681.528000 419.800000 0.000000
v 659.864000 419.800000 0.000000
v 659.864000 355.976000 16.000000
v 681.528000 355.976000 16.000000
v 681.528000 419.800000 16.000000
v 659.864000 419.800000 16.000000
v 725.784000 353.094000 0.000000
v 747.448000 353.094000 0.000000
v 747.448000 422.682000 0.000000
v 725.784000 422.682000 0.000000
v 725.784000 353.094000 6.400000
v 747.448000 353.094000 6.400000
v 747.448000 422.682000 6.400000
v 725.784000 422.682000 6.400000
v 755.864000 353.094000 0.000000
v 777.528000 353.094000 0.000000
v 777.528000 422.682000 0.000000
v 755.864000 422.682000 0.000000
v 755.864000 353.094000 16.000000
v 777.528000 353.094000 16.000000
v 777.528000 422.682000 16.000000
v 755.864000 422.682000 16.000000
v 785.944000 353.094000 0.000000
v 807.608000 353.094000 0.000000
v 807.608000 422.682000 0.000000
v 785.944000 422.682000 0.000000
v 785.944000 353.094000 16.000000
v 807.608000 353.094000 16.000000
v 807.608000 422.682000 16.000000
v 785.944000 422.682000 16.000000
v 851.864000 355.976000 0.000000
v 873.528000 355.976000 0.000000
v 873.528000 419.800000 0.000000
v 851.864000 419.800000 0.000000
v 851.864000 355.976000 9.600000
v 873.528000 355.976000 9.600000
v 873.528000 419.800000 9.600000
v 851.864000 419.800000 9.600000
v 881.944000 355.976000 0.000000
v 903.608000 355.976000 0.000000
v 903.608000 419.800000 0.000000
v 881.944000 419.800000 0.000000
v 881.944000 355.976000 16.000000
v 903.608000 355.976000 16.000000
v 903.608000 419.800000 16.000000
v 881.944000 419.800000 16.000000
v 629.784000 433.976000 0.000000
v 651.448000 433.976000 0.000000
v 651.448000 497.800000 0.000000
v 629.784000 497.800000 0.000000
v 629.784000 433.976000 9.600000
v 651.448000 433.976000 9.600000
v 651.448000 497.800000 9.600000
v 629.784000 497.800000 9.600000
v 659.864000 433.976000 0.000000
v 681.528000 433.976000 0.000000
v 681.528000 497.800000 0.000000
v 659.864000 497.800000 0.000000
v 659.864000 433.976000 9.600000
v 681.528000 433.976000 9.600000
v 681.528000 497.800000 9.600000
v 659.864000 497.800000 9.600000
v 689.944000 433.976000 0.000000
v 711.608000 433.976000 0.000000
v 711.608000 497.800000 0.000000
v 689.944000 497.800000 0.000000
v 689.944000 433.976000 16.000000
v 711.608000 433.976000 16.000000
v 711.608000 497.800000 16.000000
v 689.944000 497.800000 16.000000
v 725.784000 432.869000 0.000000
v 747.448000 432.869000 0.000000
v 747.448000 498.907000 0.000000
v 725.784000 498.907000 0.000000
v 725.784000 432.869000 16.000000
v 747.448000 432.869000 16.000000
v 747.448000 498.907000 16.000000
v 725.784000 498.907000 16.000000
v 755.864000 432.869000 0.000000
v 777.528000 432.869000 0.000000
v 777.528000 498.907000 0.000000
v 755.864000 498.907000 0.000000
v 755.864000 432.869000 9.600000
v 777.528000 432.869000 9.600000
v 777.528000 498.907000 9.600000
v 755.864000 498.907000 9.600000
v 785.944000 432.869000 0.000000
v 807.608000 432.869000 0.000000
v 807.608000 498.907000 0.000000
v 785.944000 498.907000 0.000000
v 785.944000 432.869000 6.400000
v 807.608000 432.869000 6.400000
v 807.608000 498.907000 6.400000
v 785.944000 498.907000 6.400000
v 821.784000 433.976000 0.000000
v 843.448000 433.976000 0.000000
v 843.448000 497.800000 0.000000
v 821.784000 497.800000 0.000000
v 821.784000 433.976000 16.000000
v 843.448000 433.976000 16.000000
v 843.448000 497.800000 16.000000
v 821.784000 497.800000 16.000000
v 881.944000 433.976000 0.000000
v 903.608000 433.976000 0.000000
v 903.608000 497.800000 0.000000
v 881.944000 497.800000 0.000000
v 881.944000 433.976000 12.800000
v 903.608000 433.976000 12.800000
v 903.608000 497.800000 12.800000
v 881.944000 497.800000 12.800000
v 919.088000 272.444000 0.000000
v 940.752000 272.444000 0.000000
v 940.752000 338.690000 0.000000
v 919.088000 338.690000 0.000000
v 919.088000 272.444000 6.400000
v 940.752000 272.444000 6.400000
v 940.752000 338.690000 6.400000
v 919.088000 338.690000 6.400000
v 949.168000 272.444000 0.000000
v 970.832000 272.444000 0.000000
v 970.832000 338.690000 0.000000
v 949.168000 338.690000 0.000000
v 949.168000 272.444000 16.000000
v 970.832000 272.444000 16.000000
v 970.832000 338.690000 16.000000
v 949.168000 338.690000 16.000000
v 979.248000 272.444000 0.000000
v 1000.912000 272.444000 0.000000
v 1000.912000 338.690000 0.000000
v 979.248000 338.690000 0.000000
v 979.248000 272.444000 16.000000
v 1000.912000 272.444000 16.000000
v 1000.912000 338.690000 16.000000
v 979.248000 338.690000 16.000000
v 1015.088000 271.330000 0.000000
v 1036.752000 271.330000 0.000000
v 1036.752000 339.804000 0.000000
v 1015.088000 339.804000 0.000000
v 1015.088000 271.330000 6.400000
v 1036.752000 271.330000 6.400000
v 1036.752000 339.804000 6.400000
v 1015.088000 339.804000 6.400000
v 1045.168000 271.330000 0.000000
v 1066.832000 271.330000 0.000000
v 1066.832000 339.804000 0.000000
v 1045.168000 339.804000 0.000000
v 1045.168000 271.330000 16.000000
v 1066.832000 271.330000 16.000000
v 1066.832000 339.804000 16.000000
v 1045.168000 339.804000 16.000000
v 1111.088000 273.655000 0.000000
v 1132.752000 273.655000 0.000000
v 1132.752000 337.479000 0.000000
v 1111.088000 337.479000 0.000000
v 1111.088000 273.655000 9.600000
v 1132.752000 273.655000 9.600000
v 1132.752000 337.479000 9.600000
v 1111.088000 337.479000 9.600000
v 1141.168000 273.655000 0.000000
v 1162.832000 273.655000 0.000000
v 1162.832000 337.479000 0.000000
v 1141.168000 337.479000 0.000000
v 1141.168000 273.655000 6.400000
v 1162.832000 273.655000 6.400000
v 1162.832000 337.479000 6.400000
v 1141.168000 337.479000 6.400000
v 1171.248000 273.655000 0.000000
v 1192.912000 273.655000 0.000000
v 1192.912000 337.479000 0.000000
v 1171.248000 337.479000 0.000000
v 1171.248000 273.655000 9.600000
v 1192.912000 273.655000 9.600000
v 1192.912000 337.479000 9.600000
v 1171.248000 337.479000 9.600000
v 919.088000 349.713000 0.000000
v 940.752000 349.713000 0.000000
v 940.752000 417.421000 0.000000
v 919.088000 417.421000 0.000000
v 919.088000 349.713000 19.200000
v 940.752000 349.713000 19.200000
v 940.752000 417.421000 19.200000
v 919.088000 417.421000 19.200000
v 949.168000 349.713000 0.000000
v 970.832000 349.713000 0.000000
v 970.832000 417.421000 0.000000
v 949.168000 417.421000 0.000000
v 949.168000 349.713000 9.600000
v 970.832000 349.713000 9.600000
v 970.832000 417.421000 9.600000
v 949.168000 417.421000 9.600000
v 1015.088000 351.655000 0.000000
v 1036.752000 351.655000 0.000000
v 1036.752000 415.479000 0.000000
v 1015.088000 415.479000 0.000000
v 1015.088000 351.655000 16.000000
v 1036.752000 351.655000 16.000000
v 1036.752000 415.479000 16.000000
v 1015.088000 415.479000 16.000000
v 1045.168000 351.655000 0.000000
v 1066.832000 351.655000 0.000000
v 1066.832000 415.479000 0.000000
v 1045.168000 415.479000 0.000000
v 1045.168000 351.655000 19.200000
v 1066.832000 351.655000 19.200000
v 1066.832000 415.479000 19.200000
v 1045.168000 415.479000 19.200000
v 1075.248000 351.655000 0.000000
v 1096.912000 351.655000 0.000000
v 1096.912000 415.479000 0.000000
v 1075.248000 415.479000 0.000000
v 1075.248000 351.655000 6.400000
v 1096.912000 351.655000 6.400000
v 1096.912000 415.479000 6.400000
v 1075.248000 415.479000 6.400000
v 1111.088000 351.655000 0.000000
v 1132.752000 351.655000 0.000000
v 1132.752000 415.479000 0.000000
v 1111.088000 415.479000 0.000000
v 1111.088000 351.655000 22.400000
v 1132.752000 351.655000 22.400000
v 1132.752000 415.479000 22.400000
v 1111.088000 415.479000 22.400000
v 1141.168000 351.655000 0.000000
v 1162.832000 351.655000 0.000000
v 1162.832000 415.479000 0.000000
v 1141.168000 415.479000 0.000000
v 1141.168000 351.655000 6.400000
v 1162.832000 351.655000 6.400000
v 1162.832000 415.479000 6.400000
v 1141.168000 415.479000 6.400000
v 1171.248000 351.655000 0.000000
v 1192.912000 351.655000 0.000000
v 1192.912000 415.479000 0.000000
v 1171.248000 415.479000 0.000000
v 1171.248000 351.655000 22.400000
v 1192.912000 351.655000 22.400000
v 1192.912000 415.479000 22.400000
v 1171.248000 415.479000 22.400000
v 919.088000 427.986000 0.000000
v 940.752000 427.986000 0.000000
v 940.752000 495.148000 0.000000
v 919.088000 495.148000 0.000000
v 919.088000 427.986000 16.000000
v 940.752000 427.986000 16.000000
v 940.752000 495.148000 16.000000
v 919.088000 495.148000 16.000000
v 949.168000 427.986000 0.000000
v 970.832000 427.986000 0.000000
v 970.832000 495.148000 0.000000
v 949.168000 495.148000 0.000000
v 949.168000 427.986000 12.800000
v 970.832000 427.986000 12.800000
v 970.832000 495.148000 12.800000
v 949.168000 495.148000 12.800000
v 979.248000 427.986000 0.000000
v 1000.912000 427.986000 0.000000
v 1000.912000 495.148000 0.000000
v 979.248000 495.148000 0.000000
v 979.248000 427.986000 16.000000
v 1000.912000 427.986000 16.000000
v 1000.912000 495.148000 16.000000
v 979.248000 495.148000 16.000000
v 1045.168000 429.655000 0.000000
v 1066.832000 429.655000 0.000000
v 1066.832000 493.479000 0.000000
v 1045.168000 493.479000 0.000000
v 1045.168000 429.655000 9.600000
v 1066.832000 429.655000 9.600000
v 1066.832000 493.479000 9.600000
v 1045.168000 493.479000 9.600000
v 1141.168000 427.063000 0.000000
v 1162.832000 427.063000 0.000000
v 1162.832000 496.071000 0.000000
v 1141.168000 496.071000 0.000000
v 1141.168000 427.063000 6.400000
v 1162.832000 427.063000 6.400000
v 1162.832000 496.071000 6.400000
v 1141.168000 496.071000 6.400000
v 263.275000 517.044000 0.000000
v 304.565000 517.044000 0.000000
v 304.565000 601.174000 0.000000
v 263.275000 601.174000 0.000000
v 263.275000 517.044000 6.400000
v 304.565000 517.044000 6.400000
v 304.565000 601.174000 6.400000
v 263.275000 601.174000 6.400000
v 7.435000 615.447000 0.000000
v 48.725000 615.447000 0.000000
v 48.725000 700.771000 0.000000
v 7.435000 700.771000 0.000000
v 7.435000 615.447000 3.200000
v 48.725000 615.447000 3.200000
v 48.725000 700.771000 3.200000
v 7.435000 700.771000 3.200000
v 324.933000 518.615000 0.000000
v 348.602000 518.615000 0.000000
v 348.602000 569.457000 0.000000
v 324.933000 569.457000 0.000000
v 324.933000 518.615000 41.600000
v 348.602000 518.615000 41.600000
v 348.602000 569.457000 41.600000
v 324.933000 569.457000 41.600000
v 357.520000 518.615000 0.000000
v 381.188000 518.615000 0.000000
v 381.188000 569.457000 0.000000
v 357.520000 569.457000 0.000000
v 357.520000 518.615000 22.400000
v 381.188000 518.615000 22.400000
v 381.188000 569.457000 22.400000
v 357.520000 569.457000 22.400000
v 390.106000 518.615000 0.000000
v 413.775000 518.615000 0.000000
v 413.775000 569.457000 0.000000
v 390.106000 569.457000 0.000000
v 390.106000 518.615000 25.600000
v 413.775000 518.615000 25.600000
v 413.775000 569.457000 25.600000
v 390.106000 569.457000 25.600000
v 428.933000 518.615000 0.000000
v 452.602000 518.615000 0.000000
v 452.602000 569.457000 0.000000
v 428.933000 569.457000 0.000000
v 428.933000 518.615000 19.200000
v 452.602000 518.615000 19.200000
v 452.602000 569.457000 19.200000
v 428.933000 569.457000 19.200000
v 461.520000 518.615000 0.000000
v 485.188000 518.615000 0.000000
v 485.188000 569.457000 0.000000
v 461.520000 569.457000 0.000000
v 461.520000 518.615000 22.400000
v 485.188000 518.615000 22.400000
v 485.188000 569.457000 22.400000
v 461.520000 569.457000 22.400000
v 494.106000 518.615000 0.000000
v 517.775000 518.615000 0.000000
v 517.775000 569.457000 0.000000
v 494.106000 569.457000 0.000000
v 494.106000 518.615000 35.200000
v 517.775000 518.615000 35.200000
v 517.775000 569.457000 35.200000
v 494.106000 569.457000 35.200000
v 532.933000 518.615000 0.000000
v 556.602000 518.615000 0.000000
v 556.602000 569.457000 0.000000
v 532.933000 569.457000 0.000000
v 532.933000 518.615000 41.600000
v 556.602000 518.615000 41.600000
v 556.602000 569.457000 41.600000
v 532.933000 569.457000 41.600000
v 565.520000 518.615000 0.000000
v 589.188000 518.615000 0.000000
v 589.188000 569.457000 0.000000
v 565.520000 569.457000 0.000000
v 565.520000 518.615000 44.800000
v 589.188000 518.615000 44.800000
v 589.188000 569.457000 44.800000
v 565.520000 569.457000 44.800000
v 598.106000 518.615000 0.000000
v 621.775000 518.615000 0.000000
v 621.775000 569.457000 0.000000
v 598.106000 569.457000 0.000000
v 598.106000 518.615000 44.800000
v 621.775000 518.615000 44.800000
v 621.775000 569.457000 44.800000
v 598.106000 569.457000 44.800000
v 324.933000 584.125000 0.000000
v 348.602000 584.125000 0.000000
v 348.602000 635.947000 0.000000
v 324.933000 635.947000 0.000000
v 324.933000 584.125000 44.800000
v 348.602000 584.125000 44.800000
v 348.602000 635.947000 44.800000
v 324.933000 635.947000 44.800000
v 357.520000 584.125000 0.000000
v 381.188000 584.125000 0.000000
v 381.188000 635.947000 0.000000
v 357.520000 635.947000 0.000000
v 357.520000 584.125000 28.800000
v 381.188000 584.125000 28.800000
v 381.188000 635.947000 28.800000
v 357.520000 635.947000 28.800000
v 390.106000 584.125000 0.000000
v 413.775000 584.125000 0.000000
v 413.775000 635.947000 0.000000
v 390.106000 635.947000 0.000000
v 390.106000 584.125000 41.600000
v 413.775000 584.125000 41.600000
v 413.775000 635.947000 41.600000
v 390.106000 635.947000 41.600000
v 428.933000 584.615000 0.000000
v 452.602000 584.615000 0.000000
v 452.602000 635.457000 0.000000
v 428.933000 635.457000 0.000000
v 428.933000 584.615000 35.200000
v 452.602000 584.615000 35.200000
v 452.602000 635.457000 35.200000
v 428.933000 635.457000 35.200000
v 494.106000 584.615000 0.000000
v 517.775000 584.615000 0.000000
v 517.775000 635.457000 0.000000
v 494.106000 635.457000 0.000000
v 494.106000 584.615000 38.400000
v 517.775000 584.615000 38.400000
v 517.775000 635.457000 38.400000
v 494.106000 635.457000 38.400000
v 532.933000 584.615000 0.000000
v 556.602000 584.615000 0.000000
v 556.602000 635.457000 0.000000
v 532.933000 635.457000 0.000000
v 532.933000 584.615000 28.800000
v 556.602000 584.615000 28.800000
v 556.602000 635.457000 28.800000
v 532.933000 635.457000 28.800000
v 565.520000 584.615000 0.000000
v 589.188000 584.615000 0.000000
v 589.188000 635.457000 0.000000
v 565.520000 635.457000 0.000000
v 565.520000 584.615000 38.400000
v 589.188000 584.615000 38.400000
v 589.188000 635.457000 38.400000
v 565.520000 635.457000 38.400000
v 598.106000 584.615000 0.000000
v 621.775000 584.615000 0.000000
v 621.775000 635.457000 0.000000
v 598.106000 635.457000 0.000000
v 598.106000 584.615000 32.000000
v 621.775000 584.615000 32.000000
v 621.775000 635.457000 32.000000
v 598.106000 635.457000 32.000000
v 324.933000 649.692000 0.000000
v 348.602000 649.692000 0.000000
v 348.602000 702.380000 0.000000
v 324.933000 702.380000 0.000000
v 324.933000 649.692000 25.600000
v 348.602000 649.692000 25.600000
v 348.602000 702.380000 25.600000
v 324.933000 702.380000 25.600000
v 357.520000 649.692000 0.000000
v 381.188000 649.692000 0.000000
v 381.188000 702.380000 0.000000
v 357.520000 702.380000 0.000000
v 357.520000 649.692000 32.000000
v 381.188000 649.692000 32.000000
v 381.188000 702.380000 32.000000
v 357.520000 702.380000 32.000000
v 390.106000 649.692000 0.000000
v 413.775000 649.692000 0.000000
v 413.775000 702.380000 0.000000
v 390.106000 702.380000 0.000000
v 390.106000 649.692000 41.600000
v 413.775000 649.692000 41.600000
v 413.775000 702.380000 41.600000
v 390.106000 702.380000 41.600000
v 428.933000 650.615000 0.000000
v 452.602000 650.615000 0.000000
v 452.602000 701.457000 0.000000
v 428.933000 701.457000 0.000000
v 428.933000 650.615000 35.200000
v 452.602000 650.615000 35.200000
v 452.602000 701.457000 35.200000
v 428.933000 701.457000 35.200000
v 461.520000 650.615000 0.000000
v 485.188000 650.615000 0.000000
v 485.188000 701.457000 0.000000
v 461.520000 701.457000 0.000000
v 461.520000 650.615000 41.600000
v 485.188000 650.615000 41.600000
v 485.188000 701.457000 41.600000
v 461.520000 701.457000 41.600000
v 565.520000 650.615000 0.000000
v 589.188000 650.615000 0.000000
v 589.188000 701.457000 0.000000
v 565.520000 701.457000 0.000000
v 565.520000 650.615000 35.200000
v 589.188000 650.615000 35.200000
v 589.188000 701.457000 35.200000
v 565.520000 701.457000 35.200000
v 598.106000 650.615000 0.000000
v 621.775000 650.615000 0.000000
v 621.775000 701.457000 0.000000
v 598.106000 701.457000 0.000000
v 598.106000 650.615000 22.400000
v 621.775000 650.615000 22.400000
v 621.775000 701.457000 22.400000
v 598.106000 701.457000 22.400000
v 630.596000 515.986000 0.000000
v 652.260000 515.986000 0.000000
v 652.260000 572.438000 0.000000
v 630.596000 572.438000 0.000000
v 630.596000 515.986000 25.600000
v 652.260000 515.986000 25.600000
v 652.260000 572.438000 25.600000
v 630.596000 572.438000 25.600000
v 660.676000 515.986000 0.000000
v 682.340000 515.986000 0.000000
v 682.340000 572.438000 0.000000
v 660.676000 572.438000 0.000000
v 660.676000 515.986000 16.000000
v 682.340000 515.986000 16.000000
v 682.340000 572.438000 16.000000
v 660.676000 572.438000 16.000000
v 690.756000 515.986000 0.000000
v 712.420000 515.986000 0.000000
v 712.420000 572.438000 0.000000
v 690.756000 572.438000 0.000000
v 690.756000 515.986000 22.400000
v 712.420000 515.986000 22.400000
v 712.420000 572.438000 22.400000
v 690.756000 572.438000 22.400000
v 726.596000 517.735000 0.000000
v 748.260000 517.735000 0.000000
v 748.260000 570.689000 0.000000
v 726.596000 570.689000 0.000000
v 726.596000 517.735000 12.800000
v 748.260000 517.735000 12.800000
v 748.260000 570.689000 12.800000
v 726.596000 570.689000 12.800000
v 756.676000 517.735000 0.000000
v 778.340000 517.735000 0.000000
v 778.340000 570.689000 0.000000
v 756.676000 570.689000 0.000000
v 756.676000 517.735000 19.200000
v 778.340000 517.735000 19.200000
v 778.340000 570.689000 19.200000
v 756.676000 570.689000 19.200000
v 786.756000 517.735000 0.000000
v 808.420000 517.735000 0.000000
v 808.420000 570.689000 0.000000
v 786.756000 570.689000 0.000000
v 786.756000 517.735000 28.800000
v 808.420000 517.735000 28.800000
v 808.420000 570.689000 28.800000
v 786.756000 570.689000 28.800000
v 852.676000 516.700000 0.000000
v 874.340000 516.700000 0.000000
v 874.340000 571.724000 0.000000
v 852.676000 571.724000 0.000000
v 852.676000 516.700000 28.800000
v 874.340000 516.700000 28.800000
v 874.340000 571.724000 28.800000
v 852.676000 571.724000 28.800000
v 882.756000 516.700000 0.000000
v 904.420000 516.700000 0.000000
v 904.420000 571.724000 0.000000
v 882.756000 571.724000 0.000000
v 882.756000 516.700000 25.600000
v 904.420000 516.700000 25.600000
v 904.420000 571.724000 25.600000
v 882.756000 571.724000 25.600000
v 630.596000 584.300000 0.000000
v 652.260000 584.300000 0.000000
v 652.260000 636.124000 0.000000
v 630.596000 636.124000 0.000000
v 630.596000 584.300000 12.800000
v 652.260000 584.300000 12.800000
v 652.260000 636.124000 12.800000
v 630.596000 636.124000 12.800000
v 660.676000 584.300000 0.000000
v 682.340000 584.300000 0.000000
v 682.340000 636.124000 0.000000
v 660.676000 636.124000 0.000000
v 660.676000 584.300000 22.400000
v 682.340000 584.300000 22.400000
v 682.340000 636.124000 22.400000
v 660.676000 636.124000 22.400000
v 690.756000 584.300000 0.000000
v 712.420000 584.300000 0.000000
v 712.420000 636.124000 0.000000
v 690.756000 636.124000 0.000000
v 690.756000 584.300000 16.000000
v 712.420000 584.300000 16.000000
v 712.420000 636.124000 16.000000
v 690.756000 636.124000 16.000000
v 726.596000 583.251000 0.000000
v 748.260000 583.251000 0.000000
v 748.260000 637.173000 0.000000
v 726.596000 637.173000 0.000000
v 726.596000 583.251000 28.800000
v 748.260000 583.251000 28.800000
v 748.260000 637.173000 28.800000
v 726.596000 637.173000 28.800000
v 756.676000 583.251000 0.000000
v 778.340000 583.251000 0.000000
v 778.340000 637.173000 0.000000
v 756.676000 637.173000 0.000000
v 756.676000 583.251000 9.600000
v 778.340000 583.251000 9.600000
v 778.340000 637.173000 9.600000
v 756.676000 637.173000 9.600000
v 786.756000 583.251000 0.000000
v 808.420000 583.251000 0.000000
v 808.420000 637.173000 0.000000
v 786.756000 637.173000 0.000000
v 786.756000 583.251000 25.600000
v 808.420000 583.251000 25.600000
v 808.420000 637.173000 25.600000
v 786.756000 637.173000 25.600000
v 822.596000 581.644000 0.000000
v 844.260000 581.644000 0.000000
v 844.260000 638.780000 0.000000
v 822.596000 638.780000 0.000000
v 822.596000 581.644000 9.600000
v 844.260000 581.644000 9.600000
v 844.260000 638.780000 9.600000
v 822.596000 638.780000 9.600000
v 852.676000 581.644000 0.000000
v 874.340000 581.644000 0.000000
v 874.340000 638.780000 0.000000
v 852.676000 638.780000 0.000000
v 852.676000 581.644000 16.000000
v 874.340000 581.644000 16.000000
v 874.340000 638.780000 16.000000
v 852.676000 638.780000 16.000000
v 882.756000 581.644000 0.000000
v 904.420000 581.644000 0.000000
v 904.420000 638.780000 0.000000
v 882.756000 638.780000 0.000000
v 882.756000 581.644000 22.400000
v 904.420000 581.644000 22.400000
v 904.420000 638.780000 22.400000
v 882.756000 638.780000 22.400000
v 630.596000 648.162000 0.000000
v 652.260000 648.162000 0.000000
v 652.260000 704.262000 0.000000
v 630.596000 704.262000 0.000000
v 630.596000 648.162000 12.800000
v 652.260000 648.162000 12.800000
v 652.260000 704.262000 12.800000
v 630.596000 704.262000 12.800000
v 690.756000 648.162000 0.000000
v 712.420000 648.162000 0.000000
v 712.420000 704.262000 0.000000
v 690.756000 704.262000 0.000000
v 690.756000 648.162000 16.000000
v 712.420000 648.162000 16.000000
v 712.420000 704.262000 16.000000
v 690.756000 704.262000 16.000000
v 726.596000 649.452000 0.000000
v 748.260000 649.452000 0.000000
v 748.260000 702.972000 0.000000
v 726.596000 702.972000 0.000000
v 726.596000 649.452000 19.200000
v 748.260000 649.452000 19.200000
v 748.260000 702.972000 19.200000
v 726.596000 702.972000 19.200000
v 756.676000 649.452000 0.000000
v 778.340000 649.452000 0.000000
v 778.340000 702.972000 0.000000
v 756.676000 702.972000 0.000000
v 756.676000 649.452000 28.800000
v 778.340000 649.452000 28.800000
v 778.340000 702.972000 28.800000
v 756.676000 702.972000 28.800000
v 786.756000 649.452000 0.000000
v 808.420000 649.452000 0.000000
v 808.420000 702.972000 0.000000
v 786.756000 702.972000 0.000000
v 786.756000 649.452000 22.400000
v 808.420000 649.452000 22.400000
v 808.420000 702.972000 22.400000
v 786.756000 702.972000 22.400000
v 822.596000 650.300000 0.000000
v 844.260000 650.300000 0.000000
v 844.260000 702.124000 0.000000
v 822.596000 702.124000 0.000000
v 822.596000 650.300000 25.600000
v 844.260000 650.300000 25.600000
v 844.260000 702.124000 25.600000
v 822.596000 702.124000 25.600000
v 852.676000 650.300000 0.000000
v 874.340000 650.300000 0.000000
v 874.340000 702.124000 0.000000
v 852.676000 702.124000 0.000000
v 852.676000 650.300000 25.600000
v 874.340000 650.300000 25.600000
v 874.340000 702.124000 25.600000
v 852.676000 702.124000 25.600000
v 882.756000 650.300000 0.000000
v 904.420000 650.300000 0.000000
v 904.420000 702.124000 0.000000
v 882.756000 702.124000 0.000000
v 882.756000 650.300000 16.000000
v 904.420000 650.300000 16.000000
v 904.420000 702.124000 16.000000
v 882.756000 702.124000 16.000000
v 919.088000 504.039000 0.000000
v 940.752000 504.039000 0.000000
v 940.752000 559.755000 0.000000
v 919.088000 559.755000 0.000000
v 919.088000 504.039000 19.200000
v 940.752000 504.039000 19.200000
v 940.752000 559.755000 19.200000
v 919.088000 559.755000 19.200000
v 949.168000 504.039000 0.000000
v 970.832000 504.039000 0.000000
v 970.832000 559.755000 0.000000
v 949.168000 559.755000 0.000000
v 949.168000 504.039000 16.000000
v 970.832000 504.039000 16.000000
v 970.832000 559.755000 16.000000
v 949.168000 559.755000 16.000000
v 979.248000 504.039000 0.000000
v 1000.912000 504.039000 0.000000
v 1000.912000 559.755000 0.000000
v 979.248000 559.755000 0.000000
v 979.248000 504.039000 6.400000
v 1000.912000 504.039000 6.400000
v 1000.912000 559.755000 6.400000
v 979.248000 559.755000 6.400000
v 1015.088000 504.536000 0.000000
v 1036.752000 504.536000 0.000000
v 1036.752000 559.258000 0.000000
v 1015.088000 559.258000 0.000000
v 1015.088000 504.536000 16.000000
v 1036.752000 504.536000 16.000000
v 1036.752000 559.258000 16.000000
v 1015.088000 559.258000 16.000000
v 1075.248000 504.536000 0.000000
v 1096.912000 504.536000 0.000000
v 1096.912000 559.258000 0.000000
v 1075.248000 559.258000 0.000000
v 1075.248000 504.536000 9.600000
v 1096.912000 504.536000 9.600000
v 1096.912000 559.258000 9.600000
v 1075.248000 559.258000 9.600000
v 1141.168000 505.985000 0.000000
v 1162.832000 505.985000 0.000000
v 1162.832000 557.809000 0.000000
v 1141.168000 557.809000 0.000000
v 1141.168000 505.985000 12.800000
v 1162.832000 505.985000 12.800000
v 1162.832000 557.809000 12.800000
v 1141.168000 557.809000 12.800000
v 1171.248000 505.985000 0.000000
v 1192.912000 505.985000 0.000000
v 1192.912000 557.809000 0.000000
v 1171.248000 557.809000 0.000000
v 1171.248000 505.985000 6.400000
v 1192.912000 505.985000 6.400000
v 1192.912000 557.809000 6.400000
v 1171.248000 557.809000 6.400000
v 979.248000 571.985000 0.000000
v 1000.912000 571.985000 0.000000
v 1000.912000 623.809000 0.000000
v 979.248000 623.809000 0.000000
v 979.248000 571.985000 6.400000
v 1000.912000 571.985000 6.400000
v 1000.912000 623.809000 6.400000
v 979.248000 623.809000 6.400000
v 1015.088000 571.985000 0.000000
v 1036.752000 571.985000 0.000000
v 1036.752000 623.809000 0.000000
v 1015.088000 623.809000 0.000000
v 1015.088000 571.985000 22.400000
v 1036.752000 571.985000 22.400000
v 1036.752000 623.809000 22.400000
v 1015.088000 623.809000 22.400000
v 1045.168000 571.985000 0.000000
v 1066.832000 571.985000 0.000000
v 1066.832000 623.809000 0.000000
v 1045.168000 623.809000 0.000000
v 1045.168000 571.985000 22.400000
v 1066.832000 571.985000 22.400000
v 1066.832000 623.809000 22.400000
v 1045.168000 623.809000 22.400000
v 1075.248000 571.985000 0.000000
v 1096.912000 571.985000 0.000000
v 1096.912000 623.809000 0.000000
v 1075.248000 623.809000 0.000000
v 1075.248000 571.985000 22.400000
v 1096.912000 571.985000 22.400000
v 1096.912000 623.809000 22.400000
v 1075.248000 623.809000 22.400000
v 1111.088000 571.897000 0.000000
v 1132.752000 571.897000 0.000000
v 1132.752000 623.897000 0.000000
v 1111.088000 623.897000 0.000000
v 1111.088000 571.897000 9.600000
v 1132.752000 571.897000 9.600000
v 1132.752000 623.897000 9.600000
v 1111.088000 623.897000 9.600000
v 919.088000 635.356000 0.000000
v 940.752000 635.356000 0.000000
v 940.752000 692.438000 0.000000
v 919.088000 692.438000 0.000000
v 919.088000 635.356000 22.400000
v 940.752000 635.356000 22.400000
v 940.752000 692.438000 22.400000
v 919.088000 692.438000 22.400000
v 1045.168000 637.985000 0.000000
v 1066.832000 637.985000 0.000000
v 1066.832000 689.809000 0.000000
v 1045.168000 689.809000 0.000000
v 1045.168000 637.985000 9.600000
v 1066.832000 637.985000 9.600000
v 1066.832000 689.809000 9.600000
v 1045.168000 689.809000 9.600000
v 1075.248000 637.985000 0.000000
v 1096.912000 637.985000 0.000000
v 1096.912000 689.809000 0.000000
v 1075.248000 689.809000 0.000000
v 1075.248000 637.985000 22.400000
v 1096.912000 637.985000 22.400000
v 1096.912000 689.809000 22.400000
v 1075.248000 689.809000 22.400000
v 1111.088000 637.060000 0.000000
v 1132.752000 637.060000 0.000000
v 1132.752000 690.734000 0.000000
v 1111.088000 690.734000 0.000000
v 1111.088000 637.060000 22.400000
v 1132.752000 637.060000 22.400000
v 1132.752000 690.734000 22.400000
v 1111.088000 690.734000 22.400000
v 1141.168000 637.060000 0.000000
v 1162.832000 637.060000 0.000000
v 1162.832000 690.734000 0.000000
v 1141.168000 690.734000 0.000000
v 1141.168000 637.060000 12.800000
v 1162.832000 637.060000 12.800000
v 1162.832000 690.734000 12.800000
v 1141.168000 690.734000 12.800000
v 1171.248000 637.060000 0.000000
v 1192.912000 637.060000 0.000000
v 1192.912000 690.734000 0.000000
v 1171.248000 690.734000 0.000000
v 1171.248000 637.060000 12.800000
v 1192.912000 637.060000 12.800000
v 1192.912000 690.734000 12.800000
v 1171.248000 690.734000 12.800000
v 316.394000 709.579000 0.000000
v 340.063000 709.579000 0.000000
v 340.063000 760.421000 0.000000
v 316.394000 760.421000 0.000000
v 316.394000 709.579000 6.400000
v 340.063000 709.579000 6.400000
v 340.063000 760.421000 6.400000
v 316.394000 760.421000 6.400000
v 348.981000 709.579000 0.000000
v 372.649000 709.579000 0.000000
v 372.649000 760.421000 0.000000
v 348.981000 760.421000 0.000000
v 348.981000 709.579000 16.000000
v 372.649000 709.579000 16.000000
v 372.649000 760.421000 16.000000
v 348.981000 760.421000 16.000000
v 381.567000 709.579000 0.000000
v 405.236000 709.579000 0.000000
v 405.236000 760.421000 0.000000
v 381.567000 760.421000 0.000000
v 381.567000 709.579000 16.000000
v 405.236000 709.579000 16.000000
v 405.236000 760.421000 16.000000
v 381.567000 760.421000 16.000000
v 420.394000 709.579000 0.000000
v 444.063000 709.579000 0.000000
v 444.063000 760.421000 0.000000
v 420.394000 760.421000 0.000000
v 420.394000 709.579000 22.400000
v 444.063000 709.579000 22.400000
v 444.063000 760.421000 22.400000
v 420.394000 760.421000 22.400000
v 452.981000 709.579000 0.000000
v 476.649000 709.579000 0.000000
v 476.649000 760.421000 0.000000
v 452.981000 760.421000 0.000000
v 452.981000 709.579000 16.000000
v 476.649000 709.579000 16.000000
v 476.649000 760.421000 16.000000
v 452.981000 760.421000 16.000000
v 485.567000 709.579000 0.000000
v 509.236000 709.579000 0.000000
v 509.236000 760.421000 0.000000
v 485.567000 760.421000 0.000000
v 485.567000 709.579000 12.800000
v 509.236000 709.579000 12.800000
v 509.236000 760.421000 12.800000
v 485.567000 760.421000 12.800000
v 524.394000 709.579000 0.000000
v 548.063000 709.579000 0.000000
v 548.063000 760.421000 0.000000
v 524.394000 760.421000 0.000000
v 524.394000 709.579000 22.400000
v 548.063000 709.579000 22.400000
v 548.063000 760.421000 22.400000
v 524.394000 760.421000 22.400000
v 589.567000 709.579000 0.000000
v 613.236000 709.579000 0.000000
v 613.236000 760.421000 0.000000
v 589.567000 760.421000 0.000000
v 589.567000 709.579000 16.000000
v 613.236000 709.579000 16.000000
v 613.236000 760.421000 16.000000
v 589.567000 760.421000 16.000000
v 316.394000 773.473000 0.000000
v 340.063000 773.473000 0.000000
v 340.063000 828.527000 0.000000
v 316.394000 828.527000 0.000000
v 316.394000 773.473000 6.400000
v 340.063000 773.473000 6.400000
v 340.063000 828.527000 6.400000
v 316.394000 828.527000 6.400000
v 381.567000 773.473000 0.000000
v 405.236000 773.473000 0.000000
v 405.236000 828.527000 0.000000
v 381.567000 828.527000 0.000000
v 381.567000 773.473000 6.400000
v 405.236000 773.473000 6.400000
v 405.236000 828.527000 6.400000
v 381.567000 828.527000 6.400000
v 420.394000 773.247000 0.000000
v 444.063000 773.247000 0.000000
v 444.063000 828.753000 0.000000
v 420.394000 828.753000 0.000000
v 420.394000 773.247000 9.600000
v 444.063000 773.247000 9.600000
v 444.063000 828.753000 9.600000
v 420.394000 828.753000 9.600000
v 452.981000 773.247000 0.000000
v 476.649000 773.247000 0.000000
v 476.649000 828.753000 0.000000
v 452.981000 828.753000 0.000000
v 452.981000 773.247000 19.200000
v 476.649000 773.247000 19.200000
v 476.649000 828.753000 19.200000
v 452.981000 828.753000 19.200000
v 589.567000 772.683000 0.000000
v 613.236000 772.683000 0.000000
v 613.236000 829.317000 0.000000
v 589.567000 829.317000 0.000000
v 589.567000 772.683000 19.200000
v 613.236000 772.683000 19.200000
v 613.236000 829.317000 19.200000
v 589.567000 829.317000 19.200000
v 348.981000 841.579000 0.000000
v 372.649000 841.579000 0.000000
v 372.649000 892.421000 0.000000
v 348.981000 892.421000 0.000000
v 348.981000 841.579000 12.800000
v 372.649000 841.579000 12.800000
v 372.649000 892.421000 12.800000
v 348.981000 892.421000 12.800000
v 420.394000 841.579000 0.000000
v 444.063000 841.579000 0.000000
v 444.063000 892.421000 0.000000
v 420.394000 892.421000 0.000000
v 420.394000 841.579000 12.800000
v 444.063000 841.579000 12.800000
v 444.063000 892.421000 12.800000
v 420.394000 892.421000 12.800000
v 524.394000 841.579000 0.000000
v 548.063000 841.579000 0.000000
v 548.063000 892.421000 0.000000
v 524.394000 892.421000 0.000000
v 524.394000 841.579000 6.400000
v 548.063000 841.579000 6.400000
v 548.063000 892.421000 6.400000
v 524.394000 892.421000 6.400000
v 556.981000 841.579000 0.000000
v 580.649000 841.579000 0.000000
v 580.649000 892.421000 0.000000
v 556.981000 892.421000 0.000000
v 556.981000 841.579000 19.200000
v 580.649000 841.579000 19.200000
v 580.649000 892.421000 19.200000
v 556.981000 892.421000 19.200000
v 589.567000 841.579000 0.000000
v 613.236000 841.579000 0.000000
v 613.236000 892.421000 0.000000
v 589.567000 892.421000 0.000000
v 589.567000 841.579000 12.800000
v 613.236000 841.579000 12.800000
v 613.236000 892.421000 12.800000
v 589.567000 892.421000 12.800000
v 629.934000 708.735000 0.000000
v 651.598000 708.735000 0.000000
v 651.598000 761.265000 0.000000
v 629.934000 761.265000 0.000000
v 629.934000 708.735000 16.000000
v 651.598000 708.735000 16.000000
v 651.598000 761.265000 16.000000
v 629.934000 761.265000 16.000000
v 660.014000 708.735000 0.000000
v 681.678000 708.735000 0.000000
v 681.678000 761.265000 0.000000
v 660.014000 761.265000 0.000000
v 660.014000 708.735000 9.600000
v 681.678000 708.735000 9.600000
v 681.678000 761.265000 9.600000
v 660.014000 761.265000 9.600000
v 690.094000 708.735000 0.000000
v 711.758000 708.735000 0.000000
v 711.758000 761.265000 0.000000
v 690.094000 761.265000 0.000000
v 690.094000 708.735000 16.000000
v 711.758000 708.735000 16.000000
v 711.758000 761.265000 16.000000
v 690.094000 761.265000 16.000000
v 756.014000 709.088000 0.000000
v 777.678000 709.088000 0.000000
v 777.678000 760.912000 0.000000
v 756.014000 760.912000 0.000000
v 756.014000 709.088000 6.400000
v 777.678000 709.088000 6.400000
v 777.678000 760.912000 6.400000
v 756.014000 760.912000 6.400000
v 852.014000 709.088000 0.000000
v 873.678000 709.088000 0.000000
v 873.678000 760.912000 0.000000
v 852.014000 760.912000 0.000000
v 852.014000 709.088000 19.200000
v 873.678000 709.088000 19.200000
v 873.678000 760.912000 19.200000
v 852.014000 760.912000 19.200000
v 882.094000 709.088000 0.000000
v 903.758000 709.088000 0.000000
v 903.758000 760.912000 0.000000
v 882.094000 760.912000 0.000000
v 882.094000 709.088000 9.600000
v 903.758000 709.088000 9.600000
v 903.758000 760.912000 9.600000
v 882.094000 760.912000 9.600000
v 629.934000 774.389000 0.000000
v 651.598000 774.389000 0.000000
v 651.598000 827.611000 0.000000
v 629.934000 827.611000 0.000000
v 629.934000 774.389000 16.000000
v 651.598000 774.389000 16.000000
v 651.598000 827.611000 16.000000
v 629.934000 827.611000 16.000000
v 660.014000 774.389000 0.000000
v 681.678000 774.389000 0.000000
v 681.678000 827.611000 0.000000
v 660.014000 827.611000 0.000000
v 660.014000 774.389000 12.800000
v 681.678000 774.389000 12.800000
v 681.678000 827.611000 12.800000
v 660.014000 827.611000 12.800000
v 725.934000 773.546000 0.000000
v 747.598000 773.546000 0.000000
v 747.598000 828.454000 0.000000
v 725.934000 828.454000 0.000000
v 725.934000 773.546000 16.000000
v 747.598000 773.546000 16.000000
v 747.598000 828.454000 16.000000
v 725.934000 828.454000 16.000000
v 786.094000 773.546000 0.000000
v 807.758000 773.546000 0.000000
v 807.758000 828.454000 0.000000
v 786.094000 828.454000 0.000000
v 786.094000 773.546000 6.400000
v 807.758000 773.546000 6.400000
v 807.758000 828.454000 6.400000
v 786.094000 828.454000 6.400000
v 852.014000 775.088000 0.000000
v 873.678000 775.088000 0.000000
v 873.678000 826.912000 0.000000
v 852.014000 826.912000 0.000000
v 852.014000 775.088000 19.200000
v 873.678000 775.088000 19.200000
v 873.678000 826.912000 19.200000
v 852.014000 826.912000 19.200000
v 882.094000 775.088000 0.000000
v 903.758000 775.088000 0.000000
v 903.758000 826.912000 0.000000
v 882.094000 826.912000 0.000000
v 882.094000 775.088000 16.000000
v 903.758000 775.088000 16.000000
v 903.758000 826.912000 16.000000
v 882.094000 826.912000 16.000000
v 756.014000 840.421000 0.000000
v 777.678000 840.421000 0.000000
v 777.678000 893.579000 0.000000
v 756.014000 893.579000 0.000000
v 756.014000 840.421000 9.600000
v 777.678000 840.421000 9.600000
v 777.678000 893.579000 9.600000
v 756.014000 893.579000 9.600000
v 786.094000 840.421000 0.000000
v 807.758000 840.421000 0.000000
v 807.758000 893.579000 0.000000
v 786.094000 893.579000 0.000000
v 786.094000 840.421000 9.600000
v 807.758000 840.421000 9.600000
v 807.758000 893.579000 9.600000
v 786.094000 893.579000 9.600000
v 821.934000 839.043000 0.000000
v 843.598000 839.043000 0.000000
v 843.598000 894.957000 0.000000
v 821.934000 894.957000 0.000000
v 821.934000 839.043000 6.400000
v 843.598000 839.043000 6.400000
v 843.598000 894.957000 6.400000
v 821.934000 894.957000 6.400000
v 852.014000 839.043000 0.000000
v 873.678000 839.043000 0.000000
v 873.678000 894.957000 0.000000
v 852.014000 894.957000 0.000000
v 852.014000 839.043000 19.200000
v 873.678000 839.043000 19.200000
v 873.678000 894.957000 19.200000
v 852.014000 894.957000 19.200000
v 882.094000 839.043000 0.000000
v 903.758000 839.043000 0.000000
v 903.758000 894.957000 0.000000
v 882.094000 894.957000 0.000000
v 882.094000 839.043000 19.200000
v 903.758000 839.043000 19.200000
v 903.758000 894.957000 19.200000
v 882.094000 894.957000 19.200000
v 919.088000 709.088000 0.000000
v 940.752000 709.088000 0.000000
v 940.752000 760.912000 0.000000
v 919.088000 760.912000 0.000000
v 919.088000 709.088000 48.000000
v 940.752000 709.088000 48.000000
v 940.752000 760.912000 48.000000
v 919.088000 760.912000 48.000000
v 949.168000 709.088000 0.000000
v 970.832000 709.088000 0.000000
v 970.832000 760.912000 0.000000
v 949.168000 760.912000 0.000000
v 949.168000 709.088000 19.200000
v 970.832000 709.088000 19.200000
v 970.832000 760.912000 19.200000
v 949.168000 760.912000 19.200000
v 979.248000 709.088000 0.000000
v 1000.912000 709.088000 0.000000
v 1000.912000 760.912000 0.000000
v 979.248000 760.912000 0.000000
v 979.248000 709.088000 54.400000
v 1000.912000 709.088000 54.400000
v 1000.912000 760.912000 54.400000
v 979.248000 760.912000 54.400000
v 1015.088000 709.088000 0.000000
v 1036.752000 709.088000 0.000000
v 1036.752000 760.912000 0.000000
v 1015.088000 760.912000 0.000000
v 1015.088000 709.088000 35.200000
v 1036.752000 709.088000 35.200000
v 1036.752000 760.912000 35.200000
v 1015.088000 760.912000 35.200000
v 1075.248000 709.088000 0.000000
v 1096.912000 709.088000 0.000000
v 1096.912000 760.912000 0.000000
v 1075.248000 760.912000 0.000000
v 1075.248000 709.088000 32.000000
v 1096.912000 709.088000 32.000000
v 1096.912000 760.912000 32.000000
v 1075.248000 760.912000 32.000000
v 1111.088000 707.572000 0.000000
v 1132.752000 707.572000 0.000000
v 1132.752000 762.428000 0.000000
v 1111.088000 762.428000 0.000000
v 1111.088000 707.572000 19.200000
v 1132.752000 707.572000 19.200000
v 1132.752000 762.428000 19.200000
v 1111.088000 762.428000 19.200000
v 1141.168000 707.572000 0.000000
v 1162.832000 707.572000 0.000000
v 1162.832000 762.428000 0.000000
v 1141.168000 762.428000 0.000000
v 1141.168000 707.572000 35.200000
v 1162.832000 707.572000 35.200000
v 1162.832000 762.428000 35.200000
v 1141.168000 762.428000 35.200000
v 1171.248000 707.572000 0.000000
v 1192.912000 707.572000 0.000000
v 1192.912000 762.428000 0.000000
v 1171.248000 762.428000 0.000000
v 1171.248000 707.572000 51.200000
v 1192.912000 707.572000 51.200000
v 1192.912000 762.428000 51.200000
v 1171.248000 762.428000 51.200000
v 919.088000 775.088000 0.000000
v 940.752000 775.088000 0.000000
v 940.752000 826.912000 0.000000
v 919.088000 826.912000 0.000000
v 919.088000 775.088000 22.400000
v 940.752000 775.088000 22.400000
v 940.752000 826.912000 22.400000
v 919.088000 826.912000 22.400000
v 949.168000 775.088000 0.000000
v 970.832000 775.088000 0.000000
v 970.832000 826.912000 0.000000
v 949.168000 826.912000 0.000000
v 949.168000 775.088000 35.200000
v 970.832000 775.088000 35.200000
v 970.832000 826.912000 35.200000
v 949.168000 826.912000 35.200000
v 979.248000 775.088000 0.000000
v 1000.912000 775.088000 0.000000
v 1000.912000 826.912000 0.000000
v 979.248000 826.912000 0.000000
v 979.248000 775.088000 32.000000
v 1000.912000 775.088000 32.000000
v 1000.912000 826.912000 32.000000
v 979.248000 826.912000 32.000000
v 1015.088000 775.088000 0.000000
v 1036.752000 775.088000 0.000000
v 1036.752000 826.912000 0.000000
v 1015.088000 826.912000 0.000000
v 1015.088000 775.088000 19.200000
v 1036.752000 775.088000 19.200000
v 1036.752000 826.912000 19.200000
v 1015.088000 826.912000 19.200000
v 1045.168000 775.088000 0.000000
v 1066.832000 775.088000 0.000000
v 1066.832000 826.912000 0.000000
v 1045.168000 826.912000 0.000000
v 1045.168000 775.088000 44.800000
v 1066.832000 775.088000 44.800000
v 1066.832000 826.912000 44.800000
v 1045.168000 826.912000 44.800000
v 1075.248000 775.088000 0.000000
v 1096.912000 775.088000 0.000000
v 1096.912000 826.912000 0.000000
v 1075.248000 826.912000 0.000000
v 1075.248000 775.088000 44.800000
v 1096.912000 775.088000 44.800000
v 1096.912000 826.912000 44.800000
v 1075.248000 826.912000 44.800000
v 1111.088000 773.023000 0.000000
v 1132.752000 773.023000 0.000000
v 1132.752000 828.977000 0.000000
v 1111.088000 828.977000 0.000000
v 1111.088000 773.023000 35.200000
v 1132.752000 773.023000 35.200000
v 1132.752000 828.977000 35.200000
v 1111.088000 828.977000 35.200000
v 1141.168000 773.023000 0.000000
v 1162.832000 773.023000 0.000000
v 1162.832000 828.977000 0.000000
v 1141.168000 828.977000 0.000000
v 1141.168000 773.023000 51.200000
v 1162.832000 773.023000 51.200000
v 1162.832000 828.977000 51.200000
v 1141.168000 828.977000 51.200000
v 919.088000 841.088000 0.000000
v 940.752000 841.088000 0.000000
v 940.752000 892.912000 0.000000
v 919.088000 892.912000 0.000000
v 919.088000 841.088000 51.200000
v 940.752000 841.088000 51.200000
v 940.752000 892.912000 51.200000
v 919.088000 892.912000 51.200000
v 949.168000 841.088000 0.000000
v 970.832000 841.088000 0.000000
v 970.832000 892.912000 0.000000
v 949.168000 892.912000 0.000000
v 949.168000 841.088000 28.800000
v 970.832000 841.088000 28.800000
v 970.832000 892.912000 28.800000
v 949.168000 892.912000 28.800000
v 979.248000 841.088000 0.000000
v 1000.912000 841.088000 0.000000
v 1000.912000 892.912000 0.000000
v 979.248000 892.912000 0.000000
v 979.248000 841.088000 32.000000
v 1000.912000 841.088000 32.000000
v 1000.912000 892.912000 32.000000
v 979.248000 892.912000 32.000000
v 1015.088000 839.208000 0.000000
v 1036.752000 839.208000 0.000000
v 1036.752000 894.792000 0.000000
v 1015.088000 894.792000 0.000000
v 1015.088000 839.208000 35.200000
v 1036.752000 839.208000 35.200000
v 1036.752000 894.792000 35.200000
v 1015.088000 894.792000 35.200000
v 1045.168000 839.208000 0.000000
v 1066.832000 839.208000 0.000000
v 1066.832000 894.792000 0.000000
v 1045.168000 894.792000 0.000000
v 1045.168000 839.208000 19.200000
v 1066.832000 839.208000 19.200000
v 1066.832000 894.792000 19.200000
v 1045.168000 894.792000 19.200000
v 1111.088000 840.574000 0.000000
v 1132.752000 840.574000 0.000000
v 1132.752000 893.426000 0.000000
v 1111.088000 893.426000 0.000000
v 1111.088000 840.574000 35.200000
v 1132.752000 840.574000 35.200000
v 1132.752000 893.426000 35.200000
v 1111.088000 893.426000 35.200000
v 1141.168000 840.574000 0.000000
v 1162.832000 840.574000 0.000000
v 1162.832000 893.426000 0.000000
v 1141.168000 893.426000 0.000000
v 1141.168000 840.574000 41.600000
v 1162.832000 840.574000 41.600000
v 1162.832000 893.426000 41.600000
v 1141.168000 893.426000 41.600000
v 1171.248000 840.574000 0.000000
v 1192.912000 840.574000 0.000000
v 1192.912000 893.426000 0.000000
v 1171.248000 893.426000 0.000000
v 1171.248000 840.574000 44.800000
v 1192.912000 840.574000 44.800000
v 1192.912000 893.426000 44.800000
v 1171.248000 893.426000 44.800000
v 0.000000 216.000000 0.050000
v 1200.000000 216.000000 0.050000
v 232.007000 216.000000 0.050000
v 229.388000 31.500000 0.050000
v 296.978000 216.000000 0.050000
v 299.052000 31.500000 0.050000
v 362.237000 216.000000 0.050000
v 361.417000 31.500000 0.050000
v 425.402000 216.000000 0.050000
v 423.139000 31.500000 0.050000
v 198.000000 234.000000 0.000000
v 252.000000 234.000000 0.000000
v 252.000000 315.000000 0.000000
v 198.000000 315.000000 0.000000
v 267.600000 234.000000 0.000000
v 321.600000 234.000000 0.000000
v 321.600000 315.000000 0.000000
v 267.600000 315.000000 0.000000
v 337.200000 234.000000 0.000000
v 391.200000 234.000000 0.000000
v 391.200000 315.000000 0.000000
v 337.200000 315.000000 0.000000
v 406.800000 234.000000 0.000000
v 460.800000 234.000000 0.000000
v 460.800000 315.000000 0.000000
v 406.800000 315.000000 0.000000
v 476.400000 234.000000 0.000000
v 530.400000 234.000000 0.000000
v 530.400000 315.000000 0.000000
v 476.400000 315.000000 0.000000
v 156.000000 333.000000 0.050000
v 576.000000 333.000000 0.050000
v 468.000000 351.000000 0.000000
v 552.000000 351.000000 0.000000
v 552.000000 414.000000 0.000000
v 468.000000 414.000000 0.000000
v 588.000000 234.000000 0.000000
v 804.000000 234.000000 0.000000
v 804.000000 351.000000 0.000000
v 588.000000 351.000000 0.000000
g water-sea
f 1 3 2
f 1 4 3
g road-main-west-001
g road-main-east-002
g road-secondary-h-0-003
g road-secondary-h-1-004
g road-secondary-h-2-005
g road-secondary-h-3-006
g road-secondary-v-0-007
g road-secondary-v-1-008
g road-secondary-v-2-009
g road-secondary-v-3-010
g road-street-h-0-011
g road-street-h-1-012
g road-street-h-2-013
g road-street-h-3-014
g road-street-h-4-015
g road-street-v-0-016
g road-street-v-1-017
g road-street-v-2-018
g road-street-v-3-019
g road-street-v-4-020
g road-street-v-5-021
g road-radial-0-022
g road-radial-1-023
g road-radial-2-024
g road-radial-3-025
g road-radial-4-026
g road-radial-5-027
g road-radial-6-028
g road-radial-7-029
g road-ring-192-030
f 63 65 64
f 63 66 65
f 63 67 66
f 63 68 67
f 63 69 68
f 63 70 69
f 63 71 70
f 63 72 71
f 63 73 72
f 63 74 73
f 63 75 74
f 63 76 75
f 63 77 76
f 63 78 77
f 63 79 78
f 63 80 79
f 63 81 80
f 63 82 81
f 63 83 82
f 63 84 83
f 63 85 84
f 63 86 85
f 63 87 86
f 63 88 87
f 63 89 88
f 63 90 89
f 63 91 90
f 63 92 91
f 63 93 92
f 63 94 93
g road-ring-336-031
f 95 97 96
f 95 98 97
f 95 99 98
f 95 100 99
f 95 101 100
f 95 102 101
f 95 103 102
f 95 104 103
f 95 105 104
f 95 106 105
f 95 107 106
f 95 108 107
f 95 109 108
f 95 110 109
f 95 111 110
f 95 112 111
f 95 113 112
f 95 114 113
f 95 115 114
f 95 116 115
f 95 117 116
f 95 118 117
f 95 119 118
f 95 120 119
f 95 121 120
f 95 122 121
f 95 123 122
f 95 124 123
f 95 125 124
f 95 126 125
g road-alley-0-032
g road-alley-1-033
g road-alley-2-034
g road-alley-3-035
g road-alley-4-036
g road-alley-5-037
g road-alley-6-038
g road-alley-7-039
g district-industrial-11
f 143 145 144
f 143 146 145
g district-harbor-12
f 147 149 148
f 147 150 149
g district-commercial-13
f 151 153 152
f 151 154 153
g district-residential-14
f 155 157 156
f 155 158 157
g district-industrial-21
f 159 161 160
f 159 162 161
g district-business-22
f 163 165 164
f 163 166 165
g district-old_town-23
f 167 169 168
f 167 170 169
g district-residential-24
f 171 173 172
f 171 174 173
g district-park-31
f 175 177 176
f 175 178 177
g district-station_area-32
f 179 181 180
f 179 182 181
g district-commercial-33
f 183 185 184
f 183 186 185
g district-residential-34
f 187 189 188
f 187 190 189
g district-park-41
f 191 193 192
f 191 194 193
g district-residential-42
f 195 197 196
f 195 198 197
g district-residential-43
f 199 201 200
f 199 202 201
g district-business-44
f 203 205 204
f 203 206 205
g block-district-industrial-11-11
f 207 209 208
f 207 210 209
g block-district-industrial-11-12
f 211 213 212
f 211 214 213
g block-district-industrial-11-21
f 215 217 216
f 215 218 217
g block-district-industrial-11-22
f 219 221 220
f 219 222 221
g block-district-industrial-11-31
f 223 225 224
f 223 226 225
g block-district-industrial-11-32
f 227 229 228
f 227 230 229
g block-district-harbor-12-11
f 231 233 232
f 231 234 233
g block-district-harbor-12-12
f 235 237 236
f 235 238 237
g block-district-harbor-12-21
f 239 241 240
f 239 242 241
g block-district-harbor-12-22
f 243 245 244
f 243 246 245
g block-district-harbor-12-31
f 247 249 248
f 247 250 249
g block-district-harbor-12-32
f 251 253 252
f 251 254 253
g block-district-commercial-13-11
f 255 257 256
f 255 258 257
g block-district-commercial-13-12
f 259 261 260
f 259 262 261
g block-district-commercial-13-13
f 263 265 264
f 263 266 265
g block-district-commercial-13-21
f 267 269 268
f 267 270 269
g block-district-commercial-13-22
f 271 273 272
f 271 274 273
g block-district-commercial-13-23
f 275 277 276
f 275 278 277
g block-district-commercial-13-31
f 279 281 280
f 279 282 281
g block-district-commercial-13-32
f 283 285 284
f 283 286 285
g block-district-commercial-13-33
f 287 289 288
f 287 290 289
g block-district-residential-14-11
f 291 293 292
f 291 294 293
g block-district-residential-14-12
f 295 297 296
f 295 298 297
g block-district-residential-14-13
f 299 301 300
f 299 302 301
g block-district-residential-14-21
f 303 305 304
f 303 306 305
g block-district-residential-14-22
f 307 309 308
f 307 310 309
g block-district-residential-14-23
f 311 313 312
f 311 314 313
g block-district-residential-14-31
f 315 317 316
f 315 318 317
g block-district-residential-14-32
f 319 321 320
f 319 322 321
g block-district-residential-14-33
f 323 325 324
f 323 326 325
g block-district-industrial-21-11
f 327 329 328
f 327 330 329
g block-district-industrial-21-12
f 331 333 332
f 331 334 333
g block-district-industrial-21-21
f 335 337 336
f 335 338 337
g block-district-industrial-21-22
f 339 341 340
f 339 342 341
g block-district-industrial-21-31
f 343 345 344
f 343 346 345
g block-district-industrial-21-32
f 347 349 348
f 347 350 349
g block-district-business-22-11
f 351 353 352
f 351 354 353
g block-district-business-22-12
f 355 357 356
f 355 358 357
g block-district-business-22-13
f 359 361 360
f 359 362 361
g block-district-business-22-21
f 363 365 364
f 363 366 365
g block-district-business-22-22
f 367 369 368
f 367 370 369
g block-district-business-22-23
f 371 373 372
f 371 374 373
g block-district-business-22-31
f 375 377 376
f 375 378 377
g block-district-business-22-32
f 379 381 380
f 379 382 381
g block-district-business-22-33
f 383 385 384
f 383 386 385
g block-district-old_town-23-11
f 387 389 388
f 387 390 389
g block-district-old_town-23-12
f 391 393 392
f 391 394 393
g block-district-old_town-23-13
f 395 397 396
f 395 398 397
g block-district-old_town-23-21
f 399 401 400
f 399 402 401
g block-district-old_town-23-22
f 403 405 404
f 403 406 405
g block-district-old_town-23-23
f 407 409 408
f 407 410 409
g block-district-old_town-23-31
f 411 413 412
f 411 414 413
g block-district-old_town-23-32
f 415 417 416
f 415 418 417
g block-district-old_town-23-33
f 419 421 420
f 419 422 421
g block-district-residential-24-11
f 423 425 424
f 423 426 425
g block-district-residential-24-12
f 427 429 428
f 427 430 429
g block-district-residential-24-13
f 431 433 432
f 431 434 433
g block-district-residential-24-21
f 435 437 436
f 435 438 437
g block-district-residential-24-22
f 439 441 440
f 439 442 441
g block-district-residential-24-23
f 443 445 444
f 443 446 445
g block-district-residential-24-31
f 447 449 448
f 447 450 449
g block-district-residential-24-32
f 451 453 452
f 451 454 453
g block-district-residential-24-33
f 455 457 456
f 455 458 457
g block-district-park-31-11
f 459 461 460
f 459 462 461
g block-district-park-31-12
f 463 465 464
f 463 466 465
g block-district-park-31-21
f 467 469 468
f 467 470 469
g block-district-park-31-22
f 471 473 472
f 471 474 473
g block-district-station_area-32-11
f 475 477 476
f 475 478 477
g block-district-station_area-32-12
f 479 481 480
f 479 482 481
g block-district-station_area-32-13
f 483 485 484
f 483 486 485
g block-district-station_area-32-21
f 487 489 488
f 487 490 489
g block-district-station_area-32-22
f 491 493 492
f 491 494 493
g block-district-station_area-32-23
f 495 497 496
f 495 498 497
g block-district-station_area-32-31
f 499 501 500
f 499 502 501
g block-district-station_area-32-32
f 503 505 504
f 503 506 505
g block-district-station_area-32-33
f 507 509 508
f 507 510 509
g block-district-commercial-33-11
f 511 513 512
f 511 514 513
g block-district-commercial-33-12
f 515 517 516
f 515 518 517
g block-district-commercial-33-13
f 519 521 520
f 519 522 521
g block-district-commercial-33-21
f 523 525 524
f 523 526 525
g block-district-commercial-33-22
f 527 529 528
f 527 530 529
g block-district-commercial-33-23
f 531 533 532
f 531 534 533
g block-district-commercial-33-31
f 535 537 536
f 535 538 537
g block-district-commercial-33-32
f 539 541 540
f 539 542 541
g block-district-commercial-33-33
f 543 545 544
f 543 546 545
g block-district-residential-34-11
f 547 549 548
f 547 550 549
g block-district-residential-34-12
f 551 553 552
f 551 554 553
g block-district-residential-34-13
f 555 557 556
f 555 558 557
g block-district-residential-34-21
f 559 561 560
f 559 562 561
g block-district-residential-34-22
f 563 565 564
f 563 566 565
g block-district-residential-34-23
f 567 569 568
f 567 570 569
g block-district-residential-34-31
f 571 573 572
f 571 574 573
g block-district-residential-34-32
f 575 577 576
f 575 578 577
g block-district-residential-34-33
f 579 581 580
f 579 582 581
g block-district-park-41-11
f 583 585 584
f 583 586 585
g block-district-park-41-12
f 587 589 588
f 587 590 589
g block-district-park-41-21
f 591 593 592
f 591 594 593
g block-district-park-41-22
f 595 597 596
f 595 598 597
g block-district-residential-42-11
f 599 601 600
f 599 602 601
g block-district-residential-42-12
f 603 605 604
f 603 606 605
g block-district-residential-42-13
f 607 609 608
f 607 610 609
g block-district-residential-42-21
f 611 613 612
f 611 614 613
g block-district-residential-42-22
f 615 617 616
f 615 618 617
g block-district-residential-42-23
f 619 621 620
f 619 622 621
g block-district-residential-42-31
f 623 625 624
f 623 626 625
g block-district-residential-42-32
f 627 629 628
f 627 630 629
g block-district-residential-42-33
f 631 633 632
f 631 634 633
g block-district-residential-43-11
f 635 637 636
f 635 638 637
g block-district-residential-43-12
f 639 641 640
f 639 642 641
g block-district-residential-43-13
f 643 645 644
f 643 646 645
g block-district-residential-43-21
f 647 649 648
f 647 650 649
g block-district-residential-43-22
f 651 653 652
f 651 654 653
g block-district-residential-43-23
f 655 657 656
f 655 658 657
g block-district-residential-43-31
f 659 661 660
f 659 662 661
g block-district-residential-43-32
f 663 665 664
f 663 666 665
g block-district-residential-43-33
f 667 669 668
f 667 670 669
g block-district-business-44-11
f 671 673 672
f 671 674 673
g block-district-business-44-12
f 675 677 676
f 675 678 677
g block-district-business-44-13
f 679 681 680
f 679 682 681
g block-district-business-44-21
f 683 685 684
f 683 686 685
g block-district-business-44-22
f 687 689 688
f 687 690 689
g block-district-business-44-23
f 691 693 692
f 691 694 693
g block-district-business-44-31
f 695 697 696
f 695 698 697
g block-district-business-44-32
f 699 701 700
f 699 702 701
g block-district-business-44-33
f 703 705 704
f 703 706 705
g lot-block-district-industrial-11-11-1
f 707 709 708
f 707 710 709
g lot-block-district-industrial-11-11-2
f 711 713 712
f 711 714 713
g lot-block-district-industrial-11-11-3
f 715 717 716
f 715 718 717
g lot-block-district-industrial-11-12-1
f 719 721 720
f 719 722 721
g lot-block-district-industrial-11-12-2
f 723 725 724
f 723 726 725
g lot-block-district-industrial-11-12-3
f 727 729 728
f 727 730 729
g lot-block-district-industrial-11-21-1
f 731 733 732
f 731 734 733
g lot-block-district-industrial-11-21-2
f 735 737 736
f 735 738 737
g lot-block-district-industrial-11-21-3
f 739 741 740
f 739 742 741
g lot-block-district-industrial-11-22-1
f 743 745 744
f 743 746 745
g lot-block-district-industrial-11-22-2
f 747 749 748
f 747 750 749
g lot-block-district-industrial-11-22-3
f 751 753 752
f 751 754 753
g lot-block-district-industrial-11-31-1
f 755 757 756
f 755 758 757
g lot-block-district-industrial-11-31-2
f 759 761 760
f 759 762 761
g lot-block-district-industrial-11-31-3
f 763 765 764
f 763 766 765
g lot-block-district-industrial-11-32-1
f 767 769 768
f 767 770 769
g lot-block-district-industrial-11-32-2
f 771 773 772
f 771 774 773
g lot-block-district-industrial-11-32-3
f 775 777 776
f 775 778 777
g lot-block-district-harbor-12-11-1
f 779 781 780
f 779 782 781
g lot-block-district-harbor-12-11-2
f 783 785 784
f 783 786 785
g lot-block-district-harbor-12-11-3
f 787 789 788
f 787 790 789
g lot-block-district-harbor-12-12-1
f 791 793 792
f 791 794 793
g lot-block-district-harbor-12-12-2
f 795 797 796
f 795 798 797
g lot-block-district-harbor-12-12-3
f 799 801 800
f 799 802 801
g lot-block-district-harbor-12-21-1
f 803 805 804
f 803 806 805
g lot-block-district-harbor-12-21-2
f 807 809 808
f 807 810 809
g lot-block-district-harbor-12-21-3
f 811 813 812
f 811 814 813
g lot-block-district-harbor-12-22-1
f 815 817 816
f 815 818 817
g lot-block-district-harbor-12-22-2
f 819 821 820
f 819 822 821
g lot-block-district-harbor-12-22-3
f 823 825 824
f 823 826 825
g lot-block-district-harbor-12-31-1
f 827 829 828
f 827 830 829
g lot-block-district-harbor-12-31-2
f 831 833 832
f 831 834 833
g lot-block-district-harbor-12-31-3
f 835 837 836
f 835 838 837
g lot-block-district-harbor-12-32-1
f 839 841 840
f 839 842 841
g lot-block-district-harbor-12-32-2
f 843 845 844
f 843 846 845
g lot-block-district-harbor-12-32-3
f 847 849 848
f 847 850 849
g lot-block-district-commercial-13-11-1
f 851 853 852
f 851 854 853
g lot-block-district-commercial-13-11-2
f 855 857 856
f 855 858 857
g lot-block-district-commercial-13-11-3
f 859 861 860
f 859 862 861
g lot-block-district-commercial-13-12-1
f 863 865 864
f 863 866 865
g lot-block-district-commercial-13-12-2
f 867 869 868
f 867 870 869
g lot-block-district-commercial-13-12-3
f 871 873 872
f 871 874 873
g lot-block-district-commercial-13-13-1
f 875 877 876
f 875 878 877
g lot-block-district-commercial-13-13-2
f 879 881 880
f 879 882 881
g lot-block-district-commercial-13-13-3
f 883 885 884
f 883 886 885
g lot-block-district-commercial-13-21-1
f 887 889 888
f 887 890 889
g lot-block-district-commercial-13-21-2
f 891 893 892
f 891 894 893
g lot-block-district-commercial-13-21-3
f 895 897 896
f 895 898 897
g lot-block-district-commercial-13-22-1
f 899 901 900
f 899 902 901
g lot-block-district-commercial-13-22-2
f 903 905 904
f 903 906 905
g lot-block-district-commercial-13-22-3
f 907 909 908
f 907 910 909
g lot-block-district-commercial-13-23-1
f 911 913 912
f 911 914 913
g lot-block-district-commercial-13-23-2
f 915 917 916
f 915 918 917
g lot-block-district-commercial-13-23-3
f 919 921 920
f 919 922 921
g lot-block-district-commercial-13-31-1
f 923 925 924
f 923 926 925
g lot-block-district-commercial-13-31-2
f 927 929 928
f 927 930 929
g lot-block-district-commercial-13-31-3
f 931 933 932
f 931 934 933
g lot-block-district-commercial-13-32-1
f 935 937 936
f 935 938 937
g lot-block-district-commercial-13-32-2
f 939 941 940
f 939 942 941
g lot-block-district-commercial-13-32-3
f 943 945 944
f 943 946 945
g lot-block-district-commercial-13-33-1
f 947 949 948
f 947 950 949
g lot-block-district-commercial-13-33-2
f 951 953 952
f 951 954 953
g lot-block-district-commercial-13-33-3
f 955 957 956
f 955 958 957
g lot-block-district-residential-14-11-1
f 959 961 960
f 959 962 961
g lot-block-district-residential-14-11-2
f 963 965 964
f 963 966 965
g lot-block-district-residential-14-11-3
f 967 969 968
f 967 970 969
g lot-block-district-residential-14-12-1
f 971 973 972
f 971 974 973
g lot-block-district-residential-14-12-2
f 975 977 976
f 975 978 977
g lot-block-district-residential-14-12-3
f 979 981 980
f 979 982 981
g lot-block-district-residential-14-13-1
f 983 985 984
f 983 986 985
g lot-block-district-residential-14-13-2
f 987 989 988
f 987 990 989
g lot-block-district-residential-14-13-3
f 991 993 992
f 991 994 993
g lot-block-district-residential-14-21-1
f 995 997 996
f 995 998 997
g lot-block-district-residential-14-21-2
f 999 1001 1000
f 999 1002 1001
g lot-block-district-residential-14-21-3
f 1003 1005 1004
f 1003 1006 1005
g lot-block-district-residential-14-22-1
f 1007 1009 1008
f 1007 1010 1009
g lot-block-district-residential-14-22-2
f 1011 1013 1012
f 1011 1014 1013
g lot-block-district-residential-14-22-3
f 1015 1017 1016
f 1015 1018 1017
g lot-block-district-residential-14-23-1
f 1019 1021 1020
f 1019 1022 1021
g lot-block-district-residential-14-23-2
f 1023 1025 1024
f 1023 1026 1025
g lot-block-district-residential-14-23-3
f 1027 1029 1028
f 1027 1030 1029
g lot-block-district-residential-14-31-1
f 1031 1033 1032
f 1031 1034 1033
g lot-block-district-residential-14-31-2
f 1035 1037 1036
f 1035 1038 1037
g lot-block-district-residential-14-31-3
f 1039 1041 1040
f 1039 1042 1041
g lot-block-district-residential-14-32-1
f 1043 1045 1044
f 1043 1046 1045
g lot-block-district-residential-14-32-2
f 1047 1049 1048
f 1047 1050 1049
g lot-block-district-residential-14-32-3
f 1051 1053 1052
f 1051 1054 1053
g lot-block-district-residential-14-33-1
f 1055 1057 1056
f 1055 1058 1057
g lot-block-district-residential-14-33-2
f 1059 1061 1060
f 1059 1062 1061
g lot-block-district-residential-14-33-3
f 1063 1065 1064
f 1063 1066 1065
g lot-block-district-industrial-21-11-1
f 1067 1069 1068
f 1067 1070 1069
g lot-block-district-industrial-21-11-2
f 1071 1073 1072
f 1071 1074 1073
g lot-block-district-industrial-21-11-3
f 1075 1077 1076
f 1075 1078 1077
g lot-block-district-industrial-21-12-1
f 1079 1081 1080
f 1079 1082 1081
g lot-block-district-industrial-21-12-2
f 1083 1085 1084
f 1083 1086 1085
g lot-block-district-industrial-21-12-3
f 1087 1089 1088
f 1087 1090 1089
g lot-block-district-industrial-21-21-1
f 1091 1093 1092
f 1091 1094 1093
g lot-block-district-industrial-21-21-2
f 1095 1097 1096
f 1095 1098 1097
g lot-block-district-industrial-21-21-3
f 1099 1101 1100
f 1099 1102 1101
g lot-block-district-industrial-21-22-1
f 1103 1105 1104
f 1103 1106 1105
g lot-block-district-industrial-21-22-2
f 1107 1109 1108
f 1107 1110 1109
g lot-block-district-industrial-21-22-3
f 1111 1113 1112
f 1111 1114 1113
g lot-block-district-industrial-21-31-1
f 1115 1117 1116
f 1115 1118 1117
g lot-block-district-industrial-21-31-2
f 1119 1121 1120
f 1119 1122 1121
g lot-block-district-industrial-21-31-3
f 1123 1125 1124
f 1123 1126 1125
g lot-block-district-industrial-21-32-1
f 1127 1129 1128
f 1127 1130 1129
g lot-block-district-industrial-21-32-2
f 1131 1133 1132
f 1131 1134 1133
g lot-block-district-industrial-21-32-3
f 1135 1137 1136
f 1135 1138 1137
g lot-block-district-business-22-11-1
f 1139 1141 1140
f 1139 1142 1141
g lot-block-district-business-22-11-2
f 1143 1145 1144
f 1143 1146 1145
g lot-block-district-business-22-11-3
f 1147 1149 1148
f 1147 1150 1149
g lot-block-district-business-22-12-1
f 1151 1153 1152
f 1151 1154 1153
g lot-block-district-business-22-12-2
f 1155 1157 1156
f 1155 1158 1157
g lot-block-district-business-22-12-3
f 1159 1161 1160
f 1159 1162 1161
g lot-block-district-business-22-13-1
f 1163 1165 1164
f 1163 1166 1165
g lot-block-district-business-22-13-2
f 1167 1169 1168
f 1167 1170 1169
g lot-block-district-business-22-13-3
f 1171 1173 1172
f 1171 1174 1173
g lot-block-district-business-22-21-1
f 1175 1177 1176
f 1175 1178 1177
g lot-block-district-business-22-21-2
f 1179 1181 1180
f 1179 1182 1181
g lot-block-district-business-22-21-3
f 1183 1185 1184
f 1183 1186 1185
g lot-block-district-business-22-22-1
f 1187 1189 1188
f 1187 1190 1189
g lot-block-district-business-22-22-2
f 1191 1193 1192
f 1191 1194 1193
g lot-block-district-business-22-22-3
f 1195 1197 1196
f 1195 1198 1197
g lot-block-district-business-22-23-1
f 1199 1201 1200
f 1199 1202 1201
g lot-block-district-business-22-23-2
f 1203 1205 1204
f 1203 1206 1205
g lot-block-district-business-22-23-3
f 1207 1209 1208
f 1207 1210 1209
g lot-block-district-business-22-31-1
f 1211 1213 1212
f 1211 1214 1213
g lot-block-district-business-22-31-2
f 1215 1217 1216
f 1215 1218 1217
g lot-block-district-business-22-31-3
f 1219 1221 1220
f 1219 1222 1221
g lot-block-district-business-22-32-1
f 1223 1225 1224
f 1223 1226 1225
g lot-block-district-business-22-32-2
f 1227 1229 1228
f 1227 1230 1229
g lot-block-district-business-22-32-3
f 1231 1233 1232
f 1231 1234 1233
g lot-block-district-business-22-33-1
f 1235 1237 1236
f 1235 1238 1237
g lot-block-district-business-22-33-2
f 1239 1241 1240
f 1239 1242 1241
g lot-block-district-business-22-33-3
f 1243 1245 1244
f 1243 1246 1245
g lot-block-district-old_town-23-11-1
f 1247 1249 1248
f 1247 1250 1249
g lot-block-district-old_town-23-11-2
f 1251 1253 1252
f 1251 1254 1253
g lot-block-district-old_town-23-11-3
f 1255 1257 1256
f 1255 1258 1257
g lot-block-district-old_town-23-12-1
f 1259 1261 1260
f 1259 1262 1261
g lot-block-district-old_town-23-12-2
f 1263 1265 1264
f 1263 1266 1265
g lot-block-district-old_town-23-12-3
f 1267 1269 1268
f 1267 1270 1269
g lot-block-district-old_town-23-13-1
f 1271 1273 1272
f 1271 1274 1273
g lot-block-district-old_town-23-13-2
f 1275 1277 1276
f 1275 1278 1277
g lot-block-district-old_town-23-13-3
f 1279 1281 1280
f 1279 1282 1281
g lot-block-district-old_town-23-21-1
f 1283 1285 1284
f 1283 1286 1285
g lot-block-district-old_town-23-21-2
f 1287 1289 1288
f 1287 1290 1289
g lot-block-district-old_town-23-21-3
f 1291 1293 1292
f 1291 1294 1293
g lot-block-district-old_town-23-22-1
f 1295 1297 1296
f 1295 1298 1297
g lot-block-district-old_town-23-22-2
f 1299 1301 1300
f 1299 1302 1301
g lot-block-district-old_town-23-22-3
f 1303 1305 1304
f 1303 1306 1305
g lot-block-district-old_town-23-23-1
f 1307 1309 1308
f 1307 1310 1309
g lot-block-district-old_town-23-23-2
f 1311 1313 1312
f 1311 1314 1313
g lot-block-district-old_town-23-23-3
f 1315 1317 1316
f 1315 1318 1317
g lot-block-district-old_town-23-31-1
f 1319 1321 1320
f 1319 1322 1321
g lot-block-district-old_town-23-31-2
f 1323 1325 1324
f 1323 1326 1325
g lot-block-district-old_town-23-31-3
f 1327 1329 1328
f 1327 1330 1329
g lot-block-district-old_town-23-32-1
f 1331 1333 1332
f 1331 1334 1333
g lot-block-district-old_town-23-32-2
f 1335 1337 1336
f 1335 1338 1337
g lot-block-district-old_town-23-32-3
f 1339 1341 1340
f 1339 1342 1341
g lot-block-district-old_town-23-33-1
f 1343 1345 1344
f 1343 1346 1345
g lot-block-district-old_town-23-33-2
f 1347 1349 1348
f 1347 1350 1349
g lot-block-district-old_town-23-33-3
f 1351 1353 1352
f 1351 1354 1353
g lot-block-district-residential-24-11-1
f 1355 1357 1356
f 1355 1358 1357
g lot-block-district-residential-24-11-2
f 1359 1361 1360
f 1359 1362 1361
g lot-block-district-residential-24-11-3
f 1363 1365 1364
f 1363 1366 1365
g lot-block-district-residential-24-12-1
f 1367 1369 1368
f 1367 1370 1369
g lot-block-district-residential-24-12-2
f 1371 1373 1372
f 1371 1374 1373
g lot-block-district-residential-24-12-3
f 1375 1377 1376
f 1375 1378 1377
g lot-block-district-residential-24-13-1
f 1379 1381 1380
f 1379 1382 1381
g lot-block-district-residential-24-13-2
f 1383 1385 1384
f 1383 1386 1385
g lot-block-district-residential-24-13-3
f 1387 1389 1388
f 1387 1390 1389
g lot-block-district-residential-24-21-1
f 1391 1393 1392
f 1391 1394 1393
g lot-block-district-residential-24-21-2
f 1395 1397 1396
f 1395 1398 1397
g lot-block-district-residential-24-21-3
f 1399 1401 1400
f 1399 1402 1401
g lot-block-district-residential-24-22-1
f 1403 1405 1404
f 1403 1406 1405
g lot-block-district-residential-24-22-2
f 1407 1409 1408
f 1407 1410 1409
g lot-block-district-residential-24-22-3
f 1411 1413 1412
f 1411 1414 1413
g lot-block-district-residential-24-23-1
f 1415 1417 1416
f 1415 1418 1417
g lot-block-district-residential-24-23-2
f 1419 1421 1420
f 1419 1422 1421
g lot-block-district-residential-24-23-3
f 1423 1425 1424
f 1423 1426 1425
g lot-block-district-residential-24-31-1
f 1427 1429 1428
f 1427 1430 1429
g lot-block-district-residential-24-31-2
f 1431 1433 1432
f 1431 1434 1433
g lot-block-district-residential-24-31-3
f 1435 1437 1436
f 1435 1438 1437
g lot-block-district-residential-24-32-1
f 1439 1441 1440
f 1439 1442 1441
g lot-block-district-residential-24-32-2
f 1443 1445 1444
f 1443 1446 1445
g lot-block-district-residential-24-32-3
f 1447 1449 1448
f 1447 1450 1449
g lot-block-district-residential-24-33-1
f 1451 1453 1452
f 1451 1454 1453
g lot-block-district-residential-24-33-2
f 1455 1457 1456
f 1455 1458 1457
g lot-block-district-residential-24-33-3
f 1459 1461 1460
f 1459 1462 1461
g lot-block-district-park-31-11-1
f 1463 1465 1464
f 1463 1466 1465
g lot-block-district-park-31-11-2
f 1467 1469 1468
f 1467 1470 1469
g lot-block-district-park-31-11-3
f 1471 1473 1472
f 1471 1474 1473
g lot-block-district-park-31-12-1
f 1475 1477 1476
f 1475 1478 1477
g lot-block-district-park-31-12-2
f 1479 1481 1480
f 1479 1482 1481
g lot-block-district-park-31-12-3
f 1483 1485 1484
f 1483 1486 1485
g lot-block-district-park-31-21-1
f 1487 1489 1488
f 1487 1490 1489
g lot-block-district-park-31-21-2
f 1491 1493 1492
f 1491 1494 1493
g lot-block-district-park-31-21-3
f 1495 1497 1496
f 1495 1498 1497
g lot-block-district-park-31-22-1
f 1499 1501 1500
f 1499 1502 1501
g lot-block-district-park-31-22-2
f 1503 1505 1504
f 1503 1506 1505
g lot-block-district-park-31-22-3
f 1507 1509 1508
f 1507 1510 1509
g lot-block-district-station_area-32-11-1
f 1511 1513 1512
f 1511 1514 1513
g lot-block-district-station_area-32-11-2
f 1515 1517 1516
f 1515 1518 1517
g lot-block-district-station_area-32-11-3
f 1519 1521 1520
f 1519 1522 1521
g lot-block-district-station_area-32-12-1
f 1523 1525 1524
f 1523 1526 1525
g lot-block-district-station_area-32-12-2
f 1527 1529 1528
f 1527 1530 1529
g lot-block-district-station_area-32-12-3
f 1531 1533 1532
f 1531 1534 1533
g lot-block-district-station_area-32-13-1
f 1535 1537 1536
f 1535 1538 1537
g lot-block-district-station_area-32-13-2
f 1539 1541 1540
f 1539 1542 1541
g lot-block-district-station_area-32-13-3
f 1543 1545 1544
f 1543 1546 1545
g lot-block-district-station_area-32-21-1
f 1547 1549 1548
f 1547 1550 1549
g lot-block-district-station_area-32-21-2
f 1551 1553 1552
f 1551 1554 1553
g lot-block-district-station_area-32-21-3
f 1555 1557 1556
f 1555 1558 1557
g lot-block-district-station_area-32-22-1
f 1559 1561 1560
f 1559 1562 1561
g lot-block-district-station_area-32-22-2
f 1563 1565 1564
f 1563 1566 1565
g lot-block-district-station_area-32-22-3
f 1567 1569 1568
f 1567 1570 1569
g lot-block-district-station_area-32-23-1
f 1571 1573 1572
f 1571 1574 1573
g lot-block-district-station_area-32-23-2
f 1575 1577 1576
f 1575 1578 1577
g lot-block-district-station_area-32-23-3
f 1579 1581 1580
f 1579 1582 1581
g lot-block-district-station_area-32-31-1
f 1583 1585 1584
f 1583 1586 1585
g lot-block-district-station_area-32-31-2
f 1587 1589 1588
f 1587 1590 1589
g lot-block-district-station_area-32-31-3
f 1591 1593 1592
f 1591 1594 1593
g lot-block-district-station_area-32-32-1
f 1595 1597 1596
f 1595 1598 1597
g lot-block-district-station_area-32-32-2
f 1599 1601 1600
f 1599 1602 1601
g lot-block-district-station_area-32-32-3
f 1603 1605 1604
f 1603 1606 1605
g lot-block-district-station_area-32-33-1
f 1607 1609 1608
f 1607 1610 1609
g lot-block-district-station_area-32-33-2
f 1611 1613 1612
f 1611 1614 1613
g lot-block-district-station_area-32-33-3
f 1615 1617 1616
f 1615 1618 1617
g lot-block-district-commercial-33-11-1
f 1619 1621 1620
f 1619 1622 1621
g lot-block-district-commercial-33-11-2
f 1623 1625 1624
f 1623 1626 1625
g lot-block-district-commercial-33-11-3
f 1627 1629 1628
f 1627 1630 1629
g lot-block-district-commercial-33-12-1
f 1631 1633 1632
f 1631 1634 1633
g lot-block-district-commercial-33-12-2
f 1635 1637 1636
f 1635 1638 1637
g lot-block-district-commercial-33-12-3
f 1639 1641 1640
f 1639 1642 1641
g lot-block-district-commercial-33-13-1
f 1643 1645 1644
f 1643 1646 1645
g lot-block-district-commercial-33-13-2
f 1647 1649 1648
f 1647 1650 1649
g lot-block-district-commercial-33-13-3
f 1651 1653 1652
f 1651 1654 1653
g lot-block-district-commercial-33-21-1
f 1655 1657 1656
f 1655 1658 1657
g lot-block-district-commercial-33-21-2
f 1659 1661 1660
f 1659 1662 1661
g lot-block-district-commercial-33-21-3
f 1663 1665 1664
f 1663 1666 1665
g lot-block-district-commercial-33-22-1
f 1667 1669 1668
f 1667 1670 1669
g lot-block-district-commercial-33-22-2
f 1671 1673 1672
f 1671 1674 1673
g lot-block-district-commercial-33-22-3
f 1675 1677 1676
f 1675 1678 1677
g lot-block-district-commercial-33-23-1
f 1679 1681 1680
f 1679 1682 1681
g lot-block-district-commercial-33-23-2
f 1683 1685 1684
f 1683 1686 1685
g lot-block-district-commercial-33-23-3
f 1687 1689 1688
f 1687 1690 1689
g lot-block-district-commercial-33-31-1
f 1691 1693 1692
f 1691 1694 1693
g lot-block-district-commercial-33-31-2
f 1695 1697 1696
f 1695 1698 1697
g lot-block-district-commercial-33-31-3
f 1699 1701 1700
f 1699 1702 1701
g lot-block-district-commercial-33-32-1
f 1703 1705 1704
f 1703 1706 1705
g lot-block-district-commercial-33-32-2
f 1707 1709 1708
f 1707 1710 1709
g lot-block-district-commercial-33-32-3
f 1711 1713 1712
f 1711 1714 1713
g lot-block-district-commercial-33-33-1
f 1715 1717 1716
f 1715 1718 1717
g lot-block-district-commercial-33-33-2
f 1719 1721 1720
f 1719 1722 1721
g lot-block-district-commercial-33-33-3
f 1723 1725 1724
f 1723 1726 1725
g lot-block-district-residential-34-11-1
f 1727 1729 1728
f 1727 1730 1729
g lot-block-district-residential-34-11-2
f 1731 1733 1732
f 1731 1734 1733
g lot-block-district-residential-34-11-3
f 1735 1737 1736
f 1735 1738 1737
g lot-block-district-residential-34-12-1
f 1739 1741 1740
f 1739 1742 1741
g lot-block-district-residential-34-12-2
f 1743 1745 1744
f 1743 1746 1745
g lot-block-district-residential-34-12-3
f 1747 1749 1748
f 1747 1750 1749
g lot-block-district-residential-34-13-1
f 1751 1753 1752
f 1751 1754 1753
g lot-block-district-residential-34-13-2
f 1755 1757 1756
f 1755 1758 1757
g lot-block-district-residential-34-13-3
f 1759 1761 1760
f 1759 1762 1761
g lot-block-district-residential-34-21-1
f 1763 1765 1764
f 1763 1766 1765
g lot-block-district-residential-34-21-2
f 1767 1769 1768
f 1767 1770 1769
g lot-block-district-residential-34-21-3
f 1771 1773 1772
f 1771 1774 1773
g lot-block-district-residential-34-22-1
f 1775 1777 1776
f 1775 1778 1777
g lot-block-district-residential-34-22-2
f 1779 1781 1780
f 1779 1782 1781
g lot-block-district-residential-34-22-3
f 1783 1785 1784
f 1783 1786 1785
g lot-block-district-residential-34-23-1
f 1787 1789 1788
f 1787 1790 1789
g lot-block-district-residential-34-23-2
f 1791 1793 1792
f 1791 1794 1793
g lot-block-district-residential-34-23-3
f 1795 1797 1796
f 1795 1798 1797
g lot-block-district-residential-34-31-1
f 1799 1801 1800
f 1799 1802 1801
g lot-block-district-residential-34-31-2
f 1803 1805 1804
f 1803 1806 1805
g lot-block-district-residential-34-31-3
f 1807 1809 1808
f 1807 1810 1809
g lot-block-district-residential-34-32-1
f 1811 1813 1812
f 1811 1814 1813
g lot-block-district-residential-34-32-2
f 1815 1817 1816
f 1815 1818 1817
g lot-block-district-residential-34-32-3
f 1819 1821 1820
f 1819 1822 1821
g lot-block-district-residential-34-33-1
f 1823 1825 1824
f 1823 1826 1825
g lot-block-district-residential-34-33-2
f 1827 1829 1828
f 1827 1830 1829
g lot-block-district-residential-34-33-3
f 1831 1833 1832
f 1831 1834 1833
g lot-block-district-park-41-11-1
f 1835 1837 1836
f 1835 1838 1837
g lot-block-district-park-41-11-2
f 1839 1841 1840
f 1839 1842 1841
g lot-block-district-park-41-11-3
f 1843 1845 1844
f 1843 1846 1845
g lot-block-district-park-41-12-1
f 1847 1849 1848
f 1847 1850 1849
g lot-block-district-park-41-12-2
f 1851 1853 1852
f 1851 1854 1853
g lot-block-district-park-41-12-3
f 1855 1857 1856
f 1855 1858 1857
g lot-block-district-park-41-21-1
f 1859 1861 1860
f 1859 1862 1861
g lot-block-district-park-41-21-2
f 1863 1865 1864
f 1863 1866 1865
g lot-block-district-park-41-21-3
f 1867 1869 1868
f 1867 1870 1869
g lot-block-district-park-41-22-1
f 1871 1873 1872
f 1871 1874 1873
g lot-block-district-park-41-22-2
f 1875 1877 1876
f 1875 1878 1877
g lot-block-district-park-41-22-3
f 1879 1881 1880
f 1879 1882 1881
g lot-block-district-residential-42-11-1
f 1883 1885 1884
f 1883 1886 1885
g lot-block-district-residential-42-11-2
f 1887 1889 1888
f 1887 1890 1889
g lot-block-district-residential-42-11-3
f 1891 1893 1892
f 1891 1894 1893
g lot-block-district-residential-42-12-1
f 1895 1897 1896
f 1895 1898 1897
g lot-block-district-residential-42-12-2
f 1899 1901 1900
f 1899 1902 1901
g lot-block-district-residential-42-12-3
f 1903 1905 1904
f 1903 1906 1905
g lot-block-district-residential-42-13-1
f 1907 1909 1908
f 1907 1910 1909
g lot-block-district-residential-42-13-2
f 1911 1913 1912
f 1911 1914 1913
g lot-block-district-residential-42-13-3
f 1915 1917 1916
f 1915 1918 1917
g lot-block-district-residential-42-21-1
f 1919 1921 1920
f 1919 1922 1921
g lot-block-district-residential-42-21-2
f 1923 1925 1924
f 1923 1926 1925
g lot-block-district-residential-42-21-3
f 1927 1929 1928
f 1927 1930 1929
g lot-block-district-residential-42-22-1
f 1931 1933 1932
f 1931 1934 1933
g lot-block-district-residential-42-22-2
f 1935 1937 1936
f 1935 1938 1937
g lot-block-district-residential-42-22-3
f 1939 1941 1940
f 1939 1942 1941
g lot-block-district-residential-42-23-1
f 1943 1945 1944
f 1943 1946 1945
g lot-block-district-residential-42-23-2
f 1947 1949 1948
f 1947 1950 1949
g lot-block-district-residential-42-23-3
f 1951 1953 1952
f 1951 1954 1953
g lot-block-district-residential-42-31-1
f 1955 1957 1956
f 1955 1958 1957
g lot-block-district-residential-42-31-2
f 1959 1961 1960
f 1959 1962 1961
g lot-block-district-residential-42-31-3
f 1963 1965 1964
f 1963 1966 1965
g lot-block-district-residential-42-32-1
f 1967 1969 1968
f 1967 1970 1969
g lot-block-district-residential-42-32-2
f 1971 1973 1972
f 1971 1974 1973
g lot-block-district-residential-42-32-3
f 1975 1977 1976
f 1975 1978 1977
g lot-block-district-residential-42-33-1
f 1979 1981 1980
f 1979 1982 1981
g lot-block-district-residential-42-33-2
f 1983 1985 1984
f 1983 1986 1985
g lot-block-district-residential-42-33-3
f 1987 1989 1988
f 1987 1990 1989
g lot-block-district-residential-43-11-1
f 1991 1993 1992
f 1991 1994 1993
g lot-block-district-residential-43-11-2
f 1995 1997 1996
f 1995 1998 1997
g lot-block-district-residential-43-11-3
f 1999 2001 2000
f 1999 2002 2001
g lot-block-district-residential-43-12-1
f 2003 2005 2004
f 2003 2006 2005
g lot-block-district-residential-43-12-2
f 2007 2009 2008
f 2007 2010 2009
g lot-block-district-residential-43-12-3
f 2011 2013 2012
f 2011 2014 2013
g lot-block-district-residential-43-13-1
f 2015 2017 2016
f 2015 2018 2017
g lot-block-district-residential-43-13-2
f 2019 2021 2020
f 2019 2022 2021
g lot-block-district-residential-43-13-3
f 2023 2025 2024
f 2023 2026 2025
g lot-block-district-residential-43-21-1
f 2027 2029 2028
f 2027 2030 2029
g lot-block-district-residential-43-21-2
f 2031 2033 2032
f 2031 2034 2033
g lot-block-district-residential-43-21-3
f 2035 2037 2036
f 2035 2038 2037
g lot-block-district-residential-43-22-1
f 2039 2041 2040
f 2039 2042 2041
g lot-block-district-residential-43-22-2
f 2043 2045 2044
f 2043 2046 2045
g lot-block-district-residential-43-22-3
f 2047 2049 2048
f 2047 2050 2049
g lot-block-district-residential-43-23-1
f 2051 2053 2052
f 2051 2054 2053
g lot-block-district-residential-43-23-2
f 2055 2057 2056
f 2055 2058 2057
g lot-block-district-residential-43-23-3
f 2059 2061 2060
f 2059 2062 2061
g lot-block-district-residential-43-31-1
f 2063 2065 2064
f 2063 2066 2065
g lot-block-district-residential-43-31-2
f 2067 2069 2068
f 2067 2070 2069
g lot-block-district-residential-43-31-3
f 2071 2073 2072
f 2071 2074 2073
g lot-block-district-residential-43-32-1
f 2075 2077 2076
f 2075 2078 2077
g lot-block-district-residential-43-32-2
f 2079 2081 2080
f 2079 2082 2081
g lot-block-district-residential-43-32-3
f 2083 2085 2084
f 2083 2086 2085
g lot-block-district-residential-43-33-1
f 2087 2089 2088
f 2087 2090 2089
g lot-block-district-residential-43-33-2
f 2091 2093 2092
f 2091 2094 2093
g lot-block-district-residential-43-33-3
f 2095 2097 2096
f 2095 2098 2097
g lot-block-district-business-44-11-1
f 2099 2101 2100
f 2099 2102 2101
g lot-block-district-business-44-11-2
f 2103 2105 2104
f 2103 2106 2105
g lot-block-district-business-44-11-3
f 2107 2109 2108
f 2107 2110 2109
g lot-block-district-business-44-12-1
f 2111 2113 2112
f 2111 2114 2113
g lot-block-district-business-44-12-2
f 2115 2117 2116
f 2115 2118 2117
g lot-block-district-business-44-12-3
f 2119 2121 2120
f 2119 2122 2121
g lot-block-district-business-44-13-1
f 2123 2125 2124
f 2123 2126 2125
g lot-block-district-business-44-13-2
f 2127 2129 2128
f 2127 2130 2129
g lot-block-district-business-44-13-3
f 2131 2133 2132
f 2131 2134 2133
g lot-block-district-business-44-21-1
f 2135 2137 2136
f 2135 2138 2137
g lot-block-district-business-44-21-2
f 2139 2141 2140
f 2139 2142 2141
g lot-block-district-business-44-21-3
f 2143 2145 2144
f 2143 2146 2145
g lot-block-district-business-44-22-1
f 2147 2149 2148
f 2147 2150 2149
g lot-block-district-business-44-22-2
f 2151 2153 2152
f 2151 2154 2153
g lot-block-district-business-44-22-3
f 2155 2157 2156
f 2155 2158 2157
g lot-block-district-business-44-23-1
f 2159 2161 2160
f 2159 2162 2161
g lot-block-district-business-44-23-2
f 2163 2165 2164
f 2163 2166 2165
g lot-block-district-business-44-23-3
f 2167 2169 2168
f 2167 2170 2169
g lot-block-district-business-44-31-1
f 2171 2173 2172
f 2171 2174 2173
g lot-block-district-business-44-31-2
f 2175 2177 2176
f 2175 2178 2177
g lot-block-district-business-44-31-3
f 2179 2181 2180
f 2179 2182 2181
g lot-block-district-business-44-32-1
f 2183 2185 2184
f 2183 2186 2185
g lot-block-district-business-44-32-2
f 2187 2189 2188
f 2187 2190 2189
g lot-block-district-business-44-32-3
f 2191 2193 2192
f 2191 2194 2193
g lot-block-district-business-44-33-1
f 2195 2197 2196
f 2195 2198 2197
g lot-block-district-business-44-33-2
f 2199 2201 2200
f 2199 2202 2201
g lot-block-district-business-44-33-3
f 2203 2205 2204
f 2203 2206 2205
g building-lot-block-district-industrial-11-11-1
f 2207 2209 2208
f 2207 2210 2209
f 2211 2213 2212
f 2211 2214 2213
f 2207 2208 2212 2211
f 2208 2209 2213 2212
f 2209 2210 2214 2213
f 2210 2207 2211 2214
g building-lot-block-district-industrial-11-11-2
f 2215 2217 2216
f 2215 2218 2217
f 2219 2221 2220
f 2219 2222 2221
f 2215 2216 2220 2219
f 2216 2217 2221 2220
f 2217 2218 2222 2221
f 2218 2215 2219 2222
g building-lot-block-district-industrial-11-11-3
f 2223 2225 2224
f 2223 2226 2225
f 2227 2229 2228
f 2227 2230 2229
f 2223 2224 2228 2227
f 2224 2225 2229 2228
f 2225 2226 2230 2229
f 2226 2223 2227 2230
g building-lot-block-district-industrial-11-12-1
f 2231 2233 2232
f 2231 2234 2233
f 2235 2237 2236
f 2235 2238 2237
f 2231 2232 2236 2235
f 2232 2233 2237 2236
f 2233 2234 2238 2237
f 2234 2231 2235 2238
g building-lot-block-district-industrial-11-12-3
f 2239 2241 2240
f 2239 2242 2241
f 2243 2245 2244
f 2243 2246 2245
f 2239 2240 2244 2243
f 2240 2241 2245 2244
f 2241 2242 2246 2245
f 2242 2239 2243 2246
g building-lot-block-district-industrial-11-21-1
f 2247 2249 2248
f 2247 2250 2249
f 2251 2253 2252
f 2251 2254 2253
f 2247 2248 2252 2251
f 2248 2249 2253 2252
f 2249 2250 2254 2253
f 2250 2247 2251 2254
g building-lot-block-district-industrial-11-21-2
f 2255 2257 2256
f 2255 2258 2257
f 2259 2261 2260
f 2259 2262 2261
f 2255 2256 2260 2259
f 2256 2257 2261 2260
f 2257 2258 2262 2261
f 2258 2255 2259 2262
g building-lot-block-district-industrial-11-21-3
f 2263 2265 2264
f 2263 2266 2265
f 2267 2269 2268
f 2267 2270 2269
f 2263 2264 2268 2267
f 2264 2265 2269 2268
f 2265 2266 2270 2269
f 2266 2263 2267 2270
g building-lot-block-district-industrial-11-22-1
f 2271 2273 2272
f 2271 2274 2273
f 2275 2277 2276
f 2275 2278 2277
f 2271 2272 2276 2275
f 2272 2273 2277 2276
f 2273 2274 2278 2277
f 2274 2271 2275 2278
g building-lot-block-district-industrial-11-22-3
f 2279 2281 2280
f 2279 2282 2281
f 2283 2285 2284
f 2283 2286 2285
f 2279 2280 2284 2283
f 2280 2281 2285 2284
f 2281 2282 2286 2285
f 2282 2279 2283 2286
g building-lot-block-district-industrial-11-31-1
f 2287 2289 2288
f 2287 2290 2289
f 2291 2293 2292
f 2291 2294 2293
f 2287 2288 2292 2291
f 2288 2289 2293 2292
f 2289 2290 2294 2293
f 2290 2287 2291 2294
g building-lot-block-district-industrial-11-31-2
f 2295 2297 2296
f 2295 2298 2297
f 2299 2301 2300
f 2299 2302 2301
f 2295 2296 2300 2299
f 2296 2297 2301 2300
f 2297 2298 2302 2301
f 2298 2295 2299 2302
g building-lot-block-district-industrial-11-31-3
f 2303 2305 2304
f 2303 2306 2305
f 2307 2309 2308
f 2307 2310 2309
f 2303 2304 2308 2307
f 2304 2305 2309 2308
f 2305 2306 2310 2309
f 2306 2303 2307 2310
g building-lot-block-district-industrial-11-32-1
f 2311 2313 2312
f 2311 2314 2313
f 2315 2317 2316
f 2315 2318 2317
f 2311 2312 2316 2315
f 2312 2313 2317 2316
f 2313 2314 2318 2317
f 2314 2311 2315 2318
g building-lot-block-district-harbor-12-11-1
f 2319 2321 2320
f 2319 2322 2321
f 2323 2325 2324
f 2323 2326 2325
f 2319 2320 2324 2323
f 2320 2321 2325 2324
f 2321 2322 2326 2325
f 2322 2319 2323 2326
g building-lot-block-district-harbor-12-11-2
f 2327 2329 2328
f 2327 2330 2329
f 2331 2333 2332
f 2331 2334 2333
f 2327 2328 2332 2331
f 2328 2329 2333 2332
f 2329 2330 2334 2333
f 2330 2327 2331 2334
g building-lot-block-district-harbor-12-11-3
f 2335 2337 2336
f 2335 2338 2337
f 2339 2341 2340
f 2339 2342 2341
f 2335 2336 2340 2339
f 2336 2337 2341 2340
f 2337 2338 2342 2341
f 2338 2335 2339 2342
g building-lot-block-district-harbor-12-12-1
f 2343 2345 2344
f 2343 2346 2345
f 2347 2349 2348
f 2347 2350 2349
f 2343 2344 2348 2347
f 2344 2345 2349 2348
f 2345 2346 2350 2349
f 2346 2343 2347 2350
g building-lot-block-district-harbor-12-12-2
f 2351 2353 2352
f 2351 2354 2353
f 2355 2357 2356
f 2355 2358 2357
f 2351 2352 2356 2355
f 2352 2353 2357 2356
f 2353 2354 2358 2357
f 2354 2351 2355 2358
g building-lot-block-district-harbor-12-12-3
f 2359 2361 2360
f 2359 2362 2361
f 2363 2365 2364
f 2363 2366 2365
f 2359 2360 2364 2363
f 2360 2361 2365 2364
f 2361 2362 2366 2365
f 2362 2359 2363 2366
g building-lot-block-district-harbor-12-21-1
f 2367 2369 2368
f 2367 2370 2369
f 2371 2373 2372
f 2371 2374 2373
f 2367 2368 2372 2371
f 2368 2369 2373 2372
f 2369 2370 2374 2373
f 2370 2367 2371 2374
g building-lot-block-district-harbor-12-21-2
f 2375 2377 2376
f 2375 2378 2377
f 2379 2381 2380
f 2379 2382 2381
f 2375 2376 2380 2379
f 2376 2377 2381 2380
f 2377 2378 2382 2381
f 2378 2375 2379 2382
g building-lot-block-district-harbor-12-21-3
f 2383 2385 2384
f 2383 2386 2385
f 2387 2389 2388
f 2387 2390 2389
f 2383 2384 2388 2387
f 2384 2385 2389 2388
f 2385 2386 2390 2389
f 2386 2383 2387 2390
g building-lot-block-district-harbor-12-22-1
f 2391 2393 2392
f 2391 2394 2393
f 2395 2397 2396
f 2395 2398 2397
f 2391 2392 2396 2395
f 2392 2393 2397 2396
f 2393 2394 2398 2397
f 2394 2391 2395 2398
g building-lot-block-district-harbor-12-31-1
f 2399 2401 2400
f 2399 2402 2401
f 2403 2405 2404
f 2403 2406 2405
f 2399 2400 2404 2403
f 2400 2401 2405 2404
f 2401 2402 2406 2405
f 2402 2399 2403 2406
g building-lot-block-district-harbor-12-31-3
f 2407 2409 2408
f 2407 2410 2409
f 2411 2413 2412
f 2411 2414 2413
f 2407 2408 2412 2411
f 2408 2409 2413 2412
f 2409 2410 2414 2413
f 2410 2407 2411 2414
g building-lot-block-district-harbor-12-32-2
f 2415 2417 2416
f 2415 2418 2417
f 2419 2421 2420
f 2419 2422 2421
f 2415 2416 2420 2419
f 2416 2417 2421 2420
f 2417 2418 2422 2421
f 2418 2415 2419 2422
g building-lot-block-district-harbor-12-32-3
f 2423 2425 2424
f 2423 2426 2425
f 2427 2429 2428
f 2427 2430 2429
f 2423 2424 2428 2427
f 2424 2425 2429 2428
f 2425 2426 2430 2429
f 2426 2423 2427 2430
g building-lot-block-district-commercial-13-11-1
f 2431 2433 2432
f 2431 2434 2433
f 2435 2437 2436
f 2435 2438 2437
f 2431 2432 2436 2435
f 2432 2433 2437 2436
f 2433 2434 2438 2437
f 2434 2431 2435 2438
g building-lot-block-district-commercial-13-11-2
f 2439 2441 2440
f 2439 2442 2441
f 2443 2445 2444
f 2443 2446 2445
f 2439 2440 2444 2443
f 2440 2441 2445 2444
f 2441 2442 2446 2445
f 2442 2439 2443 2446
g building-lot-block-district-commercial-13-11-3
f 2447 2449 2448
f 2447 2450 2449
f 2451 2453 2452
f 2451 2454 2453
f 2447 2448 2452 2451
f 2448 2449 2453 2452
f 2449 2450 2454 2453
f 2450 2447 2451 2454
g building-lot-block-district-commercial-13-12-2
f 2455 2457 2456
f 2455 2458 2457
f 2459 2461 2460
f 2459 2462 2461
f 2455 2456 2460 2459
f 2456 2457 2461 2460
f 2457 2458 2462 2461
f 2458 2455 2459 2462
g building-lot-block-district-commercial-13-13-1
f 2463 2465 2464
f 2463 2466 2465
f 2467 2469 2468
f 2467 2470 2469
f 2463 2464 2468 2467
f 2464 2465 2469 2468
f 2465 2466 2470 2469
f 2466 2463 2467 2470
g building-lot-block-district-commercial-13-13-2
f 2471 2473 2472
f 2471 2474 2473
f 2475 2477 2476
f 2475 2478 2477
f 2471 2472 2476 2475
f 2472 2473 2477 2476
f 2473 2474 2478 2477
f 2474 2471 2475 2478
g building-lot-block-district-commercial-13-13-3
f 2479 2481 2480
f 2479 2482 2481
f 2483 2485 2484
f 2483 2486 2485
f 2479 2480 2484 2483
f 2480 2481 2485 2484
f 2481 2482 2486 2485
f 2482 2479 2483 2486
g building-lot-block-district-commercial-13-21-1
f 2487 2489 2488
f 2487 2490 2489
f 2491 2493 2492
f 2491 2494 2493
f 2487 2488 2492 2491
f 2488 2489 2493 2492
f 2489 2490 2494 2493
f 2490 2487 2491 2494
g building-lot-block-district-commercial-13-21-3
f 2495 2497 2496
f 2495 2498 2497
f 2499 2501 2500
f 2499 2502 2501
f 2495 2496 2500 2499
f 2496 2497 2501 2500
f 2497 2498 2502 2501
f 2498 2495 2499 2502
g building-lot-block-district-commercial-13-22-1
f 2503 2505 2504
f 2503 2506 2505
f 2507 2509 2508
f 2507 2510 2509
f 2503 2504 2508 2507
f 2504 2505 2509 2508
f 2505 2506 2510 2509
f 2506 2503 2507 2510
g building-lot-block-district-commercial-13-22-2
f 2511 2513 2512
f 2511 2514 2513
f 2515 2517 2516
f 2515 2518 2517
f 2511 2512 2516 2515
f 2512 2513 2517 2516
f 2513 2514 2518 2517
f 2514 2511 2515 2518
g building-lot-block-district-commercial-13-22-3
f 2519 2521 2520
f 2519 2522 2521
f 2523 2525 2524
f 2523 2526 2525
f 2519 2520 2524 2523
f 2520 2521 2525 2524
f 2521 2522 2526 2525
f 2522 2519 2523 2526
g building-lot-block-district-commercial-13-23-2
f 2527 2529 2528
f 2527 2530 2529
f 2531 2533 2532
f 2531 2534 2533
f 2527 2528 2532 2531
f 2528 2529 2533 2532
f 2529 2530 2534 2533
f 2530 2527 2531 2534
g building-lot-block-district-commercial-13-23-3
f 2535 2537 2536
f 2535 2538 2537
f 2539 2541 2540
f 2539 2542 2541
f 2535 2536 2540 2539
f 2536 2537 2541 2540
f 2537 2538 2542 2541
f 2538 2535 2539 2542
g building-lot-block-district-commercial-13-31-1
f 2543 2545 2544
f 2543 2546 2545
f 2547 2549 2548
f 2547 2550 2549
f 2543 2544 2548 2547
f 2544 2545 2549 2548
f 2545 2546 2550 2549
f 2546 2543 2547 2550
g building-lot-block-district-commercial-13-31-2
f 2551 2553 2552
f 2551 2554 2553
f 2555 2557 2556
f 2555 2558 2557
f 2551 2552 2556 2555
f 2552 2553 2557 2556
f 2553 2554 2558 2557
f 2554 2551 2555 2558
g building-lot-block-district-commercial-13-31-3
f 2559 2561 2560
f 2559 2562 2561
f 2563 2565 2564
f 2563 2566 2565
f 2559 2560 2564 2563
f 2560 2561 2565 2564
f 2561 2562 2566 2565
f 2562 2559 2563 2566
g building-lot-block-district-commercial-13-32-1
f 2567 2569 2568
f 2567 2570 2569
f 2571 2573 2572
f 2571 2574 2573
f 2567 2568 2572 2571
f 2568 2569 2573 2572
f 2569 2570 2574 2573
f 2570 2567 2571 2574
g building-lot-block-district-commercial-13-32-2
f 2575 2577 2576
f 2575 2578 2577
f 2579 2581 2580
f 2579 2582 2581
f 2575 2576 2580 2579
f 2576 2577 2581 2580
f 2577 2578 2582 2581
f 2578 2575 2579 2582
g building-lot-block-district-commercial-13-32-3
f 2583 2585 2584
f 2583 2586 2585
f 2587 2589 2588
f 2587 2590 2589
f 2583 2584 2588 2587
f 2584 2585 2589 2588
f 2585 2586 2590 2589
f 2586 2583 2587 2590
g building-lot-block-district-commercial-13-33-1
f 2591 2593 2592
f 2591 2594 2593
f 2595 2597 2596
f 2595 2598 2597
f 2591 2592 2596 2595
f 2592 2593 2597 2596
f 2593 2594 2598 2597
f 2594 2591 2595 2598
g building-lot-block-district-commercial-13-33-2
f 2599 2601 2600
f 2599 2602 2601
f 2603 2605 2604
f 2603 2606 2605
f 2599 2600 2604 2603
f 2600 2601 2605 2604
f 2601 2602 2606 2605
f 2602 2599 2603 2606
g building-lot-block-district-commercial-13-33-3
f 2607 2609 2608
f 2607 2610 2609
f 2611 2613 2612
f 2611 2614 2613
f 2607 2608 2612 2611
f 2608 2609 2613 2612
f 2609 2610 2614 2613
f 2610 2607 2611 2614
g building-lot-block-district-residential-14-11-2
f 2615 2617 2616
f 2615 2618 2617
f 2619 2621 2620
f 2619 2622 2621
f 2615 2616 2620 2619
f 2616 2617 2621 2620
f 2617 2618 2622 2621
f 2618 2615 2619 2622
g building-lot-block-district-residential-14-11-3
f 2623 2625 2624
f 2623 2626 2625
f 2627 2629 2628
f 2627 2630 2629
f 2623 2624 2628 2627
f 2624 2625 2629 2628
f 2625 2626 2630 2629
f 2626 2623 2627 2630
g building-lot-block-district-residential-14-12-1
f 2631 2633 2632
f 2631 2634 2633
f 2635 2637 2636
f 2635 2638 2637
f 2631 2632 2636 2635
f 2632 2633 2637 2636
f 2633 2634 2638 2637
f 2634 2631 2635 2638
g building-lot-block-district-residential-14-12-2
f 2639 2641 2640
f 2639 2642 2641
f 2643 2645 2644
f 2643 2646 2645
f 2639 2640 2644 2643
f 2640 2641 2645 2644
f 2641 2642 2646 2645
f 2642 2639 2643 2646
g building-lot-block-district-residential-14-13-1
f 2647 2649 2648
f 2647 2650 2649
f 2651 2653 2652
f 2651 2654 2653
f 2647 2648 2652 2651
f 2648 2649 2653 2652
f 2649 2650 2654 2653
f 2650 2647 2651 2654
g building-lot-block-district-residential-14-13-3
f 2655 2657 2656
f 2655 2658 2657
f 2659 2661 2660
f 2659 2662 2661
f 2655 2656 2660 2659
f 2656 2657 2661 2660
f 2657 2658 2662 2661
f 2658 2655 2659 2662
g building-lot-block-district-residential-14-21-1
f 2663 2665 2664
f 2663 2666 2665
f 2667 2669 2668
f 2667 2670 2669
f 2663 2664 2668 2667
f 2664 2665 2669 2668
f 2665 2666 2670 2669
f 2666 2663 2667 2670
g building-lot-block-district-residential-14-21-2
f 2671 2673 2672
f 2671 2674 2673
f 2675 2677 2676
f 2675 2678 2677
f 2671 2672 2676 2675
f 2672 2673 2677 2676
f 2673 2674 2678 2677
f 2674 2671 2675 2678
g building-lot-block-district-residential-14-21-3
f 2679 2681 2680
f 2679 2682 2681
f 2683 2685 2684
f 2683 2686 2685
f 2679 2680 2684 2683
f 2680 2681 2685 2684
f 2681 2682 2686 2685
f 2682 2679 2683 2686
g building-lot-block-district-residential-14-22-1
f 2687 2689 2688
f 2687 2690 2689
f 2691 2693 2692
f 2691 2694 2693
f 2687 2688 2692 2691
f 2688 2689 2693 2692
f 2689 2690 2694 2693
f 2690 2687 2691 2694
g building-lot-block-district-residential-14-22-2
f 2695 2697 2696
f 2695 2698 2697
f 2699 2701 2700
f 2699 2702 2701
f 2695 2696 2700 2699
f 2696 2697 2701 2700
f 2697 2698 2702 2701
f 2698 2695 2699 2702
g building-lot-block-district-residential-14-23-3
f 2703 2705 2704
f 2703 2706 2705
f 2707 2709 2708
f 2707 2710 2709
f 2703 2704 2708 2707
f 2704 2705 2709 2708
f 2705 2706 2710 2709
f 2706 2703 2707 2710
g building-lot-block-district-residential-14-31-1
f 2711 2713 2712
f 2711 2714 2713
f 2715 2717 2716
f 2715 2718 2717
f 2711 2712 2716 2715
f 2712 2713 2717 2716
f 2713 2714 2718 2717
f 2714 2711 2715 2718
g building-lot-block-district-residential-14-31-2
f 2719 2721 2720
f 2719 2722 2721
f 2723 2725 2724
f 2723 2726 2725
f 2719 2720 2724 2723
f 2720 2721 2725 2724
f 2721 2722 2726 2725
f 2722 2719 2723 2726
g building-lot-block-district-residential-14-31-3
f 2727 2729 2728
f 2727 2730 2729
f 2731 2733 2732
f 2731 2734 2733
f 2727 2728 2732 2731
f 2728 2729 2733 2732
f 2729 2730 2734 2733
f 2730 2727 2731 2734
g building-lot-block-district-residential-14-32-2
f 2735 2737 2736
f 2735 2738 2737
f 2739 2741 2740
f 2739 2742 2741
f 2735 2736 2740 2739
f 2736 2737 2741 2740
f 2737 2738 2742 2741
f 2738 2735 2739 2742
g building-lot-block-district-residential-14-32-3
f 2743 2745 2744
f 2743 2746 2745
f 2747 2749 2748
f 2747 2750 2749
f 2743 2744 2748 2747
f 2744 2745 2749 2748
f 2745 2746 2750 2749
f 2746 2743 2747 2750
g building-lot-block-district-residential-14-33-1
f 2751 2753 2752
f 2751 2754 2753
f 2755 2757 2756
f 2755 2758 2757
f 2751 2752 2756 2755
f 2752 2753 2757 2756
f 2753 2754 2758 2757
f 2754 2751 2755 2758
g building-lot-block-district-residential-14-33-2
f 2759 2761 2760
f 2759 2762 2761
f 2763 2765 2764
f 2763 2766 2765
f 2759 2760 2764 2763
f 2760 2761 2765 2764
f 2761 2762 2766 2765
f 2762 2759 2763 2766
g building-lot-block-district-industrial-21-11-1
f 2767 2769 2768
f 2767 2770 2769
f 2771 2773 2772
f 2771 2774 2773
f 2767 2768 2772 2771
f 2768 2769 2773 2772
f 2769 2770 2774 2773
f 2770 2767 2771 2774
g building-lot-block-district-industrial-21-11-2
f 2775 2777 2776
f 2775 2778 2777
f 2779 2781 2780
f 2779 2782 2781
f 2775 2776 2780 2779
f 2776 2777 2781 2780
f 2777 2778 2782 2781
f 2778 2775 2779 2782
g building-lot-block-district-industrial-21-12-1
f 2783 2785 2784
f 2783 2786 2785
f 2787 2789 2788
f 2787 2790 2789
f 2783 2784 2788 2787
f 2784 2785 2789 2788
f 2785 2786 2790 2789
f 2786 2783 2787 2790
g building-lot-block-district-industrial-21-12-2
f 2791 2793 2792
f 2791 2794 2793
f 2795 2797 2796
f 2795 2798 2797
f 2791 2792 2796 2795
f 2792 2793 2797 2796
f 2793 2794 2798 2797
f 2794 2791 2795 2798
g building-lot-block-district-industrial-21-12-3
f 2799 2801 2800
f 2799 2802 2801
f 2803 2805 2804
f 2803 2806 2805
f 2799 2800 2804 2803
f 2800 2801 2805 2804
f 2801 2802 2806 2805
f 2802 2799 2803 2806
g building-lot-block-district-industrial-21-21-1
f 2807 2809 2808
f 2807 2810 2809
f 2811 2813 2812
f 2811 2814 2813
f 2807 2808 2812 2811
f 2808 2809 2813 2812
f 2809 2810 2814 2813
f 2810 2807 2811 2814
g building-lot-block-district-industrial-21-21-2
f 2815 2817 2816
f 2815 2818 2817
f 2819 2821 2820
f 2819 2822 2821
f 2815 2816 2820 2819
f 2816 2817 2821 2820
f 2817 2818 2822 2821
f 2818 2815 2819 2822
g building-lot-block-district-industrial-21-21-3
f 2823 2825 2824
f 2823 2826 2825
f 2827 2829 2828
f 2827 2830 2829
f 2823 2824 2828 2827
f 2824 2825 2829 2828
f 2825 2826 2830 2829
f 2826 2823 2827 2830
g building-lot-block-district-industrial-21-22-1
f 2831 2833 2832
f 2831 2834 2833
f 2835 2837 2836
f 2835 2838 2837
f 2831 2832 2836 2835
f 2832 2833 2837 2836
f 2833 2834 2838 2837
f 2834 2831 2835 2838
g building-lot-block-district-industrial-21-22-2
f 2839 2841 2840
f 2839 2842 2841
f 2843 2845 2844
f 2843 2846 2845
f 2839 2840 2844 2843
f 2840 2841 2845 2844
f 2841 2842 2846 2845
f 2842 2839 2843 2846
g building-lot-block-district-industrial-21-22-3
f 2847 2849 2848
f 2847 2850 2849
f 2851 2853 2852
f 2851 2854 2853
f 2847 2848 2852 2851
f 2848 2849 2853 2852
f 2849 2850 2854 2853
f 2850 2847 2851 2854
g building-lot-block-district-industrial-21-31-1
f 2855 2857 2856
f 2855 2858 2857
f 2859 2861 2860
f 2859 2862 2861
f 2855 2856 2860 2859
f 2856 2857 2861 2860
f 2857 2858 2862 2861
f 2858 2855 2859 2862
g building-lot-block-district-industrial-21-31-2
f 2863 2865 2864
f 2863 2866 2865
f 2867 2869 2868
f 2867 2870 2869
f 2863 2864 2868 2867
f 2864 2865 2869 2868
f 2865 2866 2870 2869
f 2866 2863 2867 2870
g building-lot-block-district-industrial-21-31-3
f 2871 2873 2872
f 2871 2874 2873
f 2875 2877 2876
f 2875 2878 2877
f 2871 2872 2876 2875
f 2872 2873 2877 2876
f 2873 2874 2878 2877
f 2874 2871 2875 2878
g building-lot-block-district-industrial-21-32-1
f 2879 2881 2880
f 2879 2882 2881
f 2883 2885 2884
f 2883 2886 2885
f 2879 2880 2884 2883
f 2880 2881 2885 2884
f 2881 2882 2886 2885
f 2882 2879 2883 2886
g building-lot-block-district-industrial-21-32-2
f 2887 2889 2888
f 2887 2890 2889
f 2891 2893 2892
f 2891 2894 2893
f 2887 2888 2892 2891
f 2888 2889 2893 2892
f 2889 2890 2894 2893
f 2890 2887 2891 2894
g building-lot-block-district-industrial-21-32-3
f 2895 2897 2896
f 2895 2898 2897
f 2899 2901 2900
f 2899 2902 2901
f 2895 2896 2900 2899
f 2896 2897 2901 2900
f 2897 2898 2902 2901
f 2898 2895 2899 2902
g building-lot-block-district-business-22-11-1
f 2903 2905 2904
f 2903 2906 2905
f 2907 2909 2908
f 2907 2910 2909
f 2903 2904 2908 2907
f 2904 2905 2909 2908
f 2905 2906 2910 2909
f 2906 2903 2907 2910
g building-lot-block-district-business-22-11-2
f 2911 2913 2912
f 2911 2914 2913
f 2915 2917 2916
f 2915 2918 2917
f 2911 2912 2916 2915
f 2912 2913 2917 2916
f 2913 2914 2918 2917
f 2914 2911 2915 2918
g building-lot-block-district-business-22-11-3
f 2919 2921 2920
f 2919 2922 2921
f 2923 2925 2924
f 2923 2926 2925
f 2919 2920 2924 2923
f 2920 2921 2925 2924
f 2921 2922 2926 2925
f 2922 2919 2923 2926
g building-lot-block-district-business-22-12-1
f 2927 2929 2928
f 2927 2930 2929
f 2931 2933 2932
f 2931 2934 2933
f 2927 2928 2932 2931
f 2928 2929 2933 2932
f 2929 2930 2934 2933
f 2930 2927 2931 2934
g building-lot-block-district-business-22-12-2
f 2935 2937 2936
f 2935 2938 2937
f 2939 2941 2940
f 2939 2942 2941
f 2935 2936 2940 2939
f 2936 2937 2941 2940
f 2937 2938 2942 2941
f 2938 2935 2939 2942
g building-lot-block-district-business-22-12-3
f 2943 2945 2944
f 2943 2946 2945
f 2947 2949 2948
f 2947 2950 2949
f 2943 2944 2948 2947
f 2944 2945 2949 2948
f 2945 2946 2950 2949
f 2946 2943 2947 2950
g building-lot-block-district-business-22-13-1
f 2951 2953 2952
f 2951 2954 2953
f 2955 2957 2956
f 2955 2958 2957
f 2951 2952 2956 2955
f 2952 2953 2957 2956
f 2953 2954 2958 2957
f 2954 2951 2955 2958
g building-lot-block-district-business-22-13-2
f 2959 2961 2960
f 2959 2962 2961
f 2963 2965 2964
f 2963 2966 2965
f 2959 2960 2964 2963
f 2960 2961 2965 2964
f 2961 2962 2966 2965
f 2962 2959 2963 2966
g building-lot-block-district-business-22-13-3
f 2967 2969 2968
f 2967 2970 2969
f 2971 2973 2972
f 2971 2974 2973
f 2967 2968 2972 2971
f 2968 2969 2973 2972
f 2969 2970 2974 2973
f 2970 2967 2971 2974
g building-lot-block-district-business-22-21-1
f 2975 2977 2976
f 2975 2978 2977
f 2979 2981 2980
f 2979 2982 2981
f 2975 2976 2980 2979
f 2976 2977 2981 2980
f 2977 2978 2982 2981
f 2978 2975 2979 2982
g building-lot-block-district-business-22-21-2
f 2983 2985 2984
f 2983 2986 2985
f 2987 2989 2988
f 2987 2990 2989
f 2983 2984 2988 2987
f 2984 2985 2989 2988
f 2985 2986 2990 2989
f 2986 2983 2987 2990
g building-lot-block-district-business-22-21-3
f 2991 2993 2992
f 2991 2994 2993
f 2995 2997 2996
f 2995 2998 2997
f 2991 2992 2996 2995
f 2992 2993 2997 2996
f 2993 2994 2998 2997
f 2994 2991 2995 2998
g building-lot-block-district-business-22-22-1
f 2999 3001 3000
f 2999 3002 3001
f 3003 3005 3004
f 3003 3006 3005
f 2999 3000 3004 3003
f 3000 3001 3005 3004
f 3001 3002 3006 3005
f 3002 2999 3003 3006
g building-lot-block-district-business-22-22-2
f 3007 3009 3008
f 3007 3010 3009
f 3011 3013 3012
f 3011 3014 3013
f 3007 3008 3012 3011
f 3008 3009 3013 3012
f 3009 3010 3014 3013
f 3010 3007 3011 3014
g building-lot-block-district-business-22-22-3
f 3015 3017 3016
f 3015 3018 3017
f 3019 3021 3020
f 3019 3022 3021
f 3015 3016 3020 3019
f 3016 3017 3021 3020
f 3017 3018 3022 3021
f 3018 3015 3019 3022
g building-lot-block-district-business-22-23-1
f 3023 3025 3024
f 3023 3026 3025
f 3027 3029 3028
f 3027 3030 3029
f 3023 3024 3028 3027
f 3024 3025 3029 3028
f 3025 3026 3030 3029
f 3026 3023 3027 3030
g building-lot-block-district-business-22-23-2
f 3031 3033 3032
f 3031 3034 3033
f 3035 3037 3036
f 3035 3038 3037
f 3031 3032 3036 3035
f 3032 3033 3037 3036
f 3033 3034 3038 3037
f 3034 3031 3035 3038
g building-lot-block-district-business-22-23-3
f 3039 3041 3040
f 3039 3042 3041
f 3043 3045 3044
f 3043 3046 3045
f 3039 3040 3044 3043
f 3040 3041 3045 3044
f 3041 3042 3046 3045
f 3042 3039 3043 3046
g building-lot-block-district-business-22-31-1
f 3047 3049 3048
f 3047 3050 3049
f 3051 3053 3052
f 3051 3054 3053
f 3047 3048 3052 3051
f 3048 3049 3053 3052
f 3049 3050 3054 3053
f 3050 3047 3051 3054
g building-lot-block-district-business-22-31-2
f 3055 3057 3056
f 3055 3058 3057
f 3059 3061 3060
f 3059 3062 3061
f 3055 3056 3060 3059
f 3056 3057 3061 3060
f 3057 3058 3062 3061
f 3058 3055 3059 3062
g building-lot-block-district-business-22-31-3
f 3063 3065 3064
f 3063 3066 3065
f 3067 3069 3068
f 3067 3070 3069
f 3063 3064 3068 3067
f 3064 3065 3069 3068
f 3065 3066 3070 3069
f 3066 3063 3067 3070
g building-lot-block-district-business-22-32-1
f 3071 3073 3072
f 3071 3074 3073
f 3075 3077 3076
f 3075 3078 3077
f 3071 3072 3076 3075
f 3072 3073 3077 3076
f 3073 3074 3078 3077
f 3074 3071 3075 3078
g building-lot-block-district-business-22-32-2
f 3079 3081 3080
f 3079 3082 3081
f 3083 3085 3084
f 3083 3086 3085
f 3079 3080 3084 3083
f 3080 3081 3085 3084
f 3081 3082 3086 3085
f 3082 3079 3083 3086
g building-lot-block-district-business-22-32-3
f 3087 3089 3088
f 3087 3090 3089
f 3091 3093 3092
f 3091 3094 3093
f 3087 3088 3092 3091
f 3088 3089 3093 3092
f 3089 3090 3094 3093
f 3090 3087 3091 3094
g building-lot-block-district-business-22-33-1
f 3095 3097 3096
f 3095 3098 3097
f 3099 3101 3100
f 3099 3102 3101
f 3095 3096 3100 3099
f 3096 3097 3101 3100
f 3097 3098 3102 3101
f 3098 3095 3099 3102
g building-lot-block-district-business-22-33-2
f 3103 3105 3104
f 3103 3106 3105
f 3107 3109 3108
f 3107 3110 3109
f 3103 3104 3108 3107
f 3104 3105 3109 3108
f 3105 3106 3110 3109
f 3106 3103 3107 3110
g building-lot-block-district-old_town-23-11-1
f 3111 3113 3112
f 3111 3114 3113
f 3115 3117 3116
f 3115 3118 3117
f 3111 3112 3116 3115
f 3112 3113 3117 3116
f 3113 3114 3118 3117
f 3114 3111 3115 3118
g building-lot-block-district-old_town-23-11-2
f 3119 3121 3120
f 3119 3122 3121
f 3123 3125 3124
f 3123 3126 3125
f 3119 3120 3124 3123
f 3120 3121 3125 3124
f 3121 3122 3126 3125
f 3122 3119 3123 3126
g building-lot-block-district-old_town-23-12-1
f 3127 3129 3128
f 3127 3130 3129
f 3131 3133 3132
f 3131 3134 3133
f 3127 3128 3132 3131
f 3128 3129 3133 3132
f 3129 3130 3134 3133
f 3130 3127 3131 3134
g building-lot-block-district-old_town-23-12-3
f 3135 3137 3136
f 3135 3138 3137
f 3139 3141 3140
f 3139 3142 3141
f 3135 3136 3140 3139
f 3136 3137 3141 3140
f 3137 3138 3142 3141
f 3138 3135 3139 3142
g building-lot-block-district-old_town-23-13-1
f 3143 3145 3144
f 3143 3146 3145
f 3147 3149 3148
f 3147 3150 3149
f 3143 3144 3148 3147
f 3144 3145 3149 3148
f 3145 3146 3150 3149
f 3146 3143 3147 3150
g building-lot-block-district-old_town-23-13-2
f 3151 3153 3152
f 3151 3154 3153
f 3155 3157 3156
f 3155 3158 3157
f 3151 3152 3156 3155
f 3152 3153 3157 3156
f 3153 3154 3158 3157
f 3154 3151 3155 3158
g building-lot-block-district-old_town-23-13-3
f 3159 3161 3160
f 3159 3162 3161
f 3163 3165 3164
f 3163 3166 3165
f 3159 3160 3164 3163
f 3160 3161 3165 3164
f 3161 3162 3166 3165
f 3162 3159 3163 3166
g building-lot-block-district-old_town-23-21-1
f 3167 3169 3168
f 3167 3170 3169
f 3171 3173 3172
f 3171 3174 3173
f 3167 3168 3172 3171
f 3168 3169 3173 3172
f 3169 3170 3174 3173
f 3170 3167 3171 3174
g building-lot-block-district-old_town-23-21-2
f 3175 3177 3176
f 3175 3178 3177
f 3179 3181 3180
f 3179 3182 3181
f 3175 3176 3180 3179
f 3176 3177 3181 3180
f 3177 3178 3182 3181
f 3178 3175 3179 3182
g building-lot-block-district-old_town-23-22-1
f 3183 3185 3184
f 3183 3186 3185
f 3187 3189 3188
f 3187 3190 3189
f 3183 3184 3188 3187
f 3184 3185 3189 3188
f 3185 3186 3190 3189
f 3186 3183 3187 3190
g building-lot-block-district-old_town-23-22-2
f 3191 3193 3192
f 3191 3194 3193
f 3195 3197 3196
f 3195 3198 3197
f 3191 3192 3196 3195
f 3192 3193 3197 3196
f 3193 3194 3198 3197
f 3194 3191 3195 3198
g building-lot-block-district-old_town-23-22-3
f 3199 3201 3200
f 3199 3202 3201
f 3203 3205 3204
f 3203 3206 3205
f 3199 3200 3204 3203
f 3200 3201 3205 3204
f 3201 3202 3206 3205
f 3202 3199 3203 3206
g building-lot-block-district-old_town-23-23-2
f 3207 3209 3208
f 3207 3210 3209
f 3211 3213 3212
f 3211 3214 3213
f 3207 3208 3212 3211
f 3208 3209 3213 3212
f 3209 3210 3214 3213
f 3210 3207 3211 3214
g building-lot-block-district-old_town-23-23-3
f 3215 3217 3216
f 3215 3218 3217
f 3219 3221 3220
f 3219 3222 3221
f 3215 3216 3220 3219
f 3216 3217 3221 3220
f 3217 3218 3222 3221
f 3218 3215 3219 3222
g building-lot-block-district-old_town-23-31-1
f 3223 3225 3224
f 3223 3226 3225
f 3227 3229 3228
f 3227 3230 3229
f 3223 3224 3228 3227
f 3224 3225 3229 3228
f 3225 3226 3230 3229
f 3226 3223 3227 3230
g building-lot-block-district-old_town-23-31-2
f 3231 3233 3232
f 3231 3234 3233
f 3235 3237 3236
f 3235 3238 3237
f 3231 3232 3236 3235
f 3232 3233 3237 3236
f 3233 3234 3238 3237
f 3234 3231 3235 3238
g building-lot-block-district-old_town-23-31-3
f 3239 3241 3240
f 3239 3242 3241
f 3243 3245 3244
f 3243 3246 3245
f 3239 3240 3244 3243
f 3240 3241 3245 3244
f 3241 3242 3246 3245
f 3242 3239 3243 3246
g building-lot-block-district-old_town-23-32-1
f 3247 3249 3248
f 3247 3250 3249
f 3251 3253 3252
f 3251 3254 3253
f 3247 3248 3252 3251
f 3248 3249 3253 3252
f 3249 3250 3254 3253
f 3250 3247 3251 3254
g building-lot-block-district-old_town-23-32-2
f 3255 3257 3256
f 3255 3258 3257
f 3259 3261 3260
f 3259 3262 3261
f 3255 3256 3260 3259
f 3256 3257 3261 3260
f 3257 3258 3262 3261
f 3258 3255 3259 3262
g building-lot-block-district-old_town-23-32-3
f 3263 3265 3264
f 3263 3266 3265
f 3267 3269 3268
f 3267 3270 3269
f 3263 3264 3268 3267
f 3264 3265 3269 3268
f 3265 3266 3270 3269
f 3266 3263 3267 3270
g building-lot-block-district-old_town-23-33-1
f 3271 3273 3272
f 3271 3274 3273
f 3275 3277 3276
f 3275 3278 3277
f 3271 3272 3276 3275
f 3272 3273 3277 3276
f 3273 3274 3278 3277
f 3274 3271 3275 3278
g building-lot-block-district-old_town-23-33-3
f 3279 3281 3280
f 3279 3282 3281
f 3283 3285 3284
f 3283 3286 3285
f 3279 3280 3284 3283
f 3280 3281 3285 3284
f 3281 3282 3286 3285
f 3282 3279 3283 3286
g building-lot-block-district-residential-24-11-1
f 3287 3289 3288
f 3287 3290 3289
f 3291 3293 3292
f 3291 3294 3293
f 3287 3288 3292 3291
f 3288 3289 3293 3292
f 3289 3290 3294 3293
f 3290 3287 3291 3294
g building-lot-block-district-residential-24-11-2
f 3295 3297 3296
f 3295 3298 3297
f 3299 3301 3300
f 3299 3302 3301
f 3295 3296 3300 3299
f 3296 3297 3301 3300
f 3297 3298 3302 3301
f 3298 3295 3299 3302
g building-lot-block-district-residential-24-11-3
f 3303 3305 3304
f 3303 3306 3305
f 3307 3309 3308
f 3307 3310 3309
f 3303 3304 3308 3307
f 3304 3305 3309 3308
f 3305 3306 3310 3309
f 3306 3303 3307 3310
g building-lot-block-district-residential-24-12-1
f 3311 3313 3312
f 3311 3314 3313
f 3315 3317 3316
f 3315 3318 3317
f 3311 3312 3316 3315
f 3312 3313 3317 3316
f 3313 3314 3318 3317
f 3314 3311 3315 3318
g building-lot-block-district-residential-24-12-2
f 3319 3321 3320
f 3319 3322 3321
f 3323 3325 3324
f 3323 3326 3325
f 3319 3320 3324 3323
f 3320 3321 3325 3324
f 3321 3322 3326 3325
f 3322 3319 3323 3326
g building-lot-block-district-residential-24-13-1
f 3327 3329 3328
f 3327 3330 3329
f 3331 3333 3332
f 3331 3334 3333
f 3327 3328 3332 3331
f 3328 3329 3333 3332
f 3329 3330 3334 3333
f 3330 3327 3331 3334
g building-lot-block-district-residential-24-13-2
f 3335 3337 3336
f 3335 3338 3337
f 3339 3341 3340
f 3339 3342 3341
f 3335 3336 3340 3339
f 3336 3337 3341 3340
f 3337 3338 3342 3341
f 3338 3335 3339 3342
g building-lot-block-district-residential-24-13-3
f 3343 3345 3344
f 3343 3346 3345
f 3347 3349 3348
f 3347 3350 3349
f 3343 3344 3348 3347
f 3344 3345 3349 3348
f 3345 3346 3350 3349
f 3346 3343 3347 3350
g building-lot-block-district-residential-24-21-1
f 3351 3353 3352
f 3351 3354 3353
f 3355 3357 3356
f 3355 3358 3357
f 3351 3352 3356 3355
f 3352 3353 3357 3356
f 3353 3354 3358 3357
f 3354 3351 3355 3358
g building-lot-block-district-residential-24-21-2
f 3359 3361 3360
f 3359 3362 3361
f 3363 3365 3364
f 3363 3366 3365
f 3359 3360 3364 3363
f 3360 3361 3365 3364
f 3361 3362 3366 3365
f 3362 3359 3363 3366
g building-lot-block-district-residential-24-22-1
f 3367 3369 3368
f 3367 3370 3369
f 3371 3373 3372
f 3371 3374 3373
f 3367 3368 3372 3371
f 3368 3369 3373 3372
f 3369 3370 3374 3373
f 3370 3367 3371 3374
g building-lot-block-district-residential-24-22-2
f 3375 3377 3376
f 3375 3378 3377
f 3379 3381 3380
f 3379 3382 3381
f 3375 3376 3380 3379
f 3376 3377 3381 3380
f 3377 3378 3382 3381
f 3378 3375 3379 3382
g building-lot-block-district-residential-24-22-3
f 3383 3385 3384
f 3383 3386 3385
f 3387 3389 3388
f 3387 3390 3389
f 3383 3384 3388 3387
f 3384 3385 3389 3388
f 3385 3386 3390 3389
f 3386 3383 3387 3390
g building-lot-block-district-residential-24-23-1
f 3391 3393 3392
f 3391 3394 3393
f 3395 3397 3396
f 3395 3398 3397
f 3391 3392 3396 3395
f 3392 3393 3397 3396
f 3393 3394 3398 3397
f 3394 3391 3395 3398
g building-lot-block-district-residential-24-23-2
f 3399 3401 3400
f 3399 3402 3401
f 3403 3405 3404
f 3403 3406 3405
f 3399 3400 3404 3403
f 3400 3401 3405 3404
f 3401 3402 3406 3405
f 3402 3399 3403 3406
g building-lot-block-district-residential-24-23-3
f 3407 3409 3408
f 3407 3410 3409
f 3411 3413 3412
f 3411 3414 3413
f 3407 3408 3412 3411
f 3408 3409 3413 3412
f 3409 3410 3414 3413
f 3410 3407 3411 3414
g building-lot-block-district-residential-24-31-1
f 3415 3417 3416
f 3415 3418 3417
f 3419 3421 3420
f 3419 3422 3421
f 3415 3416 3420 3419
f 3416 3417 3421 3420
f 3417 3418 3422 3421
f 3418 3415 3419 3422
g building-lot-block-district-residential-24-31-2
f 3423 3425 3424
f 3423 3426 3425
f 3427 3429 3428
f 3427 3430 3429
f 3423 3424 3428 3427
f 3424 3425 3429 3428
f 3425 3426 3430 3429
f 3426 3423 3427 3430
g building-lot-block-district-residential-24-31-3
f 3431 3433 3432
f 3431 3434 3433
f 3435 3437 3436
f 3435 3438 3437
f 3431 3432 3436 3435
f 3432 3433 3437 3436
f 3433 3434 3438 3437
f 3434 3431 3435 3438
g building-lot-block-district-residential-24-32-2
f 3439 3441 3440
f 3439 3442 3441
f 3443 3445 3444
f 3443 3446 3445
f 3439 3440 3444 3443
f 3440 3441 3445 3444
f 3441 3442 3446 3445
f 3442 3439 3443 3446
g building-lot-block-district-residential-24-33-2
f 3447 3449 3448
f 3447 3450 3449
f 3451 3453 3452
f 3451 3454 3453
f 3447 3448 3452 3451
f 3448 3449 3453 3452
f 3449 3450 3454 3453
f 3450 3447 3451 3454
g building-lot-block-district-park-31-12-3
f 3455 3457 3456
f 3455 3458 3457
f 3459 3461 3460
f 3459 3462 3461
f 3455 3456 3460 3459
f 3456 3457 3461 3460
f 3457 3458 3462 3461
f 3458 3455 3459 3462
g building-lot-block-district-park-31-21-1
f 3463 3465 3464
f 3463 3466 3465
f 3467 3469 3468
f 3467 3470 3469
f 3463 3464 3468 3467
f 3464 3465 3469 3468
f 3465 3466 3470 3469
f 3466 3463 3467 3470
g building-lot-block-district-station_area-32-11-1
f 3471 3473 3472
f 3471 3474 3473
f 3475 3477 3476
f 3475 3478 3477
f 3471 3472 3476 3475
f 3472 3473 3477 3476
f 3473 3474 3478 3477
f 3474 3471 3475 3478
g building-lot-block-district-station_area-32-11-2
f 3479 3481 3480
f 3479 3482 3481
f 3483 3485 3484
f 3483 3486 3485
f 3479 3480 3484 3483
f 3480 3481 3485 3484
f 3481 3482 3486 3485
f 3482 3479 3483 3486
g building-lot-block-district-station_area-32-11-3
f 3487 3489 3488
f 3487 3490 3489
f 3491 3493 3492
f 3491 3494 3493
f 3487 3488 3492 3491
f 3488 3489 3493 3492
f 3489 3490 3494 3493
f 3490 3487 3491 3494
g building-lot-block-district-station_area-32-12-1
f 3495 3497 3496
f 3495 3498 3497
f 3499 3501 3500
f 3499 3502 3501
f 3495 3496 3500 3499
f 3496 3497 3501 3500
f 3497 3498 3502 3501
f 3498 3495 3499 3502
g building-lot-block-district-station_area-32-12-2
f 3503 3505 3504
f 3503 3506 3505
f 3507 3509 3508
f 3507 3510 3509
f 3503 3504 3508 3507
f 3504 3505 3509 3508
f 3505 3506 3510 3509
f 3506 3503 3507 3510
g building-lot-block-district-station_area-32-12-3
f 3511 3513 3512
f 3511 3514 3513
f 3515 3517 3516
f 3515 3518 3517
f 3511 3512 3516 3515
f 3512 3513 3517 3516
f 3513 3514 3518 3517
f 3514 3511 3515 3518
g building-lot-block-district-station_area-32-13-1
f 3519 3521 3520
f 3519 3522 3521
f 3523 3525 3524
f 3523 3526 3525
f 3519 3520 3524 3523
f 3520 3521 3525 3524
f 3521 3522 3526 3525
f 3522 3519 3523 3526
g building-lot-block-district-station_area-32-13-2
f 3527 3529 3528
f 3527 3530 3529
f 3531 3533 3532
f 3531 3534 3533
f 3527 3528 3532 3531
f 3528 3529 3533 3532
f 3529 3530 3534 3533
f 3530 3527 3531 3534
g building-lot-block-district-station_area-32-13-3
f 3535 3537 3536
f 3535 3538 3537
f 3539 3541 3540
f 3539 3542 3541
f 3535 3536 3540 3539
f 3536 3537 3541 3540
f 3537 3538 3542 3541
f 3538 3535 3539 3542
g building-lot-block-district-station_area-32-21-1
f 3543 3545 3544
f 3543 3546 3545
f 3547 3549 3548
f 3547 3550 3549
f 3543 3544 3548 3547
f 3544 3545 3549 3548
f 3545 3546 3550 3549
f 3546 3543 3547 3550
g building-lot-block-district-station_area-32-21-2
f 3551 3553 3552
f 3551 3554 3553
f 3555 3557 3556
f 3555 3558 3557
f 3551 3552 3556 3555
f 3552 3553 3557 3556
f 3553 3554 3558 3557
f 3554 3551 3555 3558
g building-lot-block-district-station_area-32-21-3
f 3559 3561 3560
f 3559 3562 3561
f 3563 3565 3564
f 3563 3566 3565
f 3559 3560 3564 3563
f 3560 3561 3565 3564
f 3561 3562 3566 3565
f 3562 3559 3563 3566
g building-lot-block-district-station_area-32-22-1
f 3567 3569 3568
f 3567 3570 3569
f 3571 3573 3572
f 3571 3574 3573
f 3567 3568 3572 3571
f 3568 3569 3573 3572
f 3569 3570 3574 3573
f 3570 3567 3571 3574
g building-lot-block-district-station_area-32-22-3
f 3575 3577 3576
f 3575 3578 3577
f 3579 3581 3580
f 3579 3582 3581
f 3575 3576 3580 3579
f 3576 3577 3581 3580
f 3577 3578 3582 3581
f 3578 3575 3579 3582
g building-lot-block-district-station_area-32-23-1
f 3583 3585 3584
f 3583 3586 3585
f 3587 3589 3588
f 3587 3590 3589
f 3583 3584 3588 3587
f 3584 3585 3589 3588
f 3585 3586 3590 3589
f 3586 3583 3587 3590
g building-lot-block-district-station_area-32-23-2
f 3591 3593 3592
f 3591 3594 3593
f 3595 3597 3596
f 3595 3598 3597
f 3591 3592 3596 3595
f 3592 3593 3597 3596
f 3593 3594 3598 3597
f 3594 3591 3595 3598
g building-lot-block-district-station_area-32-23-3
f 3599 3601 3600
f 3599 3602 3601
f 3603 3605 3604
f 3603 3606 3605
f 3599 3600 3604 3603
f 3600 3601 3605 3604
f 3601 3602 3606 3605
f 3602 3599 3603 3606
g building-lot-block-district-station_area-32-31-1
f 3607 3609 3608
f 3607 3610 3609
f 3611 3613 3612
f 3611 3614 3613
f 3607 3608 3612 3611
f 3608 3609 3613 3612
f 3609 3610 3614 3613
f 3610 3607 3611 3614
g building-lot-block-district-station_area-32-31-2
f 3615 3617 3616
f 3615 3618 3617
f 3619 3621 3620
f 3619 3622 3621
f 3615 3616 3620 3619
f 3616 3617 3621 3620
f 3617 3618 3622 3621
f 3618 3615 3619 3622
g building-lot-block-district-station_area-32-31-3
f 3623 3625 3624
f 3623 3626 3625
f 3627 3629 3628
f 3627 3630 3629
f 3623 3624 3628 3627
f 3624 3625 3629 3628
f 3625 3626 3630 3629
f 3626 3623 3627 3630
g building-lot-block-district-station_area-32-32-1
f 3631 3633 3632
f 3631 3634 3633
f 3635 3637 3636
f 3635 3638 3637
f 3631 3632 3636 3635
f 3632 3633 3637 3636
f 3633 3634 3638 3637
f 3634 3631 3635 3638
g building-lot-block-district-station_area-32-32-2
f 3639 3641 3640
f 3639 3642 3641
f 3643 3645 3644
f 3643 3646 3645
f 3639 3640 3644 3643
f 3640 3641 3645 3644
f 3641 3642 3646 3645
f 3642 3639 3643 3646
g building-lot-block-district-station_area-32-33-2
f 3647 3649 3648
f 3647 3650 3649
f 3651 3653 3652
f 3651 3654 3653
f 3647 3648 3652 3651
f 3648 3649 3653 3652
f 3649 3650 3654 3653
f 3650 3647 3651 3654
g building-lot-block-district-station_area-32-33-3
f 3655 3657 3656
f 3655 3658 3657
f 3659 3661 3660
f 3659 3662 3661
f 3655 3656 3660 3659
f 3656 3657 3661 3660
f 3657 3658 3662 3661
f 3658 3655 3659 3662
g building-lot-block-district-commercial-33-11-1
f 3663 3665 3664
f 3663 3666 3665
f 3667 3669 3668
f 3667 3670 3669
f 3663 3664 3668 3667
f 3664 3665 3669 3668
f 3665 3666 3670 3669
f 3666 3663 3667 3670
g building-lot-block-district-commercial-33-11-2
f 3671 3673 3672
f 3671 3674 3673
f 3675 3677 3676
f 3675 3678 3677
f 3671 3672 3676 3675
f 3672 3673 3677 3676
f 3673 3674 3678 3677
f 3674 3671 3675 3678
g building-lot-block-district-commercial-33-11-3
f 3679 3681 3680
f 3679 3682 3681
f 3683 3685 3684
f 3683 3686 3685
f 3679 3680 3684 3683
f 3680 3681 3685 3684
f 3681 3682 3686 3685
f 3682 3679 3683 3686
g building-lot-block-district-commercial-33-12-1
f 3687 3689 3688
f 3687 3690 3689
f 3691 3693 3692
f 3691 3694 3693
f 3687 3688 3692 3691
f 3688 3689 3693 3692
f 3689 3690 3694 3693
f 3690 3687 3691 3694
g building-lot-block-district-commercial-33-12-2
f 3695 3697 3696
f 3695 3698 3697
f 3699 3701 3700
f 3699 3702 3701
f 3695 3696 3700 3699
f 3696 3697 3701 3700
f 3697 3698 3702 3701
f 3698 3695 3699 3702
g building-lot-block-district-commercial-33-12-3
f 3703 3705 3704
f 3703 3706 3705
f 3707 3709 3708
f 3707 3710 3709
f 3703 3704 3708 3707
f 3704 3705 3709 3708
f 3705 3706 3710 3709
f 3706 3703 3707 3710
g building-lot-block-district-commercial-33-13-2
f 3711 3713 3712
f 3711 3714 3713
f 3715 3717 3716
f 3715 3718 3717
f 3711 3712 3716 3715
f 3712 3713 3717 3716
f 3713 3714 3718 3717
f 3714 3711 3715 3718
g building-lot-block-district-commercial-33-13-3
f 3719 3721 3720
f 3719 3722 3721
f 3723 3725 3724
f 3723 3726 3725
f 3719 3720 3724 3723
f 3720 3721 3725 3724
f 3721 3722 3726 3725
f 3722 3719 3723 3726
g building-lot-block-district-commercial-33-21-1
f 3727 3729 3728
f 3727 3730 3729
f 3731 3733 3732
f 3731 3734 3733
f 3727 3728 3732 3731
f 3728 3729 3733 3732
f 3729 3730 3734 3733
f 3730 3727 3731 3734
g building-lot-block-district-commercial-33-21-2
f 3735 3737 3736
f 3735 3738 3737
f 3739 3741 3740
f 3739 3742 3741
f 3735 3736 3740 3739
f 3736 3737 3741 3740
f 3737 3738 3742 3741
f 3738 3735 3739 3742
g building-lot-block-district-commercial-33-21-3
f 3743 3745 3744
f 3743 3746 3745
f 3747 3749 3748
f 3747 3750 3749
f 3743 3744 3748 3747
f 3744 3745 3749 3748
f 3745 3746 3750 3749
f 3746 3743 3747 3750
g building-lot-block-district-commercial-33-22-1
f 3751 3753 3752
f 3751 3754 3753
f 3755 3757 3756
f 3755 3758 3757
f 3751 3752 3756 3755
f 3752 3753 3757 3756
f 3753 3754 3758 3757
f 3754 3751 3755 3758
g building-lot-block-district-commercial-33-22-2
f 3759 3761 3760
f 3759 3762 3761
f 3763 3765 3764
f 3763 3766 3765
f 3759 3760 3764 3763
f 3760 3761 3765 3764
f 3761 3762 3766 3765
f 3762 3759 3763 3766
g building-lot-block-district-commercial-33-22-3
f 3767 3769 3768
f 3767 3770 3769
f 3771 3773 3772
f 3771 3774 3773
f 3767 3768 3772 3771
f 3768 3769 3773 3772
f 3769 3770 3774 3773
f 3770 3767 3771 3774
g building-lot-block-district-commercial-33-23-1
f 3775 3777 3776
f 3775 3778 3777
f 3779 3781 3780
f 3779 3782 3781
f 3775 3776 3780 3779
f 3776 3777 3781 3780
f 3777 3778 3782 3781
f 3778 3775 3779 3782
g building-lot-block-district-commercial-33-23-2
f 3783 3785 3784
f 3783 3786 3785
f 3787 3789 3788
f 3787 3790 3789
f 3783 3784 3788 3787
f 3784 3785 3789 3788
f 3785 3786 3790 3789
f 3786 3783 3787 3790
g building-lot-block-district-commercial-33-23-3
f 3791 3793 3792
f 3791 3794 3793
f 3795 3797 3796
f 3795 3798 3797
f 3791 3792 3796 3795
f 3792 3793 3797 3796
f 3793 3794 3798 3797
f 3794 3791 3795 3798
g building-lot-block-district-commercial-33-31-1
f 3799 3801 3800
f 3799 3802 3801
f 3803 3805 3804
f 3803 3806 3805
f 3799 3800 3804 3803
f 3800 3801 3805 3804
f 3801 3802 3806 3805
f 3802 3799 3803 3806
g building-lot-block-district-commercial-33-31-3
f 3807 3809 3808
f 3807 3810 3809
f 3811 3813 3812
f 3811 3814 3813
f 3807 3808 3812 3811
f 3808 3809 3813 3812
f 3809 3810 3814 3813
f 3810 3807 3811 3814
g building-lot-block-district-commercial-33-32-1
f 3815 3817 3816
f 3815 3818 3817
f 3819 3821 3820
f 3819 3822 3821
f 3815 3816 3820 3819
f 3816 3817 3821 3820
f 3817 3818 3822 3821
f 3818 3815 3819 3822
g building-lot-block-district-commercial-33-32-2
f 3823 3825 3824
f 3823 3826 3825
f 3827 3829 3828
f 3827 3830 3829
f 3823 3824 3828 3827
f 3824 3825 3829 3828
f 3825 3826 3830 3829
f 3826 3823 3827 3830
g building-lot-block-district-commercial-33-32-3
f 3831 3833 3832
f 3831 3834 3833
f 3835 3837 3836
f 3835 3838 3837
f 3831 3832 3836 3835
f 3832 3833 3837 3836
f 3833 3834 3838 3837
f 3834 3831 3835 3838
g building-lot-block-district-commercial-33-33-1
f 3839 3841 3840
f 3839 3842 3841
f 3843 3845 3844
f 3843 3846 3845
f 3839 3840 3844 3843
f 3840 3841 3845 3844
f 3841 3842 3846 3845
f 3842 3839 3843 3846
g building-lot-block-district-commercial-33-33-2
f 3847 3849 3848
f 3847 3850 3849
f 3851 3853 3852
f 3851 3854 3853
f 3847 3848 3852 3851
f 3848 3849 3853 3852
f 3849 3850 3854 3853
f 3850 3847 3851 3854
g building-lot-block-district-commercial-33-33-3
f 3855 3857 3856
f 3855 3858 3857
f 3859 3861 3860
f 3859 3862 3861
f 3855 3856 3860 3859
f 3856 3857 3861 3860
f 3857 3858 3862 3861
f 3858 3855 3859 3862
g building-lot-block-district-residential-34-11-1
f 3863 3865 3864
f 3863 3866 3865
f 3867 3869 3868
f 3867 3870 3869
f 3863 3864 3868 3867
f 3864 3865 3869 3868
f 3865 3866 3870 3869
f 3866 3863 3867 3870
g building-lot-block-district-residential-34-11-2
f 3871 3873 3872
f 3871 3874 3873
f 3875 3877 3876
f 3875 3878 3877
f 3871 3872 3876 3875
f 3872 3873 3877 3876
f 3873 3874 3878 3877
f 3874 3871 3875 3878
g building-lot-block-district-residential-34-11-3
f 3879 3881 3880
f 3879 3882 3881
f 3883 3885 3884
f 3883 3886 3885
f 3879 3880 3884 3883
f 3880 3881 3885 3884
f 3881 3882 3886 3885
f 3882 3879 3883 3886
g building-lot-block-district-residential-34-12-1
f 3887 3889 3888
f 3887 3890 3889
f 3891 3893 3892
f 3891 3894 3893
f 3887 3888 3892 3891
f 3888 3889 3893 3892
f 3889 3890 3894 3893
f 3890 3887 3891 3894
g building-lot-block-district-residential-34-12-3
f 3895 3897 3896
f 3895 3898 3897
f 3899 3901 3900
f 3899 3902 3901
f 3895 3896 3900 3899
f 3896 3897 3901 3900
f 3897 3898 3902 3901
f 3898 3895 3899 3902
g building-lot-block-district-residential-34-13-2
f 3903 3905 3904
f 3903 3906 3905
f 3907 3909 3908
f 3907 3910 3909
f 3903 3904 3908 3907
f 3904 3905 3909 3908
f 3905 3906 3910 3909
f 3906 3903 3907 3910
g building-lot-block-district-residential-34-13-3
f 3911 3913 3912
f 3911 3914 3913
f 3915 3917 3916
f 3915 3918 3917
f 3911 3912 3916 3915
f 3912 3913 3917 3916
f 3913 3914 3918 3917
f 3914 3911 3915 3918
g building-lot-block-district-residential-34-21-3
f 3919 3921 3920
f 3919 3922 3921
f 3923 3925 3924
f 3923 3926 3925
f 3919 3920 3924 3923
f 3920 3921 3925 3924
f 3921 3922 3926 3925
f 3922 3919 3923 3926
g building-lot-block-district-residential-34-22-1
f 3927 3929 3928
f 3927 3930 3929
f 3931 3933 3932
f 3931 3934 3933
f 3927 3928 3932 3931
f 3928 3929 3933 3932
f 3929 3930 3934 3933
f 3930 3927 3931 3934
g building-lot-block-district-residential-34-22-2
f 3935 3937 3936
f 3935 3938 3937
f 3939 3941 3940
f 3939 3942 3941
f 3935 3936 3940 3939
f 3936 3937 3941 3940
f 3937 3938 3942 3941
f 3938 3935 3939 3942
g building-lot-block-district-residential-34-22-3
f 3943 3945 3944
f 3943 3946 3945
f 3947 3949 3948
f 3947 3950 3949
f 3943 3944 3948 3947
f 3944 3945 3949 3948
f 3945 3946 3950 3949
f 3946 3943 3947 3950
g building-lot-block-district-residential-34-23-1
f 3951 3953 3952
f 3951 3954 3953
f 3955 3957 3956
f 3955 3958 3957
f 3951 3952 3956 3955
f 3952 3953 3957 3956
f 3953 3954 3958 3957
f 3954 3951 3955 3958
g building-lot-block-district-residential-34-31-1
f 3959 3961 3960
f 3959 3962 3961
f 3963 3965 3964
f 3963 3966 3965
f 3959 3960 3964 3963
f 3960 3961 3965 3964
f 3961 3962 3966 3965
f 3962 3959 3963 3966
g building-lot-block-district-residential-34-32-2
f 3967 3969 3968
f 3967 3970 3969
f 3971 3973 3972
f 3971 3974 3973
f 3967 3968 3972 3971
f 3968 3969 3973 3972
f 3969 3970 3974 3973
f 3970 3967 3971 3974
g building-lot-block-district-residential-34-32-3
f 3975 3977 3976
f 3975 3978 3977
f 3979 3981 3980
f 3979 3982 3981
f 3975 3976 3980 3979
f 3976 3977 3981 3980
f 3977 3978 3982 3981
f 3978 3975 3979 3982
g building-lot-block-district-residential-34-33-1
f 3983 3985 3984
f 3983 3986 3985
f 3987 3989 3988
f 3987 3990 3989
f 3983 3984 3988 3987
f 3984 3985 3989 3988
f 3985 3986 3990 3989
f 3986 3983 3987 3990
g building-lot-block-district-residential-34-33-2
f 3991 3993 3992
f 3991 3994 3993
f 3995 3997 3996
f 3995 3998 3997
f 3991 3992 3996 3995
f 3992 3993 3997 3996
f 3993 3994 3998 3997
f 3994 3991 3995 3998
g building-lot-block-district-residential-34-33-3
f 3999 4001 4000
f 3999 4002 4001
f 4003 4005 4004
f 4003 4006 4005
f 3999 4000 4004 4003
f 4000 4001 4005 4004
f 4001 4002 4006 4005
f 4002 3999 4003 4006
g building-lot-block-district-residential-42-11-1
f 4007 4009 4008
f 4007 4010 4009
f 4011 4013 4012
f 4011 4014 4013
f 4007 4008 4012 4011
f 4008 4009 4013 4012
f 4009 4010 4014 4013
f 4010 4007 4011 4014
g building-lot-block-district-residential-42-11-2
f 4015 4017 4016
f 4015 4018 4017
f 4019 4021 4020
f 4019 4022 4021
f 4015 4016 4020 4019
f 4016 4017 4021 4020
f 4017 4018 4022 4021
f 4018 4015 4019 4022
g building-lot-block-district-residential-42-11-3
f 4023 4025 4024
f 4023 4026 4025
f 4027 4029 4028
f 4027 4030 4029
f 4023 4024 4028 4027
f 4024 4025 4029 4028
f 4025 4026 4030 4029
f 4026 4023 4027 4030
g building-lot-block-district-residential-42-12-1
f 4031 4033 4032
f 4031 4034 4033
f 4035 4037 4036
f 4035 4038 4037
f 4031 4032 4036 4035
f 4032 4033 4037 4036
f 4033 4034 4038 4037
f 4034 4031 4035 4038
g building-lot-block-district-residential-42-12-2
f 4039 4041 4040
f 4039 4042 4041
f 4043 4045 4044
f 4043 4046 4045
f 4039 4040 4044 4043
f 4040 4041 4045 4044
f 4041 4042 4046 4045
f 4042 4039 4043 4046
g building-lot-block-district-residential-42-12-3
f 4047 4049 4048
f 4047 4050 4049
f 4051 4053 4052
f 4051 4054 4053
f 4047 4048 4052 4051
f 4048 4049 4053 4052
f 4049 4050 4054 4053
f 4050 4047 4051 4054
g building-lot-block-district-residential-42-13-1
f 4055 4057 4056
f 4055 4058 4057
f 4059 4061 4060
f 4059 4062 4061
f 4055 4056 4060 4059
f 4056 4057 4061 4060
f 4057 4058 4062 4061
f 4058 4055 4059 4062
g building-lot-block-district-residential-42-13-3
f 4063 4065 4064
f 4063 4066 4065
f 4067 4069 4068
f 4067 4070 4069
f 4063 4064 4068 4067
f 4064 4065 4069 4068
f 4065 4066 4070 4069
f 4066 4063 4067 4070
g building-lot-block-district-residential-42-21-1
f 4071 4073 4072
f 4071 4074 4073
f 4075 4077 4076
f 4075 4078 4077
f 4071 4072 4076 4075
f 4072 4073 4077 4076
f 4073 4074 4078 4077
f 4074 4071 4075 4078
g building-lot-block-district-residential-42-21-3
f 4079 4081 4080
f 4079 4082 4081
f 4083 4085 4084
f 4083 4086 4085
f 4079 4080 4084 4083
f 4080 4081 4085 4084
f 4081 4082 4086 4085
f 4082 4079 4083 4086
g building-lot-block-district-residential-42-22-1
f 4087 4089 4088
f 4087 4090 4089
f 4091 4093 4092
f 4091 4094 4093
f 4087 4088 4092 4091
f 4088 4089 4093 4092
f 4089 4090 4094 4093
f 4090 4087 4091 4094
g building-lot-block-district-residential-42-22-2
f 4095 4097 4096
f 4095 4098 4097
f 4099 4101 4100
f 4099 4102 4101
f 4095 4096 4100 4099
f 4096 4097 4101 4100
f 4097 4098 4102 4101
f 4098 4095 4099 4102
g building-lot-block-district-residential-42-23-3
f 4103 4105 4104
f 4103 4106 4105
f 4107 4109 4108
f 4107 4110 4109
f 4103 4104 4108 4107
f 4104 4105 4109 4108
f 4105 4106 4110 4109
f 4106 4103 4107 4110
g building-lot-block-district-residential-42-31-2
f 4111 4113 4112
f 4111 4114 4113
f 4115 4117 4116
f 4115 4118 4117
f 4111 4112 4116 4115
f 4112 4113 4117 4116
f 4113 4114 4118 4117
f 4114 4111 4115 4118
g building-lot-block-district-residential-42-32-1
f 4119 4121 4120
f 4119 4122 4121
f 4123 4125 4124
f 4123 4126 4125
f 4119 4120 4124 4123
f 4120 4121 4125 4124
f 4121 4122 4126 4125
f 4122 4119 4123 4126
g building-lot-block-district-residential-42-33-1
f 4127 4129 4128
f 4127 4130 4129
f 4131 4133 4132
f 4131 4134 4133
f 4127 4128 4132 4131
f 4128 4129 4133 4132
f 4129 4130 4134 4133
f 4130 4127 4131 4134
g building-lot-block-district-residential-42-33-2
f 4135 4137 4136
f 4135 4138 4137
f 4139 4141 4140
f 4139 4142 4141
f 4135 4136 4140 4139
f 4136 4137 4141 4140
f 4137 4138 4142 4141
f 4138 4135 4139 4142
g building-lot-block-district-residential-42-33-3
f 4143 4145 4144
f 4143 4146 4145
f 4147 4149 4148
f 4147 4150 4149
f 4143 4144 4148 4147
f 4144 4145 4149 4148
f 4145 4146 4150 4149
f 4146 4143 4147 4150
g building-lot-block-district-residential-43-11-1
f 4151 4153 4152
f 4151 4154 4153
f 4155 4157 4156
f 4155 4158 4157
f 4151 4152 4156 4155
f 4152 4153 4157 4156
f 4153 4154 4158 4157
f 4154 4151 4155 4158
g building-lot-block-district-residential-43-11-2
f 4159 4161 4160
f 4159 4162 4161
f 4163 4165 4164
f 4163 4166 4165
f 4159 4160 4164 4163
f 4160 4161 4165 4164
f 4161 4162 4166 4165
f 4162 4159 4163 4166
g building-lot-block-district-residential-43-11-3
f 4167 4169 4168
f 4167 4170 4169
f 4171 4173 4172
f 4171 4174 4173
f 4167 4168 4172 4171
f 4168 4169 4173 4172
f 4169 4170 4174 4173
f 4170 4167 4171 4174
g building-lot-block-district-residential-43-12-2
f 4175 4177 4176
f 4175 4178 4177
f 4179 4181 4180
f 4179 4182 4181
f 4175 4176 4180 4179
f 4176 4177 4181 4180
f 4177 4178 4182 4181
f 4178 4175 4179 4182
g building-lot-block-district-residential-43-13-2
f 4183 4185 4184
f 4183 4186 4185
f 4187 4189 4188
f 4187 4190 4189
f 4183 4184 4188 4187
f 4184 4185 4189 4188
f 4185 4186 4190 4189
f 4186 4183 4187 4190
g building-lot-block-district-residential-43-13-3
f 4191 4193 4192
f 4191 4194 4193
f 4195 4197 4196
f 4195 4198 4197
f 4191 4192 4196 4195
f 4192 4193 4197 4196
f 4193 4194 4198 4197
f 4194 4191 4195 4198
g building-lot-block-district-residential-43-21-1
f 4199 4201 4200
f 4199 4202 4201
f 4203 4205 4204
f 4203 4206 4205
f 4199 4200 4204 4203
f 4200 4201 4205 4204
f 4201 4202 4206 4205
f 4202 4199 4203 4206
g building-lot-block-district-residential-43-21-2
f 4207 4209 4208
f 4207 4210 4209
f 4211 4213 4212
f 4211 4214 4213
f 4207 4208 4212 4211
f 4208 4209 4213 4212
f 4209 4210 4214 4213
f 4210 4207 4211 4214
g building-lot-block-district-residential-43-22-1
f 4215 4217 4216
f 4215 4218 4217
f 4219 4221 4220
f 4219 4222 4221
f 4215 4216 4220 4219
f 4216 4217 4221 4220
f 4217 4218 4222 4221
f 4218 4215 4219 4222
g building-lot-block-district-residential-43-22-3
f 4223 4225 4224
f 4223 4226 4225
f 4227 4229 4228
f 4227 4230 4229
f 4223 4224 4228 4227
f 4224 4225 4229 4228
f 4225 4226 4230 4229
f 4226 4223 4227 4230
g building-lot-block-district-residential-43-23-2
f 4231 4233 4232
f 4231 4234 4233
f 4235 4237 4236
f 4235 4238 4237
f 4231 4232 4236 4235
f 4232 4233 4237 4236
f 4233 4234 4238 4237
f 4234 4231 4235 4238
g building-lot-block-district-residential-43-23-3
f 4239 4241 4240
f 4239 4242 4241
f 4243 4245 4244
f 4243 4246 4245
f 4239 4240 4244 4243
f 4240 4241 4245 4244
f 4241 4242 4246 4245
f 4242 4239 4243 4246
g building-lot-block-district-residential-43-32-2
f 4247 4249 4248
f 4247 4250 4249
f 4251 4253 4252
f 4251 4254 4253
f 4247 4248 4252 4251
f 4248 4249 4253 4252
f 4249 4250 4254 4253
f 4250 4247 4251 4254
g building-lot-block-district-residential-43-32-3
f 4255 4257 4256
f 4255 4258 4257
f 4259 4261 4260
f 4259 4262 4261
f 4255 4256 4260 4259
f 4256 4257 4261 4260
f 4257 4258 4262 4261
f 4258 4255 4259 4262
g building-lot-block-district-residential-43-33-1
f 4263 4265 4264
f 4263 4266 4265
f 4267 4269 4268
f 4267 4270 4269
f 4263 4264 4268 4267
f 4264 4265 4269 4268
f 4265 4266 4270 4269
f 4266 4263 4267 4270
g building-lot-block-district-residential-43-33-2
f 4271 4273 4272
f 4271 4274 4273
f 4275 4277 4276
f 4275 4278 4277
f 4271 4272 4276 4275
f 4272 4273 4277 4276
f 4273 4274 4278 4277
f 4274 4271 4275 4278
g building-lot-block-district-residential-43-33-3
f 4279 4281 4280
f 4279 4282 4281
f 4283 4285 4284
f 4283 4286 4285
f 4279 4280 4284 4283
f 4280 4281 4285 4284
f 4281 4282 4286 4285
f 4282 4279 4283 4286
g building-lot-block-district-business-44-11-1
f 4287 4289 4288
f 4287 4290 4289
f 4291 4293 4292
f 4291 4294 4293
f 4287 4288 4292 4291
f 4288 4289 4293 4292
f 4289 4290 4294 4293
f 4290 4287 4291 4294
g building-lot-block-district-business-44-11-2
f 4295 4297 4296
f 4295 4298 4297
f 4299 4301 4300
f 4299 4302 4301
f 4295 4296 4300 4299
f 4296 4297 4301 4300
f 4297 4298 4302 4301
f 4298 4295 4299 4302
g building-lot-block-district-business-44-11-3
f 4303 4305 4304
f 4303 4306 4305
f 4307 4309 4308
f 4307 4310 4309
f 4303 4304 4308 4307
f 4304 4305 4309 4308
f 4305 4306 4310 4309
f 4306 4303 4307 4310
g building-lot-block-district-business-44-12-1
f 4311 4313 4312
f 4311 4314 4313
f 4315 4317 4316
f 4315 4318 4317
f 4311 4312 4316 4315
f 4312 4313 4317 4316
f 4313 4314 4318 4317
f 4314 4311 4315 4318
g building-lot-block-district-business-44-12-3
f 4319 4321 4320
f 4319 4322 4321
f 4323 4325 4324
f 4323 4326 4325
f 4319 4320 4324 4323
f 4320 4321 4325 4324
f 4321 4322 4326 4325
f 4322 4319 4323 4326
g building-lot-block-district-business-44-13-1
f 4327 4329 4328
f 4327 4330 4329
f 4331 4333 4332
f 4331 4334 4333
f 4327 4328 4332 4331
f 4328 4329 4333 4332
f 4329 4330 4334 4333
f 4330 4327 4331 4334
g building-lot-block-district-business-44-13-2
f 4335 4337 4336
f 4335 4338 4337
f 4339 4341 4340
f 4339 4342 4341
f 4335 4336 4340 4339
f 4336 4337 4341 4340
f 4337 4338 4342 4341
f 4338 4335 4339 4342
g building-lot-block-district-business-44-13-3
f 4343 4345 4344
f 4343 4346 4345
f 4347 4349 4348
f 4347 4350 4349
f 4343 4344 4348 4347
f 4344 4345 4349 4348
f 4345 4346 4350 4349
f 4346 4343 4347 4350
g building-lot-block-district-business-44-21-1
f 4351 4353 4352
f 4351 4354 4353
f 4355 4357 4356
f 4355 4358 4357
f 4351 4352 4356 4355
f 4352 4353 4357 4356
f 4353 4354 4358 4357
f 4354 4351 4355 4358
g building-lot-block-district-business-44-21-2
f 4359 4361 4360
f 4359 4362 4361
f 4363 4365 4364
f 4363 4366 4365
f 4359 4360 4364 4363
f 4360 4361 4365 4364
f 4361 4362 4366 4365
f 4362 4359 4363 4366
g building-lot-block-district-business-44-21-3
f 4367 4369 4368
f 4367 4370 4369
f 4371 4373 4372
f 4371 4374 4373
f 4367 4368 4372 4371
f 4368 4369 4373 4372
f 4369 4370 4374 4373
f 4370 4367 4371 4374
g building-lot-block-district-business-44-22-1
f 4375 4377 4376
f 4375 4378 4377
f 4379 4381 4380
f 4379 4382 4381
f 4375 4376 4380 4379
f 4376 4377 4381 4380
f 4377 4378 4382 4381
f 4378 4375 4379 4382
g building-lot-block-district-business-44-22-2
f 4383 4385 4384
f 4383 4386 4385
f 4387 4389 4388
f 4387 4390 4389
f 4383 4384 4388 4387
f 4384 4385 4389 4388
f 4385 4386 4390 4389
f 4386 4383 4387 4390
g building-lot-block-district-business-44-22-3
f 4391 4393 4392
f 4391 4394 4393
f 4395 4397 4396
f 4395 4398 4397
f 4391 4392 4396 4395
f 4392 4393 4397 4396
f 4393 4394 4398 4397
f 4394 4391 4395 4398
g building-lot-block-district-business-44-23-1
f 4399 4401 4400
f 4399 4402 4401
f 4403 4405 4404
f 4403 4406 4405
f 4399 4400 4404 4403
f 4400 4401 4405 4404
f 4401 4402 4406 4405
f 4402 4399 4403 4406
g building-lot-block-district-business-44-23-2
f 4407 4409 4408
f 4407 4410 4409
f 4411 4413 4412
f 4411 4414 4413
f 4407 4408 4412 4411
f 4408 4409 4413 4412
f 4409 4410 4414 4413
f 4410 4407 4411 4414
g building-lot-block-district-business-44-31-1
f 4415 4417 4416
f 4415 4418 4417
f 4419 4421 4420
f 4419 4422 4421
f 4415 4416 4420 4419
f 4416 4417 4421 4420
f 4417 4418 4422 4421
f 4418 4415 4419 4422
g building-lot-block-district-business-44-31-2
f 4423 4425 4424
f 4423 4426 4425
f 4427 4429 4428
f 4427 4430 4429
f 4423 4424 4428 4427
f 4424 4425 4429 4428
f 4425 4426 4430 4429
f 4426 4423 4427 4430
g building-lot-block-district-business-44-31-3
f 4431 4433 4432
f 4431 4434 4433
f 4435 4437 4436
f 4435 4438 4437
f 4431 4432 4436 4435
f 4432 4433 4437 4436
f 4433 4434 4438 4437
f 4434 4431 4435 4438
g building-lot-block-district-business-44-32-1
f 4439 4441 4440
f 4439 4442 4441
f 4443 4445 4444
f 4443 4446 4445
f 4439 4440 4444 4443
f 4440 4441 4445 4444
f 4441 4442 4446 4445
f 4442 4439 4443 4446
g building-lot-block-district-business-44-32-2
f 4447 4449 4448
f 4447 4450 4449
f 4451 4453 4452
f 4451 4454 4453
f 4447 4448 4452 4451
f 4448 4449 4453 4452
f 4449 4450 4454 4453
f 4450 4447 4451 4454
g building-lot-block-district-business-44-33-1
f 4455 4457 4456
f 4455 4458 4457
f 4459 4461 4460
f 4459 4462 4461
f 4455 4456 4460 4459
f 4456 4457 4461 4460
f 4457 4458 4462 4461
f 4458 4455 4459 4462
g building-lot-block-district-business-44-33-2
f 4463 4465 4464
f 4463 4466 4465
f 4467 4469 4468
f 4467 4470 4469
f 4463 4464 4468 4467
f 4464 4465 4469 4468
f 4465 4466 4470 4469
f 4466 4463 4467 4470
g building-lot-block-district-business-44-33-3
f 4471 4473 4472
f 4471 4474 4473
f 4475 4477 4476
f 4475 4478 4477
f 4471 4472 4476 4475
f 4472 4473 4477 4476
f 4473 4474 4478 4477
f 4474 4471 4475 4478
g harbor-coastline
g harbor-dock-1
g harbor-dock-2
g harbor-dock-3
g harbor-dock-4
g harbor-warehouse-1
f 4489 4491 4490
f 4489 4492 4491
g harbor-warehouse-2
f 4493 4495 4494
f 4493 4496 4495
g harbor-warehouse-3
f 4497 4499 4498
f 4497 4500 4499
g harbor-warehouse-4
f 4501 4503 4502
f 4501 4504 4503
g harbor-warehouse-5
f 4505 4507 4506
f 4505 4508 4507
g harbor-industrial-road
g harbor-station-reserve
f 4511 4513 4512
f 4511 4514 4513
g harbor-commercial-area
f 4515 4517 4516
f 4515 4518 4517
l 5 6
l 7 8
l 9 10
l 11 12
l 13 14
l 15 16
l 17 18
l 19 20
l 21 22
l 23 24
l 25 26
l 27 28
l 29 30
l 31 32
l 33 34
l 35 36
l 37 38
l 39 40
l 41 42
l 43 44
l 45 46
l 47 48
l 49 50
l 51 52
l 53 54
l 55 56
l 57 58
l 59 60
l 61 62
l 127 128
l 129 130
l 131 132
l 133 134
l 135 136
l 137 138
l 139 140
l 141 142
l 4479 4480
l 4481 4482
l 4483 4484
l 4485 4486
l 4487 4488
l 4509 4510
