{
  "type": "FeatureCollection",
  "name": "Coastal City Demo",
  "metadata": {
    "generator_version": "0.1.0",
    "pipeline": [
      "terrain",
      "water",
      "roads",
      "districts",
      "blocks",
      "lots",
      "buildings",
      "harbor",
      "poi",
      "population"
    ],
    "created_seed": 20261004,
    "future_engine_targets": [
      "godot",
      "unreal"
    ],
    "city_name": "Coastal City Demo",
    "road_pattern": "hybrid",
    "harbor": {
      "coastline": "harbor-coastline",
      "dock_orientation": "south",
      "dock_count": 4,
      "warehouse_count": 5,
      "station_reserved": true,
      "commercial_zone": "harbor-commercial-area",
      "industrial_zone": "district-industrial-11",
      "station_connection": "harbor-station-reserve"
    }
  },
  "features": [
    {
      "type": "Feature",
      "id": "water-sea",
      "geometry": {
        "type": "Polygon",
        "coordinates": [
          [
            [
              0.0,
              -198.0
            ],
            [
              1200.0,
              -198.0
            ],
            [
              1200.0,
              216.0
            ],
            [
              0.0,
              216.0
            ],
            [
              0.0,
              -198.0
            ]
          ]
        ]
      },
      "properties": {
        "kind": "sea",
        "depth": "shallow_to_deep",
        "coast_edge": "south",
        "feature_type": "Sea",
        "parent_id": null,
        "stage": "water",
        "seed": 15397045619284466577
      }
    },
    {
      "type": "Feature",
      "id": "road-main-west-001",
      "geometry": {
        "type": "LineString",
        "coordinates": [
          [
            0.0,
            450.0
          ],
          [
            1200.0,
            450.0
          ]
        ]
      },
      "properties": {
        "road_class": "main",
        "road_type": "Main Road",
        "width": 18,
        "pattern": "hybrid",
        "surface": "asphalt",
        "speed_limit": 60,
        "feature_type": "Road",
        "parent_id": null,
        "stage": "roads",
        "seed": 9488658498032051880
      }
    },
    {
      "type": "Feature",
      "id": "road-main-east-002",
      "geometry": {
        "type": "LineString",
        "coordinates": [
          [
            144.0,
            0.0
          ],
          [
            1008.0,
            900.0
          ]
        ]
      },
      "properties": {
        "road_class": "main",
        "road_type": "Main Road",
        "width": 16,
        "pattern": "hybrid",
        "surface": "asphalt",
        "speed_limit": 60,
        "feature_type": "Road",
        "parent_id": null,
        "stage": "roads",
        "seed": 9488658498032051880
      }
    },
    {
      "type": "Feature",
      "id": "road-secondary-h-0-003",
      "geometry": {
        "type": "LineString",
        "coordinates": [
          [
            0.0,
            203.391
          ],
          [
            1200.0,
            207.647
          ]
        ]
      },
      "properties": {
        "road_class": "secondary",
        "road_type": "Secondary Road",
        "width": 10,
        "pattern": "hybrid",
        "surface": "asphalt",
        "speed_limit": 40,
        "feature_type": "Road",
        "parent_id": null,
        "stage": "roads",
        "seed": 9488658498032051880
      }
    },
    {
      "type": "Feature",
      "id": "road-secondary-h-1-004",
      "geometry": {
        "type": "LineString",
        "coordinates": [
          [
            0.0,
            341.553
          ],
          [
            1200.0,
            342.215
          ]
        ]
      },
      "properties": {
        "road_class": "secondary",
        "road_type": "Secondary Road",
        "width": 10,
        "pattern": "hybrid",
        "surface": "asphalt",
        "speed_limit": 40,
        "feature_type": "Road",
        "parent_id": null,
        "stage": "roads",
        "seed": 9488658498032051880
      }
    },
    {
      "type": "Feature",
      "id": "road-secondary-h-2-005",
      "geometry": {
        "type": "LineString",
        "coordinates": [
          [
            0.0,
            549.711
          ],
          [
            1200.0,
            550.552
          ]
        ]
      },
      "properties": {
        "road_class": "secondary",
        "road_type": "Secondary Road",
        "width": 10,
        "pattern": "hybrid",
        "surface": "asphalt",
        "speed_limit": 40,
        "feature_type": "Road",
        "parent_id": null,
        "stage": "roads",
        "seed": 9488658498032051880
      }
    },
    {
      "type": "Feature",
      "id": "road-secondary-h-3-006",
      "geometry": {
        "type": "LineString",
        "coordinates": [
          [
            0.0,
            694.888
          ],
          [
            1200.0,
            693.618
          ]
        ]
      },
      "properties": {
        "road_class": "secondary",
        "road_type": "Secondary Road",
        "width": 10,
        "pattern": "hybrid",
        "surface": "asphalt",
        "speed_limit": 40,
        "feature_type": "Road",
        "parent_id": null,
        "stage": "roads",
        "seed": 9488658498032051880
      }
    },
    {
      "type": "Feature",
      "id": "road-secondary-v-0-007",
      "geometry": {
        "type": "LineString",
        "coordinates": [
          [
            265.873,
            0.0
          ],
          [
            259.042,
            900.0
          ]
        ]
      },
      "properties": {
        "road_class": "secondary",
        "road_type": "Secondary Road",
        "width": 10,
        "pattern": "hybrid",
        "surface": "asphalt",
        "speed_limit": 40,
        "feature_type": "Road",
        "parent_id": null,
        "stage": "roads",
        "seed": 9488658498032051880
      }
    },
    {
      "type": "Feature",
      "id": "road-secondary-v-1-008",
      "geometry": {
        "type": "LineString",
        "coordinates": [
          [
            506.981,
            0.0
          ],
          [
            513.305,
            900.0
          ]
        ]
      },
      "properties": {
        "road_class": "secondary",
        "road_type": "Secondary Road",
        "width": 10,
        "pattern": "hybrid",
        "surface": "asphalt",
        "speed_limit": 40,
        "feature_type": "Road",
        "parent_id": null,
        "stage": "roads",
        "seed": 9488658498032051880
      }
    },
    {
      "type": "Feature",
      "id": "road-secondary-v-2-009",
      "geometry": {
        "type": "LineString",
        "coordinates": [
          [
            754.737,
            0.0
          ],
          [
            759.977,
            900.0
          ]
        ]
      },
      "properties": {
        "road_class": "secondary",
        "road_type": "Secondary Road",
        "width": 10,
        "pattern": "hybrid",
        "surface": "asphalt",
        "speed_limit": 40,
        "feature_type": "Road",
        "parent_id": null,
        "stage": "roads",
        "seed": 9488658498032051880
      }
    },
    {
      "type": "Feature",
      "id": "road-secondary-v-3-010",
      "geometry": {
        "type": "LineString",
        "coordinates": [
          [
            981.301,
            0.0
          ],
          [
            985.002,
            900.0
          ]
        ]
      },
      "properties": {
        "road_class": "secondary",
        "road_type": "Secondary Road",
        "width": 10,
        "pattern": "hybrid",
        "surface": "asphalt",
        "speed_limit": 40,
        "feature_type": "Road",
        "parent_id": null,
        "stage": "roads",
        "seed": 9488658498032051880
      }
    },
    {
      "type": "Feature",
      "id": "road-street-h-0-011",
      "geometry": {
        "type": "LineString",
        "coordinates": [
          [
            0.0,
            112.243
          ],
          [
            1200.0,
            112.267
          ]
        ]
      },
      "properties": {
        "road_class": "street",
        "road_type": "Street",
        "width": 6,
        "pattern": "hybrid",
        "surface": "asphalt",
        "speed_limit": 30,
        "feature_type": "Road",
        "parent_id": null,
        "stage": "roads",
        "seed": 9488658498032051880
      }
    },
    {
      "type": "Feature",
      "id": "road-street-h-1-012",
      "geometry": {
        "type": "LineString",
        "coordinates": [
          [
            0.0,
            260.448
          ],
          [
            1200.0,
            261.69
          ]
        ]
      },
      "properties": {
        "road_class": "street",
        "road_type": "Street",
        "width": 6,
        "pattern": "hybrid",
        "surface": "asphalt",
        "speed_limit": 30,
        "feature_type": "Road",
        "parent_id": null,
        "stage": "roads",
        "seed": 9488658498032051880
      }
    },
    {
      "type": "Feature",
      "id": "road-street-h-2-013",
      "geometry": {
        "type": "LineString",
        "coordinates": [
          [
            0.0,
            416.096
          ],
          [
            1200.0,
            411.002
          ]
        ]
      },
      "properties": {
        "road_class": "street",
        "road_type": "Street",
        "width": 6,
        "pattern": "hybrid",
        "surface": "asphalt",
        "speed_limit": 30,
        "feature_type": "Road",
        "parent_id": null,
        "stage": "roads",
        "seed": 9488658498032051880
      }
    },
    {
      "type": "Feature",
      "id": "road-street-h-3-014",
      "geometry": {
        "type": "LineString",
        "coordinates": [
          [
            0.0,
            573.672
          ],
          [
            1200.0,
            570.394
          ]
        ]
      },
      "properties": {
        "road_class": "street",
        "road_type": "Street",
        "width": 6,
        "pattern": "hybrid",
        "surface": "asphalt",
        "speed_limit": 30,
        "feature_type": "Road",
        "parent_id": null,
        "stage": "roads",
        "seed": 9488658498032051880
      }
    },
    {
      "type": "Feature",
      "id": "road-street-h-4-015",
      "geometry": {
        "type": "LineString",
        "coordinates": [
          [
            0.0,
            722.614
          ],
          [
            1200.0,
            712.973
          ]
        ]
      },
      "properties": {
        "road_class": "street",
        "road_type": "Street",
        "width": 6,
        "pattern": "hybrid",
        "surface": "asphalt",
        "speed_limit": 30,
        "feature_type": "Road",
        "parent_id": null,
        "stage": "roads",
        "seed": 9488658498032051880
      }
    },
    {
      "type": "Feature",
      "id": "road-street-v-0-016",
      "geometry": {
        "type": "LineString",
        "coordinates": [
          [
            120.547,
            0.0
          ],
          [
            110.897,
            900.0
          ]
        ]
      },
      "properties": {
        "road_class": "street",
        "road_type": "Street",
        "width": 6,
        "pattern": "hybrid",
        "surface": "asphalt",
        "speed_limit": 30,
        "feature_type": "Road",
        "parent_id": null,
        "stage": "roads",
        "seed": 9488658498032051880
      }
    },
    {
      "type": "Feature",
      "id": "road-street-v-1-017",
      "geometry": {
        "type": "LineString",
        "coordinates": [
          [
            296.898,
            0.0
          ],
          [
            302.96,
            900.0
          ]
        ]
      },
      "properties": {
        "road_class": "street",
        "road_type": "Street",
        "width": 6,
        "pattern": "hybrid",
        "surface": "asphalt",
        "speed_limit": 30,
        "feature_type": "Road",
        "parent_id": null,
        "stage": "roads",
        "seed": 9488658498032051880
      }
    },
    {
      "type": "Feature",
      "id": "road-street-v-2-018",
      "geometry": {
        "type": "LineString",
        "coordinates": [
          [
            479.208,
            0.0
          ],
          [
            472.665,
            900.0
          ]
        ]
      },
      "properties": {
        "road_class": "street",
        "road_type": "Street",
        "width": 6,
        "pattern": "hybrid",
        "surface": "asphalt",
        "speed_limit": 30,
        "feature_type": "Road",
        "parent_id": null,
        "stage": "roads",
        "seed": 9488658498032051880
      }
    },
    {
      "type": "Feature",
      "id": "road-street-v-3-019",
      "geometry": {
        "type": "LineString",
        "coordinates": [
          [
            667.582,
            0.0
          ],
          [
            662.984,
            900.0
          ]
        ]
      },
      "properties": {
        "road_class": "street",
        "road_type": "Street",
        "width": 6,
        "pattern": "hybrid",
        "surface": "asphalt",
        "speed_limit": 30,
        "feature_type": "Road",
        "parent_id": null,
        "stage": "roads",
        "seed": 9488658498032051880
      }
    },
    {
      "type": "Feature",
      "id": "road-street-v-4-020",
      "geometry": {
        "type": "LineString",
        "coordinates": [
          [
            836.357,
            0.0
          ],
          [
            821.404,
            900.0
          ]
        ]
      },
      "properties": {
        "road_class": "street",
        "road_type": "Street",
        "width": 6,
        "pattern": "hybrid",
        "surface": "asphalt",
        "speed_limit": 30,
        "feature_type": "Road",
        "parent_id": null,
        "stage": "roads",
        "seed": 9488658498032051880
      }
    },
    {
      "type": "Feature",
      "id": "road-street-v-5-021",
      "geometry": {
        "type": "LineString",
        "coordinates": [
          [
            1024.992,
            0.0
          ],
          [
            1035.402,
            900.0
          ]
        ]
      },
      "properties": {
        "road_class": "street",
        "road_type": "Street",
        "width": 6,
        "pattern": "hybrid",
        "surface": "asphalt",
        "speed_limit": 30,
        "feature_type": "Road",
        "parent_id": null,
        "stage": "roads",
        "seed": 9488658498032051880
      }
    },
    {
      "type": "Feature",
      "id": "road-radial-0-022",
      "geometry": {
        "type": "LineString",
        "coordinates": [
          [
            636.0,
            504.0
          ],
          [
            1200.0,
            480.414
          ]
        ]
      },
      "properties": {
        "road_class": "main",
        "road_type": "Main Road",
        "width": 13,
        "pattern": "hybrid",
        "surface": "asphalt",
        "speed_limit": 60,
        "feature_type": "Road",
        "parent_id": null,
        "stage": "roads",
        "seed": 9488658498032051880
      }
    },
    {
      "type": "Feature",
      "id": "road-radial-1-023",
      "geometry": {
        "type": "LineString",
        "coordinates": [
          [
            636.0,
            504.0
          ],
          [
            1200.0,
            872.886
          ]
        ]
      },
      "properties": {
        "road_class": "secondary",
        "road_type": "Secondary Road",
        "width": 9,
        "pattern": "hybrid",
        "surface": "asphalt",
        "speed_limit": 40,
        "feature_type": "Road",
        "parent_id": null,
        "stage": "roads",
        "seed": 9488658498032051880
      }
    },
    {
      "type": "Feature",
      "id": "road-radial-2-024",
      "geometry": {
        "type": "LineString",
        "coordinates": [
          [
            636.0,
            504.0
          ],
          [
            666.593,
            900.0
          ]
        ]
      },
      "properties": {
        "road_class": "main",
        "road_type": "Main Road",
        "width": 13,
        "pattern": "hybrid",
        "surface": "asphalt",
        "speed_limit": 60,
        "feature_type": "Road",
        "parent_id": null,
        "stage": "roads",
        "seed": 9488658498032051880
      }
    },
    {
      "type": "Feature",
      "id": "road-radial-3-025",
      "geometry": {
        "type": "LineString",
        "coordinates": [
          [
            636.0,
            504.0
          ],
          [
            125.02,
            900.0
          ]
        ]
      },
      "properties": {
        "road_class": "secondary",
        "road_type": "Secondary Road",
        "width": 9,
        "pattern": "hybrid",
        "surface": "asphalt",
        "speed_limit": 40,
        "feature_type": "Road",
        "parent_id": null,
        "stage": "roads",
        "seed": 9488658498032051880
      }
    },
    {
      "type": "Feature",
      "id": "road-radial-4-026",
      "geometry": {
        "type": "LineString",
        "coordinates": [
          [
            636.0,
            504.0
          ],
          [
            0.0,
            510.763
          ]
        ]
      },
      "properties": {
        "road_class": "main",
        "road_type": "Main Road",
        "width": 13,
        "pattern": "hybrid",
        "surface": "asphalt",
        "speed_limit": 60,
        "feature_type": "Road",
        "parent_id": null,
        "stage": "roads",
        "seed": 9488658498032051880
      }
    },
    {
      "type": "Feature",
      "id": "road-radial-5-027",
      "geometry": {
        "type": "LineString",
        "coordinates": [
          [
            636.0,
            504.0
          ],
          [
            0.0,
            78.304
          ]
        ]
      },
      "properties": {
        "road_class": "secondary",
        "road_type": "Secondary Road",
        "width": 9,
        "pattern": "hybrid",
        "surface": "asphalt",
        "speed_limit": 40,
        "feature_type": "Road",
        "parent_id": null,
        "stage": "roads",
        "seed": 9488658498032051880
      }
    },
    {
      "type": "Feature",
      "id": "road-radial-6-028",
      "geometry": {
        "type": "LineString",
        "coordinates": [
          [
            636.0,
            504.0
          ],
          [
            638.745,
            0.0
          ]
        ]
      },
      "properties": {
        "road_class": "main",
        "road_type": "Main Road",
        "width": 13,
        "pattern": "hybrid",
        "surface": "asphalt",
        "speed_limit": 60,
        "feature_type": "Road",
        "parent_id": null,
        "stage": "roads",
        "seed": 9488658498032051880
      }
    },
    {
      "type": "Feature",
      "id": "road-radial-7-029",
      "geometry": {
        "type": "LineString",
        "coordinates": [
          [
            636.0,
            504.0
          ],
          [
            1200.0,
            100.305
          ]
        ]
      },
      "properties": {
        "road_class": "secondary",
        "road_type": "Secondary Road",
        "width": 9,
        "pattern": "hybrid",
        "surface": "asphalt",
        "speed_limit": 40,
        "feature_type": "Road",
        "parent_id": null,
        "stage": "roads",
        "seed": 9488658498032051880
      }
    },
    {
      "type": "Feature",
      "id": "road-ring-192-030",
      "geometry": {
        "type": "LineString",
        "coordinates": [
          [
            828.0,
            504.0
          ],
          [
            824.311,
            532.093
          ],
          [
            813.385,
            559.106
          ],
          [
            795.642,
            584.002
          ],
          [
            771.765,
            605.823
          ],
          [
            742.669,
            623.732
          ],
          [
            709.475,
            637.039
          ],
          [
            673.457,
            645.233
          ],
          [
            636.0,
            648.0
          ],
          [
            598.543,
            645.233
          ],
          [
            562.525,
            637.039
          ],
          [
            529.331,
            623.732
          ],
          [
            500.235,
            605.823
          ],
          [
            476.358,
            584.002
          ],
          [
            458.615,
            559.106
          ],
          [
            447.689,
            532.093
          ],
          [
            444.0,
            504.0
          ],
          [
            447.689,
            475.907
          ],
          [
            458.615,
            448.894
          ],
          [
            476.358,
            423.998
          ],
          [
            500.235,
            402.177
          ],
          [
            529.331,
            384.268
          ],
          [
            562.525,
            370.961
          ],
          [
            598.543,
            362.767
          ],
          [
            636.0,
            360.0
          ],
          [
            673.457,
            362.767
          ],
          [
            709.475,
            370.961
          ],
          [
            742.669,
            384.268
          ],
          [
            771.765,
            402.177
          ],
          [
            795.642,
            423.998
          ],
          [
            813.385,
            448.894
          ],
          [
            824.311,
            475.907
          ],
          [
            828.0,
            504.0
          ]
        ]
      },
      "properties": {
        "road_class": "street",
        "road_type": "Street",
        "width": 6,
        "pattern": "hybrid",
        "surface": "asphalt",
        "speed_limit": 30,
        "feature_type": "Road",
        "parent_id": null,
        "stage": "roads",
        "seed": 9488658498032051880
      }
    },
    {
      "type": "Feature",
      "id": "road-ring-336-031",
      "geometry": {
        "type": "LineString",
        "coordinates": [
          [
            972.0,
            504.0
          ],
          [
            965.544,
            553.163
          ],
          [
            946.424,
            600.436
          ],
          [
            915.374,
            644.004
          ],
          [
            873.588,
            682.191
          ],
          [
            822.672,
            713.53
          ],
          [
            764.582,
            736.818
          ],
          [
            701.55,
            751.158
          ],
          [
            636.0,
            756.0
          ],
          [
            570.45,
            751.158
          ],
          [
            507.418,
            736.818
          ],
          [
            449.328,
            713.53
          ],
          [
            398.412,
            682.191
          ],
          [
            356.626,
            644.004
          ],
          [
            325.576,
            600.436
          ],
          [
            306.456,
            553.163
          ],
          [
            300.0,
            504.0
          ],
          [
            306.456,
            454.837
          ],
          [
            325.576,
            407.564
          ],
          [
            356.626,
            363.996
          ],
          [
            398.412,
            325.809
          ],
          [
            449.328,
            294.47
          ],
          [
            507.418,
            271.182
          ],
          [
            570.45,
            256.842
          ],
          [
            636.0,
            252.0
          ],
          [
            701.55,
            256.842
          ],
          [
            764.582,
            271.182
          ],
          [
            822.672,
            294.47
          ],
          [
            873.588,
            325.809
          ],
          [
            915.374,
            363.996
          ],
          [
            946.424,
            407.564
          ],
          [
            965.544,
            454.837
          ],
          [
            972.0,
            504.0
          ]
        ]
      },
      "properties": {
        "road_class": "street",
        "road_type": "Street",
        "width": 6,
        "pattern": "hybrid",
        "surface": "asphalt",
        "speed_limit": 30,
        "feature_type": "Road",
        "parent_id": null,
        "stage": "roads",
        "seed": 9488658498032051880
      }
    },
    {
      "type": "Feature",
      "id": "road-alley-0-032",
      "geometry": {
        "type": "LineString",
        "coordinates": [
          [
            72.0,
            162.0
          ],
          [
            89.753,
            738.0
          ]
        ]
      },
      "properties": {
        "road_class": "alley",
        "road_type": "Alley",
        "width": 3.5,
        "pattern": "hybrid",
        "surface": "asphalt",
        "speed_limit": 15,
        "feature_type": "Road",
        "parent_id": null,
        "stage": "roads",
        "seed": 9488658498032051880
      }
    },
    {
      "type": "Feature",
      "id": "road-alley-1-033",
      "geometry": {
        "type": "LineString",
        "coordinates": [
          [
            216.0,
            162.0
          ],
          [
            220.844,
            738.0
          ]
        ]
      },
      "properties": {
        "road_class": "alley",
        "road_type": "Alley",
        "width": 3.5,
        "pattern": "hybrid",
        "surface": "asphalt",
        "speed_limit": 15,
        "feature_type": "Road",
        "parent_id": null,
        "stage": "roads",
        "seed": 9488658498032051880
      }
    },
    {
      "type": "Feature",
      "id": "road-alley-2-034",
      "geometry": {
        "type": "LineString",
        "coordinates": [
          [
            360.0,
            162.0
          ],
          [
            348.566,
            738.0
          ]
        ]
      },
      "properties": {
        "road_class": "alley",
        "road_type": "Alley",
        "width": 3.5,
        "pattern": "hybrid",
        "surface": "asphalt",
        "speed_limit": 15,
        "feature_type": "Road",
        "parent_id": null,
        "stage": "roads",
        "seed": 9488658498032051880
      }
    },
    {
      "type": "Feature",
      "id": "road-alley-3-035",
      "geometry": {
        "type": "LineString",
        "coordinates": [
          [
            504.0,
            162.0
          ],
          [
            518.548,
            738.0
          ]
        ]
      },
      "properties": {
        "road_class": "alley",
        "road_type": "Alley",
        "width": 3.5,
        "pattern": "hybrid",
        "surface": "asphalt",
        "speed_limit": 15,
        "feature_type": "Road",
        "parent_id": null,
        "stage": "roads",
        "seed": 9488658498032051880
      }
    },
    {
      "type": "Feature",
      "id": "road-alley-4-036",
      "geometry": {
        "type": "LineString",
        "coordinates": [
          [
            648.0,
            162.0
          ],
          [
            644.571,
            738.0
          ]
        ]
      },
      "properties": {
        "road_class": "alley",
        "road_type": "Alley",
        "width": 3.5,
        "pattern": "hybrid",
        "surface": "asphalt",
        "speed_limit": 15,
        "feature_type": "Road",
        "parent_id": null,
        "stage": "roads",
        "seed": 9488658498032051880
      }
    },
    {
      "type": "Feature",
      "id": "road-alley-5-037",
      "geometry": {
        "type": "LineString",
        "coordinates": [
          [
            792.0,
            162.0
          ],
          [
            776.458,
            738.0
          ]
        ]
      },
      "properties": {
        "road_class": "alley",
        "road_type": "Alley",
        "width": 3.5,
        "pattern": "hybrid",
        "surface": "asphalt",
        "speed_limit": 15,
        "feature_type": "Road",
        "parent_id": null,
        "stage": "roads",
        "seed": 9488658498032051880
      }
    },
    {
      "type": "Feature",
      "id": "road-alley-6-038",
      "geometry": {
        "type": "LineString",
        "coordinates": [
          [
            936.0,
            162.0
          ],
          [
            935.526,
            738.0
          ]
        ]
      },
      "properties": {
        "road_class": "alley",
        "road_type": "Alley",
        "width": 3.5,
        "pattern": "hybrid",
        "surface": "asphalt",
        "speed_limit": 15,
        "feature_type": "Road",
        "parent_id": null,
        "stage": "roads",
        "seed": 9488658498032051880
      }
    },
    {
      "type": "Feature",
      "id": "road-alley-7-039",
      "geometry": {
        "type": "LineString",
        "coordinates": [
          [
            1080.0,
            162.0
          ],
          [
            1082.416,
            738.0
          ]
        ]
      },
      "properties": {
        "road_class": "alley",
        "road_type": "Alley",
        "width": 3.5,
        "pattern": "hybrid",
        "surface": "asphalt",
        "speed_limit": 15,
        "feature_type": "Road",
        "parent_id": null,
        "stage": "roads",
        "seed": 9488658498032051880
      }
    },
    {
      "type": "Feature",
      "id": "district-industrial-11",
      "geometry": {
        "type": "Polygon",
        "coordinates": [
          [
            [
              0.0,
              0.0
            ],
            [
              312.0,
              0.0
            ],
            [
              312.0,
              270.0
            ],
            [
              0.0,
              270.0
            ],
            [
              0.0,
              0.0
            ]
          ]
        ]
      },
      "properties": {
        "district_type": "industrial",
        "density": 0.4,
        "green_ratio": 0.06,
        "far": 1.78,
        "rule_set": "industrial_v1",
        "area": 84240.0,
        "feature_type": "District",
        "parent_id": null,
        "stage": "districts",
        "seed": 2606390613657114723
      }
    },
    {
      "type": "Feature",
      "id": "district-harbor-12",
      "geometry": {
        "type": "Polygon",
        "coordinates": [
          [
            [
              311.977,
              0.0
            ],
            [
              623.977,
              0.0
            ],
            [
              623.977,
              270.0
            ],
            [
              311.977,
              270.0
            ],
            [
              311.977,
              0.0
            ]
          ]
        ]
      },
      "properties": {
        "district_type": "harbor",
        "density": 0.5,
        "green_ratio": 0.05,
        "far": 2.1,
        "rule_set": "harbor_v1",
        "area": 84239.99999999999,
        "feature_type": "District",
        "parent_id": null,
        "stage": "districts",
        "seed": 2606390613657114723
      }
    },
    {
      "type": "Feature",
      "id": "district-commercial-13",
      "geometry": {
        "type": "Polygon",
        "coordinates": [
          [
            [
              626.861,
              0.0
            ],
            [
              914.861,
              0.0
            ],
            [
              914.861,
              270.0
            ],
            [
              626.861,
              270.0
            ],
            [
              626.861,
              0.0
            ]
          ]
        ]
      },
      "properties": {
        "district_type": "commercial",
        "density": 0.82,
        "green_ratio": 0.1,
        "far": 3.12,
        "rule_set": "commercial_v1",
        "area": 77760.0,
        "feature_type": "District",
        "parent_id": null,
        "stage": "districts",
        "seed": 2606390613657114723
      }
    },
    {
      "type": "Feature",
      "id": "district-residential-14",
      "geometry": {
        "type": "Polygon",
        "coordinates": [
          [
            [
              912.0,
              0.0
            ],
            [
              1200.0,
              0.0
            ],
            [
              1200.0,
              270.0
            ],
            [
              912.0,
              270.0
            ],
            [
              912.0,
              0.0
            ]
          ]
        ]
      },
      "properties": {
        "district_type": "residential",
        "density": 0.55,
        "green_ratio": 0.22,
        "far": 2.26,
        "rule_set": "residential_v1",
        "area": 77760.0,
        "feature_type": "District",
        "parent_id": null,
        "stage": "districts",
        "seed": 2606390613657114723
      }
    },
    {
      "type": "Feature",
      "id": "district-industrial-21",
      "geometry": {
        "type": "Polygon",
        "coordinates": [
          [
            [
              0.0,
              274.446
            ],
            [
              312.0,
              274.446
            ],
            [
              312.0,
              508.446
            ],
            [
              0.0,
              508.446
            ],
            [
              0.0,
              274.446
            ]
          ]
        ]
      },
      "properties": {
        "district_type": "industrial",
        "density": 0.4,
        "green_ratio": 0.06,
        "far": 1.78,
        "rule_set": "industrial_v1",
        "area": 73008.00000000001,
        "feature_type": "District",
        "parent_id": null,
        "stage": "districts",
        "seed": 2606390613657114723
      }
    },
    {
      "type": "Feature",
      "id": "district-business-22",
      "geometry": {
        "type": "Polygon",
        "coordinates": [
          [
            [
              310.935,
              271.137
            ],
            [
              622.935,
              271.137
            ],
            [
              622.935,
              505.137
            ],
            [
              310.935,
              505.137
            ],
            [
              310.935,
              271.137
            ]
          ]
        ]
      },
      "properties": {
        "district_type": "business",
        "density": 0.95,
        "green_ratio": 0.04,
        "far": 3.54,
        "rule_set": "business_v1",
        "area": 73008.00000000001,
        "feature_type": "District",
        "parent_id": null,
        "stage": "districts",
        "seed": 2606390613657114723
      }
    },
    {
      "type": "Feature",
      "id": "district-old_town-23",
      "geometry": {
        "type": "Polygon",
        "coordinates": [
          [
            [
              622.696,
              270.888
            ],
            [
              910.696,
              270.888
            ],
            [
              910.696,
              504.888
            ],
            [
              622.696,
              504.888
            ],
            [
              622.696,
              270.888
            ]
          ]
        ]
      },
      "properties": {
        "district_type": "old_town",
        "density": 0.67,
        "green_ratio": 0.08,
        "far": 2.64,
        "rule_set": "old_town_v1",
        "area": 67392.0,
        "feature_type": "District",
        "parent_id": null,
        "stage": "districts",
        "seed": 2606390613657114723
      }
    },
    {
      "type": "Feature",
      "id": "district-residential-24",
      "geometry": {
        "type": "Polygon",
        "coordinates": [
          [
            [
              912.0,
              266.567
            ],
            [
              1200.0,
              266.567
            ],
            [
              1200.0,
              500.567
            ],
            [
              912.0,
              500.567
            ],
            [
              912.0,
              266.567
            ]
          ]
        ]
      },
      "properties": {
        "district_type": "residential",
        "density": 0.55,
        "green_ratio": 0.22,
        "far": 2.26,
        "rule_set": "residential_v1",
        "area": 67392.0,
        "feature_type": "District",
        "parent_id": null,
        "stage": "districts",
        "seed": 2606390613657114723
      }
    },
    {
      "type": "Feature",
      "id": "district-park-31",
      "geometry": {
        "type": "Polygon",
        "coordinates": [
          [
            [
              0.0,
              509.609
            ],
            [
              312.0,
              509.609
            ],
            [
              312.0,
              707.609
            ],
            [
              0.0,
              707.609
            ],
            [
              0.0,
              509.609
            ]
          ]
        ]
      },
      "properties": {
        "district_type": "park",
        "density": 0.08,
        "green_ratio": 0.78,
        "far": 0.76,
        "rule_set": "park_v1",
        "area": 61775.99999999997,
        "feature_type": "District",
        "parent_id": null,
        "stage": "districts",
        "seed": 2606390613657114723
      }
    },
    {
      "type": "Feature",
      "id": "district-station_area-32",
      "geometry": {
        "type": "Polygon",
        "coordinates": [
          [
            [
              317.354,
              511.036
            ],
            [
              629.354,
              511.036
            ],
            [
              629.354,
              709.036
            ],
            [
              317.354,
              709.036
            ],
            [
              317.354,
              511.036
            ]
          ]
        ]
      },
      "properties": {
        "district_type": "station_area",
        "density": 0.88,
        "green_ratio": 0.12,
        "far": 3.32,
        "rule_set": "station_area_v1",
        "area": 61775.99999999994,
        "feature_type": "District",
        "parent_id": null,
        "stage": "districts",
        "seed": 2606390613657114723
      }
    },
    {
      "type": "Feature",
      "id": "district-commercial-33",
      "geometry": {
        "type": "Polygon",
        "coordinates": [
          [
            [
              623.508,
              511.212
            ],
            [
              911.508,
              511.212
            ],
            [
              911.508,
              709.212
            ],
            [
              623.508,
              709.212
            ],
            [
              623.508,
              511.212
            ]
          ]
        ]
      },
      "properties": {
        "district_type": "commercial",
        "density": 0.82,
        "green_ratio": 0.1,
        "far": 3.12,
        "rule_set": "commercial_v1",
        "area": 57023.99999999994,
        "feature_type": "District",
        "parent_id": null,
        "stage": "districts",
        "seed": 2606390613657114723
      }
    },
    {
      "type": "Feature",
      "id": "district-residential-34",
      "geometry": {
        "type": "Polygon",
        "coordinates": [
          [
            [
              912.0,
              498.897
            ],
            [
              1200.0,
              498.897
            ],
            [
              1200.0,
              696.897
            ],
            [
              912.0,
              696.897
            ],
            [
              912.0,
              498.897
            ]
          ]
        ]
      },
      "properties": {
        "district_type": "residential",
        "density": 0.55,
        "green_ratio": 0.22,
        "far": 2.26,
        "rule_set": "residential_v1",
        "area": 57023.99999999994,
        "feature_type": "District",
        "parent_id": null,
        "stage": "districts",
        "seed": 2606390613657114723
      }
    },
    {
      "type": "Feature",
      "id": "district-park-41",
      "geometry": {
        "type": "Polygon",
        "coordinates": [
          [
            [
              0.0,
              702.0
            ],
            [
              312.0,
              702.0
            ],
            [
              312.0,
              900.0
            ],
            [
              0.0,
              900.0
            ],
            [
              0.0,
              702.0
            ]
          ]
        ]
      },
      "properties": {
        "district_type": "park",
        "density": 0.08,
        "green_ratio": 0.78,
        "far": 0.76,
        "rule_set": "park_v1",
        "area": 61776.0,
        "feature_type": "District",
        "parent_id": null,
        "stage": "districts",
        "seed": 2606390613657114723
      }
    },
    {
      "type": "Feature",
      "id": "district-residential-42",
      "geometry": {
        "type": "Polygon",
        "coordinates": [
          [
            [
              308.815,
              702.0
            ],
            [
              620.815,
              702.0
            ],
            [
              620.815,
              900.0
            ],
            [
              308.815,
              900.0
            ],
            [
              308.815,
              702.0
            ]
          ]
        ]
      },
      "properties": {
        "district_type": "residential",
        "density": 0.55,
        "green_ratio": 0.22,
        "far": 2.26,
        "rule_set": "residential_v1",
        "area": 61775.99999999994,
        "feature_type": "District",
        "parent_id": null,
        "stage": "districts",
        "seed": 2606390613657114723
      }
    },
    {
      "type": "Feature",
      "id": "district-residential-43",
      "geometry": {
        "type": "Polygon",
        "coordinates": [
          [
            [
              622.846,
              702.0
            ],
            [
              910.846,
              702.0
            ],
            [
              910.846,
              900.0
            ],
            [
              622.846,
              900.0
            ],
            [
              622.846,
              702.0
            ]
          ]
        ]
      },
      "properties": {
        "district_type": "residential",
        "density": 0.55,
        "green_ratio": 0.22,
        "far": 2.26,
        "rule_set": "residential_v1",
        "area": 57024.00000000006,
        "feature_type": "District",
        "parent_id": null,
        "stage": "districts",
        "seed": 2606390613657114723
      }
    },
    {
      "type": "Feature",
      "id": "district-business-44",
      "geometry": {
        "type": "Polygon",
        "coordinates": [
          [
            [
              912.0,
              702.0
            ],
            [
              1200.0,
              702.0
            ],
            [
              1200.0,
              900.0
            ],
            [
              912.0,
              900.0
            ],
            [
              912.0,
              702.0
            ]
          ]
        ]
      },
      "properties": {
        "district_type": "business",
        "density": 0.95,
        "green_ratio": 0.04,
        "far": 3.54,
        "rule_set": "business_v1",
        "area": 57024.0,
        "feature_type": "District",
        "parent_id": null,
        "stage": "districts",
        "seed": 2606390613657114723
      }
    },
    {
      "type": "Feature",
      "id": "block-district-industrial-11-11",
      "geometry": {
        "type": "Polygon",
        "coordinates": [
          [
            [
              3.12,
              3.12
            ],
            [
              152.88,
              5.831
            ],
            [
              152.88,
              86.88
            ],
            [
              3.12,
              84.169
            ],
            [
              3.12,
              3.12
            ]
          ]
        ]
      },
      "properties": {
        "district": "industrial",
        "area": 12137.827518733267,
        "road_access": true,
        "index": [
          0,
          0
        ],
        "feature_type": "Block",
        "parent_id": "district-industrial-11",
        "stage": "blocks",
        "seed": 6101310954669682612
      }
    },
    {
      "type": "Feature",
      "id": "block-district-industrial-11-12",
      "geometry": {
        "type": "Polygon",
        "coordinates": [
          [
            [
              159.12,
              3.12
            ],
            [
              308.88,
              2.668
            ],
            [
              308.88,
              86.88
            ],
            [
              159.12,
              87.332
            ],
            [
              159.12,
              3.12
            ]
          ]
        ]
      },
      "properties": {
        "district": "industrial",
        "area": 12611.582977863753,
        "road_access": true,
        "index": [
          0,
          1
        ],
        "feature_type": "Block",
        "parent_id": "district-industrial-11",
        "stage": "blocks",
        "seed": 6101310954669682612
      }
    },
    {
      "type": "Feature",
      "id": "block-district-industrial-11-21",
      "geometry": {
        "type": "Polygon",
        "coordinates": [
          [
            [
              3.12,
              93.12
            ],
            [
              152.88,
              94.1
            ],
            [
              152.88,
              176.88
            ],
            [
              3.12,
              175.9
            ],
            [
              3.12,
              93.12
            ]
          ]
        ]
      },
      "properties": {
        "district": "industrial",
        "area": 12397.131650189216,
        "road_access": true,
        "index": [
          1,
          0
        ],
        "feature_type": "Block",
        "parent_id": "district-industrial-11",
        "stage": "blocks",
        "seed": 6101310954669682612
      }
    },
    {
      "type": "Feature",
      "id": "block-district-industrial-11-22",
      "geometry": {
        "type": "Polygon",
        "coordinates": [
          [
            [
              159.12,
              93.12
            ],
            [
              308.88,
              94.678
            ],
            [
              308.88,
              176.88
            ],
            [
              159.12,
              175.322
            ],
            [
              159.12,
              93.12
            ]
          ]
        ]
      },
      "properties": {
        "district": "industrial",
        "area": 12310.614490652431,
        "road_access": true,
        "index": [
          1,
          1
        ],
        "feature_type": "Block",
        "parent_id": "district-industrial-11",
        "stage": "blocks",
        "seed": 6101310954669682612
      }
    },
    {
      "type": "Feature",
      "id": "block-district-industrial-11-31",
      "geometry": {
        "type": "Polygon",
        "coordinates": [
          [
            [
              3.12,
              183.12
            ],
            [
              152.88,
              185.193
            ],
            [
              152.88,
              266.88
            ],
            [
              3.12,
              264.807
            ],
            [
              3.12,
              183.12
            ]
          ]
        ]
      },
      "properties": {
        "district": "industrial",
        "area": 12233.409987134994,
        "road_access": true,
        "index": [
          2,
          0
        ],
        "feature_type": "Block",
        "parent_id": "district-industrial-11",
        "stage": "blocks",
        "seed": 6101310954669682612
      }
    },
    {
      "type": "Feature",
      "id": "block-district-industrial-11-32",
      "geometry": {
        "type": "Polygon",
        "coordinates": [
          [
            [
              159.12,
              183.12
            ],
            [
              308.88,
              183.428
            ],
            [
              308.88,
              266.88
            ],
            [
              159.12,
              266.572
            ],
            [
              159.12,
              183.12
            ]
          ]
        ]
      },
      "properties": {
        "district": "industrial",
        "area": 12497.766563647167,
        "road_access": true,
        "index": [
          2,
          1
        ],
        "feature_type": "Block",
        "parent_id": "district-industrial-11",
        "stage": "blocks",
        "seed": 6101310954669682612
      }
    },
    {
      "type": "Feature",
      "id": "block-district-harbor-12-11",
      "geometry": {
        "type": "Polygon",
        "coordinates": [
          [
            [
              315.097,
              3.12
            ],
            [
              464.857,
              1.694
            ],
            [
              464.857,
              86.88
            ],
            [
              315.097,
              88.306
            ],
            [
              315.097,
              3.12
            ]
          ]
        ]
      },
      "properties": {
        "district": "harbor",
        "area": 12757.461708480218,
        "road_access": true,
        "index": [
          0,
          0
        ],
        "feature_type": "Block",
        "parent_id": "district-harbor-12",
        "stage": "blocks",
        "seed": 6101310954669682612
      }
    },
    {
      "type": "Feature",
      "id": "block-district-harbor-12-12",
      "geometry": {
        "type": "Polygon",
        "coordinates": [
          [
            [
              471.097,
              3.12
            ],
            [
              620.857,
              3.778
            ],
            [
              620.857,
              86.88
            ],
            [
              471.097,
              86.222
            ],
            [
              471.097,
              3.12
            ]
          ]
        ]
      },
      "properties": {
        "district": "harbor",
        "area": 12445.344429191133,
        "road_access": true,
        "index": [
          0,
          1
        ],
        "feature_type": "Block",
        "parent_id": "district-harbor-12",
        "stage": "blocks",
        "seed": 6101310954669682612
      }
    },
    {
      "type": "Feature",
      "id": "block-district-harbor-12-21",
      "geometry": {
        "type": "Polygon",
        "coordinates": [
          [
            [
              315.097,
              93.12
            ],
            [
              464.857,
              92.523
            ],
            [
              464.857,
              176.88
            ],
            [
              315.097,
              177.477
            ],
            [
              315.097,
              93.12
            ]
          ]
        ]
      },
      "properties": {
        "district": "harbor",
        "area": 12633.356996732027,
        "road_access": true,
        "index": [
          1,
          0
        ],
        "feature_type": "Block",
        "parent_id": "district-harbor-12",
        "stage": "blocks",
        "seed": 6101310954669682612
      }
    },
    {
      "type": "Feature",
      "id": "block-district-harbor-12-22",
      "geometry": {
        "type": "Polygon",
        "coordinates": [
          [
            [
              471.097,
              93.12
            ],
            [
              620.857,
              92.499
            ],
            [
              620.857,
              176.88
            ],
            [
              471.097,
              177.501
            ],
            [
              471.097,
              93.12
            ]
          ]
        ]
      },
      "properties": {
        "district": "harbor",
        "area": 12636.870288770915,
        "road_access": true,
        "index": [
          1,
          1
        ],
        "feature_type": "Block",
        "parent_id": "district-harbor-12",
        "stage": "blocks",
        "seed": 6101310954669682612
      }
    },
    {
      "type": "Feature",
      "id": "block-district-harbor-12-31",
      "geometry": {
        "type": "Polygon",
        "coordinates": [
          [
            [
              315.097,
              183.12
            ],
            [
              464.857,
              183.237
            ],
            [
              464.857,
              266.88
            ],
            [
              315.097,
              266.763
            ],
            [
              315.097,
              183.12
            ]
          ]
        ]
      },
      "properties": {
        "district": "harbor",
        "area": 12526.318426653928,
        "road_access": true,
        "index": [
          2,
          0
        ],
        "feature_type": "Block",
        "parent_id": "district-harbor-12",
        "stage": "blocks",
        "seed": 6101310954669682612
      }
    },
    {
      "type": "Feature",
      "id": "block-district-harbor-12-32",
      "geometry": {
        "type": "Polygon",
        "coordinates": [
          [
            [
              471.097,
              183.12
            ],
            [
              620.857,
              183.529
            ],
            [
              620.857,
              266.88
            ],
            [
              471.097,
              266.471
            ],
            [
              471.097,
              183.12
            ]
          ]
        ]
      },
      "properties": {
        "district": "harbor",
        "area": 12482.671478108881,
        "road_access": true,
        "index": [
          2,
          1
        ],
        "feature_type": "Block",
        "parent_id": "district-harbor-12",
        "stage": "blocks",
        "seed": 6101310954669682612
      }
    },
    {
      "type": "Feature",
      "id": "block-district-commercial-13-11",
      "geometry": {
        "type": "Polygon",
        "coordinates": [
          [
            [
              629.741,
              2.88
            ],
            [
              719.981,
              4.115
            ],
            [
              719.981,
              87.12
            ],
            [
              629.741,
              85.885
            ],
            [
              629.741,
              2.88
            ]
          ]
        ]
      },
      "properties": {
        "district": "commercial",
        "area": 7490.332265442005,
        "road_access": true,
        "index": [
          0,
          0
        ],
        "feature_type": "Block",
        "parent_id": "district-commercial-13",
        "stage": "blocks",
        "seed": 6101310954669682612
      }
    },
    {
      "type": "Feature",
      "id": "block-district-commercial-13-12",
      "geometry": {
        "type": "Polygon",
        "coordinates": [
          [
            [
              725.741,
              2.88
            ],
            [
              815.981,
              0.076
            ],
            [
              815.981,
              87.12
            ],
            [
              725.741,
              89.924
            ],
            [
              725.741,
              2.88
            ]
          ]
        ]
      },
      "properties": {
        "district": "commercial",
        "area": 7854.829259853976,
        "road_access": true,
        "index": [
          0,
          1
        ],
        "feature_type": "Block",
        "parent_id": "district-commercial-13",
        "stage": "blocks",
        "seed": 6101310954669682612
      }
    },
    {
      "type": "Feature",
      "id": "block-district-commercial-13-13",
      "geometry": {
        "type": "Polygon",
        "coordinates": [
          [
            [
              821.741,
              2.88
            ],
            [
              911.981,
              1.335
            ],
            [
              911.981,
              87.12
            ],
            [
              821.741,
              88.665
            ],
            [
              821.741,
              2.88
            ]
          ]
        ]
      },
      "properties": {
        "district": "commercial",
        "area": 7741.238795421805,
        "road_access": true,
        "index": [
          0,
          2
        ],
        "feature_type": "Block",
        "parent_id": "district-commercial-13",
        "stage": "blocks",
        "seed": 6101310954669682612
      }
    },
    {
      "type": "Feature",
      "id": "block-district-commercial-13-21",
      "geometry": {
        "type": "Polygon",
        "coordinates": [
          [
            [
              629.741,
              92.88
            ],
            [
              719.981,
              94.564
            ],
            [
              719.981,
              177.12
            ],
            [
              629.741,
              175.436
            ],
            [
              629.741,
              92.88
            ]
          ]
        ]
      },
      "properties": {
        "district": "commercial",
        "area": 7449.82157553342,
        "road_access": true,
        "index": [
          1,
          0
        ],
        "feature_type": "Block",
        "parent_id": "district-commercial-13",
        "stage": "blocks",
        "seed": 6101310954669682612
      }
    },
    {
      "type": "Feature",
      "id": "block-district-commercial-13-22",
      "geometry": {
        "type": "Polygon",
        "coordinates": [
          [
            [
              725.741,
              92.88
            ],
            [
              815.981,
              94.892
            ],
            [
              815.981,
              177.12
            ],
            [
              725.741,
              175.108
            ],
            [
              725.741,
              92.88
            ]
          ]
        ]
      },
      "properties": {
        "district": "commercial",
        "area": 7420.218625103691,
        "road_access": true,
        "index": [
          1,
          1
        ],
        "feature_type": "Block",
        "parent_id": "district-commercial-13",
        "stage": "blocks",
        "seed": 6101310954669682612
      }
    },
    {
      "type": "Feature",
      "id": "block-district-commercial-13-23",
      "geometry": {
        "type": "Polygon",
        "coordinates": [
          [
            [
              821.741,
              92.88
            ],
            [
              911.981,
              91.279
            ],
            [
              911.981,
              177.12
            ],
            [
              821.741,
              178.721
            ],
            [
              821.741,
              92.88
            ]
          ]
        ]
      },
      "properties": {
        "district": "commercial",
        "area": 7746.263828717514,
        "road_access": true,
        "index": [
          1,
          2
        ],
        "feature_type": "Block",
        "parent_id": "district-commercial-13",
        "stage": "blocks",
        "seed": 6101310954669682612
      }
    },
    {
      "type": "Feature",
      "id": "block-district-commercial-13-31",
      "geometry": {
        "type": "Polygon",
        "coordinates": [
          [
            [
              629.741,
              182.88
            ],
            [
              719.981,
              184.721
            ],
            [
              719.981,
              267.12
            ],
            [
              629.741,
              265.279
            ],
            [
              629.741,
              182.88
            ]
          ]
        ]
      },
      "properties": {
        "district": "commercial",
        "area": 7435.7232213960015,
        "road_access": true,
        "index": [
          2,
          0
        ],
        "feature_type": "Block",
        "parent_id": "district-commercial-13",
        "stage": "blocks",
        "seed": 6101310954669682612
      }
    },
    {
      "type": "Feature",
      "id": "block-district-commercial-13-32",
      "geometry": {
        "type": "Polygon",
        "coordinates": [
          [
            [
              725.741,
              182.88
            ],
            [
              815.981,
              183.278
            ],
            [
              815.981,
              267.12
            ],
            [
              725.741,
              266.722
            ],
            [
              725.741,
              182.88
            ]
          ]
        ]
      },
      "properties": {
        "district": "commercial",
        "area": 7565.879264170915,
        "road_access": true,
        "index": [
          2,
          1
        ],
        "feature_type": "Block",
        "parent_id": "district-commercial-13",
        "stage": "blocks",
        "seed": 6101310954669682612
      }
    },
    {
      "type": "Feature",
      "id": "block-district-commercial-13-33",
      "geometry": {
        "type": "Polygon",
        "coordinates": [
          [
            [
              821.741,
              182.88
            ],
            [
              911.981,
              185.798
            ],
            [
              911.981,
              267.12
            ],
            [
              821.741,
              264.202
            ],
            [
              821.741,
              182.88
            ]
          ]
        ]
      },
      "properties": {
        "district": "commercial",
        "area": 7338.49573706981,
        "road_access": true,
        "index": [
          2,
          2
        ],
        "feature_type": "Block",
        "parent_id": "district-commercial-13",
        "stage": "blocks",
        "seed": 6101310954669682612
      }
    },
    {
      "type": "Feature",
      "id": "block-district-residential-14-11",
      "geometry": {
        "type": "Polygon",
        "coordinates": [
          [
            [
              914.88,
              2.88
            ],
            [
              1005.12,
              5.001
            ],
            [
              1005.12,
              87.12
            ],
            [
              914.88,
              84.999
            ],
            [
              914.88,
              2.88
            ]
          ]
        ]
      },
      "properties": {
        "district": "residential",
        "area": 7410.403508372682,
        "road_access": true,
        "index": [
          0,
          0
        ],
        "feature_type": "Block",
        "parent_id": "district-residential-14",
        "stage": "blocks",
        "seed": 6101310954669682612
      }
    },
    {
      "type": "Feature",
      "id": "block-district-residential-14-12",
      "geometry": {
        "type": "Polygon",
        "coordinates": [
          [
            [
              1010.88,
              2.88
            ],
            [
              1101.12,
              3.036
            ],
            [
              1101.12,
              87.12
            ],
            [
              1010.88,
              86.964
            ],
            [
              1010.88,
              2.88
            ]
          ]
        ]
      },
      "properties": {
        "district": "residential",
        "area": 7587.728283261477,
        "road_access": true,
        "index": [
          0,
          1
        ],
        "feature_type": "Block",
        "parent_id": "district-residential-14",
        "stage": "blocks",
        "seed": 6101310954669682612
      }
    },
    {
      "type": "Feature",
      "id": "block-district-residential-14-13",
      "geometry": {
        "type": "Polygon",
        "coordinates": [
          [
            [
              1106.88,
              2.88
            ],
            [
              1197.12,
              4.488
            ],
            [
              1197.12,
              87.12
            ],
            [
              1106.88,
              85.512
            ],
            [
              1106.88,
              2.88
            ]
          ]
        ]
      },
      "properties": {
        "district": "residential",
        "area": 7456.7219926756425,
        "road_access": true,
        "index": [
          0,
          2
        ],
        "feature_type": "Block",
        "parent_id": "district-residential-14",
        "stage": "blocks",
        "seed": 6101310954669682612
      }
    },
    {
      "type": "Feature",
      "id": "block-district-residential-14-21",
      "geometry": {
        "type": "Polygon",
        "coordinates": [
          [
            [
              914.88,
              92.88
            ],
            [
              1005.12,
              92.933
            ],
            [
              1005.12,
              177.12
            ],
            [
              914.88,
              177.067
            ],
            [
              914.88,
              92.88
            ]
          ]
        ]
      },
      "properties": {
        "district": "residential",
        "area": 7597.073086515986,
        "road_access": true,
        "index": [
          1,
          0
        ],
        "feature_type": "Block",
        "parent_id": "district-residential-14",
        "stage": "blocks",
        "seed": 6101310954669682612
      }
    },
    {
      "type": "Feature",
      "id": "block-district-residential-14-22",
      "geometry": {
        "type": "Polygon",
        "coordinates": [
          [
            [
              1010.88,
              92.88
            ],
            [
              1101.12,
              92.702
            ],
            [
              1101.12,
              177.12
            ],
            [
              1010.88,
              177.298
            ],
            [
              1010.88,
              92.88
            ]
          ]
        ]
      },
      "properties": {
        "district": "residential",
        "area": 7617.925181838276,
        "road_access": true,
        "index": [
          1,
          1
        ],
        "feature_type": "Block",
        "parent_id": "district-residential-14",
        "stage": "blocks",
        "seed": 6101310954669682612
      }
    },
    {
      "type": "Feature",
      "id": "block-district-residential-14-23",
      "geometry": {
        "type": "Polygon",
        "coordinates": [
          [
            [
              1106.88,
              92.88
            ],
            [
              1197.12,
              93.465
            ],
            [
              1197.12,
              177.12
            ],
            [
              1106.88,
              176.535
            ],
            [
              1106.88,
              92.88
            ]
          ]
        ]
      },
      "properties": {
        "district": "residential",
        "area": 7549.048032014034,
        "road_access": true,
        "index": [
          1,
          2
        ],
        "feature_type": "Block",
        "parent_id": "district-residential-14",
        "stage": "blocks",
        "seed": 6101310954669682612
      }
    },
    {
      "type": "Feature",
      "id": "block-district-residential-14-31",
      "geometry": {
        "type": "Polygon",
        "coordinates": [
          [
            [
              914.88,
              182.88
            ],
            [
              1005.12,
              183.291
            ],
            [
              1005.12,
              267.12
            ],
            [
              914.88,
              266.709
            ],
            [
              914.88,
              182.88
            ]
          ]
        ]
      },
      "properties": {
        "district": "residential",
        "area": 7564.739833574873,
        "road_access": true,
        "index": [
          2,
          0
        ],
        "feature_type": "Block",
        "parent_id": "district-residential-14",
        "stage": "blocks",
        "seed": 6101310954669682612
      }
    },
    {
      "type": "Feature",
      "id": "block-district-residential-14-32",
      "geometry": {
        "type": "Polygon",
        "coordinates": [
          [
            [
              1010.88,
              182.88
            ],
            [
              1101.12,
              183.859
            ],
            [
              1101.12,
              267.12
            ],
            [
              1010.88,
              266.141
            ],
            [
              1010.88,
              182.88
            ]
          ]
        ]
      },
      "properties": {
        "district": "residential",
        "area": 7513.431616192014,
        "road_access": true,
        "index": [
          2,
          1
        ],
        "feature_type": "Block",
        "parent_id": "district-residential-14",
        "stage": "blocks",
        "seed": 6101310954669682612
      }
    },
    {
      "type": "Feature",
      "id": "block-district-residential-14-33",
      "geometry": {
        "type": "Polygon",
        "coordinates": [
          [
            [
              1106.88,
              182.88
            ],
            [
              1197.12,
              184.932
            ],
            [
              1197.12,
              267.12
            ],
            [
              1106.88,
              265.068
            ],
            [
              1106.88,
              182.88
            ]
          ]
        ]
      },
      "properties": {
        "district": "residential",
        "area": 7416.605260028897,
        "road_access": true,
        "index": [
          2,
          2
        ],
        "feature_type": "Block",
        "parent_id": "district-residential-14",
        "stage": "blocks",
        "seed": 6101310954669682612
      }
    },
    {
      "type": "Feature",
      "id": "block-district-industrial-21-11",
      "geometry": {
        "type": "Polygon",
        "coordinates": [
          [
            [
              3.12,
              277.566
            ],
            [
              152.88,
              279.646
            ],
            [
              152.88,
              349.326
            ],
            [
              3.12,
              347.246
            ],
            [
              3.12,
              277.566
            ]
          ]
        ]
      },
      "properties": {
        "district": "industrial",
        "area": 10435.297207327096,
        "road_access": true,
        "index": [
          0,
          0
        ],
        "feature_type": "Block",
        "parent_id": "district-industrial-21",
        "stage": "blocks",
        "seed": 6101310954669682612
      }
    },
    {
      "type": "Feature",
      "id": "block-district-industrial-21-12",
      "geometry": {
        "type": "Polygon",
        "coordinates": [
          [
            [
              159.12,
              277.566
            ],
            [
              308.88,
              279.78
            ],
            [
              308.88,
              349.326
            ],
            [
              159.12,
              347.112
            ],
            [
              159.12,
              277.566
            ]
          ]
        ]
      },
      "properties": {
        "district": "industrial",
        "area": 10415.255549946312,
        "road_access": true,
        "index": [
          0,
          1
        ],
        "feature_type": "Block",
        "parent_id": "district-industrial-21",
        "stage": "blocks",
        "seed": 6101310954669682612
      }
    },
    {
      "type": "Feature",
      "id": "block-district-industrial-21-21",
      "geometry": {
        "type": "Polygon",
        "coordinates": [
          [
            [
              3.12,
              355.566
            ],
            [
              152.88,
              354.933
            ],
            [
              152.88,
              427.326
            ],
            [
              3.12,
              427.959
            ],
            [
              3.12,
              355.566
            ]
          ]
        ]
      },
      "properties": {
        "district": "industrial",
        "area": 10841.540699262228,
        "road_access": true,
        "index": [
          1,
          0
        ],
        "feature_type": "Block",
        "parent_id": "district-industrial-21",
        "stage": "blocks",
        "seed": 6101310954669682612
      }
    },
    {
      "type": "Feature",
      "id": "block-district-industrial-21-22",
      "geometry": {
        "type": "Polygon",
        "coordinates": [
          [
            [
              159.12,
              355.566
            ],
            [
              308.88,
              353.105
            ],
            [
              308.88,
              427.326
            ],
            [
              159.12,
              429.787
            ],
            [
              159.12,
              355.566
            ]
          ]
        ]
      },
      "properties": {
        "district": "industrial",
        "area": 11115.400907740328,
        "road_access": true,
        "index": [
          1,
          1
        ],
        "feature_type": "Block",
        "parent_id": "district-industrial-21",
        "stage": "blocks",
        "seed": 6101310954669682612
      }
    },
    {
      "type": "Feature",
      "id": "block-district-industrial-21-31",
      "geometry": {
        "type": "Polygon",
        "coordinates": [
          [
            [
              3.12,
              433.566
            ],
            [
              152.88,
              433.496
            ],
            [
              152.88,
              505.326
            ],
            [
              3.12,
              505.396
            ],
            [
              3.12,
              433.566
            ]
          ]
        ]
      },
      "properties": {
        "district": "industrial",
        "area": 10757.274366302856,
        "road_access": true,
        "index": [
          2,
          0
        ],
        "feature_type": "Block",
        "parent_id": "district-industrial-21",
        "stage": "blocks",
        "seed": 6101310954669682612
      }
    },
    {
      "type": "Feature",
      "id": "block-district-industrial-21-32",
      "geometry": {
        "type": "Polygon",
        "coordinates": [
          [
            [
              159.12,
              433.566
            ],
            [
              308.88,
              435.287
            ],
            [
              308.88,
              505.326
            ],
            [
              159.12,
              503.605
            ],
            [
              159.12,
              433.566
            ]
          ]
        ]
      },
      "properties": {
        "district": "industrial",
        "area": 10488.975234397461,
        "road_access": true,
        "index": [
          2,
          1
        ],
        "feature_type": "Block",
        "parent_id": "district-industrial-21",
        "stage": "blocks",
        "seed": 6101310954669682612
      }
    },
    {
      "type": "Feature",
      "id": "block-district-business-22-11",
      "geometry": {
        "type": "Polygon",
        "coordinates": [
          [
            [
              314.055,
              274.257
            ],
            [
              411.815,
              275.593
            ],
            [
              411.815,
              346.017
            ],
            [
              314.055,
              344.681
            ],
            [
              314.055,
              274.257
            ]
          ]
        ]
      },
      "properties": {
        "district": "business",
        "area": 6884.652996667275,
        "road_access": true,
        "index": [
          0,
          0
        ],
        "feature_type": "Block",
        "parent_id": "district-business-22",
        "stage": "blocks",
        "seed": 6101310954669682612
      }
    },
    {
      "type": "Feature",
      "id": "block-district-business-22-12",
      "geometry": {
        "type": "Polygon",
        "coordinates": [
          [
            [
              418.055,
              274.257
            ],
            [
              515.815,
              272.861
            ],
            [
              515.815,
              346.017
            ],
            [
              418.055,
              347.413
            ],
            [
              418.055,
              274.257
            ]
          ]
        ]
      },
      "properties": {
        "district": "business",
        "area": 7151.737566471602,
        "road_access": true,
        "index": [
          0,
          1
        ],
        "feature_type": "Block",
        "parent_id": "district-business-22",
        "stage": "blocks",
        "seed": 6101310954669682612
      }
    },
    {
      "type": "Feature",
      "id": "block-district-business-22-13",
      "geometry": {
        "type": "Polygon",
        "coordinates": [
          [
            [
              522.055,
              274.257
            ],
            [
              619.815,
              271.505
            ],
            [
              619.815,
              346.017
            ],
            [
              522.055,
              348.769
            ],
            [
              522.055,
              274.257
            ]
          ]
        ]
      },
      "properties": {
        "district": "business",
        "area": 7284.267739069503,
        "road_access": true,
        "index": [
          0,
          2
        ],
        "feature_type": "Block",
        "parent_id": "district-business-22",
        "stage": "blocks",
        "seed": 6101310954669682612
      }
    },
    {
      "type": "Feature",
      "id": "block-district-business-22-21",
      "geometry": {
        "type": "Polygon",
        "coordinates": [
          [
            [
              314.055,
              352.257
            ],
            [
              411.815,
              350.871
            ],
            [
              411.815,
              424.017
            ],
            [
              314.055,
              425.403
            ],
            [
              314.055,
              352.257
            ]
          ]
        ]
      },
      "properties": {
        "district": "business",
        "area": 7150.7946871759195,
        "road_access": true,
        "index": [
          1,
          0
        ],
        "feature_type": "Block",
        "parent_id": "district-business-22",
        "stage": "blocks",
        "seed": 6101310954669682612
      }
    },
    {
      "type": "Feature",
      "id": "block-district-business-22-22",
      "geometry": {
        "type": "Polygon",
        "coordinates": [
          [
            [
              418.055,
              352.257
            ],
            [
              515.815,
              351.371
            ],
            [
              515.815,
              424.017
            ],
            [
              418.055,
              424.903
            ],
            [
              418.055,
              352.257
            ]
          ]
        ]
      },
      "properties": {
        "district": "business",
        "area": 7101.8727571608615,
        "road_access": true,
        "index": [
          1,
          1
        ],
        "feature_type": "Block",
        "parent_id": "district-business-22",
        "stage": "blocks",
        "seed": 6101310954669682612
      }
    },
    {
      "type": "Feature",
      "id": "block-district-business-22-23",
      "geometry": {
        "type": "Polygon",
        "coordinates": [
          [
            [
              522.055,
              352.257
            ],
            [
              619.815,
              352.043
            ],
            [
              619.815,
              424.017
            ],
            [
              522.055,
              424.231
            ],
            [
              522.055,
              352.257
            ]
          ]
        ]
      },
      "properties": {
        "district": "business",
        "area": 7036.182509657665,
        "road_access": true,
        "index": [
          1,
          2
        ],
        "feature_type": "Block",
        "parent_id": "district-business-22",
        "stage": "blocks",
        "seed": 6101310954669682612
      }
    },
    {
      "type": "Feature",
      "id": "block-district-business-22-31",
      "geometry": {
        "type": "Polygon",
        "coordinates": [
          [
            [
              314.055,
              430.257
            ],
            [
              411.815,
              428.954
            ],
            [
              411.815,
              502.017
            ],
            [
              314.055,
              503.32
            ],
            [
              314.055,
              430.257
            ]
          ]
        ]
      },
      "properties": {
        "district": "business",
        "area": 7142.640287525515,
        "road_access": true,
        "index": [
          2,
          0
        ],
        "feature_type": "Block",
        "parent_id": "district-business-22",
        "stage": "blocks",
        "seed": 6101310954669682612
      }
    },
    {
      "type": "Feature",
      "id": "block-district-business-22-32",
      "geometry": {
        "type": "Polygon",
        "coordinates": [
          [
            [
              418.055,
              430.257
            ],
            [
              515.815,
              429.696
            ],
            [
              515.815,
              502.017
            ],
            [
              418.055,
              502.578
            ],
            [
              418.055,
              430.257
            ]
          ]
        ]
      },
      "properties": {
        "district": "business",
        "area": 7070.119747753488,
        "road_access": true,
        "index": [
          2,
          1
        ],
        "feature_type": "Block",
        "parent_id": "district-business-22",
        "stage": "blocks",
        "seed": 6101310954669682612
      }
    },
    {
      "type": "Feature",
      "id": "block-district-business-22-33",
      "geometry": {
        "type": "Polygon",
        "coordinates": [
          [
            [
              522.055,
              430.257
            ],
            [
              619.815,
              428.525
            ],
            [
              619.815,
              502.017
            ],
            [
              522.055,
              503.749
            ],
            [
              522.055,
              430.257
            ]
          ]
        ]
      },
      "properties": {
        "district": "business",
        "area": 7184.600327826105,
        "road_access": true,
        "index": [
          2,
          2
        ],
        "feature_type": "Block",
        "parent_id": "district-business-22",
        "stage": "blocks",
        "seed": 6101310954669682612
      }
    },
    {
      "type": "Feature",
      "id": "block-district-old_town-23-11",
      "geometry": {
        "type": "Polygon",
        "coordinates": [
          [
            [
              625.576,
              273.768
            ],
            [
              715.816,
              276.096
            ],
            [
              715.816,
              346.008
            ],
            [
              625.576,
              343.68
            ],
            [
              625.576,
              273.768
            ]
          ]
        ]
      },
      "properties": {
        "district": "old_town",
        "area": 6308.824799885144,
        "road_access": true,
        "index": [
          0,
          0
        ],
        "feature_type": "Block",
        "parent_id": "district-old_town-23",
        "stage": "blocks",
        "seed": 6101310954669682612
      }
    },
    {
      "type": "Feature",
      "id": "block-district-old_town-23-12",
      "geometry": {
        "type": "Polygon",
        "coordinates": [
          [
            [
              721.576,
              273.768
            ],
            [
              811.816,
              275.013
            ],
            [
              811.816,
              346.008
            ],
            [
              721.576,
              344.763
            ],
            [
              721.576,
              273.768
            ]
          ]
        ]
      },
      "properties": {
        "district": "old_town",
        "area": 6406.567309790436,
        "road_access": true,
        "index": [
          0,
          1
        ],
        "feature_type": "Block",
        "parent_id": "district-old_town-23",
        "stage": "blocks",
        "seed": 6101310954669682612
      }
    },
    {
      "type": "Feature",
      "id": "block-district-old_town-23-13",
      "geometry": {
        "type": "Polygon",
        "coordinates": [
          [
            [
              817.576,
              273.768
            ],
            [
              907.816,
              275.129
            ],
            [
              907.816,
              346.008
            ],
            [
              817.576,
              344.647
            ],
            [
              817.576,
              273.768
            ]
          ]
        ]
      },
      "properties": {
        "district": "old_town",
        "area": 6396.082870309459,
        "road_access": true,
        "index": [
          0,
          2
        ],
        "feature_type": "Block",
        "parent_id": "district-old_town-23",
        "stage": "blocks",
        "seed": 6101310954669682612
      }
    },
    {
      "type": "Feature",
      "id": "block-district-old_town-23-21",
      "geometry": {
        "type": "Polygon",
        "coordinates": [
          [
            [
              625.576,
              351.768
            ],
            [
              715.816,
              352.568
            ],
            [
              715.816,
              424.008
            ],
            [
              625.576,
              423.208
            ],
            [
              625.576,
              351.768
            ]
          ]
        ]
      },
      "properties": {
        "district": "old_town",
        "area": 6446.761628420325,
        "road_access": true,
        "index": [
          1,
          0
        ],
        "feature_type": "Block",
        "parent_id": "district-old_town-23",
        "stage": "blocks",
        "seed": 6101310954669682612
      }
    },
    {
      "type": "Feature",
      "id": "block-district-old_town-23-22",
      "geometry": {
        "type": "Polygon",
        "coordinates": [
          [
            [
              721.576,
              351.768
            ],
            [
              811.816,
              348.886
            ],
            [
              811.816,
              424.008
            ],
            [
              721.576,
              426.89
            ],
            [
              721.576,
              351.768
            ]
          ]
        ]
      },
      "properties": {
        "district": "old_town",
        "area": 6779.003835028241,
        "road_access": true,
        "index": [
          1,
          1
        ],
        "feature_type": "Block",
        "parent_id": "district-old_town-23",
        "stage": "blocks",
        "seed": 6101310954669682612
      }
    },
    {
      "type": "Feature",
      "id": "block-district-old_town-23-23",
      "geometry": {
        "type": "Polygon",
        "coordinates": [
          [
            [
              817.576,
              351.768
            ],
            [
              907.816,
              353.614
            ],
            [
              907.816,
              424.008
            ],
            [
              817.576,
              422.162
            ],
            [
              817.576,
              351.768
            ]
          ]
        ]
      },
      "properties": {
        "district": "old_town",
        "area": 6352.342189330055,
        "road_access": true,
        "index": [
          1,
          2
        ],
        "feature_type": "Block",
        "parent_id": "district-old_town-23",
        "stage": "blocks",
        "seed": 6101310954669682612
      }
    },
    {
      "type": "Feature",
      "id": "block-district-old_town-23-31",
      "geometry": {
        "type": "Polygon",
        "coordinates": [
          [
            [
              625.576,
              429.768
            ],
            [
              715.816,
              429.928
            ],
            [
              715.816,
              502.008
            ],
            [
              625.576,
              501.848
            ],
            [
              625.576,
              429.768
            ]
          ]
        ]
      },
      "properties": {
        "district": "old_town",
        "area": 6504.490415298933,
        "road_access": true,
        "index": [
          2,
          0
        ],
        "feature_type": "Block",
        "parent_id": "district-old_town-23",
        "stage": "blocks",
        "seed": 6101310954669682612
      }
    },
    {
      "type": "Feature",
      "id": "block-district-old_town-23-32",
      "geometry": {
        "type": "Polygon",
        "coordinates": [
          [
            [
              721.576,
              429.768
            ],
            [
              811.816,
              428.661
            ],
            [
              811.816,
              502.008
            ],
            [
              721.576,
              503.115
            ],
            [
              721.576,
              429.768
            ]
          ]
        ]
      },
      "properties": {
        "district": "old_town",
        "area": 6618.828426808264,
        "road_access": true,
        "index": [
          2,
          1
        ],
        "feature_type": "Block",
        "parent_id": "district-old_town-23",
        "stage": "blocks",
        "seed": 6101310954669682612
      }
    },
    {
      "type": "Feature",
      "id": "block-district-old_town-23-33",
      "geometry": {
        "type": "Polygon",
        "coordinates": [
          [
            [
              817.576,
              429.768
            ],
            [
              907.816,
              431.108
            ],
            [
              907.816,
              502.008
            ],
            [
              817.576,
              500.668
            ],
            [
              817.576,
              429.768
            ]
          ]
        ]
      },
      "properties": {
        "district": "old_town",
        "area": 6398.043930420419,
        "road_access": true,
        "index": [
          2,
          2
        ],
        "feature_type": "Block",
        "parent_id": "district-old_town-23",
        "stage": "blocks",
        "seed": 6101310954669682612
      }
    },
    {
      "type": "Feature",
      "id": "block-district-residential-24-11",
      "geometry": {
        "type": "Polygon",
        "coordinates": [
          [
            [
              914.88,
              269.447
            ],
            [
              1005.12,
              268.236
            ],
            [
              1005.12,
              341.687
            ],
            [
              914.88,
              342.898
            ],
            [
              914.88,
              269.447
            ]
          ]
        ]
      },
      "properties": {
        "district": "residential",
        "area": 6628.216079494858,
        "road_access": true,
        "index": [
          0,
          0
        ],
        "feature_type": "Block",
        "parent_id": "district-residential-24",
        "stage": "blocks",
        "seed": 6101310954669682612
      }
    },
    {
      "type": "Feature",
      "id": "block-district-residential-24-12",
      "geometry": {
        "type": "Polygon",
        "coordinates": [
          [
            [
              1010.88,
              269.447
            ],
            [
              1101.12,
              267.122
            ],
            [
              1101.12,
              341.687
            ],
            [
              1010.88,
              344.012
            ],
            [
              1010.88,
              269.447
            ]
          ]
        ]
      },
      "properties": {
        "district": "residential",
        "area": 6728.756218827504,
        "road_access": true,
        "index": [
          0,
          1
        ],
        "feature_type": "Block",
        "parent_id": "district-residential-24",
        "stage": "blocks",
        "seed": 6101310954669682612
      }
    },
    {
      "type": "Feature",
      "id": "block-district-residential-24-13",
      "geometry": {
        "type": "Polygon",
        "coordinates": [
          [
            [
              1106.88,
              269.447
            ],
            [
              1197.12,
              269.986
            ],
            [
              1197.12,
              341.687
            ],
            [
              1106.88,
              341.148
            ],
            [
              1106.88,
              269.447
            ]
          ]
        ]
      },
      "properties": {
        "district": "residential",
        "area": 6470.258688265021,
        "road_access": true,
        "index": [
          0,
          2
        ],
        "feature_type": "Block",
        "parent_id": "district-residential-24",
        "stage": "blocks",
        "seed": 6101310954669682612
      }
    },
    {
      "type": "Feature",
      "id": "block-district-residential-24-21",
      "geometry": {
        "type": "Polygon",
        "coordinates": [
          [
            [
              914.88,
              347.447
            ],
            [
              1005.12,
              345.505
            ],
            [
              1005.12,
              419.687
            ],
            [
              914.88,
              421.629
            ],
            [
              914.88,
              347.447
            ]
          ]
        ]
      },
      "properties": {
        "district": "residential",
        "area": 6694.216890961456,
        "road_access": true,
        "index": [
          1,
          0
        ],
        "feature_type": "Block",
        "parent_id": "district-residential-24",
        "stage": "blocks",
        "seed": 6101310954669682612
      }
    },
    {
      "type": "Feature",
      "id": "block-district-residential-24-22",
      "geometry": {
        "type": "Polygon",
        "coordinates": [
          [
            [
              1010.88,
              347.447
            ],
            [
              1101.12,
              349.819
            ],
            [
              1101.12,
              419.687
            ],
            [
              1010.88,
              417.315
            ],
            [
              1010.88,
              347.447
            ]
          ]
        ]
      },
      "properties": {
        "district": "residential",
        "area": 6304.85463882811,
        "road_access": true,
        "index": [
          1,
          1
        ],
        "feature_type": "Block",
        "parent_id": "district-residential-24",
        "stage": "blocks",
        "seed": 6101310954669682612
      }
    },
    {
      "type": "Feature",
      "id": "block-district-residential-24-23",
      "geometry": {
        "type": "Polygon",
        "coordinates": [
          [
            [
              1106.88,
              347.447
            ],
            [
              1197.12,
              348.083
            ],
            [
              1197.12,
              419.687
            ],
            [
              1106.88,
              419.051
            ],
            [
              1106.88,
              347.447
            ]
          ]
        ]
      },
      "properties": {
        "district": "residential",
        "area": 6461.566308953683,
        "road_access": true,
        "index": [
          1,
          2
        ],
        "feature_type": "Block",
        "parent_id": "district-residential-24",
        "stage": "blocks",
        "seed": 6101310954669682612
      }
    },
    {
      "type": "Feature",
      "id": "block-district-residential-24-31",
      "geometry": {
        "type": "Polygon",
        "coordinates": [
          [
            [
              914.88,
              425.447
            ],
            [
              1005.12,
              423.778
            ],
            [
              1005.12,
              497.687
            ],
            [
              914.88,
              499.356
            ],
            [
              914.88,
              425.447
            ]
          ]
        ]
      },
      "properties": {
        "district": "residential",
        "area": 6669.581004256732,
        "road_access": true,
        "index": [
          2,
          0
        ],
        "feature_type": "Block",
        "parent_id": "district-residential-24",
        "stage": "blocks",
        "seed": 6101310954669682612
      }
    },
    {
      "type": "Feature",
      "id": "block-district-residential-24-32",
      "geometry": {
        "type": "Polygon",
        "coordinates": [
          [
            [
              1010.88,
              425.447
            ],
            [
              1101.12,
              427.822
            ],
            [
              1101.12,
              497.687
            ],
            [
              1010.88,
              495.312
            ],
            [
              1010.88,
              425.447
            ]
          ]
        ]
      },
      "properties": {
        "district": "residential",
        "area": 6304.644925804052,
        "road_access": true,
        "index": [
          2,
          1
        ],
        "feature_type": "Block",
        "parent_id": "district-residential-24",
        "stage": "blocks",
        "seed": 6101310954669682612
      }
    },
    {
      "type": "Feature",
      "id": "block-district-residential-24-33",
      "geometry": {
        "type": "Polygon",
        "coordinates": [
          [
            [
              1106.88,
              425.447
            ],
            [
              1197.12,
              422.855
            ],
            [
              1197.12,
              497.687
            ],
            [
              1106.88,
              500.279
            ],
            [
              1106.88,
              425.447
            ]
          ]
        ]
      },
      "properties": {
        "district": "residential",
        "area": 6752.8784242170805,
        "road_access": true,
        "index": [
          2,
          2
        ],
        "feature_type": "Block",
        "parent_id": "district-residential-24",
        "stage": "blocks",
        "seed": 6101310954669682612
      }
    },
    {
      "type": "Feature",
      "id": "block-district-park-31-11",
      "geometry": {
        "type": "Polygon",
        "coordinates": [
          [
            [
              3.12,
              512.729
            ],
            [
              152.88,
              513.491
            ],
            [
              152.88,
              605.489
            ],
            [
              3.12,
              604.727
            ],
            [
              3.12,
              512.729
            ]
          ]
        ]
      },
      "properties": {
        "district": "park",
        "area": 13777.633759674174,
        "road_access": true,
        "index": [
          0,
          0
        ],
        "feature_type": "Block",
        "parent_id": "district-park-31",
        "stage": "blocks",
        "seed": 6101310954669682612
      }
    },
    {
      "type": "Feature",
      "id": "block-district-park-31-12",
      "geometry": {
        "type": "Polygon",
        "coordinates": [
          [
            [
              159.12,
              512.729
            ],
            [
              308.88,
              514.988
            ],
            [
              308.88,
              605.489
            ],
            [
              159.12,
              603.23
            ],
            [
              159.12,
              512.729
            ]
          ]
        ]
      },
      "properties": {
        "district": "park",
        "area": 13553.435124232536,
        "road_access": true,
        "index": [
          0,
          1
        ],
        "feature_type": "Block",
        "parent_id": "district-park-31",
        "stage": "blocks",
        "seed": 6101310954669682612
      }
    },
    {
      "type": "Feature",
      "id": "block-district-park-31-21",
      "geometry": {
        "type": "Polygon",
        "coordinates": [
          [
            [
              3.12,
              611.729
            ],
            [
              152.88,
              611.132
            ],
            [
              152.88,
              704.489
            ],
            [
              3.12,
              705.086
            ],
            [
              3.12,
              611.729
            ]
          ]
        ]
      },
      "properties": {
        "district": "park",
        "area": 13981.099399964525,
        "road_access": true,
        "index": [
          1,
          0
        ],
        "feature_type": "Block",
        "parent_id": "district-park-31",
        "stage": "blocks",
        "seed": 6101310954669682612
      }
    },
    {
      "type": "Feature",
      "id": "block-district-park-31-22",
      "geometry": {
        "type": "Polygon",
        "coordinates": [
          [
            [
              159.12,
              611.729
            ],
            [
              308.88,
              611.977
            ],
            [
              308.88,
              704.489
            ],
            [
              159.12,
              704.241
            ],
            [
              159.12,
              611.729
            ]
          ]
        ]
      },
      "properties": {
        "district": "park",
        "area": 13854.524656485577,
        "road_access": true,
        "index": [
          1,
          1
        ],
        "feature_type": "Block",
        "parent_id": "district-park-31",
        "stage": "blocks",
        "seed": 6101310954669682612
      }
    },
    {
      "type": "Feature",
      "id": "block-district-station_area-32-11",
      "geometry": {
        "type": "Polygon",
        "coordinates": [
          [
            [
              320.474,
              514.156
            ],
            [
              418.234,
              516.753
            ],
            [
              418.234,
              573.916
            ],
            [
              320.474,
              571.319
            ],
            [
              320.474,
              514.156
            ]
          ]
        ]
      },
      "properties": {
        "district": "station_area",
        "area": 5588.243841709846,
        "road_access": true,
        "index": [
          0,
          0
        ],
        "feature_type": "Block",
        "parent_id": "district-station_area-32",
        "stage": "blocks",
        "seed": 6101310954669682612
      }
    },
    {
      "type": "Feature",
      "id": "block-district-station_area-32-12",
      "geometry": {
        "type": "Polygon",
        "coordinates": [
          [
            [
              424.474,
              514.156
            ],
            [
              522.234,
              515.739
            ],
            [
              522.234,
              573.916
            ],
            [
              424.474,
              572.333
            ],
            [
              424.474,
              514.156
            ]
          ]
        ]
      },
      "properties": {
        "district": "station_area",
        "area": 5687.380792824246,
        "road_access": true,
        "index": [
          0,
          1
        ],
        "feature_type": "Block",
        "parent_id": "district-station_area-32",
        "stage": "blocks",
        "seed": 6101310954669682612
      }
    },
    {
      "type": "Feature",
      "id": "block-district-station_area-32-13",
      "geometry": {
        "type": "Polygon",
        "coordinates": [
          [
            [
              528.474,
              514.156
            ],
            [
              626.234,
              516.971
            ],
            [
              626.234,
              573.916
            ],
            [
              528.474,
              571.101
            ],
            [
              528.474,
              514.156
            ]
          ]
        ]
      },
      "properties": {
        "district": "station_area",
        "area": 5566.962895417411,
        "road_access": true,
        "index": [
          0,
          2
        ],
        "feature_type": "Block",
        "parent_id": "district-station_area-32",
        "stage": "blocks",
        "seed": 6101310954669682612
      }
    },
    {
      "type": "Feature",
      "id": "block-district-station_area-32-21",
      "geometry": {
        "type": "Polygon",
        "coordinates": [
          [
            [
              320.474,
              580.156
            ],
            [
              418.234,
              579.666
            ],
            [
              418.234,
              639.916
            ],
            [
              320.474,
              640.406
            ],
            [
              320.474,
              580.156
            ]
          ]
        ]
      },
      "properties": {
        "district": "station_area",
        "area": 5890.06997698138,
        "road_access": true,
        "index": [
          1,
          0
        ],
        "feature_type": "Block",
        "parent_id": "district-station_area-32",
        "stage": "blocks",
        "seed": 6101310954669682612
      }
    },
    {
      "type": "Feature",
      "id": "block-district-station_area-32-22",
      "geometry": {
        "type": "Polygon",
        "coordinates": [
          [
            [
              424.474,
              580.156
            ],
            [
              522.234,
              580.555
            ],
            [
              522.234,
              639.916
            ],
            [
              424.474,
              639.517
            ],
            [
              424.474,
              580.156
            ]
          ]
        ]
      },
      "properties": {
        "district": "station_area",
        "area": 5803.112209506813,
        "road_access": true,
        "index": [
          1,
          1
        ],
        "feature_type": "Block",
        "parent_id": "district-station_area-32",
        "stage": "blocks",
        "seed": 6101310954669682612
      }
    },
    {
      "type": "Feature",
      "id": "block-district-station_area-32-23",
      "geometry": {
        "type": "Polygon",
        "coordinates": [
          [
            [
              528.474,
              580.156
            ],
            [
              626.234,
              582.824
            ],
            [
              626.234,
              639.916
            ],
            [
              528.474,
              637.248
            ],
            [
              528.474,
              580.156
            ]
          ]
        ]
      },
      "properties": {
        "district": "station_area",
        "area": 5581.26508152805,
        "road_access": true,
        "index": [
          1,
          2
        ],
        "feature_type": "Block",
        "parent_id": "district-station_area-32",
        "stage": "blocks",
        "seed": 6101310954669682612
      }
    },
    {
      "type": "Feature",
      "id": "block-district-station_area-32-31",
      "geometry": {
        "type": "Polygon",
        "coordinates": [
          [
            [
              320.474,
              646.156
            ],
            [
              418.234,
              645.233
            ],
            [
              418.234,
              705.916
            ],
            [
              320.474,
              706.839
            ],
            [
              320.474,
              646.156
            ]
          ]
        ]
      },
      "properties": {
        "district": "station_area",
        "area": 5932.329710319347,
        "road_access": true,
        "index": [
          2,
          0
        ],
        "feature_type": "Block",
        "parent_id": "district-station_area-32",
        "stage": "blocks",
        "seed": 6101310954669682612
      }
    },
    {
      "type": "Feature",
      "id": "block-district-station_area-32-32",
      "geometry": {
        "type": "Polygon",
        "coordinates": [
          [
            [
              424.474,
              646.156
            ],
            [
              522.234,
              648.918
            ],
            [
              522.234,
              705.916
            ],
            [
              424.474,
              703.154
            ],
            [
              424.474,
              646.156
            ]
          ]
        ]
      },
      "properties": {
        "district": "station_area",
        "area": 5572.1212494413485,
        "road_access": true,
        "index": [
          2,
          1
        ],
        "feature_type": "Block",
        "parent_id": "district-station_area-32",
        "stage": "blocks",
        "seed": 6101310954669682612
      }
    },
    {
      "type": "Feature",
      "id": "block-district-station_area-32-33",
      "geometry": {
        "type": "Polygon",
        "coordinates": [
          [
            [
              528.474,
              646.156
            ],
            [
              626.234,
              648.972
            ],
            [
              626.234,
              705.916
            ],
            [
              528.474,
              703.1
            ],
            [
              528.474,
              646.156
            ]
          ]
        ]
      },
      "properties": {
        "district": "station_area",
        "area": 5566.849811824126,
        "road_access": true,
        "index": [
          2,
          2
        ],
        "feature_type": "Block",
        "parent_id": "district-station_area-32",
        "stage": "blocks",
        "seed": 6101310954669682612
      }
    },
    {
      "type": "Feature",
      "id": "block-district-commercial-33-11",
      "geometry": {
        "type": "Polygon",
        "coordinates": [
          [
            [
              626.388,
              514.092
            ],
            [
              716.628,
              511.778
            ],
            [
              716.628,
              574.332
            ],
            [
              626.388,
              576.646
            ],
            [
              626.388,
              514.092
            ]
          ]
        ]
      },
      "properties": {
        "district": "commercial",
        "area": 5644.911574997997,
        "road_access": true,
        "index": [
          0,
          0
        ],
        "feature_type": "Block",
        "parent_id": "district-commercial-33",
        "stage": "blocks",
        "seed": 6101310954669682612
      }
    },
    {
      "type": "Feature",
      "id": "block-district-commercial-33-12",
      "geometry": {
        "type": "Polygon",
        "coordinates": [
          [
            [
              722.388,
              514.092
            ],
            [
              812.628,
              513.527
            ],
            [
              812.628,
              574.332
            ],
            [
              722.388,
              574.897
            ],
            [
              722.388,
              514.092
            ]
          ]
        ]
      },
      "properties": {
        "district": "commercial",
        "area": 5487.0412631010695,
        "road_access": true,
        "index": [
          0,
          1
        ],
        "feature_type": "Block",
        "parent_id": "district-commercial-33",
        "stage": "blocks",
        "seed": 6101310954669682612
      }
    },
    {
      "type": "Feature",
      "id": "block-district-commercial-33-13",
      "geometry": {
        "type": "Polygon",
        "coordinates": [
          [
            [
              818.388,
              514.092
            ],
            [
              908.628,
              512.492
            ],
            [
              908.628,
              574.332
            ],
            [
              818.388,
              575.932
            ],
            [
              818.388,
              514.092
            ]
          ]
        ]
      },
      "properties": {
        "district": "commercial",
        "area": 5580.438116480218,
        "road_access": true,
        "index": [
          0,
          2
        ],
        "feature_type": "Block",
        "parent_id": "district-commercial-33",
        "stage": "blocks",
        "seed": 6101310954669682612
      }
    },
    {
      "type": "Feature",
      "id": "block-district-commercial-33-21",
      "geometry": {
        "type": "Polygon",
        "coordinates": [
          [
            [
              626.388,
              580.092
            ],
            [
              716.628,
              581.602
            ],
            [
              716.628,
              640.332
            ],
            [
              626.388,
              638.822
            ],
            [
              626.388,
              580.092
            ]
          ]
        ]
      },
      "properties": {
        "district": "commercial",
        "area": 5299.808786636277,
        "road_access": true,
        "index": [
          1,
          0
        ],
        "feature_type": "Block",
        "parent_id": "district-commercial-33",
        "stage": "blocks",
        "seed": 6101310954669682612
      }
    },
    {
      "type": "Feature",
      "id": "block-district-commercial-33-22",
      "geometry": {
        "type": "Polygon",
        "coordinates": [
          [
            [
              722.388,
              580.092
            ],
            [
              812.628,
              579.043
            ],
            [
              812.628,
              640.332
            ],
            [
              722.388,
              641.381
            ],
            [
              722.388,
              580.092
            ]
          ]
        ]
      },
      "properties": {
        "district": "commercial",
        "area": 5530.7600304926455,
        "road_access": true,
        "index": [
          1,
          1
        ],
        "feature_type": "Block",
        "parent_id": "district-commercial-33",
        "stage": "blocks",
        "seed": 6101310954669682612
      }
    },
    {
      "type": "Feature",
      "id": "block-district-commercial-33-23",
      "geometry": {
        "type": "Polygon",
        "coordinates": [
          [
            [
              818.388,
              580.092
            ],
            [
              908.628,
              577.436
            ],
            [
              908.628,
              640.332
            ],
            [
              818.388,
              642.988
            ],
            [
              818.388,
              580.092
            ]
          ]
        ]
      },
      "properties": {
        "district": "commercial",
        "area": 5675.731569811236,
        "road_access": true,
        "index": [
          1,
          2
        ],
        "feature_type": "Block",
        "parent_id": "district-commercial-33",
        "stage": "blocks",
        "seed": 6101310954669682612
      }
    },
    {
      "type": "Feature",
      "id": "block-district-commercial-33-31",
      "geometry": {
        "type": "Polygon",
        "coordinates": [
          [
            [
              626.388,
              646.092
            ],
            [
              716.628,
              643.954
            ],
            [
              716.628,
              706.332
            ],
            [
              626.388,
              708.47
            ],
            [
              626.388,
              646.092
            ]
          ]
        ]
      },
      "properties": {
        "district": "commercial",
        "area": 5628.972414285992,
        "road_access": true,
        "index": [
          2,
          0
        ],
        "feature_type": "Block",
        "parent_id": "district-commercial-33",
        "stage": "blocks",
        "seed": 6101310954669682612
      }
    },
    {
      "type": "Feature",
      "id": "block-district-commercial-33-32",
      "geometry": {
        "type": "Polygon",
        "coordinates": [
          [
            [
              722.388,
              646.092
            ],
            [
              812.628,
              645.244
            ],
            [
              812.628,
              706.332
            ],
            [
              722.388,
              707.18
            ],
            [
              722.388,
              646.092
            ]
          ]
        ]
      },
      "properties": {
        "district": "commercial",
        "area": 5512.540593864629,
        "road_access": true,
        "index": [
          2,
          1
        ],
        "feature_type": "Block",
        "parent_id": "district-commercial-33",
        "stage": "blocks",
        "seed": 6101310954669682612
      }
    },
    {
      "type": "Feature",
      "id": "block-district-commercial-33-33",
      "geometry": {
        "type": "Polygon",
        "coordinates": [
          [
            [
              818.388,
              646.092
            ],
            [
              908.628,
              648.071
            ],
            [
              908.628,
              706.332
            ],
            [
              818.388,
              704.353
            ],
            [
              818.388,
              646.092
            ]
          ]
        ]
      },
      "properties": {
        "district": "commercial",
        "area": 5257.428476730536,
        "road_access": true,
        "index": [
          2,
          2
        ],
        "feature_type": "Block",
        "parent_id": "district-commercial-33",
        "stage": "blocks",
        "seed": 6101310954669682612
      }
    },
    {
      "type": "Feature",
      "id": "block-district-residential-34-11",
      "geometry": {
        "type": "Polygon",
        "coordinates": [
          [
            [
              914.88,
              501.777
            ],
            [
              1005.12,
              499.831
            ],
            [
              1005.12,
              562.017
            ],
            [
              914.88,
              563.963
            ],
            [
              914.88,
              501.777
            ]
          ]
        ]
      },
      "properties": {
        "district": "residential",
        "area": 5611.65901223867,
        "road_access": true,
        "index": [
          0,
          0
        ],
        "feature_type": "Block",
        "parent_id": "district-residential-34",
        "stage": "blocks",
        "seed": 6101310954669682612
      }
    },
    {
      "type": "Feature",
      "id": "block-district-residential-34-12",
      "geometry": {
        "type": "Polygon",
        "coordinates": [
          [
            [
              1010.88,
              501.777
            ],
            [
              1101.12,
              500.328
            ],
            [
              1101.12,
              562.017
            ],
            [
              1010.88,
              563.466
            ],
            [
              1010.88,
              501.777
            ]
          ]
        ]
      },
      "properties": {
        "district": "residential",
        "area": 5566.8417220587435,
        "road_access": true,
        "index": [
          0,
          1
        ],
        "feature_type": "Block",
        "parent_id": "district-residential-34",
        "stage": "blocks",
        "seed": 6101310954669682612
      }
    },
    {
      "type": "Feature",
      "id": "block-district-residential-34-13",
      "geometry": {
        "type": "Polygon",
        "coordinates": [
          [
            [
              1106.88,
              501.777
            ],
            [
              1197.12,
              501.972
            ],
            [
              1197.12,
              562.017
            ],
            [
              1106.88,
              561.822
            ],
            [
              1106.88,
              501.777
            ]
          ]
        ]
      },
      "properties": {
        "district": "residential",
        "area": 5418.4870126572205,
        "road_access": true,
        "index": [
          0,
          2
        ],
        "feature_type": "Block",
        "parent_id": "district-residential-34",
        "stage": "blocks",
        "seed": 6101310954669682612
      }
    },
    {
      "type": "Feature",
      "id": "block-district-residential-34-21",
      "geometry": {
        "type": "Polygon",
        "coordinates": [
          [
            [
              914.88,
              567.777
            ],
            [
              1005.12,
              568.253
            ],
            [
              1005.12,
              628.017
            ],
            [
              914.88,
              627.541
            ],
            [
              914.88,
              567.777
            ]
          ]
        ]
      },
      "properties": {
        "district": "residential",
        "area": 5393.09582372327,
        "road_access": true,
        "index": [
          1,
          0
        ],
        "feature_type": "Block",
        "parent_id": "district-residential-34",
        "stage": "blocks",
        "seed": 6101310954669682612
      }
    },
    {
      "type": "Feature",
      "id": "block-district-residential-34-22",
      "geometry": {
        "type": "Polygon",
        "coordinates": [
          [
            [
              1010.88,
              567.777
            ],
            [
              1101.12,
              568.506
            ],
            [
              1101.12,
              628.017
            ],
            [
              1010.88,
              627.288
            ],
            [
              1010.88,
              567.777
            ]
          ]
        ]
      },
      "properties": {
        "district": "residential",
        "area": 5370.256636407576,
        "road_access": true,
        "index": [
          1,
          1
        ],
        "feature_type": "Block",
        "parent_id": "district-residential-34",
        "stage": "blocks",
        "seed": 6101310954669682612
      }
    },
    {
      "type": "Feature",
      "id": "block-district-residential-34-23",
      "geometry": {
        "type": "Polygon",
        "coordinates": [
          [
            [
              1106.88,
              567.777
            ],
            [
              1197.12,
              567.689
            ],
            [
              1197.12,
              628.017
            ],
            [
              1106.88,
              628.105
            ],
            [
              1106.88,
              567.777
            ]
          ]
        ]
      },
      "properties": {
        "district": "residential",
        "area": 5443.997961228073,
        "road_access": true,
        "index": [
          1,
          2
        ],
        "feature_type": "Block",
        "parent_id": "district-residential-34",
        "stage": "blocks",
        "seed": 6101310954669682612
      }
    },
    {
      "type": "Feature",
      "id": "block-district-residential-34-31",
      "geometry": {
        "type": "Polygon",
        "coordinates": [
          [
            [
              914.88,
              633.777
            ],
            [
              1005.12,
              631.148
            ],
            [
              1005.12,
              694.017
            ],
            [
              914.88,
              696.646
            ],
            [
              914.88,
              633.777
            ]
          ]
        ]
      },
      "properties": {
        "district": "residential",
        "area": 5673.275506260688,
        "road_access": true,
        "index": [
          2,
          0
        ],
        "feature_type": "Block",
        "parent_id": "district-residential-34",
        "stage": "blocks",
        "seed": 6101310954669682612
      }
    },
    {
      "type": "Feature",
      "id": "block-district-residential-34-32",
      "geometry": {
        "type": "Polygon",
        "coordinates": [
          [
            [
              1010.88,
              633.777
            ],
            [
              1101.12,
              633.788
            ],
            [
              1101.12,
              694.017
            ],
            [
              1010.88,
              694.006
            ],
            [
              1010.88,
              633.777
            ]
          ]
        ]
      },
      "properties": {
        "district": "residential",
        "area": 5435.082311510865,
        "road_access": true,
        "index": [
          2,
          1
        ],
        "feature_type": "Block",
        "parent_id": "district-residential-34",
        "stage": "blocks",
        "seed": 6101310954669682612
      }
    },
    {
      "type": "Feature",
      "id": "block-district-residential-34-33",
      "geometry": {
        "type": "Polygon",
        "coordinates": [
          [
            [
              1106.88,
              633.777
            ],
            [
              1197.12,
              632.852
            ],
            [
              1197.12,
              694.017
            ],
            [
              1106.88,
              694.942
            ],
            [
              1106.88,
              633.777
            ]
          ]
        ]
      },
      "properties": {
        "district": "residential",
        "area": 5519.51088706177,
        "road_access": true,
        "index": [
          2,
          2
        ],
        "feature_type": "Block",
        "parent_id": "district-residential-34",
        "stage": "blocks",
        "seed": 6101310954669682612
      }
    },
    {
      "type": "Feature",
      "id": "block-district-park-41-11",
      "geometry": {
        "type": "Polygon",
        "coordinates": [
          [
            [
              3.12,
              705.12
            ],
            [
              152.88,
              705.295
            ],
            [
              152.88,
              797.88
            ],
            [
              3.12,
              797.705
            ],
            [
              3.12,
              705.12
            ]
          ]
        ]
      },
      "properties": {
        "district": "park",
        "area": 13865.45565687155,
        "road_access": true,
        "index": [
          0,
          0
        ],
        "feature_type": "Block",
        "parent_id": "district-park-41",
        "stage": "blocks",
        "seed": 6101310954669682612
      }
    },
    {
      "type": "Feature",
      "id": "block-district-park-41-12",
      "geometry": {
        "type": "Polygon",
        "coordinates": [
          [
            [
              159.12,
              705.12
            ],
            [
              308.88,
              705.39
            ],
            [
              308.88,
              797.88
            ],
            [
              159.12,
              797.61
            ],
            [
              159.12,
              705.12
            ]
          ]
        ]
      },
      "properties": {
        "district": "park",
        "area": 13851.240246003625,
        "road_access": true,
        "index": [
          0,
          1
        ],
        "feature_type": "Block",
        "parent_id": "district-park-41",
        "stage": "blocks",
        "seed": 6101310954669682612
      }
    },
    {
      "type": "Feature",
      "id": "block-district-park-41-21",
      "geometry": {
        "type": "Polygon",
        "coordinates": [
          [
            [
              3.12,
              804.12
            ],
            [
              152.88,
              805.211
            ],
            [
              152.88,
              896.88
            ],
            [
              3.12,
              895.789
            ],
            [
              3.12,
              804.12
            ]
          ]
        ]
      },
      "properties": {
        "district": "park",
        "area": 13728.41856797777,
        "road_access": true,
        "index": [
          1,
          0
        ],
        "feature_type": "Block",
        "parent_id": "district-park-41",
        "stage": "blocks",
        "seed": 6101310954669682612
      }
    },
    {
      "type": "Feature",
      "id": "block-district-park-41-22",
      "geometry": {
        "type": "Polygon",
        "coordinates": [
          [
            [
              159.12,
              804.12
            ],
            [
              308.88,
              805.05
            ],
            [
              308.88,
              896.88
            ],
            [
              159.12,
              895.95
            ],
            [
              159.12,
              804.12
            ]
          ]
        ]
      },
      "properties": {
        "district": "park",
        "area": 13752.492363589765,
        "road_access": true,
        "index": [
          1,
          1
        ],
        "feature_type": "Block",
        "parent_id": "district-park-41",
        "stage": "blocks",
        "seed": 6101310954669682612
      }
    },
    {
      "type": "Feature",
      "id": "block-district-residential-42-11",
      "geometry": {
        "type": "Polygon",
        "coordinates": [
          [
            [
              311.935,
              705.12
            ],
            [
              409.695,
              707.398
            ],
            [
              409.695,
              764.88
            ],
            [
              311.935,
              762.602
            ],
            [
              311.935,
              705.12
            ]
          ]
        ]
      },
      "properties": {
        "district": "residential",
        "area": 5619.4474646949675,
        "road_access": true,
        "index": [
          0,
          0
        ],
        "feature_type": "Block",
        "parent_id": "district-residential-42",
        "stage": "blocks",
        "seed": 6101310954669682612
      }
    },
    {
      "type": "Feature",
      "id": "block-district-residential-42-12",
      "geometry": {
        "type": "Polygon",
        "coordinates": [
          [
            [
              415.935,
              705.12
            ],
            [
              513.695,
              706.191
            ],
            [
              513.695,
              764.88
            ],
            [
              415.935,
              763.809
            ],
            [
              415.935,
              705.12
            ]
          ]
        ]
      },
      "properties": {
        "district": "residential",
        "area": 5737.462130782369,
        "road_access": true,
        "index": [
          0,
          1
        ],
        "feature_type": "Block",
        "parent_id": "district-residential-42",
        "stage": "blocks",
        "seed": 6101310954669682612
      }
    },
    {
      "type": "Feature",
      "id": "block-district-residential-42-13",
      "geometry": {
        "type": "Polygon",
        "coordinates": [
          [
            [
              519.935,
              705.12
            ],
            [
              617.695,
              706.709
            ],
            [
              617.695,
              764.88
            ],
            [
              519.935,
              763.291
            ],
            [
              519.935,
              705.12
            ]
          ]
        ]
      },
      "properties": {
        "district": "residential",
        "area": 5686.807207783073,
        "road_access": true,
        "index": [
          0,
          2
        ],
        "feature_type": "Block",
        "parent_id": "district-residential-42",
        "stage": "blocks",
        "seed": 6101310954669682612
      }
    },
    {
      "type": "Feature",
      "id": "block-district-residential-42-21",
      "geometry": {
        "type": "Polygon",
        "coordinates": [
          [
            [
              311.935,
              771.12
            ],
            [
              409.695,
              769.014
            ],
            [
              409.695,
              830.88
            ],
            [
              311.935,
              832.986
            ],
            [
              311.935,
              771.12
            ]
          ]
        ]
      },
      "properties": {
        "district": "residential",
        "area": 6047.986750408818,
        "road_access": true,
        "index": [
          1,
          0
        ],
        "feature_type": "Block",
        "parent_id": "district-residential-42",
        "stage": "blocks",
        "seed": 6101310954669682612
      }
    },
    {
      "type": "Feature",
      "id": "block-district-residential-42-22",
      "geometry": {
        "type": "Polygon",
        "coordinates": [
          [
            [
              415.935,
              771.12
            ],
            [
              513.695,
              768.788
            ],
            [
              513.695,
              830.88
            ],
            [
              415.935,
              833.212
            ],
            [
              415.935,
              771.12
            ]
          ]
        ]
      },
      "properties": {
        "district": "residential",
        "area": 6070.096350924898,
        "road_access": true,
        "index": [
          1,
          1
        ],
        "feature_type": "Block",
        "parent_id": "district-residential-42",
        "stage": "blocks",
        "seed": 6101310954669682612
      }
    },
    {
      "type": "Feature",
      "id": "block-district-residential-42-23",
      "geometry": {
        "type": "Polygon",
        "coordinates": [
          [
            [
              519.935,
              771.12
            ],
            [
              617.695,
              768.224
            ],
            [
              617.695,
              830.88
            ],
            [
              519.935,
              833.776
            ],
            [
              519.935,
              771.12
            ]
          ]
        ]
      },
      "properties": {
        "district": "residential",
        "area": 6125.231578425621,
        "road_access": true,
        "index": [
          1,
          2
        ],
        "feature_type": "Block",
        "parent_id": "district-residential-42",
        "stage": "blocks",
        "seed": 6101310954669682612
      }
    },
    {
      "type": "Feature",
      "id": "block-district-residential-42-31",
      "geometry": {
        "type": "Polygon",
        "coordinates": [
          [
            [
              311.935,
              837.12
            ],
            [
              409.695,
              837.277
            ],
            [
              409.695,
              896.88
            ],
            [
              311.935,
              896.723
            ],
            [
              311.935,
              837.12
            ]
          ]
        ]
      },
      "properties": {
        "district": "residential",
        "area": 5826.779091871853,
        "road_access": true,
        "index": [
          2,
          0
        ],
        "feature_type": "Block",
        "parent_id": "district-residential-42",
        "stage": "blocks",
        "seed": 6101310954669682612
      }
    },
    {
      "type": "Feature",
      "id": "block-district-residential-42-32",
      "geometry": {
        "type": "Polygon",
        "coordinates": [
          [
            [
              415.935,
              837.12
            ],
            [
              513.695,
              839.178
            ],
            [
              513.695,
              896.88
            ],
            [
              415.935,
              894.822
            ],
            [
              415.935,
              837.12
            ]
          ]
        ]
      },
      "properties": {
        "district": "residential",
        "area": 5640.971852113435,
        "road_access": true,
        "index": [
          2,
          1
        ],
        "feature_type": "Block",
        "parent_id": "district-residential-42",
        "stage": "blocks",
        "seed": 6101310954669682612
      }
    },
    {
      "type": "Feature",
      "id": "block-district-residential-42-33",
      "geometry": {
        "type": "Polygon",
        "coordinates": [
          [
            [
              519.935,
              837.12
            ],
            [
              617.695,
              837.684
            ],
            [
              617.695,
              896.88
            ],
            [
              519.935,
              896.316
            ],
            [
              519.935,
              837.12
            ]
          ]
        ]
      },
      "properties": {
        "district": "residential",
        "area": 5786.957712713862,
        "road_access": true,
        "index": [
          2,
          2
        ],
        "feature_type": "Block",
        "parent_id": "district-residential-42",
        "stage": "blocks",
        "seed": 6101310954669682612
      }
    },
    {
      "type": "Feature",
      "id": "block-district-residential-43-11",
      "geometry": {
        "type": "Polygon",
        "coordinates": [
          [
            [
              625.726,
              704.88
            ],
            [
              715.966,
              704.527
            ],
            [
              715.966,
              765.12
            ],
            [
              625.726,
              765.473
            ],
            [
              625.726,
              704.88
            ]
          ]
        ]
      },
      "properties": {
        "district": "residential",
        "area": 5467.950493181328,
        "road_access": true,
        "index": [
          0,
          0
        ],
        "feature_type": "Block",
        "parent_id": "district-residential-43",
        "stage": "blocks",
        "seed": 6101310954669682612
      }
    },
    {
      "type": "Feature",
      "id": "block-district-residential-43-12",
      "geometry": {
        "type": "Polygon",
        "coordinates": [
          [
            [
              721.726,
              704.88
            ],
            [
              811.966,
              705.317
            ],
            [
              811.966,
              765.12
            ],
            [
              721.726,
              764.683
            ],
            [
              721.726,
              704.88
            ]
          ]
        ]
      },
      "properties": {
        "district": "residential",
        "area": 5396.626442677021,
        "road_access": true,
        "index": [
          0,
          1
        ],
        "feature_type": "Block",
        "parent_id": "district-residential-43",
        "stage": "blocks",
        "seed": 6101310954669682612
      }
    },
    {
      "type": "Feature",
      "id": "block-district-residential-43-13",
      "geometry": {
        "type": "Polygon",
        "coordinates": [
          [
            [
              817.726,
              704.88
            ],
            [
              907.966,
              705.986
            ],
            [
              907.966,
              765.12
            ],
            [
              817.726,
              764.014
            ],
            [
              817.726,
              704.88
            ]
          ]
        ]
      },
      "properties": {
        "district": "residential",
        "area": 5336.284081746009,
        "road_access": true,
        "index": [
          0,
          2
        ],
        "feature_type": "Block",
        "parent_id": "district-residential-43",
        "stage": "blocks",
        "seed": 6101310954669682612
      }
    },
    {
      "type": "Feature",
      "id": "block-district-residential-43-21",
      "geometry": {
        "type": "Polygon",
        "coordinates": [
          [
            [
              625.726,
              770.88
            ],
            [
              715.966,
              770.181
            ],
            [
              715.966,
              831.12
            ],
            [
              625.726,
              831.819
            ],
            [
              625.726,
              770.88
            ]
          ]
        ]
      },
      "properties": {
        "district": "residential",
        "area": 5499.120366825315,
        "road_access": true,
        "index": [
          1,
          0
        ],
        "feature_type": "Block",
        "parent_id": "district-residential-43",
        "stage": "blocks",
        "seed": 6101310954669682612
      }
    },
    {
      "type": "Feature",
      "id": "block-district-residential-43-22",
      "geometry": {
        "type": "Polygon",
        "coordinates": [
          [
            [
              721.726,
              770.88
            ],
            [
              811.966,
              769.338
            ],
            [
              811.966,
              831.12
            ],
            [
              721.726,
              832.662
            ],
            [
              721.726,
              770.88
            ]
          ]
        ]
      },
      "properties": {
        "district": "residential",
        "area": 5575.241272969055,
        "road_access": true,
        "index": [
          1,
          1
        ],
        "feature_type": "Block",
        "parent_id": "district-residential-43",
        "stage": "blocks",
        "seed": 6101310954669682612
      }
    },
    {
      "type": "Feature",
      "id": "block-district-residential-43-23",
      "geometry": {
        "type": "Polygon",
        "coordinates": [
          [
            [
              817.726,
              770.88
            ],
            [
              907.966,
              773.096
            ],
            [
              907.966,
              831.12
            ],
            [
              817.726,
              828.904
            ],
            [
              817.726,
              770.88
            ]
          ]
        ]
      },
      "properties": {
        "district": "residential",
        "area": 5236.0776043355,
        "road_access": true,
        "index": [
          1,
          2
        ],
        "feature_type": "Block",
        "parent_id": "district-residential-43",
        "stage": "blocks",
        "seed": 6101310954669682612
      }
    },
    {
      "type": "Feature",
      "id": "block-district-residential-43-31",
      "geometry": {
        "type": "Polygon",
        "coordinates": [
          [
            [
              625.726,
              836.88
            ],
            [
              715.966,
              836.302
            ],
            [
              715.966,
              897.12
            ],
            [
              625.726,
              897.698
            ],
            [
              625.726,
              836.88
            ]
          ]
        ]
      },
      "properties": {
        "district": "residential",
        "area": 5488.256608655734,
        "road_access": true,
        "index": [
          2,
          0
        ],
        "feature_type": "Block",
        "parent_id": "district-residential-43",
        "stage": "blocks",
        "seed": 6101310954669682612
      }
    },
    {
      "type": "Feature",
      "id": "block-district-residential-43-32",
      "geometry": {
        "type": "Polygon",
        "coordinates": [
          [
            [
              721.726,
              836.88
            ],
            [
              811.966,
              836.213
            ],
            [
              811.966,
              897.12
            ],
            [
              721.726,
              897.787
            ],
            [
              721.726,
              836.88
            ]
          ]
        ]
      },
      "properties": {
        "district": "residential",
        "area": 5496.237921218097,
        "road_access": true,
        "index": [
          2,
          1
        ],
        "feature_type": "Block",
        "parent_id": "district-residential-43",
        "stage": "blocks",
        "seed": 6101310954669682612
      }
    },
    {
      "type": "Feature",
      "id": "block-district-residential-43-33",
      "geometry": {
        "type": "Polygon",
        "coordinates": [
          [
            [
              817.726,
              836.88
            ],
            [
              907.966,
              834.835
            ],
            [
              907.966,
              897.12
            ],
            [
              817.726,
              899.165
            ],
            [
              817.726,
              836.88
            ]
          ]
        ]
      },
      "properties": {
        "district": "residential",
        "area": 5620.602252213226,
        "road_access": true,
        "index": [
          2,
          2
        ],
        "feature_type": "Block",
        "parent_id": "district-residential-43",
        "stage": "blocks",
        "seed": 6101310954669682612
      }
    },
    {
      "type": "Feature",
      "id": "block-district-business-44-11",
      "geometry": {
        "type": "Polygon",
        "coordinates": [
          [
            [
              914.88,
              704.88
            ],
            [
              1005.12,
              705.498
            ],
            [
              1005.12,
              765.12
            ],
            [
              914.88,
              764.502
            ],
            [
              914.88,
              704.88
            ]
          ]
        ]
      },
      "properties": {
        "district": "business",
        "area": 5380.274447085103,
        "road_access": true,
        "index": [
          0,
          0
        ],
        "feature_type": "Block",
        "parent_id": "district-business-44",
        "stage": "blocks",
        "seed": 6101310954669682612
      }
    },
    {
      "type": "Feature",
      "id": "block-district-business-44-12",
      "geometry": {
        "type": "Polygon",
        "coordinates": [
          [
            [
              1010.88,
              704.88
            ],
            [
              1101.12,
              707.393
            ],
            [
              1101.12,
              765.12
            ],
            [
              1010.88,
              762.607
            ],
            [
              1010.88,
              704.88
            ]
          ]
        ]
      },
      "properties": {
        "district": "business",
        "area": 5209.285321713367,
        "road_access": true,
        "index": [
          0,
          1
        ],
        "feature_type": "Block",
        "parent_id": "district-business-44",
        "stage": "blocks",
        "seed": 6101310954669682612
      }
    },
    {
      "type": "Feature",
      "id": "block-district-business-44-13",
      "geometry": {
        "type": "Polygon",
        "coordinates": [
          [
            [
              1106.88,
              704.88
            ],
            [
              1197.12,
              703.364
            ],
            [
              1197.12,
              765.12
            ],
            [
              1106.88,
              766.636
            ],
            [
              1106.88,
              704.88
            ]
          ]
        ]
      },
      "properties": {
        "district": "business",
        "area": 5572.826584662253,
        "road_access": true,
        "index": [
          0,
          2
        ],
        "feature_type": "Block",
        "parent_id": "district-business-44",
        "stage": "blocks",
        "seed": 6101310954669682612
      }
    },
    {
      "type": "Feature",
      "id": "block-district-business-44-21",
      "geometry": {
        "type": "Polygon",
        "coordinates": [
          [
            [
              914.88,
              770.88
            ],
            [
              1005.12,
              771.561
            ],
            [
              1005.12,
              831.12
            ],
            [
              914.88,
              830.439
            ],
            [
              914.88,
              770.88
            ]
          ]
        ]
      },
      "properties": {
        "district": "business",
        "area": 5374.581805101887,
        "road_access": true,
        "index": [
          1,
          0
        ],
        "feature_type": "Block",
        "parent_id": "district-business-44",
        "stage": "blocks",
        "seed": 6101310954669682612
      }
    },
    {
      "type": "Feature",
      "id": "block-district-business-44-22",
      "geometry": {
        "type": "Polygon",
        "coordinates": [
          [
            [
              1010.88,
              770.88
            ],
            [
              1101.12,
              772.589
            ],
            [
              1101.12,
              831.12
            ],
            [
              1010.88,
              829.411
            ],
            [
              1010.88,
              770.88
            ]
          ]
        ]
      },
      "properties": {
        "district": "business",
        "area": 5281.824051045289,
        "road_access": true,
        "index": [
          1,
          1
        ],
        "feature_type": "Block",
        "parent_id": "district-business-44",
        "stage": "blocks",
        "seed": 6101310954669682612
      }
    },
    {
      "type": "Feature",
      "id": "block-district-business-44-23",
      "geometry": {
        "type": "Polygon",
        "coordinates": [
          [
            [
              1106.88,
              770.88
            ],
            [
              1197.12,
              768.815
            ],
            [
              1197.12,
              831.12
            ],
            [
              1106.88,
              833.185
            ],
            [
              1106.88,
              770.88
            ]
          ]
        ]
      },
      "properties": {
        "district": "business",
        "area": 5622.405469844351,
        "road_access": true,
        "index": [
          1,
          2
        ],
        "feature_type": "Block",
        "parent_id": "district-business-44",
        "stage": "blocks",
        "seed": 6101310954669682612
      }
    },
    {
      "type": "Feature",
      "id": "block-district-business-44-31",
      "geometry": {
        "type": "Polygon",
        "coordinates": [
          [
            [
              914.88,
              836.88
            ],
            [
              1005.12,
              839.611
            ],
            [
              1005.12,
              897.12
            ],
            [
              914.88,
              894.389
            ],
            [
              914.88,
              836.88
            ]
          ]
        ]
      },
      "properties": {
        "district": "business",
        "area": 5189.606926738983,
        "road_access": true,
        "index": [
          2,
          0
        ],
        "feature_type": "Block",
        "parent_id": "district-business-44",
        "stage": "blocks",
        "seed": 6101310954669682612
      }
    },
    {
      "type": "Feature",
      "id": "block-district-business-44-32",
      "geometry": {
        "type": "Polygon",
        "coordinates": [
          [
            [
              1010.88,
              836.88
            ],
            [
              1101.12,
              835.0
            ],
            [
              1101.12,
              897.12
            ],
            [
              1010.88,
              899.0
            ],
            [
              1010.88,
              836.88
            ]
          ]
        ]
      },
      "properties": {
        "district": "business",
        "area": 5605.728158092417,
        "road_access": true,
        "index": [
          2,
          1
        ],
        "feature_type": "Block",
        "parent_id": "district-business-44",
        "stage": "blocks",
        "seed": 6101310954669682612
      }
    },
    {
      "type": "Feature",
      "id": "block-district-business-44-33",
      "geometry": {
        "type": "Polygon",
        "coordinates": [
          [
            [
              1106.88,
              836.88
            ],
            [
              1197.12,
              836.366
            ],
            [
              1197.12,
              897.12
            ],
            [
              1106.88,
              897.634
            ],
            [
              1106.88,
              836.88
            ]
          ]
        ]
      },
      "properties": {
        "district": "business",
        "area": 5482.432363575848,
        "road_access": true,
        "index": [
          2,
          2
        ],
        "feature_type": "Block",
        "parent_id": "district-business-44",
        "stage": "blocks",
        "seed": 6101310954669682612
      }
    },
    {
      "type": "Feature",
      "id": "lot-block-district-industrial-11-11-1",
      "geometry": {
        "type": "Polygon",
        "coordinates": [
          [
            [
              4.62,
              4.62
            ],
            [
              51.54,
              4.62
            ],
            [
              51.54,
              85.38
            ],
            [
              4.62,
              85.38
            ],
            [
              4.62,
              4.62
            ]
          ]
        ]
      },
      "properties": {
        "size": 3789.26,
        "orientation": "east_west",
        "road_access": true,
        "zone": "industrial",
        "frontage": 46.92,
        "vacant": false,
        "feature_type": "Lot",
        "parent_id": "block-district-industrial-11-11",
        "stage": "lots",
        "seed": 5851037121411972247
      }
    },
    {
      "type": "Feature",
      "id": "lot-block-district-industrial-11-11-2",
      "geometry": {
        "type": "Polygon",
        "coordinates": [
          [
            [
              54.54,
              4.62
            ],
            [
              101.46,
              4.62
            ],
            [
              101.46,
              85.38
            ],
            [
              54.54,
              85.38
            ],
            [
              54.54,
              4.62
            ]
          ]
        ]
      },
      "properties": {
        "size": 3789.26,
        "orientation": "east_west",
        "road_access": true,
        "zone": "industrial",
        "frontage": 46.92,
        "vacant": false,
        "feature_type": "Lot",
        "parent_id": "block-district-industrial-11-11",
        "stage": "lots",
        "seed": 5851037121411972247
      }
    },
    {
      "type": "Feature",
      "id": "lot-block-district-industrial-11-11-3",
      "geometry": {
        "type": "Polygon",
        "coordinates": [
          [
            [
              104.46,
              4.62
            ],
            [
              151.38,
              4.62
            ],
            [
              151.38,
              85.38
            ],
            [
              104.46,
              85.38
            ],
            [
              104.46,
              4.62
            ]
          ]
        ]
      },
      "properties": {
        "size": 3789.26,
        "orientation": "east_west",
        "road_access": true,
        "zone": "industrial",
        "frontage": 46.92,
        "vacant": false,
        "feature_type": "Lot",
        "parent_id": "block-district-industrial-11-11",
        "stage": "lots",
        "seed": 5851037121411972247
      }
    },
    {
      "type": "Feature",
      "id": "lot-block-district-industrial-11-12-1",
      "geometry": {
        "type": "Polygon",
        "coordinates": [
          [
            [
              160.62,
              4.168
            ],
            [
              207.54,
              4.168
            ],
            [
              207.54,
              85.832
            ],
            [
              160.62,
              85.832
            ],
            [
              160.62,
              4.168
            ]
          ]
        ]
      },
      "properties": {
        "size": 3831.67,
        "orientation": "east_west",
        "road_access": true,
        "zone": "industrial",
        "frontage": 46.92,
        "vacant": false,
        "feature_type": "Lot",
        "parent_id": "block-district-industrial-11-12",
        "stage": "lots",
        "seed": 5851037121411972247
      }
    },
    {
      "type": "Feature",
      "id": "lot-block-district-industrial-11-12-2",
      "geometry": {
        "type": "Polygon",
        "coordinates": [
          [
            [
              210.54,
              4.168
            ],
            [
              257.46,
              4.168
            ],
            [
              257.46,
              85.832
            ],
            [
              210.54,
              85.832
            ],
            [
              210.54,
              4.168
            ]
          ]
        ]
      },
      "properties": {
        "size": 3831.67,
        "orientation": "east_west",
        "road_access": true,
        "zone": "industrial",
        "frontage": 46.92,
        "vacant": false,
        "feature_type": "Lot",
        "parent_id": "block-district-industrial-11-12",
        "stage": "lots",
        "seed": 5851037121411972247
      }
    },
    {
      "type": "Feature",
      "id": "lot-block-district-industrial-11-12-3",
      "geometry": {
        "type": "Polygon",
        "coordinates": [
          [
            [
              260.46,
              4.168
            ],
            [
              307.38,
              4.168
            ],
            [
              307.38,
              85.832
            ],
            [
              260.46,
              85.832
            ],
            [
              260.46,
              4.168
            ]
          ]
        ]
      },
      "properties": {
        "size": 3831.67,
        "orientation": "east_west",
        "road_access": true,
        "zone": "industrial",
        "frontage": 46.92,
        "vacant": false,
        "feature_type": "Lot",
        "parent_id": "block-district-industrial-11-12",
        "stage": "lots",
        "seed": 5851037121411972247
      }
    },
    {
      "type": "Feature",
      "id": "lot-block-district-industrial-11-21-1",
      "geometry": {
        "type": "Polygon",
        "coordinates": [
          [
            [
              4.62,
              94.62
            ],
            [
              51.54,
              94.62
            ],
            [
              51.54,
              175.38
            ],
            [
              4.62,
              175.38
            ],
            [
              4.62,
              94.62
            ]
          ]
        ]
      },
      "properties": {
        "size": 3789.26,
        "orientation": "east_west",
        "road_access": true,
        "zone": "industrial",
        "frontage": 46.92,
        "vacant": false,
        "feature_type": "Lot",
        "parent_id": "block-district-industrial-11-21",
        "stage": "lots",
        "seed": 5851037121411972247
      }
    },
    {
      "type": "Feature",
      "id": "lot-block-district-industrial-11-21-2",
      "geometry": {
        "type": "Polygon",
        "coordinates": [
          [
            [
              54.54,
              94.62
            ],
            [
              101.46,
              94.62
            ],
            [
              101.46,
              175.38
            ],
            [
              54.54,
              175.38
            ],
            [
              54.54,
              94.62
            ]
          ]
        ]
      },
      "properties": {
        "size": 3789.26,
        "orientation": "east_west",
        "road_access": true,
        "zone": "industrial",
        "frontage": 46.92,
        "vacant": false,
        "feature_type": "Lot",
        "parent_id": "block-district-industrial-11-21",
        "stage": "lots",
        "seed": 5851037121411972247
      }
    },
    {
      "type": "Feature",
      "id": "lot-block-district-industrial-11-21-3",
      "geometry": {
        "type": "Polygon",
        "coordinates": [
          [
            [
              104.46,
              94.62
            ],
            [
              151.38,
              94.62
            ],
            [
              151.38,
              175.38
            ],
            [
              104.46,
              175.38
            ],
            [
              104.46,
              94.62
            ]
          ]
        ]
      },
      "properties": {
        "size": 3789.26,
        "orientation": "east_west",
        "road_access": true,
        "zone": "industrial",
        "frontage": 46.92,
        "vacant": false,
        "feature_type": "Lot",
        "parent_id": "block-district-industrial-11-21",
        "stage": "lots",
        "seed": 5851037121411972247
      }
    },
    {
      "type": "Feature",
      "id": "lot-block-district-industrial-11-22-1",
      "geometry": {
        "type": "Polygon",
        "coordinates": [
          [
            [
              160.62,
              94.62
            ],
            [
              207.54,
              94.62
            ],
            [
              207.54,
              175.38
            ],
            [
              160.62,
              175.38
            ],
            [
              160.62,
              94.62
            ]
          ]
        ]
      },
      "properties": {
        "size": 3789.26,
        "orientation": "east_west",
        "road_access": true,
        "zone": "industrial",
        "frontage": 46.92,
        "vacant": false,
        "feature_type": "Lot",
        "parent_id": "block-district-industrial-11-22",
        "stage": "lots",
        "seed": 5851037121411972247
      }
    },
    {
      "type": "Feature",
      "id": "lot-block-district-industrial-11-22-2",
      "geometry": {
        "type": "Polygon",
        "coordinates": [
          [
            [
              210.54,
              94.62
            ],
            [
              257.46,
              94.62
            ],
            [
              257.46,
              175.38
            ],
            [
              210.54,
              175.38
            ],
            [
              210.54,
              94.62
            ]
          ]
        ]
      },
      "properties": {
        "size": 3789.26,
        "orientation": "east_west",
        "road_access": true,
        "zone": "industrial",
        "frontage": 46.92,
        "vacant": false,
        "feature_type": "Lot",
        "parent_id": "block-district-industrial-11-22",
        "stage": "lots",
        "seed": 5851037121411972247
      }
    },
    {
      "type": "Feature",
      "id": "lot-block-district-industrial-11-22-3",
      "geometry": {
        "type": "Polygon",
        "coordinates": [
          [
            [
              260.46,
              94.62
            ],
            [
              307.38,
              94.62
            ],
            [
              307.38,
              175.38
            ],
            [
              260.46,
              175.38
            ],
            [
              260.46,
              94.62
            ]
          ]
        ]
      },
      "properties": {
        "size": 3789.26,
        "orientation": "east_west",
        "road_access": true,
        "zone": "industrial",
        "frontage": 46.92,
        "vacant": false,
        "feature_type": "Lot",
        "parent_id": "block-district-industrial-11-22",
        "stage": "lots",
        "seed": 5851037121411972247
      }
    },
    {
      "type": "Feature",
      "id": "lot-block-district-industrial-11-31-1",
      "geometry": {
        "type": "Polygon",
        "coordinates": [
          [
            [
              4.62,
              184.62
            ],
            [
              51.54,
              184.62
            ],
            [
              51.54,
              265.38
            ],
            [
              4.62,
              265.38
            ],
            [
              4.62,
              184.62
            ]
          ]
        ]
      },
      "properties": {
        "size": 3789.26,
        "orientation": "east_west",
        "road_access": true,
        "zone": "industrial",
        "frontage": 46.92,
        "vacant": false,
        "feature_type": "Lot",
        "parent_id": "block-district-industrial-11-31",
        "stage": "lots",
        "seed": 5851037121411972247
      }
    },
    {
      "type": "Feature",
      "id": "lot-block-district-industrial-11-31-2",
      "geometry": {
        "type": "Polygon",
        "coordinates": [
          [
            [
              54.54,
              184.62
            ],
            [
              101.46,
              184.62
            ],
            [
              101.46,
              265.38
            ],
            [
              54.54,
              265.38
            ],
            [
              54.54,
              184.62
            ]
          ]
        ]
      },
      "properties": {
        "size": 3789.26,
        "orientation": "east_west",
        "road_access": true,
        "zone": "industrial",
        "frontage": 46.92,
        "vacant": false,
        "feature_type": "Lot",
        "parent_id": "block-district-industrial-11-31",
        "stage": "lots",
        "seed": 5851037121411972247
      }
    },
    {
      "type": "Feature",
      "id": "lot-block-district-industrial-11-31-3",
      "geometry": {
        "type": "Polygon",
        "coordinates": [
          [
            [
              104.46,
              184.62
            ],
            [
              151.38,
              184.62
            ],
            [
              151.38,
              265.38
            ],
            [
              104.46,
              265.38
            ],
            [
              104.46,
              184.62
            ]
          ]
        ]
      },
      "properties": {
        "size": 3789.26,
        "orientation": "east_west",
        "road_access": true,
        "zone": "industrial",
        "frontage": 46.92,
        "vacant": false,
        "feature_type": "Lot",
        "parent_id": "block-district-industrial-11-31",
        "stage": "lots",
        "seed": 5851037121411972247
      }
    },
    {
      "type": "Feature",
      "id": "lot-block-district-industrial-11-32-1",
      "geometry": {
        "type": "Polygon",
        "coordinates": [
          [
            [
              160.62,
              184.62
            ],
            [
              207.54,
              184.62
            ],
            [
              207.54,
              265.38
            ],
            [
              160.62,
              265.38
            ],
            [
              160.62,
              184.62
            ]
          ]
        ]
      },
      "properties": {
        "size": 3789.26,
        "orientation": "east_west",
        "road_access": true,
        "zone": "industrial",
        "frontage": 46.92,
        "vacant": false,
        "feature_type": "Lot",
        "parent_id": "block-district-industrial-11-32",
        "stage": "lots",
        "seed": 5851037121411972247
      }
    },
    {
      "type": "Feature",
      "id": "lot-block-district-industrial-11-32-2",
      "geometry": {
        "type": "Polygon",
        "coordinates": [
          [
            [
              210.54,
              184.62
            ],
            [
              257.46,
              184.62
            ],
            [
              257.46,
              265.38
            ],
            [
              210.54,
              265.38
            ],
            [
              210.54,
              184.62
            ]
          ]
        ]
      },
      "properties": {
        "size": 3789.26,
        "orientation": "east_west",
        "road_access": true,
        "zone": "industrial",
        "frontage": 46.92,
        "vacant": true,
        "feature_type": "Lot",
        "parent_id": "block-district-industrial-11-32",
        "stage": "lots",
        "seed": 5851037121411972247
      }
    },
    {
      "type": "Feature",
      "id": "lot-block-district-industrial-11-32-3",
      "geometry": {
        "type": "Polygon",
        "coordinates": [
          [
            [
              260.46,
              184.62
            ],
            [
              307.38,
              184.62
            ],
            [
              307.38,
              265.38
            ],
            [
              260.46,
              265.38
            ],
            [
              260.46,
              184.62
            ]
          ]
        ]
      },
      "properties": {
        "size": 3789.26,
        "orientation": "east_west",
        "road_access": true,
        "zone": "industrial",
        "frontage": 46.92,
        "vacant": false,
        "feature_type": "Lot",
        "parent_id": "block-district-industrial-11-32",
        "stage": "lots",
        "seed": 5851037121411972247
      }
    },
    {
      "type": "Feature",
      "id": "lot-block-district-harbor-12-11-1",
      "geometry": {
        "type": "Polygon",
        "coordinates": [
          [
            [
              316.597,
              3.194
            ],
            [
              363.517,
              3.194
            ],
            [
              363.517,
              86.806
            ],
            [
              316.597,
              86.806
            ],
            [
              316.597,
              3.194
            ]
          ]
        ]
      },
      "properties": {
        "size": 3923.08,
        "orientation": "east_west",
        "road_access": true,
        "zone": "harbor",
        "frontage": 46.92,
        "vacant": false,
        "feature_type": "Lot",
        "parent_id": "block-district-harbor-12-11",
        "stage": "lots",
        "seed": 5851037121411972247
      }
    },
    {
      "type": "Feature",
      "id": "lot-block-district-harbor-12-11-2",
      "geometry": {
        "type": "Polygon",
        "coordinates": [
          [
            [
              366.517,
              3.194
            ],
            [
              413.437,
              3.194
            ],
            [
              413.437,
              86.806
            ],
            [
              366.517,
              86.806
            ],
            [
              366.517,
              3.194
            ]
          ]
        ]
      },
      "properties": {
        "size": 3923.08,
        "orientation": "east_west",
        "road_access": true,
        "zone": "harbor",
        "frontage": 46.92,
        "vacant": false,
        "feature_type": "Lot",
        "parent_id": "block-district-harbor-12-11",
        "stage": "lots",
        "seed": 5851037121411972247
      }
    },
    {
      "type": "Feature",
      "id": "lot-block-district-harbor-12-11-3",
      "geometry": {
        "type": "Polygon",
        "coordinates": [
          [
            [
              416.437,
              3.194
            ],
            [
              463.357,
              3.194
            ],
            [
              463.357,
              86.806
            ],
            [
              416.437,
              86.806
            ],
            [
              416.437,
              3.194
            ]
          ]
        ]
      },
      "properties": {
        "size": 3923.08,
        "orientation": "east_west",
        "road_access": true,
        "zone": "harbor",
        "frontage": 46.92,
        "vacant": false,
        "feature_type": "Lot",
        "parent_id": "block-district-harbor-12-11",
        "stage": "lots",
        "seed": 5851037121411972247
      }
    },
    {
      "type": "Feature",
      "id": "lot-block-district-harbor-12-12-1",
      "geometry": {
        "type": "Polygon",
        "coordinates": [
          [
            [
              472.597,
              4.62
            ],
            [
              519.517,
              4.62
            ],
            [
              519.517,
              85.38
            ],
            [
              472.597,
              85.38
            ],
            [
              472.597,
              4.62
            ]
          ]
        ]
      },
      "properties": {
        "size": 3789.26,
        "orientation": "east_west",
        "road_access": true,
        "zone": "harbor",
        "frontage": 46.92,
        "vacant": false,
        "feature_type": "Lot",
        "parent_id": "block-district-harbor-12-12",
        "stage": "lots",
        "seed": 5851037121411972247
      }
    },
    {
      "type": "Feature",
      "id": "lot-block-district-harbor-12-12-2",
      "geometry": {
        "type": "Polygon",
        "coordinates": [
          [
            [
              522.517,
              4.62
            ],
            [
              569.437,
              4.62
            ],
            [
              569.437,
              85.38
            ],
            [
              522.517,
              85.38
            ],
            [
              522.517,
              4.62
            ]
          ]
        ]
      },
      "properties": {
        "size": 3789.26,
        "orientation": "east_west",
        "road_access": true,
        "zone": "harbor",
        "frontage": 46.92,
        "vacant": false,
        "feature_type": "Lot",
        "parent_id": "block-district-harbor-12-12",
        "stage": "lots",
        "seed": 5851037121411972247
      }
    },
    {
      "type": "Feature",
      "id": "lot-block-district-harbor-12-12-3",
      "geometry": {
        "type": "Polygon",
        "coordinates": [
          [
            [
              572.437,
              4.62
            ],
            [
              619.357,
              4.62
            ],
            [
              619.357,
              85.38
            ],
            [
              572.437,
              85.38
            ],
            [
              572.437,
              4.62
            ]
          ]
        ]
      },
      "properties": {
        "size": 3789.26,
        "orientation": "east_west",
        "road_access": true,
        "zone": "harbor",
        "frontage": 46.92,
        "vacant": false,
        "feature_type": "Lot",
        "parent_id": "block-district-harbor-12-12",
        "stage": "lots",
        "seed": 5851037121411972247
      }
    },
    {
      "type": "Feature",
      "id": "lot-block-district-harbor-12-21-1",
      "geometry": {
        "type": "Polygon",
        "coordinates": [
          [
            [
              316.597,
              94.023
            ],
            [
              363.517,
              94.023
            ],
            [
              363.517,
              175.977
            ],
            [
              316.597,
              175.977
            ],
            [
              316.597,
              94.023
            ]
          ]
        ]
      },
      "properties": {
        "size": 3845.28,
        "orientation": "east_west",
        "road_access": true,
        "zone": "harbor",
        "frontage": 46.92,
        "vacant": false,
        "feature_type": "Lot",
        "parent_id": "block-district-harbor-12-21",
        "stage": "lots",
        "seed": 5851037121411972247
      }
    },
    {
      "type": "Feature",
      "id": "lot-block-district-harbor-12-21-2",
      "geometry": {
        "type": "Polygon",
        "coordinates": [
          [
            [
              366.517,
              94.023
            ],
            [
              413.437,
              94.023
            ],
            [
              413.437,
              175.977
            ],
            [
              366.517,
              175.977
            ],
            [
              366.517,
              94.023
            ]
          ]
        ]
      },
      "properties": {
        "size": 3845.28,
        "orientation": "east_west",
        "road_access": true,
        "zone": "harbor",
        "frontage": 46.92,
        "vacant": false,
        "feature_type": "Lot",
        "parent_id": "block-district-harbor-12-21",
        "stage": "lots",
        "seed": 5851037121411972247
      }
    },
    {
      "type": "Feature",
      "id": "lot-block-district-harbor-12-21-3",
      "geometry": {
        "type": "Polygon",
        "coordinates": [
          [
            [
              416.437,
              94.023
            ],
            [
              463.357,
              94.023
            ],
            [
              463.357,
              175.977
            ],
            [
              416.437,
              175.977
            ],
            [
              416.437,
              94.023
            ]
          ]
        ]
      },
      "properties": {
        "size": 3845.28,
        "orientation": "east_west",
        "road_access": true,
        "zone": "harbor",
        "frontage": 46.92,
        "vacant": false,
        "feature_type": "Lot",
        "parent_id": "block-district-harbor-12-21",
        "stage": "lots",
        "seed": 5851037121411972247
      }
    },
    {
      "type": "Feature",
      "id": "lot-block-district-harbor-12-22-1",
      "geometry": {
        "type": "Polygon",
        "coordinates": [
          [
            [
              472.597,
              93.999
            ],
            [
              519.517,
              93.999
            ],
            [
              519.517,
              176.001
            ],
            [
              472.597,
              176.001
            ],
            [
              472.597,
              93.999
            ]
          ]
        ]
      },
      "properties": {
        "size": 3847.53,
        "orientation": "east_west",
        "road_access": true,
        "zone": "harbor",
        "frontage": 46.92,
        "vacant": false,
        "feature_type": "Lot",
        "parent_id": "block-district-harbor-12-22",
        "stage": "lots",
        "seed": 5851037121411972247
      }
    },
    {
      "type": "Feature",
      "id": "lot-block-district-harbor-12-22-2",
      "geometry": {
        "type": "Polygon",
        "coordinates": [
          [
            [
              522.517,
              93.999
            ],
            [
              569.437,
              93.999
            ],
            [
              569.437,
              176.001
            ],
            [
              522.517,
              176.001
            ],
            [
              522.517,
              93.999
            ]
          ]
        ]
      },
      "properties": {
        "size": 3847.53,
        "orientation": "east_west",
        "road_access": true,
        "zone": "harbor",
        "frontage": 46.92,
        "vacant": false,
        "feature_type": "Lot",
        "parent_id": "block-district-harbor-12-22",
        "stage": "lots",
        "seed": 5851037121411972247
      }
    },
    {
      "type": "Feature",
      "id": "lot-block-district-harbor-12-22-3",
      "geometry": {
        "type": "Polygon",
        "coordinates": [
          [
            [
              572.437,
              93.999
            ],
            [
              619.357,
              93.999
            ],
            [
              619.357,
              176.001
            ],
            [
              572.437,
              176.001
            ],
            [
              572.437,
              93.999
            ]
          ]
        ]
      },
      "properties": {
        "size": 3847.53,
        "orientation": "east_west",
        "road_access": true,
        "zone": "harbor",
        "frontage": 46.92,
        "vacant": false,
        "feature_type": "Lot",
        "parent_id": "block-district-harbor-12-22",
        "stage": "lots",
        "seed": 5851037121411972247
      }
    },
    {
      "type": "Feature",
      "id": "lot-block-district-harbor-12-31-1",
      "geometry": {
        "type": "Polygon",
        "coordinates": [
          [
            [
              316.597,
              184.62
            ],
            [
              363.517,
              184.62
            ],
            [
              363.517,
              265.38
            ],
            [
              316.597,
              265.38
            ],
            [
              316.597,
              184.62
            ]
          ]
        ]
      },
      "properties": {
        "size": 3789.26,
        "orientation": "east_west",
        "road_access": true,
        "zone": "harbor",
        "frontage": 46.92,
        "vacant": false,
        "feature_type": "Lot",
        "parent_id": "block-district-harbor-12-31",
        "stage": "lots",
        "seed": 5851037121411972247
      }
    },
    {
      "type": "Feature",
      "id": "lot-block-district-harbor-12-31-2",
      "geometry": {
        "type": "Polygon",
        "coordinates": [
          [
            [
              366.517,
              184.62
            ],
            [
              413.437,
              184.62
            ],
            [
              413.437,
              265.38
            ],
            [
              366.517,
              265.38
            ],
            [
              366.517,
              184.62
            ]
          ]
        ]
      },
      "properties": {
        "size": 3789.26,
        "orientation": "east_west",
        "road_access": true,
        "zone": "harbor",
        "frontage": 46.92,
        "vacant": true,
        "feature_type": "Lot",
        "parent_id": "block-district-harbor-12-31",
        "stage": "lots",
        "seed": 5851037121411972247
      }
    },
    {
      "type": "Feature",
      "id": "lot-block-district-harbor-12-31-3",
      "geometry": {
        "type": "Polygon",
        "coordinates": [
          [
            [
              416.437,
              184.62
            ],
            [
              463.357,
              184.62
            ],
            [
              463.357,
              265.38
            ],
            [
              416.437,
              265.38
            ],
            [
              416.437,
              184.62
            ]
          ]
        ]
      },
      "properties": {
        "size": 3789.26,
        "orientation": "east_west",
        "road_access": true,
        "zone": "harbor",
        "frontage": 46.92,
        "vacant": false,
        "feature_type": "Lot",
        "parent_id": "block-district-harbor-12-31",
        "stage": "lots",
        "seed": 5851037121411972247
      }
    },
    {
      "type": "Feature",
      "id": "lot-block-district-harbor-12-32-1",
      "geometry": {
        "type": "Polygon",
        "coordinates": [
          [
            [
              472.597,
              184.62
            ],
            [
              519.517,
              184.62
            ],
            [
              519.517,
              265.38
            ],
            [
              472.597,
              265.38
            ],
            [
              472.597,
              184.62
            ]
          ]
        ]
      },
      "properties": {
        "size": 3789.26,
        "orientation": "east_west",
        "road_access": true,
        "zone": "harbor",
        "frontage": 46.92,
        "vacant": false,
        "feature_type": "Lot",
        "parent_id": "block-district-harbor-12-32",
        "stage": "lots",
        "seed": 5851037121411972247
      }
    },
    {
      "type": "Feature",
      "id": "lot-block-district-harbor-12-32-2",
      "geometry": {
        "type": "Polygon",
        "coordinates": [
          [
            [
              522.517,
              184.62
            ],
            [
              569.437,
              184.62
            ],
            [
              569.437,
              265.38
            ],
            [
              522.517,
              265.38
            ],
            [
              522.517,
              184.62
            ]
          ]
        ]
      },
      "properties": {
        "size": 3789.26,
        "orientation": "east_west",
        "road_access": true,
        "zone": "harbor",
        "frontage": 46.92,
        "vacant": false,
        "feature_type": "Lot",
        "parent_id": "block-district-harbor-12-32",
        "stage": "lots",
        "seed": 5851037121411972247
      }
    },
    {
      "type": "Feature",
      "id": "lot-block-district-harbor-12-32-3",
      "geometry": {
        "type": "Polygon",
        "coordinates": [
          [
            [
              572.437,
              184.62
            ],
            [
              619.357,
              184.62
            ],
            [
              619.357,
              265.38
            ],
            [
              572.437,
              265.38
            ],
            [
              572.437,
              184.62
            ]
          ]
        ]
      },
      "properties": {
        "size": 3789.26,
        "orientation": "east_west",
        "road_access": true,
        "zone": "harbor",
        "frontage": 46.92,
        "vacant": false,
        "feature_type": "Lot",
        "parent_id": "block-district-harbor-12-32",
        "stage": "lots",
        "seed": 5851037121411972247
      }
    },
    {
      "type": "Feature",
      "id": "lot-block-district-commercial-13-11-1",
      "geometry": {
        "type": "Polygon",
        "coordinates": [
          [
            [
              631.241,
              4.38
            ],
            [
              658.321,
              4.38
            ],
            [
              658.321,
              85.62
            ],
            [
              631.241,
              85.62
            ],
            [
              631.241,
              4.38
            ]
          ]
        ]
      },
      "properties": {
        "size": 2199.98,
        "orientation": "east_west",
        "road_access": true,
        "zone": "commercial",
        "frontage": 27.08,
        "vacant": false,
        "feature_type": "Lot",
        "parent_id": "block-district-commercial-13-11",
        "stage": "lots",
        "seed": 5851037121411972247
      }
    },
    {
      "type": "Feature",
      "id": "lot-block-district-commercial-13-11-2",
      "geometry": {
        "type": "Polygon",
        "coordinates": [
          [
            [
              661.321,
              4.38
            ],
            [
              688.401,
              4.38
            ],
            [
              688.401,
              85.62
            ],
            [
              661.321,
              85.62
            ],
            [
              661.321,
              4.38
            ]
          ]
        ]
      },
      "properties": {
        "size": 2199.98,
        "orientation": "east_west",
        "road_access": true,
        "zone": "commercial",
        "frontage": 27.08,
        "vacant": false,
        "feature_type": "Lot",
        "parent_id": "block-district-commercial-13-11",
        "stage": "lots",
        "seed": 5851037121411972247
      }
    },
    {
      "type": "Feature",
      "id": "lot-block-district-commercial-13-11-3",
      "geometry": {
        "type": "Polygon",
        "coordinates": [
          [
            [
              691.401,
              4.38
            ],
            [
              718.481,
              4.38
            ],
            [
              718.481,
              85.62
            ],
            [
              691.401,
              85.62
            ],
            [
              691.401,
              4.38
            ]
          ]
        ]
      },
      "properties": {
        "size": 2199.98,
        "orientation": "east_west",
        "road_access": true,
        "zone": "commercial",
        "frontage": 27.08,
        "vacant": false,
        "feature_type": "Lot",
        "parent_id": "block-district-commercial-13-11",
        "stage": "lots",
        "seed": 5851037121411972247
      }
    },
    {
      "type": "Feature",
      "id": "lot-block-district-commercial-13-12-1",
      "geometry": {
        "type": "Polygon",
        "coordinates": [
          [
            [
              727.241,
              1.576
            ],
            [
              754.321,
              1.576
            ],
            [
              754.321,
              88.424
            ],
            [
              727.241,
              88.424
            ],
            [
              727.241,
              1.576
            ]
          ]
        ]
      },
      "properties": {
        "size": 2351.84,
        "orientation": "east_west",
        "road_access": true,
        "zone": "commercial",
        "frontage": 27.08,
        "vacant": false,
        "feature_type": "Lot",
        "parent_id": "block-district-commercial-13-12",
        "stage": "lots",
        "seed": 5851037121411972247
      }
    },
    {
      "type": "Feature",
      "id": "lot-block-district-commercial-13-12-2",
      "geometry": {
        "type": "Polygon",
        "coordinates": [
          [
            [
              757.321,
              1.576
            ],
            [
              784.401,
              1.576
            ],
            [
              784.401,
              88.424
            ],
            [
              757.321,
              88.424
            ],
            [
              757.321,
              1.576
            ]
          ]
        ]
      },
      "properties": {
        "size": 2351.84,
        "orientation": "east_west",
        "road_access": true,
        "zone": "commercial",
        "frontage": 27.08,
        "vacant": false,
        "feature_type": "Lot",
        "parent_id": "block-district-commercial-13-12",
        "stage": "lots",
        "seed": 5851037121411972247
      }
    },
    {
      "type": "Feature",
      "id": "lot-block-district-commercial-13-12-3",
      "geometry": {
        "type": "Polygon",
        "coordinates": [
          [
            [
              787.401,
              1.576
            ],
            [
              814.481,
              1.576
            ],
            [
              814.481,
              88.424
            ],
            [
              787.401,
              88.424
            ],
            [
              787.401,
              1.576
            ]
          ]
        ]
      },
      "properties": {
        "size": 2351.84,
        "orientation": "east_west",
        "road_access": true,
        "zone": "commercial",
        "frontage": 27.08,
        "vacant": false,
        "feature_type": "Lot",
        "parent_id": "block-district-commercial-13-12",
        "stage": "lots",
        "seed": 5851037121411972247
      }
    },
    {
      "type": "Feature",
      "id": "lot-block-district-commercial-13-13-1",
      "geometry": {
        "type": "Polygon",
        "coordinates": [
          [
            [
              823.241,
              2.835
            ],
            [
              850.321,
              2.835
            ],
            [
              850.321,
              87.165
            ],
            [
              823.241,
              87.165
            ],
            [
              823.241,
              2.835
            ]
          ]
        ]
      },
      "properties": {
        "size": 2283.66,
        "orientation": "east_west",
        "road_access": true,
        "zone": "commercial",
        "frontage": 27.08,
        "vacant": false,
        "feature_type": "Lot",
        "parent_id": "block-district-commercial-13-13",
        "stage": "lots",
        "seed": 5851037121411972247
      }
    },
    {
      "type": "Feature",
      "id": "lot-block-district-commercial-13-13-2",
      "geometry": {
        "type": "Polygon",
        "coordinates": [
          [
            [
              853.321,
              2.835
            ],
            [
              880.401,
              2.835
            ],
            [
              880.401,
              87.165
            ],
            [
              853.321,
              87.165
            ],
            [
              853.321,
              2.835
            ]
          ]
        ]
      },
      "properties": {
        "size": 2283.66,
        "orientation": "east_west",
        "road_access": true,
        "zone": "commercial",
        "frontage": 27.08,
        "vacant": false,
        "feature_type": "Lot",
        "parent_id": "block-district-commercial-13-13",
        "stage": "lots",
        "seed": 5851037121411972247
      }
    },
    {
      "type": "Feature",
      "id": "lot-block-district-commercial-13-13-3",
      "geometry": {
        "type": "Polygon",
        "coordinates": [
          [
            [
              883.401,
              2.835
            ],
            [
              910.481,
              2.835
            ],
            [
              910.481,
              87.165
            ],
            [
              883.401,
              87.165
            ],
            [
              883.401,
              2.835
            ]
          ]
        ]
      },
      "properties": {
        "size": 2283.66,
        "orientation": "east_west",
        "road_access": true,
        "zone": "commercial",
        "frontage": 27.08,
        "vacant": false,
        "feature_type": "Lot",
        "parent_id": "block-district-commercial-13-13",
        "stage": "lots",
        "seed": 5851037121411972247
      }
    },
    {
      "type": "Feature",
      "id": "lot-block-district-commercial-13-21-1",
      "geometry": {
        "type": "Polygon",
        "coordinates": [
          [
            [
              631.241,
              94.38
            ],
            [
              658.321,
              94.38
            ],
            [
              658.321,
              175.62
            ],
            [
              631.241,
              175.62
            ],
            [
              631.241,
              94.38
            ]
          ]
        ]
      },
      "properties": {
        "size": 2199.98,
        "orientation": "east_west",
        "road_access": true,
        "zone": "commercial",
        "frontage": 27.08,
        "vacant": false,
        "feature_type": "Lot",
        "parent_id": "block-district-commercial-13-21",
        "stage": "lots",
        "seed": 5851037121411972247
      }
    },
    {
      "type": "Feature",
      "id": "lot-block-district-commercial-13-21-2",
      "geometry": {
        "type": "Polygon",
        "coordinates": [
          [
            [
              661.321,
              94.38
            ],
            [
              688.401,
              94.38
            ],
            [
              688.401,
              175.62
            ],
            [
              661.321,
              175.62
            ],
            [
              661.321,
              94.38
            ]
          ]
        ]
      },
      "properties": {
        "size": 2199.98,
        "orientation": "east_west",
        "road_access": true,
        "zone": "commercial",
        "frontage": 27.08,
        "vacant": false,
        "feature_type": "Lot",
        "parent_id": "block-district-commercial-13-21",
        "stage": "lots",
        "seed": 5851037121411972247
      }
    },
    {
      "type": "Feature",
      "id": "lot-block-district-commercial-13-21-3",
      "geometry": {
        "type": "Polygon",
        "coordinates": [
          [
            [
              691.401,
              94.38
            ],
            [
              718.481,
              94.38
            ],
            [
              718.481,
              175.62
            ],
            [
              691.401,
              175.62
            ],
            [
              691.401,
              94.38
            ]
          ]
        ]
      },
      "properties": {
        "size": 2199.98,
        "orientation": "east_west",
        "road_access": true,
        "zone": "commercial",
        "frontage": 27.08,
        "vacant": false,
        "feature_type": "Lot",
        "parent_id": "block-district-commercial-13-21",
        "stage": "lots",
        "seed": 5851037121411972247
      }
    },
    {
      "type": "Feature",
      "id": "lot-block-district-commercial-13-22-1",
      "geometry": {
        "type": "Polygon",
        "coordinates": [
          [
            [
              727.241,
              94.38
            ],
            [
              754.321,
              94.38
            ],
            [
              754.321,
              175.62
            ],
            [
              727.241,
              175.62
            ],
            [
              727.241,
              94.38
            ]
          ]
        ]
      },
      "properties": {
        "size": 2199.98,
        "orientation": "east_west",
        "road_access": true,
        "zone": "commercial",
        "frontage": 27.08,
        "vacant": false,
        "feature_type": "Lot",
        "parent_id": "block-district-commercial-13-22",
        "stage": "lots",
        "seed": 5851037121411972247
      }
    },
    {
      "type": "Feature",
      "id": "lot-block-district-commercial-13-22-2",
      "geometry": {
        "type": "Polygon",
        "coordinates": [
          [
            [
              757.321,
              94.38
            ],
            [
              784.401,
              94.38
            ],
            [
              784.401,
              175.62
            ],
            [
              757.321,
              175.62
            ],
            [
              757.321,
              94.38
            ]
          ]
        ]
      },
      "properties": {
        "size": 2199.98,
        "orientation": "east_west",
        "road_access": true,
        "zone": "commercial",
        "frontage": 27.08,
        "vacant": false,
        "feature_type": "Lot",
        "parent_id": "block-district-commercial-13-22",
        "stage": "lots",
        "seed": 5851037121411972247
      }
    },
    {
      "type": "Feature",
      "id": "lot-block-district-commercial-13-22-3",
      "geometry": {
        "type": "Polygon",
        "coordinates": [
          [
            [
              787.401,
              94.38
            ],
            [
              814.481,
              94.38
            ],
            [
              814.481,
              175.62
            ],
            [
              787.401,
              175.62
            ],
            [
              787.401,
              94.38
            ]
          ]
        ]
      },
      "properties": {
        "size": 2199.98,
        "orientation": "east_west",
        "road_access": true,
        "zone": "commercial",
        "frontage": 27.08,
        "vacant": false,
        "feature_type": "Lot",
        "parent_id": "block-district-commercial-13-22",
        "stage": "lots",
        "seed": 5851037121411972247
      }
    },
    {
      "type": "Feature",
      "id": "lot-block-district-commercial-13-23-1",
      "geometry": {
        "type": "Polygon",
        "coordinates": [
          [
            [
              823.241,
              92.779
            ],
            [
              850.321,
              92.779
            ],
            [
              850.321,
              177.221
            ],
            [
              823.241,
              177.221
            ],
            [
              823.241,
              92.779
            ]
          ]
        ]
      },
      "properties": {
        "size": 2286.69,
        "orientation": "east_west",
        "road_access": true,
        "zone": "commercial",
        "frontage": 27.08,
        "vacant": false,
        "feature_type": "Lot",
        "parent_id": "block-district-commercial-13-23",
        "stage": "lots",
        "seed": 5851037121411972247
      }
    },
    {
      "type": "Feature",
      "id": "lot-block-district-commercial-13-23-2",
      "geometry": {
        "type": "Polygon",
        "coordinates": [
          [
            [
              853.321,
              92.779
            ],
            [
              880.401,
              92.779
            ],
            [
              880.401,
              177.221
            ],
            [
              853.321,
              177.221
            ],
            [
              853.321,
              92.779
            ]
          ]
        ]
      },
      "properties": {
        "size": 2286.69,
        "orientation": "east_west",
        "road_access": true,
        "zone": "commercial",
        "frontage": 27.08,
        "vacant": false,
        "feature_type": "Lot",
        "parent_id": "block-district-commercial-13-23",
        "stage": "lots",
        "seed": 5851037121411972247
      }
    },
    {
      "type": "Feature",
      "id": "lot-block-district-commercial-13-23-3",
      "geometry": {
        "type": "Polygon",
        "coordinates": [
          [
            [
              883.401,
              92.779
            ],
            [
              910.481,
              92.779
            ],
            [
              910.481,
              177.221
            ],
            [
              883.401,
              177.221
            ],
            [
              883.401,
              92.779
            ]
          ]
        ]
      },
      "properties": {
        "size": 2286.69,
        "orientation": "east_west",
        "road_access": true,
        "zone": "commercial",
        "frontage": 27.08,
        "vacant": false,
        "feature_type": "Lot",
        "parent_id": "block-district-commercial-13-23",
        "stage": "lots",
        "seed": 5851037121411972247
      }
    },
    {
      "type": "Feature",
      "id": "lot-block-district-commercial-13-31-1",
      "geometry": {
        "type": "Polygon",
        "coordinates": [
          [
            [
              631.241,
              184.38
            ],
            [
              658.321,
              184.38
            ],
            [
              658.321,
              265.62
            ],
            [
              631.241,
              265.62
            ],
            [
              631.241,
              184.38
            ]
          ]
        ]
      },
      "properties": {
        "size": 2199.98,
        "orientation": "east_west",
        "road_access": true,
        "zone": "commercial",
        "frontage": 27.08,
        "vacant": false,
        "feature_type": "Lot",
        "parent_id": "block-district-commercial-13-31",
        "stage": "lots",
        "seed": 5851037121411972247
      }
    },
    {
      "type": "Feature",
      "id": "lot-block-district-commercial-13-31-2",
      "geometry": {
        "type": "Polygon",
        "coordinates": [
          [
            [
              661.321,
              184.38
            ],
            [
              688.401,
              184.38
            ],
            [
              688.401,
              265.62
            ],
            [
              661.321,
              265.62
            ],
            [
              661.321,
              184.38
            ]
          ]
        ]
      },
      "properties": {
        "size": 2199.98,
        "orientation": "east_west",
        "road_access": true,
        "zone": "commercial",
        "frontage": 27.08,
        "vacant": false,
        "feature_type": "Lot",
        "parent_id": "block-district-commercial-13-31",
        "stage": "lots",
        "seed": 5851037121411972247
      }
    },
    {
      "type": "Feature",
      "id": "lot-block-district-commercial-13-31-3",
      "geometry": {
        "type": "Polygon",
        "coordinates": [
          [
            [
              691.401,
              184.38
            ],
            [
              718.481,
              184.38
            ],
            [
              718.481,
              265.62
            ],
            [
              691.401,
              265.62
            ],
            [
              691.401,
              184.38
            ]
          ]
        ]
      },
      "properties": {
        "size": 2199.98,
        "orientation": "east_west",
        "road_access": true,
        "zone": "commercial",
        "frontage": 27.08,
        "vacant": false,
        "feature_type": "Lot",
        "parent_id": "block-district-commercial-13-31",
        "stage": "lots",
        "seed": 5851037121411972247
      }
    },
    {
      "type": "Feature",
      "id": "lot-block-district-commercial-13-32-1",
      "geometry": {
        "type": "Polygon",
        "coordinates": [
          [
            [
              727.241,
              184.38
            ],
            [
              754.321,
              184.38
            ],
            [
              754.321,
              265.62
            ],
            [
              727.241,
              265.62
            ],
            [
              727.241,
              184.38
            ]
          ]
        ]
      },
      "properties": {
        "size": 2199.98,
        "orientation": "east_west",
        "road_access": true,
        "zone": "commercial",
        "frontage": 27.08,
        "vacant": false,
        "feature_type": "Lot",
        "parent_id": "block-district-commercial-13-32",
        "stage": "lots",
        "seed": 5851037121411972247
      }
    },
    {
      "type": "Feature",
      "id": "lot-block-district-commercial-13-32-2",
      "geometry": {
        "type": "Polygon",
        "coordinates": [
          [
            [
              757.321,
              184.38
            ],
            [
              784.401,
              184.38
            ],
            [
              784.401,
              265.62
            ],
            [
              757.321,
              265.62
            ],
            [
              757.321,
              184.38
            ]
          ]
        ]
      },
      "properties": {
        "size": 2199.98,
        "orientation": "east_west",
        "road_access": true,
        "zone": "commercial",
        "frontage": 27.08,
        "vacant": false,
        "feature_type": "Lot",
        "parent_id": "block-district-commercial-13-32",
        "stage": "lots",
        "seed": 5851037121411972247
      }
    },
    {
      "type": "Feature",
      "id": "lot-block-district-commercial-13-32-3",
      "geometry": {
        "type": "Polygon",
        "coordinates": [
          [
            [
              787.401,
              184.38
            ],
            [
              814.481,
              184.38
            ],
            [
              814.481,
              265.62
            ],
            [
              787.401,
              265.62
            ],
            [
              787.401,
              184.38
            ]
          ]
        ]
      },
      "properties": {
        "size": 2199.98,
        "orientation": "east_west",
        "road_access": true,
        "zone": "commercial",
        "frontage": 27.08,
        "vacant": false,
        "feature_type": "Lot",
        "parent_id": "block-district-commercial-13-32",
        "stage": "lots",
        "seed": 5851037121411972247
      }
    },
    {
      "type": "Feature",
      "id": "lot-block-district-commercial-13-33-1",
      "geometry": {
        "type": "Polygon",
        "coordinates": [
          [
            [
              823.241,
              184.38
            ],
            [
              850.321,
              184.38
            ],
            [
              850.321,
              265.62
            ],
            [
              823.241,
              265.62
            ],
            [
              823.241,
              184.38
            ]
          ]
        ]
      },
      "properties": {
        "size": 2199.98,
        "orientation": "east_west",
        "road_access": true,
        "zone": "commercial",
        "frontage": 27.08,
        "vacant": false,
        "feature_type": "Lot",
        "parent_id": "block-district-commercial-13-33",
        "stage": "lots",
        "seed": 5851037121411972247
      }
    },
    {
      "type": "Feature",
      "id": "lot-block-district-commercial-13-33-2",
      "geometry": {
        "type": "Polygon",
        "coordinates": [
          [
            [
              853.321,
              184.38
            ],
            [
              880.401,
              184.38
            ],
            [
              880.401,
              265.62
            ],
            [
              853.321,
              265.62
            ],
            [
              853.321,
              184.38
            ]
          ]
        ]
      },
      "properties": {
        "size": 2199.98,
        "orientation": "east_west",
        "road_access": true,
        "zone": "commercial",
        "frontage": 27.08,
        "vacant": false,
        "feature_type": "Lot",
        "parent_id": "block-district-commercial-13-33",
        "stage": "lots",
        "seed": 5851037121411972247
      }
    },
    {
      "type": "Feature",
      "id": "lot-block-district-commercial-13-33-3",
      "geometry": {
        "type": "Polygon",
        "coordinates": [
          [
            [
              883.401,
              184.38
            ],
            [
              910.481,
              184.38
            ],
            [
              910.481,
              265.62
            ],
            [
              883.401,
              265.62
            ],
            [
              883.401,
              184.38
            ]
          ]
        ]
      },
      "properties": {
        "size": 2199.98,
        "orientation": "east_west",
        "road_access": true,
        "zone": "commercial",
        "frontage": 27.08,
        "vacant": false,
        "feature_type": "Lot",
        "parent_id": "block-district-commercial-13-33",
        "stage": "lots",
        "seed": 5851037121411972247
      }
    },
    {
      "type": "Feature",
      "id": "lot-block-district-residential-14-11-1",
      "geometry": {
        "type": "Polygon",
        "coordinates": [
          [
            [
              916.38,
              4.38
            ],
            [
              943.46,
              4.38
            ],
            [
              943.46,
              85.62
            ],
            [
              916.38,
              85.62
            ],
            [
              916.38,
              4.38
            ]
          ]
        ]
      },
      "properties": {
        "size": 2199.98,
        "orientation": "east_west",
        "road_access": true,
        "zone": "residential",
        "frontage": 27.08,
        "vacant": false,
        "feature_type": "Lot",
        "parent_id": "block-district-residential-14-11",
        "stage": "lots",
        "seed": 5851037121411972247
      }
    },
    {
      "type": "Feature",
      "id": "lot-block-district-residential-14-11-2",
      "geometry": {
        "type": "Polygon",
        "coordinates": [
          [
            [
              946.46,
              4.38
            ],
            [
              973.54,
              4.38
            ],
            [
              973.54,
              85.62
            ],
            [
              946.46,
              85.62
            ],
            [
              946.46,
              4.38
            ]
          ]
        ]
      },
      "properties": {
        "size": 2199.98,
        "orientation": "east_west",
        "road_access": true,
        "zone": "residential",
        "frontage": 27.08,
        "vacant": false,
        "feature_type": "Lot",
        "parent_id": "block-district-residential-14-11",
        "stage": "lots",
        "seed": 5851037121411972247
      }
    },
    {
      "type": "Feature",
      "id": "lot-block-district-residential-14-11-3",
      "geometry": {
        "type": "Polygon",
        "coordinates": [
          [
            [
              976.54,
              4.38
            ],
            [
              1003.62,
              4.38
            ],
            [
              1003.62,
              85.62
            ],
            [
              976.54,
              85.62
            ],
            [
              976.54,
              4.38
            ]
          ]
        ]
      },
      "properties": {
        "size": 2199.98,
        "orientation": "east_west",
        "road_access": true,
        "zone": "residential",
        "frontage": 27.08,
        "vacant": false,
        "feature_type": "Lot",
        "parent_id": "block-district-residential-14-11",
        "stage": "lots",
        "seed": 5851037121411972247
      }
    },
    {
      "type": "Feature",
      "id": "lot-block-district-residential-14-12-1",
      "geometry": {
        "type": "Polygon",
        "coordinates": [
          [
            [
              1012.38,
              4.38
            ],
            [
              1039.46,
              4.38
            ],
            [
              1039.46,
              85.62
            ],
            [
              1012.38,
              85.62
            ],
            [
              1012.38,
              4.38
            ]
          ]
        ]
      },
      "properties": {
        "size": 2199.98,
        "orientation": "east_west",
        "road_access": true,
        "zone": "residential",
        "frontage": 27.08,
        "vacant": false,
        "feature_type": "Lot",
        "parent_id": "block-district-residential-14-12",
        "stage": "lots",
        "seed": 5851037121411972247
      }
    },
    {
      "type": "Feature",
      "id": "lot-block-district-residential-14-12-2",
      "geometry": {
        "type": "Polygon",
        "coordinates": [
          [
            [
              1042.46,
              4.38
            ],
            [
              1069.54,
              4.38
            ],
            [
              1069.54,
              85.62
            ],
            [
              1042.46,
              85.62
            ],
            [
              1042.46,
              4.38
            ]
          ]
        ]
      },
      "properties": {
        "size": 2199.98,
        "orientation": "east_west",
        "road_access": true,
        "zone": "residential",
        "frontage": 27.08,
        "vacant": false,
        "feature_type": "Lot",
        "parent_id": "block-district-residential-14-12",
        "stage": "lots",
        "seed": 5851037121411972247
      }
    },
    {
      "type": "Feature",
      "id": "lot-block-district-residential-14-12-3",
      "geometry": {
        "type": "Polygon",
        "coordinates": [
          [
            [
              1072.54,
              4.38
            ],
            [
              1099.62,
              4.38
            ],
            [
              1099.62,
              85.62
            ],
            [
              1072.54,
              85.62
            ],
            [
              1072.54,
              4.38
            ]
          ]
        ]
      },
      "properties": {
        "size": 2199.98,
        "orientation": "east_west",
        "road_access": true,
        "zone": "residential",
        "frontage": 27.08,
        "vacant": true,
        "feature_type": "Lot",
        "parent_id": "block-district-residential-14-12",
        "stage": "lots",
        "seed": 5851037121411972247
      }
    },
    {
      "type": "Feature",
      "id": "lot-block-district-residential-14-13-1",
      "geometry": {
        "type": "Polygon",
        "coordinates": [
          [
            [
              1108.38,
              4.38
            ],
            [
              1135.46,
              4.38
            ],
            [
              1135.46,
              85.62
            ],
            [
              1108.38,
              85.62
            ],
            [
              1108.38,
              4.38
            ]
          ]
        ]
      },
      "properties": {
        "size": 2199.98,
        "orientation": "east_west",
        "road_access": true,
        "zone": "residential",
        "frontage": 27.08,
        "vacant": false,
        "feature_type": "Lot",
        "parent_id": "block-district-residential-14-13",
        "stage": "lots",
        "seed": 5851037121411972247
      }
    },
    {
      "type": "Feature",
      "id": "lot-block-district-residential-14-13-2",
      "geometry": {
        "type": "Polygon",
        "coordinates": [
          [
            [
              1138.46,
              4.38
            ],
            [
              1165.54,
              4.38
            ],
            [
              1165.54,
              85.62
            ],
            [
              1138.46,
              85.62
            ],
            [
              1138.46,
              4.38
            ]
          ]
        ]
      },
      "properties": {
        "size": 2199.98,
        "orientation": "east_west",
        "road_access": true,
        "zone": "residential",
        "frontage": 27.08,
        "vacant": false,
        "feature_type": "Lot",
        "parent_id": "block-district-residential-14-13",
        "stage": "lots",
        "seed": 5851037121411972247
      }
    },
    {
      "type": "Feature",
      "id": "lot-block-district-residential-14-13-3",
      "geometry": {
        "type": "Polygon",
        "coordinates": [
          [
            [
              1168.54,
              4.38
            ],
            [
              1195.62,
              4.38
            ],
            [
              1195.62,
              85.62
            ],
            [
              1168.54,
              85.62
            ],
            [
              1168.54,
              4.38
            ]
          ]
        ]
      },
      "properties": {
        "size": 2199.98,
        "orientation": "east_west",
        "road_access": true,
        "zone": "residential",
        "frontage": 27.08,
        "vacant": false,
        "feature_type": "Lot",
        "parent_id": "block-district-residential-14-13",
        "stage": "lots",
        "seed": 5851037121411972247
      }
    },
    {
      "type": "Feature",
      "id": "lot-block-district-residential-14-21-1",
      "geometry": {
        "type": "Polygon",
        "coordinates": [
          [
            [
              916.38,
              94.38
            ],
            [
              943.46,
              94.38
            ],
            [
              943.46,
              175.62
            ],
            [
              916.38,
              175.62
            ],
            [
              916.38,
              94.38
            ]
          ]
        ]
      },
      "properties": {
        "size": 2199.98,
        "orientation": "east_west",
        "road_access": true,
        "zone": "residential",
        "frontage": 27.08,
        "vacant": false,
        "feature_type": "Lot",
        "parent_id": "block-district-residential-14-21",
        "stage": "lots",
        "seed": 5851037121411972247
      }
    },
    {
      "type": "Feature",
      "id": "lot-block-district-residential-14-21-2",
      "geometry": {
        "type": "Polygon",
        "coordinates": [
          [
            [
              946.46,
              94.38
            ],
            [
              973.54,
              94.38
            ],
            [
              973.54,
              175.62
            ],
            [
              946.46,
              175.62
            ],
            [
              946.46,
              94.38
            ]
          ]
        ]
      },
      "properties": {
        "size": 2199.98,
        "orientation": "east_west",
        "road_access": true,
        "zone": "residential",
        "frontage": 27.08,
        "vacant": false,
        "feature_type": "Lot",
        "parent_id": "block-district-residential-14-21",
        "stage": "lots",
        "seed": 5851037121411972247
      }
    },
    {
      "type": "Feature",
      "id": "lot-block-district-residential-14-21-3",
      "geometry": {
        "type": "Polygon",
        "coordinates": [
          [
            [
              976.54,
              94.38
            ],
            [
              1003.62,
              94.38
            ],
            [
              1003.62,
              175.62
            ],
            [
              976.54,
              175.62
            ],
            [
              976.54,
              94.38
            ]
          ]
        ]
      },
      "properties": {
        "size": 2199.98,
        "orientation": "east_west",
        "road_access": true,
        "zone": "residential",
        "frontage": 27.08,
        "vacant": false,
        "feature_type": "Lot",
        "parent_id": "block-district-residential-14-21",
        "stage": "lots",
        "seed": 5851037121411972247
      }
    },
    {
      "type": "Feature",
      "id": "lot-block-district-residential-14-22-1",
      "geometry": {
        "type": "Polygon",
        "coordinates": [
          [
            [
              1012.38,
              94.202
            ],
            [
              1039.46,
              94.202
            ],
            [
              1039.46,
              175.798
            ],
            [
              1012.38,
              175.798
            ],
            [
              1012.38,
              94.202
            ]
          ]
        ]
      },
      "properties": {
        "size": 2209.62,
        "orientation": "east_west",
        "road_access": true,
        "zone": "residential",
        "frontage": 27.08,
        "vacant": false,
        "feature_type": "Lot",
        "parent_id": "block-district-residential-14-22",
        "stage": "lots",
        "seed": 5851037121411972247
      }
    },
    {
      "type": "Feature",
      "id": "lot-block-district-residential-14-22-2",
      "geometry": {
        "type": "Polygon",
        "coordinates": [
          [
            [
              1042.46,
              94.202
            ],
            [
              1069.54,
              94.202
            ],
            [
              1069.54,
              175.798
            ],
            [
              1042.46,
              175.798
            ],
            [
              1042.46,
              94.202
            ]
          ]
        ]
      },
      "properties": {
        "size": 2209.62,
        "orientation": "east_west",
        "road_access": true,
        "zone": "residential",
        "frontage": 27.08,
        "vacant": false,
        "feature_type": "Lot",
        "parent_id": "block-district-residential-14-22",
        "stage": "lots",
        "seed": 5851037121411972247
      }
    },
    {
      "type": "Feature",
      "id": "lot-block-district-residential-14-22-3",
      "geometry": {
        "type": "Polygon",
        "coordinates": [
          [
            [
              1072.54,
              94.202
            ],
            [
              1099.62,
              94.202
            ],
            [
              1099.62,
              175.798
            ],
            [
              1072.54,
              175.798
            ],
            [
              1072.54,
              94.202
            ]
          ]
        ]
      },
      "properties": {
        "size": 2209.62,
        "orientation": "east_west",
        "road_access": true,
        "zone": "residential",
        "frontage": 27.08,
        "vacant": false,
        "feature_type": "Lot",
        "parent_id": "block-district-residential-14-22",
        "stage": "lots",
        "seed": 5851037121411972247
      }
    },
    {
      "type": "Feature",
      "id": "lot-block-district-residential-14-23-1",
      "geometry": {
        "type": "Polygon",
        "coordinates": [
          [
            [
              1108.38,
              94.38
            ],
            [
              1135.46,
              94.38
            ],
            [
              1135.46,
              175.62
            ],
            [
              1108.38,
              175.62
            ],
            [
              1108.38,
              94.38
            ]
          ]
        ]
      },
      "properties": {
        "size": 2199.98,
        "orientation": "east_west",
        "road_access": true,
        "zone": "residential",
        "frontage": 27.08,
        "vacant": false,
        "feature_type": "Lot",
        "parent_id": "block-district-residential-14-23",
        "stage": "lots",
        "seed": 5851037121411972247
      }
    },
    {
      "type": "Feature",
      "id": "lot-block-district-residential-14-23-2",
      "geometry": {
        "type": "Polygon",
        "coordinates": [
          [
            [
              1138.46,
              94.38
            ],
            [
              1165.54,
              94.38
            ],
            [
              1165.54,
              175.62
            ],
            [
              1138.46,
              175.62
            ],
            [
              1138.46,
              94.38
            ]
          ]
        ]
      },
      "properties": {
        "size": 2199.98,
        "orientation": "east_west",
        "road_access": true,
        "zone": "residential",
        "frontage": 27.08,
        "vacant": false,
        "feature_type": "Lot",
        "parent_id": "block-district-residential-14-23",
        "stage": "lots",
        "seed": 5851037121411972247
      }
    },
    {
      "type": "Feature",
      "id": "lot-block-district-residential-14-23-3",
      "geometry": {
        "type": "Polygon",
        "coordinates": [
          [
            [
              1168.54,
              94.38
            ],
            [
              1195.62,
              94.38
            ],
            [
              1195.62,
              175.62
            ],
            [
              1168.54,
              175.62
            ],
            [
              1168.54,
              94.38
            ]
          ]
        ]
      },
      "properties": {
        "size": 2199.98,
        "orientation": "east_west",
        "road_access": true,
        "zone": "residential",
        "frontage": 27.08,
        "vacant": false,
        "feature_type": "Lot",
        "parent_id": "block-district-residential-14-23",
        "stage": "lots",
        "seed": 5851037121411972247
      }
    },
    {
      "type": "Feature",
      "id": "lot-block-district-residential-14-31-1",
      "geometry": {
        "type": "Polygon",
        "coordinates": [
          [
            [
              916.38,
              184.38
            ],
            [
              943.46,
              184.38
            ],
            [
              943.46,
              265.62
            ],
            [
              916.38,
              265.62
            ],
            [
              916.38,
              184.38
            ]
          ]
        ]
      },
      "properties": {
        "size": 2199.98,
        "orientation": "east_west",
        "road_access": true,
        "zone": "residential",
        "frontage": 27.08,
        "vacant": false,
        "feature_type": "Lot",
        "parent_id": "block-district-residential-14-31",
        "stage": "lots",
        "seed": 5851037121411972247
      }
    },
    {
      "type": "Feature",
      "id": "lot-block-district-residential-14-31-2",
      "geometry": {
        "type": "Polygon",
        "coordinates": [
          [
            [
              946.46,
              184.38
            ],
            [
              973.54,
              184.38
            ],
            [
              973.54,
              265.62
            ],
            [
              946.46,
              265.62
            ],
            [
              946.46,
              184.38
            ]
          ]
        ]
      },
      "properties": {
        "size": 2199.98,
        "orientation": "east_west",
        "road_access": true,
        "zone": "residential",
        "frontage": 27.08,
        "vacant": false,
        "feature_type": "Lot",
        "parent_id": "block-district-residential-14-31",
        "stage": "lots",
        "seed": 5851037121411972247
      }
    },
    {
      "type": "Feature",
      "id": "lot-block-district-residential-14-31-3",
      "geometry": {
        "type": "Polygon",
        "coordinates": [
          [
            [
              976.54,
              184.38
            ],
            [
              1003.62,
              184.38
            ],
            [
              1003.62,
              265.62
            ],
            [
              976.54,
              265.62
            ],
            [
              976.54,
              184.38
            ]
          ]
        ]
      },
      "properties": {
        "size": 2199.98,
        "orientation": "east_west",
        "road_access": true,
        "zone": "residential",
        "frontage": 27.08,
        "vacant": false,
        "feature_type": "Lot",
        "parent_id": "block-district-residential-14-31",
        "stage": "lots",
        "seed": 5851037121411972247
      }
    },
    {
      "type": "Feature",
      "id": "lot-block-district-residential-14-32-1",
      "geometry": {
        "type": "Polygon",
        "coordinates": [
          [
            [
              1012.38,
              184.38
            ],
            [
              1039.46,
              184.38
            ],
            [
              1039.46,
              265.62
            ],
            [
              1012.38,
              265.62
            ],
            [
              1012.38,
              184.38
            ]
          ]
        ]
      },
      "properties": {
        "size": 2199.98,
        "orientation": "east_west",
        "road_access": true,
        "zone": "residential",
        "frontage": 27.08,
        "vacant": true,
        "feature_type": "Lot",
        "parent_id": "block-district-residential-14-32",
        "stage": "lots",
        "seed": 5851037121411972247
      }
    },
    {
      "type": "Feature",
      "id": "lot-block-district-residential-14-32-2",
      "geometry": {
        "type": "Polygon",
        "coordinates": [
          [
            [
              1042.46,
              184.38
            ],
            [
              1069.54,
              184.38
            ],
            [
              1069.54,
              265.62
            ],
            [
              1042.46,
              265.62
            ],
            [
              1042.46,
              184.38
            ]
          ]
        ]
      },
      "properties": {
        "size": 2199.98,
        "orientation": "east_west",
        "road_access": true,
        "zone": "residential",
        "frontage": 27.08,
        "vacant": false,
        "feature_type": "Lot",
        "parent_id": "block-district-residential-14-32",
        "stage": "lots",
        "seed": 5851037121411972247
      }
    },
    {
      "type": "Feature",
      "id": "lot-block-district-residential-14-32-3",
      "geometry": {
        "type": "Polygon",
        "coordinates": [
          [
            [
              1072.54,
              184.38
            ],
            [
              1099.62,
              184.38
            ],
            [
              1099.62,
              265.62
            ],
            [
              1072.54,
              265.62
            ],
            [
              1072.54,
              184.38
            ]
          ]
        ]
      },
      "properties": {
        "size": 2199.98,
        "orientation": "east_west",
        "road_access": true,
        "zone": "residential",
        "frontage": 27.08,
        "vacant": false,
        "feature_type": "Lot",
        "parent_id": "block-district-residential-14-32",
        "stage": "lots",
        "seed": 5851037121411972247
      }
    },
    {
      "type": "Feature",
      "id": "lot-block-district-residential-14-33-1",
      "geometry": {
        "type": "Polygon",
        "coordinates": [
          [
            [
              1108.38,
              184.38
            ],
            [
              1135.46,
              184.38
            ],
            [
              1135.46,
              265.62
            ],
            [
              1108.38,
              265.62
            ],
            [
              1108.38,
              184.38
            ]
          ]
        ]
      },
      "properties": {
        "size": 2199.98,
        "orientation": "east_west",
        "road_access": true,
        "zone": "residential",
        "frontage": 27.08,
        "vacant": false,
        "feature_type": "Lot",
        "parent_id": "block-district-residential-14-33",
        "stage": "lots",
        "seed": 5851037121411972247
      }
    },
    {
      "type": "Feature",
      "id": "lot-block-district-residential-14-33-2",
      "geometry": {
        "type": "Polygon",
        "coordinates": [
          [
            [
              1138.46,
              184.38
            ],
            [
              1165.54,
              184.38
            ],
            [
              1165.54,
              265.62
            ],
            [
              1138.46,
              265.62
            ],
            [
              1138.46,
              184.38
            ]
          ]
        ]
      },
      "properties": {
        "size": 2199.98,
        "orientation": "east_west",
        "road_access": true,
        "zone": "residential",
        "frontage": 27.08,
        "vacant": false,
        "feature_type": "Lot",
        "parent_id": "block-district-residential-14-33",
        "stage": "lots",
        "seed": 5851037121411972247
      }
    },
    {
      "type": "Feature",
      "id": "lot-block-district-residential-14-33-3",
      "geometry": {
        "type": "Polygon",
        "coordinates": [
          [
            [
              1168.54,
              184.38
            ],
            [
              1195.62,
              184.38
            ],
            [
              1195.62,
              265.62
            ],
            [
              1168.54,
              265.62
            ],
            [
              1168.54,
              184.38
            ]
          ]
        ]
      },
      "properties": {
        "size": 2199.98,
        "orientation": "east_west",
        "road_access": true,
        "zone": "residential",
        "frontage": 27.08,
        "vacant": false,
        "feature_type": "Lot",
        "parent_id": "block-district-residential-14-33",
        "stage": "lots",
        "seed": 5851037121411972247
      }
    },
    {
      "type": "Feature",
      "id": "lot-block-district-industrial-21-11-1",
      "geometry": {
        "type": "Polygon",
        "coordinates": [
          [
            [
              4.62,
              279.066
            ],
            [
              51.54,
              279.066
            ],
            [
              51.54,
              347.826
            ],
            [
              4.62,
              347.826
            ],
            [
              4.62,
              279.066
            ]
          ]
        ]
      },
      "properties": {
        "size": 3226.22,
        "orientation": "east_west",
        "road_access": true,
        "zone": "industrial",
        "frontage": 46.92,
        "vacant": false,
        "feature_type": "Lot",
        "parent_id": "block-district-industrial-21-11",
        "stage": "lots",
        "seed": 5851037121411972247
      }
    },
    {
      "type": "Feature",
      "id": "lot-block-district-industrial-21-11-2",
      "geometry": {
        "type": "Polygon",
        "coordinates": [
          [
            [
              54.54,
              279.066
            ],
            [
              101.46,
              279.066
            ],
            [
              101.46,
              347.826
            ],
            [
              54.54,
              347.826
            ],
            [
              54.54,
              279.066
            ]
          ]
        ]
      },
      "properties": {
        "size": 3226.22,
        "orientation": "east_west",
        "road_access": true,
        "zone": "industrial",
        "frontage": 46.92,
        "vacant": false,
        "feature_type": "Lot",
        "parent_id": "block-district-industrial-21-11",
        "stage": "lots",
        "seed": 5851037121411972247
      }
    },
    {
      "type": "Feature",
      "id": "lot-block-district-industrial-21-11-3",
      "geometry": {
        "type": "Polygon",
        "coordinates": [
          [
            [
              104.46,
              279.066
            ],
            [
              151.38,
              279.066
            ],
            [
              151.38,
              347.826
            ],
            [
              104.46,
              347.826
            ],
            [
              104.46,
              279.066
            ]
          ]
        ]
      },
      "properties": {
        "size": 3226.22,
        "orientation": "east_west",
        "road_access": true,
        "zone": "industrial",
        "frontage": 46.92,
        "vacant": false,
        "feature_type": "Lot",
        "parent_id": "block-district-industrial-21-11",
        "stage": "lots",
        "seed": 5851037121411972247
      }
    },
    {
      "type": "Feature",
      "id": "lot-block-district-industrial-21-12-1",
      "geometry": {
        "type": "Polygon",
        "coordinates": [
          [
            [
              160.62,
              279.066
            ],
            [
              207.54,
              279.066
            ],
            [
              207.54,
              347.826
            ],
            [
              160.62,
              347.826
            ],
            [
              160.62,
              279.066
            ]
          ]
        ]
      },
      "properties": {
        "size": 3226.22,
        "orientation": "east_west",
        "road_access": true,
        "zone": "industrial",
        "frontage": 46.92,
        "vacant": false,
        "feature_type": "Lot",
        "parent_id": "block-district-industrial-21-12",
        "stage": "lots",
        "seed": 5851037121411972247
      }
    },
    {
      "type": "Feature",
      "id": "lot-block-district-industrial-21-12-2",
      "geometry": {
        "type": "Polygon",
        "coordinates": [
          [
            [
              210.54,
              279.066
            ],
            [
              257.46,
              279.066
            ],
            [
              257.46,
              347.826
            ],
            [
              210.54,
              347.826
            ],
            [
              210.54,
              279.066
            ]
          ]
        ]
      },
      "properties": {
        "size": 3226.22,
        "orientation": "east_west",
        "road_access": true,
        "zone": "industrial",
        "frontage": 46.92,
        "vacant": false,
        "feature_type": "Lot",
        "parent_id": "block-district-industrial-21-12",
        "stage": "lots",
        "seed": 5851037121411972247
      }
    },
    {
      "type": "Feature",
      "id": "lot-block-district-industrial-21-12-3",
      "geometry": {
        "type": "Polygon",
        "coordinates": [
          [
            [
              260.46,
              279.066
            ],
            [
              307.38,
              279.066
            ],
            [
              307.38,
              347.826
            ],
            [
              260.46,
              347.826
            ],
            [
              260.46,
              279.066
            ]
          ]
        ]
      },
      "properties": {
        "size": 3226.22,
        "orientation": "east_west",
        "road_access": true,
        "zone": "industrial",
        "frontage": 46.92,
        "vacant": false,
        "feature_type": "Lot",
        "parent_id": "block-district-industrial-21-12",
        "stage": "lots",
        "seed": 5851037121411972247
      }
    },
    {
      "type": "Feature",
      "id": "lot-block-district-industrial-21-21-1",
      "geometry": {
        "type": "Polygon",
        "coordinates": [
          [
            [
              4.62,
              356.433
            ],
            [
              51.54,
              356.433
            ],
            [
              51.54,
              426.459
            ],
            [
              4.62,
              426.459
            ],
            [
              4.62,
              356.433
            ]
          ]
        ]
      },
      "properties": {
        "size": 3285.62,
        "orientation": "east_west",
        "road_access": true,
        "zone": "industrial",
        "frontage": 46.92,
        "vacant": false,
        "feature_type": "Lot",
        "parent_id": "block-district-industrial-21-21",
        "stage": "lots",
        "seed": 5851037121411972247
      }
    },
    {
      "type": "Feature",
      "id": "lot-block-district-industrial-21-21-2",
      "geometry": {
        "type": "Polygon",
        "coordinates": [
          [
            [
              54.54,
              356.433
            ],
            [
              101.46,
              356.433
            ],
            [
              101.46,
              426.459
            ],
            [
              54.54,
              426.459
            ],
            [
              54.54,
              356.433
            ]
          ]
        ]
      },
      "properties": {
        "size": 3285.62,
        "orientation": "east_west",
        "road_access": true,
        "zone": "industrial",
        "frontage": 46.92,
        "vacant": false,
        "feature_type": "Lot",
        "parent_id": "block-district-industrial-21-21",
        "stage": "lots",
        "seed": 5851037121411972247
      }
    },
    {
      "type": "Feature",
      "id": "lot-block-district-industrial-21-21-3",
      "geometry": {
        "type": "Polygon",
        "coordinates": [
          [
            [
              104.46,
              356.433
            ],
            [
              151.38,
              356.433
            ],
            [
              151.38,
              426.459
            ],
            [
              104.46,
              426.459
            ],
            [
              104.46,
              356.433
            ]
          ]
        ]
      },
      "properties": {
        "size": 3285.62,
        "orientation": "east_west",
        "road_access": true,
        "zone": "industrial",
        "frontage": 46.92,
        "vacant": false,
        "feature_type": "Lot",
        "parent_id": "block-district-industrial-21-21",
        "stage": "lots",
        "seed": 5851037121411972247
      }
    },
    {
      "type": "Feature",
      "id": "lot-block-district-industrial-21-22-1",
      "geometry": {
        "type": "Polygon",
        "coordinates": [
          [
            [
              160.62,
              354.605
            ],
            [
              207.54,
              354.605
            ],
            [
              207.54,
              428.287
            ],
            [
              160.62,
              428.287
            ],
            [
              160.62,
              354.605
            ]
          ]
        ]
      },
      "properties": {
        "size": 3457.16,
        "orientation": "east_west",
        "road_access": true,
        "zone": "industrial",
        "frontage": 46.92,
        "vacant": false,
        "feature_type": "Lot",
        "parent_id": "block-district-industrial-21-22",
        "stage": "lots",
        "seed": 5851037121411972247
      }
    },
    {
      "type": "Feature",
      "id": "lot-block-district-industrial-21-22-2",
      "geometry": {
        "type": "Polygon",
        "coordinates": [
          [
            [
              210.54,
              354.605
            ],
            [
              257.46,
              354.605
            ],
            [
              257.46,
              428.287
            ],
            [
              210.54,
              428.287
            ],
            [
              210.54,
              354.605
            ]
          ]
        ]
      },
      "properties": {
        "size": 3457.16,
        "orientation": "east_west",
        "road_access": true,
        "zone": "industrial",
        "frontage": 46.92,
        "vacant": false,
        "feature_type": "Lot",
        "parent_id": "block-district-industrial-21-22",
        "stage": "lots",
        "seed": 5851037121411972247
      }
    },
    {
      "type": "Feature",
      "id": "lot-block-district-industrial-21-22-3",
      "geometry": {
        "type": "Polygon",
        "coordinates": [
          [
            [
              260.46,
              354.605
            ],
            [
              307.38,
              354.605
            ],
            [
              307.38,
              428.287
            ],
            [
              260.46,
              428.287
            ],
            [
              260.46,
              354.605
            ]
          ]
        ]
      },
      "properties": {
        "size": 3457.16,
        "orientation": "east_west",
        "road_access": true,
        "zone": "industrial",
        "frontage": 46.92,
        "vacant": false,
        "feature_type": "Lot",
        "parent_id": "block-district-industrial-21-22",
        "stage": "lots",
        "seed": 5851037121411972247
      }
    },
    {
      "type": "Feature",
      "id": "lot-block-district-industrial-21-31-1",
      "geometry": {
        "type": "Polygon",
        "coordinates": [
          [
            [
              4.62,
              434.996
            ],
            [
              51.54,
              434.996
            ],
            [
              51.54,
              503.896
            ],
            [
              4.62,
              503.896
            ],
            [
              4.62,
              434.996
            ]
          ]
        ]
      },
      "properties": {
        "size": 3232.79,
        "orientation": "east_west",
        "road_access": true,
        "zone": "industrial",
        "frontage": 46.92,
        "vacant": false,
        "feature_type": "Lot",
        "parent_id": "block-district-industrial-21-31",
        "stage": "lots",
        "seed": 5851037121411972247
      }
    },
    {
      "type": "Feature",
      "id": "lot-block-district-industrial-21-31-2",
      "geometry": {
        "type": "Polygon",
        "coordinates": [
          [
            [
              54.54,
              434.996
            ],
            [
              101.46,
              434.996
            ],
            [
              101.46,
              503.896
            ],
            [
              54.54,
              503.896
            ],
            [
              54.54,
              434.996
            ]
          ]
        ]
      },
      "properties": {
        "size": 3232.79,
        "orientation": "east_west",
        "road_access": true,
        "zone": "industrial",
        "frontage": 46.92,
        "vacant": false,
        "feature_type": "Lot",
        "parent_id": "block-district-industrial-21-31",
        "stage": "lots",
        "seed": 5851037121411972247
      }
    },
    {
      "type": "Feature",
      "id": "lot-block-district-industrial-21-31-3",
      "geometry": {
        "type": "Polygon",
        "coordinates": [
          [
            [
              104.46,
              434.996
            ],
            [
              151.38,
              434.996
            ],
            [
              151.38,
              503.896
            ],
            [
              104.46,
              503.896
            ],
            [
              104.46,
              434.996
            ]
          ]
        ]
      },
      "properties": {
        "size": 3232.79,
        "orientation": "east_west",
        "road_access": true,
        "zone": "industrial",
        "frontage": 46.92,
        "vacant": false,
        "feature_type": "Lot",
        "parent_id": "block-district-industrial-21-31",
        "stage": "lots",
        "seed": 5851037121411972247
      }
    },
    {
      "type": "Feature",
      "id": "lot-block-district-industrial-21-32-1",
      "geometry": {
        "type": "Polygon",
        "coordinates": [
          [
            [
              160.62,
              435.066
            ],
            [
              207.54,
              435.066
            ],
            [
              207.54,
              503.826
            ],
            [
              160.62,
              503.826
            ],
            [
              160.62,
              435.066
            ]
          ]
        ]
      },
      "properties": {
        "size": 3226.22,
        "orientation": "east_west",
        "road_access": true,
        "zone": "industrial",
        "frontage": 46.92,
        "vacant": false,
        "feature_type": "Lot",
        "parent_id": "block-district-industrial-21-32",
        "stage": "lots",
        "seed": 5851037121411972247
      }
    },
    {
      "type": "Feature",
      "id": "lot-block-district-industrial-21-32-2",
      "geometry": {
        "type": "Polygon",
        "coordinates": [
          [
            [
              210.54,
              435.066
            ],
            [
              257.46,
              435.066
            ],
            [
              257.46,
              503.826
            ],
            [
              210.54,
              503.826
            ],
            [
              210.54,
              435.066
            ]
          ]
        ]
      },
      "properties": {
        "size": 3226.22,
        "orientation": "east_west",
        "road_access": true,
        "zone": "industrial",
        "frontage": 46.92,
        "vacant": false,
        "feature_type": "Lot",
        "parent_id": "block-district-industrial-21-32",
        "stage": "lots",
        "seed": 5851037121411972247
      }
    },
    {
      "type": "Feature",
      "id": "lot-block-district-industrial-21-32-3",
      "geometry": {
        "type": "Polygon",
        "coordinates": [
          [
            [
              260.46,
              435.066
            ],
            [
              307.38,
              435.066
            ],
            [
              307.38,
              503.826
            ],
            [
              260.46,
              503.826
            ],
            [
              260.46,
              435.066
            ]
          ]
        ]
      },
      "properties": {
        "size": 3226.22,
        "orientation": "east_west",
        "road_access": true,
        "zone": "industrial",
        "frontage": 46.92,
        "vacant": false,
        "feature_type": "Lot",
        "parent_id": "block-district-industrial-21-32",
        "stage": "lots",
        "seed": 5851037121411972247
      }
    },
    {
      "type": "Feature",
      "id": "lot-block-district-business-22-11-1",
      "geometry": {
        "type": "Polygon",
        "coordinates": [
          [
            [
              315.555,
              275.757
            ],
            [
              345.142,
              275.757
            ],
            [
              345.142,
              344.517
            ],
            [
              315.555,
              344.517
            ],
            [
              315.555,
              275.757
            ]
          ]
        ]
      },
      "properties": {
        "size": 2034.38,
        "orientation": "east_west",
        "road_access": true,
        "zone": "business",
        "frontage": 29.59,
        "vacant": false,
        "feature_type": "Lot",
        "parent_id": "block-district-business-22-11",
        "stage": "lots",
        "seed": 5851037121411972247
      }
    },
    {
      "type": "Feature",
      "id": "lot-block-district-business-22-11-2",
      "geometry": {
        "type": "Polygon",
        "coordinates": [
          [
            [
              348.142,
              275.757
            ],
            [
              377.728,
              275.757
            ],
            [
              377.728,
              344.517
            ],
            [
              348.142,
              344.517
            ],
            [
              348.142,
              275.757
            ]
          ]
        ]
      },
      "properties": {
        "size": 2034.38,
        "orientation": "east_west",
        "road_access": true,
        "zone": "business",
        "frontage": 29.59,
        "vacant": false,
        "feature_type": "Lot",
        "parent_id": "block-district-business-22-11",
        "stage": "lots",
        "seed": 5851037121411972247
      }
    },
    {
      "type": "Feature",
      "id": "lot-block-district-business-22-11-3",
      "geometry": {
        "type": "Polygon",
        "coordinates": [
          [
            [
              380.728,
              275.757
            ],
            [
              410.315,
              275.757
            ],
            [
              410.315,
              344.517
            ],
            [
              380.728,
              344.517
            ],
            [
              380.728,
              275.757
            ]
          ]
        ]
      },
      "properties": {
        "size": 2034.38,
        "orientation": "east_west",
        "road_access": true,
        "zone": "business",
        "frontage": 29.59,
        "vacant": false,
        "feature_type": "Lot",
        "parent_id": "block-district-business-22-11",
        "stage": "lots",
        "seed": 5851037121411972247
      }
    },
    {
      "type": "Feature",
      "id": "lot-block-district-business-22-12-1",
      "geometry": {
        "type": "Polygon",
        "coordinates": [
          [
            [
              419.555,
              274.361
            ],
            [
              449.142,
              274.361
            ],
            [
              449.142,
              345.913
            ],
            [
              419.555,
              345.913
            ],
            [
              419.555,
              274.361
            ]
          ]
        ]
      },
      "properties": {
        "size": 2116.99,
        "orientation": "east_west",
        "road_access": true,
        "zone": "business",
        "frontage": 29.59,
        "vacant": false,
        "feature_type": "Lot",
        "parent_id": "block-district-business-22-12",
        "stage": "lots",
        "seed": 5851037121411972247
      }
    },
    {
      "type": "Feature",
      "id": "lot-block-district-business-22-12-2",
      "geometry": {
        "type": "Polygon",
        "coordinates": [
          [
            [
              452.142,
              274.361
            ],
            [
              481.728,
              274.361
            ],
            [
              481.728,
              345.913
            ],
            [
              452.142,
              345.913
            ],
            [
              452.142,
              274.361
            ]
          ]
        ]
      },
      "properties": {
        "size": 2116.99,
        "orientation": "east_west",
        "road_access": true,
        "zone": "business",
        "frontage": 29.59,
        "vacant": false,
        "feature_type": "Lot",
        "parent_id": "block-district-business-22-12",
        "stage": "lots",
        "seed": 5851037121411972247
      }
    },
    {
      "type": "Feature",
      "id": "lot-block-district-business-22-12-3",
      "geometry": {
        "type": "Polygon",
        "coordinates": [
          [
            [
              484.728,
              274.361
            ],
            [
              514.315,
              274.361
            ],
            [
              514.315,
              345.913
            ],
            [
              484.728,
              345.913
            ],
            [
              484.728,
              274.361
            ]
          ]
        ]
      },
      "properties": {
        "size": 2116.99,
        "orientation": "east_west",
        "road_access": true,
        "zone": "business",
        "frontage": 29.59,
        "vacant": false,
        "feature_type": "Lot",
        "parent_id": "block-district-business-22-12",
        "stage": "lots",
        "seed": 5851037121411972247
      }
    },
    {
      "type": "Feature",
      "id": "lot-block-district-business-22-13-1",
      "geometry": {
        "type": "Polygon",
        "coordinates": [
          [
            [
              523.555,
              273.005
            ],
            [
              553.142,
              273.005
            ],
            [
              553.142,
              347.269
            ],
            [
              523.555,
              347.269
            ],
            [
              523.555,
              273.005
            ]
          ]
        ]
      },
      "properties": {
        "size": 2197.22,
        "orientation": "east_west",
        "road_access": true,
        "zone": "business",
        "frontage": 29.59,
        "vacant": false,
        "feature_type": "Lot",
        "parent_id": "block-district-business-22-13",
        "stage": "lots",
        "seed": 5851037121411972247
      }
    },
    {
      "type": "Feature",
      "id": "lot-block-district-business-22-13-2",
      "geometry": {
        "type": "Polygon",
        "coordinates": [
          [
            [
              556.142,
              273.005
            ],
            [
              585.728,
              273.005
            ],
            [
              585.728,
              347.269
            ],
            [
              556.142,
              347.269
            ],
            [
              556.142,
              273.005
            ]
          ]
        ]
      },
      "properties": {
        "size": 2197.22,
        "orientation": "east_west",
        "road_access": true,
        "zone": "business",
        "frontage": 29.59,
        "vacant": false,
        "feature_type": "Lot",
        "parent_id": "block-district-business-22-13",
        "stage": "lots",
        "seed": 5851037121411972247
      }
    },
    {
      "type": "Feature",
      "id": "lot-block-district-business-22-13-3",
      "geometry": {
        "type": "Polygon",
        "coordinates": [
          [
            [
              588.728,
              273.005
            ],
            [
              618.315,
              273.005
            ],
            [
              618.315,
              347.269
            ],
            [
              588.728,
              347.269
            ],
            [
              588.728,
              273.005
            ]
          ]
        ]
      },
      "properties": {
        "size": 2197.22,
        "orientation": "east_west",
        "road_access": true,
        "zone": "business",
        "frontage": 29.59,
        "vacant": false,
        "feature_type": "Lot",
        "parent_id": "block-district-business-22-13",
        "stage": "lots",
        "seed": 5851037121411972247
      }
    },
    {
      "type": "Feature",
      "id": "lot-block-district-business-22-21-1",
      "geometry": {
        "type": "Polygon",
        "coordinates": [
          [
            [
              315.555,
              352.371
            ],
            [
              345.142,
              352.371
            ],
            [
              345.142,
              423.903
            ],
            [
              315.555,
              423.903
            ],
            [
              315.555,
              352.371
            ]
          ]
        ]
      },
      "properties": {
        "size": 2116.39,
        "orientation": "east_west",
        "road_access": true,
        "zone": "business",
        "frontage": 29.59,
        "vacant": false,
        "feature_type": "Lot",
        "parent_id": "block-district-business-22-21",
        "stage": "lots",
        "seed": 5851037121411972247
      }
    },
    {
      "type": "Feature",
      "id": "lot-block-district-business-22-21-2",
      "geometry": {
        "type": "Polygon",
        "coordinates": [
          [
            [
              348.142,
              352.371
            ],
            [
              377.728,
              352.371
            ],
            [
              377.728,
              423.903
            ],
            [
              348.142,
              423.903
            ],
            [
              348.142,
              352.371
            ]
          ]
        ]
      },
      "properties": {
        "size": 2116.39,
        "orientation": "east_west",
        "road_access": true,
        "zone": "business",
        "frontage": 29.59,
        "vacant": false,
        "feature_type": "Lot",
        "parent_id": "block-district-business-22-21",
        "stage": "lots",
        "seed": 5851037121411972247
      }
    },
    {
      "type": "Feature",
      "id": "lot-block-district-business-22-21-3",
      "geometry": {
        "type": "Polygon",
        "coordinates": [
          [
            [
              380.728,
              352.371
            ],
            [
              410.315,
              352.371
            ],
            [
              410.315,
              423.903
            ],
            [
              380.728,
              423.903
            ],
            [
              380.728,
              352.371
            ]
          ]
        ]
      },
      "properties": {
        "size": 2116.39,
        "orientation": "east_west",
        "road_access": true,
        "zone": "business",
        "frontage": 29.59,
        "vacant": false,
        "feature_type": "Lot",
        "parent_id": "block-district-business-22-21",
        "stage": "lots",
        "seed": 5851037121411972247
      }
    },
    {
      "type": "Feature",
      "id": "lot-block-district-business-22-22-1",
      "geometry": {
        "type": "Polygon",
        "coordinates": [
          [
            [
              419.555,
              352.871
            ],
            [
              449.142,
              352.871
            ],
            [
              449.142,
              423.403
            ],
            [
              419.555,
              423.403
            ],
            [
              419.555,
              352.871
            ]
          ]
        ]
      },
      "properties": {
        "size": 2086.81,
        "orientation": "east_west",
        "road_access": true,
        "zone": "business",
        "frontage": 29.59,
        "vacant": false,
        "feature_type": "Lot",
        "parent_id": "block-district-business-22-22",
        "stage": "lots",
        "seed": 5851037121411972247
      }
    },
    {
      "type": "Feature",
      "id": "lot-block-district-business-22-22-2",
      "geometry": {
        "type": "Polygon",
        "coordinates": [
          [
            [
              452.142,
              352.871
            ],
            [
              481.728,
              352.871
            ],
            [
              481.728,
              423.403
            ],
            [
              452.142,
              423.403
            ],
            [
              452.142,
              352.871
            ]
          ]
        ]
      },
      "properties": {
        "size": 2086.81,
        "orientation": "east_west",
        "road_access": true,
        "zone": "business",
        "frontage": 29.59,
        "vacant": false,
        "feature_type": "Lot",
        "parent_id": "block-district-business-22-22",
        "stage": "lots",
        "seed": 5851037121411972247
      }
    },
    {
      "type": "Feature",
      "id": "lot-block-district-business-22-22-3",
      "geometry": {
        "type": "Polygon",
        "coordinates": [
          [
            [
              484.728,
              352.871
            ],
            [
              514.315,
              352.871
            ],
            [
              514.315,
              423.403
            ],
            [
              484.728,
              423.403
            ],
            [
              484.728,
              352.871
            ]
          ]
        ]
      },
      "properties": {
        "size": 2086.81,
        "orientation": "east_west",
        "road_access": true,
        "zone": "business",
        "frontage": 29.59,
        "vacant": false,
        "feature_type": "Lot",
        "parent_id": "block-district-business-22-22",
        "stage": "lots",
        "seed": 5851037121411972247
      }
    },
    {
      "type": "Feature",
      "id": "lot-block-district-business-22-23-1",
      "geometry": {
        "type": "Polygon",
        "coordinates": [
          [
            [
              523.555,
              353.543
            ],
            [
              553.142,
              353.543
            ],
            [
              553.142,
              422.731
            ],
            [
              523.555,
              422.731
            ],
            [
              523.555,
              353.543
            ]
          ]
        ]
      },
      "properties": {
        "size": 2047.04,
        "orientation": "east_west",
        "road_access": true,
        "zone": "business",
        "frontage": 29.59,
        "vacant": false,
        "feature_type": "Lot",
        "parent_id": "block-district-business-22-23",
        "stage": "lots",
        "seed": 5851037121411972247
      }
    },
    {
      "type": "Feature",
      "id": "lot-block-district-business-22-23-2",
      "geometry": {
        "type": "Polygon",
        "coordinates": [
          [
            [
              556.142,
              353.543
            ],
            [
              585.728,
              353.543
            ],
            [
              585.728,
              422.731
            ],
            [
              556.142,
              422.731
            ],
            [
              556.142,
              353.543
            ]
          ]
        ]
      },
      "properties": {
        "size": 2047.04,
        "orientation": "east_west",
        "road_access": true,
        "zone": "business",
        "frontage": 29.59,
        "vacant": false,
        "feature_type": "Lot",
        "parent_id": "block-district-business-22-23",
        "stage": "lots",
        "seed": 5851037121411972247
      }
    },
    {
      "type": "Feature",
      "id": "lot-block-district-business-22-23-3",
      "geometry": {
        "type": "Polygon",
        "coordinates": [
          [
            [
              588.728,
              353.543
            ],
            [
              618.315,
              353.543
            ],
            [
              618.315,
              422.731
            ],
            [
              588.728,
              422.731
            ],
            [
              588.728,
              353.543
            ]
          ]
        ]
      },
      "properties": {
        "size": 2047.04,
        "orientation": "east_west",
        "road_access": true,
        "zone": "business",
        "frontage": 29.59,
        "vacant": false,
        "feature_type": "Lot",
        "parent_id": "block-district-business-22-23",
        "stage": "lots",
        "seed": 5851037121411972247
      }
    },
    {
      "type": "Feature",
      "id": "lot-block-district-business-22-31-1",
      "geometry": {
        "type": "Polygon",
        "coordinates": [
          [
            [
              315.555,
              430.454
            ],
            [
              345.142,
              430.454
            ],
            [
              345.142,
              501.82
            ],
            [
              315.555,
              501.82
            ],
            [
              315.555,
              430.454
            ]
          ]
        ]
      },
      "properties": {
        "size": 2111.48,
        "orientation": "east_west",
        "road_access": true,
        "zone": "business",
        "frontage": 29.59,
        "vacant": false,
        "feature_type": "Lot",
        "parent_id": "block-district-business-22-31",
        "stage": "lots",
        "seed": 5851037121411972247
      }
    },
    {
      "type": "Feature",
      "id": "lot-block-district-business-22-31-2",
      "geometry": {
        "type": "Polygon",
        "coordinates": [
          [
            [
              348.142,
              430.454
            ],
            [
              377.728,
              430.454
            ],
            [
              377.728,
              501.82
            ],
            [
              348.142,
              501.82
            ],
            [
              348.142,
              430.454
            ]
          ]
        ]
      },
      "properties": {
        "size": 2111.48,
        "orientation": "east_west",
        "road_access": true,
        "zone": "business",
        "frontage": 29.59,
        "vacant": false,
        "feature_type": "Lot",
        "parent_id": "block-district-business-22-31",
        "stage": "lots",
        "seed": 5851037121411972247
      }
    },
    {
      "type": "Feature",
      "id": "lot-block-district-business-22-31-3",
      "geometry": {
        "type": "Polygon",
        "coordinates": [
          [
            [
              380.728,
              430.454
            ],
            [
              410.315,
              430.454
            ],
            [
              410.315,
              501.82
            ],
            [
              380.728,
              501.82
            ],
            [
              380.728,
              430.454
            ]
          ]
        ]
      },
      "properties": {
        "size": 2111.48,
        "orientation": "east_west",
        "road_access": true,
        "zone": "business",
        "frontage": 29.59,
        "vacant": false,
        "feature_type": "Lot",
        "parent_id": "block-district-business-22-31",
        "stage": "lots",
        "seed": 5851037121411972247
      }
    },
    {
      "type": "Feature",
      "id": "lot-block-district-business-22-32-1",
      "geometry": {
        "type": "Polygon",
        "coordinates": [
          [
            [
              419.555,
              431.196
            ],
            [
              449.142,
              431.196
            ],
            [
              449.142,
              501.078
            ],
            [
              419.555,
              501.078
            ],
            [
              419.555,
              431.196
            ]
          ]
        ]
      },
      "properties": {
        "size": 2067.58,
        "orientation": "east_west",
        "road_access": true,
        "zone": "business",
        "frontage": 29.59,
        "vacant": false,
        "feature_type": "Lot",
        "parent_id": "block-district-business-22-32",
        "stage": "lots",
        "seed": 5851037121411972247
      }
    },
    {
      "type": "Feature",
      "id": "lot-block-district-business-22-32-2",
      "geometry": {
        "type": "Polygon",
        "coordinates": [
          [
            [
              452.142,
              431.196
            ],
            [
              481.728,
              431.196
            ],
            [
              481.728,
              501.078
            ],
            [
              452.142,
              501.078
            ],
            [
              452.142,
              431.196
            ]
          ]
        ]
      },
      "properties": {
        "size": 2067.58,
        "orientation": "east_west",
        "road_access": true,
        "zone": "business",
        "frontage": 29.59,
        "vacant": false,
        "feature_type": "Lot",
        "parent_id": "block-district-business-22-32",
        "stage": "lots",
        "seed": 5851037121411972247
      }
    },
    {
      "type": "Feature",
      "id": "lot-block-district-business-22-32-3",
      "geometry": {
        "type": "Polygon",
        "coordinates": [
          [
            [
              484.728,
              431.196
            ],
            [
              514.315,
              431.196
            ],
            [
              514.315,
              501.078
            ],
            [
              484.728,
              501.078
            ],
            [
              484.728,
              431.196
            ]
          ]
        ]
      },
      "properties": {
        "size": 2067.58,
        "orientation": "east_west",
        "road_access": true,
        "zone": "business",
        "frontage": 29.59,
        "vacant": false,
        "feature_type": "Lot",
        "parent_id": "block-district-business-22-32",
        "stage": "lots",
        "seed": 5851037121411972247
      }
    },
    {
      "type": "Feature",
      "id": "lot-block-district-business-22-33-1",
      "geometry": {
        "type": "Polygon",
        "coordinates": [
          [
            [
              523.555,
              430.025
            ],
            [
              553.142,
              430.025
            ],
            [
              553.142,
              502.249
            ],
            [
              523.555,
              502.249
            ],
            [
              523.555,
              430.025
            ]
          ]
        ]
      },
      "properties": {
        "size": 2136.87,
        "orientation": "east_west",
        "road_access": true,
        "zone": "business",
        "frontage": 29.59,
        "vacant": false,
        "feature_type": "Lot",
        "parent_id": "block-district-business-22-33",
        "stage": "lots",
        "seed": 5851037121411972247
      }
    },
    {
      "type": "Feature",
      "id": "lot-block-district-business-22-33-2",
      "geometry": {
        "type": "Polygon",
        "coordinates": [
          [
            [
              556.142,
              430.025
            ],
            [
              585.728,
              430.025
            ],
            [
              585.728,
              502.249
            ],
            [
              556.142,
              502.249
            ],
            [
              556.142,
              430.025
            ]
          ]
        ]
      },
      "properties": {
        "size": 2136.87,
        "orientation": "east_west",
        "road_access": true,
        "zone": "business",
        "frontage": 29.59,
        "vacant": false,
        "feature_type": "Lot",
        "parent_id": "block-district-business-22-33",
        "stage": "lots",
        "seed": 5851037121411972247
      }
    },
    {
      "type": "Feature",
      "id": "lot-block-district-business-22-33-3",
      "geometry": {
        "type": "Polygon",
        "coordinates": [
          [
            [
              588.728,
              430.025
            ],
            [
              618.315,
              430.025
            ],
            [
              618.315,
              502.249
            ],
            [
              588.728,
              502.249
            ],
            [
              588.728,
              430.025
            ]
          ]
        ]
      },
      "properties": {
        "size": 2136.87,
        "orientation": "east_west",
        "road_access": true,
        "zone": "business",
        "frontage": 29.59,
        "vacant": true,
        "feature_type": "Lot",
        "parent_id": "block-district-business-22-33",
        "stage": "lots",
        "seed": 5851037121411972247
      }
    },
    {
      "type": "Feature",
      "id": "lot-block-district-old_town-23-11-1",
      "geometry": {
        "type": "Polygon",
        "coordinates": [
          [
            [
              627.076,
              275.268
            ],
            [
              654.156,
              275.268
            ],
            [
              654.156,
              344.508
            ],
            [
              627.076,
              344.508
            ],
            [
              627.076,
              275.268
            ]
          ]
        ]
      },
      "properties": {
        "size": 1875.02,
        "orientation": "east_west",
        "road_access": true,
        "zone": "old_town",
        "frontage": 27.08,
        "vacant": false,
        "feature_type": "Lot",
        "parent_id": "block-district-old_town-23-11",
        "stage": "lots",
        "seed": 5851037121411972247
      }
    },
    {
      "type": "Feature",
      "id": "lot-block-district-old_town-23-11-2",
      "geometry": {
        "type": "Polygon",
        "coordinates": [
          [
            [
              657.156,
              275.268
            ],
            [
              684.236,
              275.268
            ],
            [
              684.236,
              344.508
            ],
            [
              657.156,
              344.508
            ],
            [
              657.156,
              275.268
            ]
          ]
        ]
      },
      "properties": {
        "size": 1875.02,
        "orientation": "east_west",
        "road_access": true,
        "zone": "old_town",
        "frontage": 27.08,
        "vacant": false,
        "feature_type": "Lot",
        "parent_id": "block-district-old_town-23-11",
        "stage": "lots",
        "seed": 5851037121411972247
      }
    },
    {
      "type": "Feature",
      "id": "lot-block-district-old_town-23-11-3",
      "geometry": {
        "type": "Polygon",
        "coordinates": [
          [
            [
              687.236,
              275.268
            ],
            [
              714.316,
              275.268
            ],
            [
              714.316,
              344.508
            ],
            [
              687.236,
              344.508
            ],
            [
              687.236,
              275.268
            ]
          ]
        ]
      },
      "properties": {
        "size": 1875.02,
        "orientation": "east_west",
        "road_access": true,
        "zone": "old_town",
        "frontage": 27.08,
        "vacant": false,
        "feature_type": "Lot",
        "parent_id": "block-district-old_town-23-11",
        "stage": "lots",
        "seed": 5851037121411972247
      }
    },
    {
      "type": "Feature",
      "id": "lot-block-district-old_town-23-12-1",
      "geometry": {
        "type": "Polygon",
        "coordinates": [
          [
            [
              723.076,
              275.268
            ],
            [
              750.156,
              275.268
            ],
            [
              750.156,
              344.508
            ],
            [
              723.076,
              344.508
            ],
            [
              723.076,
              275.268
            ]
          ]
        ]
      },
      "properties": {
        "size": 1875.02,
        "orientation": "east_west",
        "road_access": true,
        "zone": "old_town",
        "frontage": 27.08,
        "vacant": false,
        "feature_type": "Lot",
        "parent_id": "block-district-old_town-23-12",
        "stage": "lots",
        "seed": 5851037121411972247
      }
    },
    {
      "type": "Feature",
      "id": "lot-block-district-old_town-23-12-2",
      "geometry": {
        "type": "Polygon",
        "coordinates": [
          [
            [
              753.156,
              275.268
            ],
            [
              780.236,
              275.268
            ],
            [
              780.236,
              344.508
            ],
            [
              753.156,
              344.508
            ],
            [
              753.156,
              275.268
            ]
          ]
        ]
      },
      "properties": {
        "size": 1875.02,
        "orientation": "east_west",
        "road_access": true,
        "zone": "old_town",
        "frontage": 27.08,
        "vacant": false,
        "feature_type": "Lot",
        "parent_id": "block-district-old_town-23-12",
        "stage": "lots",
        "seed": 5851037121411972247
      }
    },
    {
      "type": "Feature",
      "id": "lot-block-district-old_town-23-12-3",
      "geometry": {
        "type": "Polygon",
        "coordinates": [
          [
            [
              783.236,
              275.268
            ],
            [
              810.316,
              275.268
            ],
            [
              810.316,
              344.508
            ],
            [
              783.236,
              344.508
            ],
            [
              783.236,
              275.268
            ]
          ]
        ]
      },
      "properties": {
        "size": 1875.02,
        "orientation": "east_west",
        "road_access": true,
        "zone": "old_town",
        "frontage": 27.08,
        "vacant": false,
        "feature_type": "Lot",
        "parent_id": "block-district-old_town-23-12",
        "stage": "lots",
        "seed": 5851037121411972247
      }
    },
    {
      "type": "Feature",
      "id": "lot-block-district-old_town-23-13-1",
      "geometry": {
        "type": "Polygon",
        "coordinates": [
          [
            [
              819.076,
              275.268
            ],
            [
              846.156,
              275.268
            ],
            [
              846.156,
              344.508
            ],
            [
              819.076,
              344.508
            ],
            [
              819.076,
              275.268
            ]
          ]
        ]
      },
      "properties": {
        "size": 1875.02,
        "orientation": "east_west",
        "road_access": true,
        "zone": "old_town",
        "frontage": 27.08,
        "vacant": false,
        "feature_type": "Lot",
        "parent_id": "block-district-old_town-23-13",
        "stage": "lots",
        "seed": 5851037121411972247
      }
    },
    {
      "type": "Feature",
      "id": "lot-block-district-old_town-23-13-2",
      "geometry": {
        "type": "Polygon",
        "coordinates": [
          [
            [
              849.156,
              275.268
            ],
            [
              876.236,
              275.268
            ],
            [
              876.236,
              344.508
            ],
            [
              849.156,
              344.508
            ],
            [
              849.156,
              275.268
            ]
          ]
        ]
      },
      "properties": {
        "size": 1875.02,
        "orientation": "east_west",
        "road_access": true,
        "zone": "old_town",
        "frontage": 27.08,
        "vacant": false,
        "feature_type": "Lot",
        "parent_id": "block-district-old_town-23-13",
        "stage": "lots",
        "seed": 5851037121411972247
      }
    },
    {
      "type": "Feature",
      "id": "lot-block-district-old_town-23-13-3",
      "geometry": {
        "type": "Polygon",
        "coordinates": [
          [
            [
              879.236,
              275.268
            ],
            [
              906.316,
              275.268
            ],
            [
              906.316,
              344.508
            ],
            [
              879.236,
              344.508
            ],
            [
              879.236,
              275.268
            ]
          ]
        ]
      },
      "properties": {
        "size": 1875.02,
        "orientation": "east_west",
        "road_access": true,
        "zone": "old_town",
        "frontage": 27.08,
        "vacant": false,
        "feature_type": "Lot",
        "parent_id": "block-district-old_town-23-13",
        "stage": "lots",
        "seed": 5851037121411972247
      }
    },
    {
      "type": "Feature",
      "id": "lot-block-district-old_town-23-21-1",
      "geometry": {
        "type": "Polygon",
        "coordinates": [
          [
            [
              627.076,
              353.268
            ],
            [
              654.156,
              353.268
            ],
            [
              654.156,
              422.508
            ],
            [
              627.076,
              422.508
            ],
            [
              627.076,
              353.268
            ]
          ]
        ]
      },
      "properties": {
        "size": 1875.02,
        "orientation": "east_west",
        "road_access": true,
        "zone": "old_town",
        "frontage": 27.08,
        "vacant": false,
        "feature_type": "Lot",
        "parent_id": "block-district-old_town-23-21",
        "stage": "lots",
        "seed": 5851037121411972247
      }
    },
    {
      "type": "Feature",
      "id": "lot-block-district-old_town-23-21-2",
      "geometry": {
        "type": "Polygon",
        "coordinates": [
          [
            [
              657.156,
              353.268
            ],
            [
              684.236,
              353.268
            ],
            [
              684.236,
              422.508
            ],
            [
              657.156,
              422.508
            ],
            [
              657.156,
              353.268
            ]
          ]
        ]
      },
      "properties": {
        "size": 1875.02,
        "orientation": "east_west",
        "road_access": true,
        "zone": "old_town",
        "frontage": 27.08,
        "vacant": false,
        "feature_type": "Lot",
        "parent_id": "block-district-old_town-23-21",
        "stage": "lots",
        "seed": 5851037121411972247
      }
    },
    {
      "type": "Feature",
      "id": "lot-block-district-old_town-23-21-3",
      "geometry": {
        "type": "Polygon",
        "coordinates": [
          [
            [
              687.236,
              353.268
            ],
            [
              714.316,
              353.268
            ],
            [
              714.316,
              422.508
            ],
            [
              687.236,
              422.508
            ],
            [
              687.236,
              353.268
            ]
          ]
        ]
      },
      "properties": {
        "size": 1875.02,
        "orientation": "east_west",
        "road_access": true,
        "zone": "old_town",
        "frontage": 27.08,
        "vacant": true,
        "feature_type": "Lot",
        "parent_id": "block-district-old_town-23-21",
        "stage": "lots",
        "seed": 5851037121411972247
      }
    },
    {
      "type": "Feature",
      "id": "lot-block-district-old_town-23-22-1",
      "geometry": {
        "type": "Polygon",
        "coordinates": [
          [
            [
              723.076,
              350.386
            ],
            [
              750.156,
              350.386
            ],
            [
              750.156,
              425.39
            ],
            [
              723.076,
              425.39
            ],
            [
              723.076,
              350.386
            ]
          ]
        ]
      },
      "properties": {
        "size": 2031.11,
        "orientation": "east_west",
        "road_access": true,
        "zone": "old_town",
        "frontage": 27.08,
        "vacant": false,
        "feature_type": "Lot",
        "parent_id": "block-district-old_town-23-22",
        "stage": "lots",
        "seed": 5851037121411972247
      }
    },
    {
      "type": "Feature",
      "id": "lot-block-district-old_town-23-22-2",
      "geometry": {
        "type": "Polygon",
        "coordinates": [
          [
            [
              753.156,
              350.386
            ],
            [
              780.236,
              350.386
            ],
            [
              780.236,
              425.39
            ],
            [
              753.156,
              425.39
            ],
            [
              753.156,
              350.386
            ]
          ]
        ]
      },
      "properties": {
        "size": 2031.11,
        "orientation": "east_west",
        "road_access": true,
        "zone": "old_town",
        "frontage": 27.08,
        "vacant": false,
        "feature_type": "Lot",
        "parent_id": "block-district-old_town-23-22",
        "stage": "lots",
        "seed": 5851037121411972247
      }
    },
    {
      "type": "Feature",
      "id": "lot-block-district-old_town-23-22-3",
      "geometry": {
        "type": "Polygon",
        "coordinates": [
          [
            [
              783.236,
              350.386
            ],
            [
              810.316,
              350.386
            ],
            [
              810.316,
              425.39
            ],
            [
              783.236,
              425.39
            ],
            [
              783.236,
              350.386
            ]
          ]
        ]
      },
      "properties": {
        "size": 2031.11,
        "orientation": "east_west",
        "road_access": true,
        "zone": "old_town",
        "frontage": 27.08,
        "vacant": false,
        "feature_type": "Lot",
        "parent_id": "block-district-old_town-23-22",
        "stage": "lots",
        "seed": 5851037121411972247
      }
    },
    {
      "type": "Feature",
      "id": "lot-block-district-old_town-23-23-1",
      "geometry": {
        "type": "Polygon",
        "coordinates": [
          [
            [
              819.076,
              353.268
            ],
            [
              846.156,
              353.268
            ],
            [
              846.156,
              422.508
            ],
            [
              819.076,
              422.508
            ],
            [
              819.076,
              353.268
            ]
          ]
        ]
      },
      "properties": {
        "size": 1875.02,
        "orientation": "east_west",
        "road_access": true,
        "zone": "old_town",
        "frontage": 27.08,
        "vacant": false,
        "feature_type": "Lot",
        "parent_id": "block-district-old_town-23-23",
        "stage": "lots",
        "seed": 5851037121411972247
      }
    },
    {
      "type": "Feature",
      "id": "lot-block-district-old_town-23-23-2",
      "geometry": {
        "type": "Polygon",
        "coordinates": [
          [
            [
              849.156,
              353.268
            ],
            [
              876.236,
              353.268
            ],
            [
              876.236,
              422.508
            ],
            [
              849.156,
              422.508
            ],
            [
              849.156,
              353.268
            ]
          ]
        ]
      },
      "properties": {
        "size": 1875.02,
        "orientation": "east_west",
        "road_access": true,
        "zone": "old_town",
        "frontage": 27.08,
        "vacant": false,
        "feature_type": "Lot",
        "parent_id": "block-district-old_town-23-23",
        "stage": "lots",
        "seed": 5851037121411972247
      }
    },
    {
      "type": "Feature",
      "id": "lot-block-district-old_town-23-23-3",
      "geometry": {
        "type": "Polygon",
        "coordinates": [
          [
            [
              879.236,
              353.268
            ],
            [
              906.316,
              353.268
            ],
            [
              906.316,
              422.508
            ],
            [
              879.236,
              422.508
            ],
            [
              879.236,
              353.268
            ]
          ]
        ]
      },
      "properties": {
        "size": 1875.02,
        "orientation": "east_west",
        "road_access": true,
        "zone": "old_town",
        "frontage": 27.08,
        "vacant": false,
        "feature_type": "Lot",
        "parent_id": "block-district-old_town-23-23",
        "stage": "lots",
        "seed": 5851037121411972247
      }
    },
    {
      "type": "Feature",
      "id": "lot-block-district-old_town-23-31-1",
      "geometry": {
        "type": "Polygon",
        "coordinates": [
          [
            [
              627.076,
              431.268
            ],
            [
              654.156,
              431.268
            ],
            [
              654.156,
              500.508
            ],
            [
              627.076,
              500.508
            ],
            [
              627.076,
              431.268
            ]
          ]
        ]
      },
      "properties": {
        "size": 1875.02,
        "orientation": "east_west",
        "road_access": true,
        "zone": "old_town",
        "frontage": 27.08,
        "vacant": false,
        "feature_type": "Lot",
        "parent_id": "block-district-old_town-23-31",
        "stage": "lots",
        "seed": 5851037121411972247
      }
    },
    {
      "type": "Feature",
      "id": "lot-block-district-old_town-23-31-2",
      "geometry": {
        "type": "Polygon",
        "coordinates": [
          [
            [
              657.156,
              431.268
            ],
            [
              684.236,
              431.268
            ],
            [
              684.236,
              500.508
            ],
            [
              657.156,
              500.508
            ],
            [
              657.156,
              431.268
            ]
          ]
        ]
      },
      "properties": {
        "size": 1875.02,
        "orientation": "east_west",
        "road_access": true,
        "zone": "old_town",
        "frontage": 27.08,
        "vacant": false,
        "feature_type": "Lot",
        "parent_id": "block-district-old_town-23-31",
        "stage": "lots",
        "seed": 5851037121411972247
      }
    },
    {
      "type": "Feature",
      "id": "lot-block-district-old_town-23-31-3",
      "geometry": {
        "type": "Polygon",
        "coordinates": [
          [
            [
              687.236,
              431.268
            ],
            [
              714.316,
              431.268
            ],
            [
              714.316,
              500.508
            ],
            [
              687.236,
              500.508
            ],
            [
              687.236,
              431.268
            ]
          ]
        ]
      },
      "properties": {
        "size": 1875.02,
        "orientation": "east_west",
        "road_access": true,
        "zone": "old_town",
        "frontage": 27.08,
        "vacant": false,
        "feature_type": "Lot",
        "parent_id": "block-district-old_town-23-31",
        "stage": "lots",
        "seed": 5851037121411972247
      }
    },
    {
      "type": "Feature",
      "id": "lot-block-district-old_town-23-32-1",
      "geometry": {
        "type": "Polygon",
        "coordinates": [
          [
            [
              723.076,
              430.161
            ],
            [
              750.156,
              430.161
            ],
            [
              750.156,
              501.615
            ],
            [
              723.076,
              501.615
            ],
            [
              723.076,
              430.161
            ]
          ]
        ]
      },
      "properties": {
        "size": 1934.97,
        "orientation": "east_west",
        "road_access": true,
        "zone": "old_town",
        "frontage": 27.08,
        "vacant": false,
        "feature_type": "Lot",
        "parent_id": "block-district-old_town-23-32",
        "stage": "lots",
        "seed": 5851037121411972247
      }
    },
    {
      "type": "Feature",
      "id": "lot-block-district-old_town-23-32-2",
      "geometry": {
        "type": "Polygon",
        "coordinates": [
          [
            [
              753.156,
              430.161
            ],
            [
              780.236,
              430.161
            ],
            [
              780.236,
              501.615
            ],
            [
              753.156,
              501.615
            ],
            [
              753.156,
              430.161
            ]
          ]
        ]
      },
      "properties": {
        "size": 1934.97,
        "orientation": "east_west",
        "road_access": true,
        "zone": "old_town",
        "frontage": 27.08,
        "vacant": false,
        "feature_type": "Lot",
        "parent_id": "block-district-old_town-23-32",
        "stage": "lots",
        "seed": 5851037121411972247
      }
    },
    {
      "type": "Feature",
      "id": "lot-block-district-old_town-23-32-3",
      "geometry": {
        "type": "Polygon",
        "coordinates": [
          [
            [
              783.236,
              430.161
            ],
            [
              810.316,
              430.161
            ],
            [
              810.316,
              501.615
            ],
            [
              783.236,
              501.615
            ],
            [
              783.236,
              430.161
            ]
          ]
        ]
      },
      "properties": {
        "size": 1934.97,
        "orientation": "east_west",
        "road_access": true,
        "zone": "old_town",
        "frontage": 27.08,
        "vacant": false,
        "feature_type": "Lot",
        "parent_id": "block-district-old_town-23-32",
        "stage": "lots",
        "seed": 5851037121411972247
      }
    },
    {
      "type": "Feature",
      "id": "lot-block-district-old_town-23-33-1",
      "geometry": {
        "type": "Polygon",
        "coordinates": [
          [
            [
              819.076,
              431.268
            ],
            [
              846.156,
              431.268
            ],
            [
              846.156,
              500.508
            ],
            [
              819.076,
              500.508
            ],
            [
              819.076,
              431.268
            ]
          ]
        ]
      },
      "properties": {
        "size": 1875.02,
        "orientation": "east_west",
        "road_access": true,
        "zone": "old_town",
        "frontage": 27.08,
        "vacant": false,
        "feature_type": "Lot",
        "parent_id": "block-district-old_town-23-33",
        "stage": "lots",
        "seed": 5851037121411972247
      }
    },
    {
      "type": "Feature",
      "id": "lot-block-district-old_town-23-33-2",
      "geometry": {
        "type": "Polygon",
        "coordinates": [
          [
            [
              849.156,
              431.268
            ],
            [
              876.236,
              431.268
            ],
            [
              876.236,
              500.508
            ],
            [
              849.156,
              500.508
            ],
            [
              849.156,
              431.268
            ]
          ]
        ]
      },
      "properties": {
        "size": 1875.02,
        "orientation": "east_west",
        "road_access": true,
        "zone": "old_town",
        "frontage": 27.08,
        "vacant": true,
        "feature_type": "Lot",
        "parent_id": "block-district-old_town-23-33",
        "stage": "lots",
        "seed": 5851037121411972247
      }
    },
    {
      "type": "Feature",
      "id": "lot-block-district-old_town-23-33-3",
      "geometry": {
        "type": "Polygon",
        "coordinates": [
          [
            [
              879.236,
              431.268
            ],
            [
              906.316,
              431.268
            ],
            [
              906.316,
              500.508
            ],
            [
              879.236,
              500.508
            ],
            [
              879.236,
              431.268
            ]
          ]
        ]
      },
      "properties": {
        "size": 1875.02,
        "orientation": "east_west",
        "road_access": true,
        "zone": "old_town",
        "frontage": 27.08,
        "vacant": false,
        "feature_type": "Lot",
        "parent_id": "block-district-old_town-23-33",
        "stage": "lots",
        "seed": 5851037121411972247
      }
    },
    {
      "type": "Feature",
      "id": "lot-block-district-residential-24-11-1",
      "geometry": {
        "type": "Polygon",
        "coordinates": [
          [
            [
              916.38,
              269.736
            ],
            [
              943.46,
              269.736
            ],
            [
              943.46,
              341.398
            ],
            [
              916.38,
              341.398
            ],
            [
              916.38,
              269.736
            ]
          ]
        ]
      },
      "properties": {
        "size": 1940.61,
        "orientation": "east_west",
        "road_access": true,
        "zone": "residential",
        "frontage": 27.08,
        "vacant": false,
        "feature_type": "Lot",
        "parent_id": "block-district-residential-24-11",
        "stage": "lots",
        "seed": 5851037121411972247
      }
    },
    {
      "type": "Feature",
      "id": "lot-block-district-residential-24-11-2",
      "geometry": {
        "type": "Polygon",
        "coordinates": [
          [
            [
              946.46,
              269.736
            ],
            [
              973.54,
              269.736
            ],
            [
              973.54,
              341.398
            ],
            [
              946.46,
              341.398
            ],
            [
              946.46,
              269.736
            ]
          ]
        ]
      },
      "properties": {
        "size": 1940.61,
        "orientation": "east_west",
        "road_access": true,
        "zone": "residential",
        "frontage": 27.08,
        "vacant": false,
        "feature_type": "Lot",
        "parent_id": "block-district-residential-24-11",
        "stage": "lots",
        "seed": 5851037121411972247
      }
    },
    {
      "type": "Feature",
      "id": "lot-block-district-residential-24-11-3",
      "geometry": {
        "type": "Polygon",
        "coordinates": [
          [
            [
              976.54,
              269.736
            ],
            [
              1003.62,
              269.736
            ],
            [
              1003.62,
              341.398
            ],
            [
              976.54,
              341.398
            ],
            [
              976.54,
              269.736
            ]
          ]
        ]
      },
      "properties": {
        "size": 1940.61,
        "orientation": "east_west",
        "road_access": true,
        "zone": "residential",
        "frontage": 27.08,
        "vacant": false,
        "feature_type": "Lot",
        "parent_id": "block-district-residential-24-11",
        "stage": "lots",
        "seed": 5851037121411972247
      }
    },
    {
      "type": "Feature",
      "id": "lot-block-district-residential-24-12-1",
      "geometry": {
        "type": "Polygon",
        "coordinates": [
          [
            [
              1012.38,
              268.622
            ],
            [
              1039.46,
              268.622
            ],
            [
              1039.46,
              342.512
            ],
            [
              1012.38,
              342.512
            ],
            [
              1012.38,
              268.622
            ]
          ]
        ]
      },
      "properties": {
        "size": 2000.94,
        "orientation": "east_west",
        "road_access": true,
        "zone": "residential",
        "frontage": 27.08,
        "vacant": false,
        "feature_type": "Lot",
        "parent_id": "block-district-residential-24-12",
        "stage": "lots",
        "seed": 5851037121411972247
      }
    },
    {
      "type": "Feature",
      "id": "lot-block-district-residential-24-12-2",
      "geometry": {
        "type": "Polygon",
        "coordinates": [
          [
            [
              1042.46,
              268.622
            ],
            [
              1069.54,
              268.622
            ],
            [
              1069.54,
              342.512
            ],
            [
              1042.46,
              342.512
            ],
            [
              1042.46,
              268.622
            ]
          ]
        ]
      },
      "properties": {
        "size": 2000.94,
        "orientation": "east_west",
        "road_access": true,
        "zone": "residential",
        "frontage": 27.08,
        "vacant": false,
        "feature_type": "Lot",
        "parent_id": "block-district-residential-24-12",
        "stage": "lots",
        "seed": 5851037121411972247
      }
    },
    {
      "type": "Feature",
      "id": "lot-block-district-residential-24-12-3",
      "geometry": {
        "type": "Polygon",
        "coordinates": [
          [
            [
              1072.54,
              268.622
            ],
            [
              1099.62,
              268.622
            ],
            [
              1099.62,
              342.512
            ],
            [
              1072.54,
              342.512
            ],
            [
              1072.54,
              268.622
            ]
          ]
        ]
      },
      "properties": {
        "size": 2000.94,
        "orientation": "east_west",
        "road_access": true,
        "zone": "residential",
        "frontage": 27.08,
        "vacant": false,
        "feature_type": "Lot",
        "parent_id": "block-district-residential-24-12",
        "stage": "lots",
        "seed": 5851037121411972247
      }
    },
    {
      "type": "Feature",
      "id": "lot-block-district-residential-24-13-1",
      "geometry": {
        "type": "Polygon",
        "coordinates": [
          [
            [
              1108.38,
              270.947
            ],
            [
              1135.46,
              270.947
            ],
            [
              1135.46,
              340.187
            ],
            [
              1108.38,
              340.187
            ],
            [
              1108.38,
              270.947
            ]
          ]
        ]
      },
      "properties": {
        "size": 1875.02,
        "orientation": "east_west",
        "road_access": true,
        "zone": "residential",
        "frontage": 27.08,
        "vacant": false,
        "feature_type": "Lot",
        "parent_id": "block-district-residential-24-13",
        "stage": "lots",
        "seed": 5851037121411972247
      }
    },
    {
      "type": "Feature",
      "id": "lot-block-district-residential-24-13-2",
      "geometry": {
        "type": "Polygon",
        "coordinates": [
          [
            [
              1138.46,
              270.947
            ],
            [
              1165.54,
              270.947
            ],
            [
              1165.54,
              340.187
            ],
            [
              1138.46,
              340.187
            ],
            [
              1138.46,
              270.947
            ]
          ]
        ]
      },
      "properties": {
        "size": 1875.02,
        "orientation": "east_west",
        "road_access": true,
        "zone": "residential",
        "frontage": 27.08,
        "vacant": false,
        "feature_type": "Lot",
        "parent_id": "block-district-residential-24-13",
        "stage": "lots",
        "seed": 5851037121411972247
      }
    },
    {
      "type": "Feature",
      "id": "lot-block-district-residential-24-13-3",
      "geometry": {
        "type": "Polygon",
        "coordinates": [
          [
            [
              1168.54,
              270.947
            ],
            [
              1195.62,
              270.947
            ],
            [
              1195.62,
              340.187
            ],
            [
              1168.54,
              340.187
            ],
            [
              1168.54,
              270.947
            ]
          ]
        ]
      },
      "properties": {
        "size": 1875.02,
        "orientation": "east_west",
        "road_access": true,
        "zone": "residential",
        "frontage": 27.08,
        "vacant": false,
        "feature_type": "Lot",
        "parent_id": "block-district-residential-24-13",
        "stage": "lots",
        "seed": 5851037121411972247
      }
    },
    {
      "type": "Feature",
      "id": "lot-block-district-residential-24-21-1",
      "geometry": {
        "type": "Polygon",
        "coordinates": [
          [
            [
              916.38,
              347.005
            ],
            [
              943.46,
              347.005
            ],
            [
              943.46,
              420.129
            ],
            [
              916.38,
              420.129
            ],
            [
              916.38,
              347.005
            ]
          ]
        ]
      },
      "properties": {
        "size": 1980.2,
        "orientation": "east_west",
        "road_access": true,
        "zone": "residential",
        "frontage": 27.08,
        "vacant": false,
        "feature_type": "Lot",
        "parent_id": "block-district-residential-24-21",
        "stage": "lots",
        "seed": 5851037121411972247
      }
    },
    {
      "type": "Feature",
      "id": "lot-block-district-residential-24-21-2",
      "geometry": {
        "type": "Polygon",
        "coordinates": [
          [
            [
              946.46,
              347.005
            ],
            [
              973.54,
              347.005
            ],
            [
              973.54,
              420.129
            ],
            [
              946.46,
              420.129
            ],
            [
              946.46,
              347.005
            ]
          ]
        ]
      },
      "properties": {
        "size": 1980.2,
        "orientation": "east_west",
        "road_access": true,
        "zone": "residential",
        "frontage": 27.08,
        "vacant": false,
        "feature_type": "Lot",
        "parent_id": "block-district-residential-24-21",
        "stage": "lots",
        "seed": 5851037121411972247
      }
    },
    {
      "type": "Feature",
      "id": "lot-block-district-residential-24-21-3",
      "geometry": {
        "type": "Polygon",
        "coordinates": [
          [
            [
              976.54,
              347.005
            ],
            [
              1003.62,
              347.005
            ],
            [
              1003.62,
              420.129
            ],
            [
              976.54,
              420.129
            ],
            [
              976.54,
              347.005
            ]
          ]
        ]
      },
      "properties": {
        "size": 1980.2,
        "orientation": "east_west",
        "road_access": true,
        "zone": "residential",
        "frontage": 27.08,
        "vacant": false,
        "feature_type": "Lot",
        "parent_id": "block-district-residential-24-21",
        "stage": "lots",
        "seed": 5851037121411972247
      }
    },
    {
      "type": "Feature",
      "id": "lot-block-district-residential-24-22-1",
      "geometry": {
        "type": "Polygon",
        "coordinates": [
          [
            [
              1012.38,
              348.947
            ],
            [
              1039.46,
              348.947
            ],
            [
              1039.46,
              418.187
            ],
            [
              1012.38,
              418.187
            ],
            [
              1012.38,
              348.947
            ]
          ]
        ]
      },
      "properties": {
        "size": 1875.02,
        "orientation": "east_west",
        "road_access": true,
        "zone": "residential",
        "frontage": 27.08,
        "vacant": false,
        "feature_type": "Lot",
        "parent_id": "block-district-residential-24-22",
        "stage": "lots",
        "seed": 5851037121411972247
      }
    },
    {
      "type": "Feature",
      "id": "lot-block-district-residential-24-22-2",
      "geometry": {
        "type": "Polygon",
        "coordinates": [
          [
            [
              1042.46,
              348.947
            ],
            [
              1069.54,
              348.947
            ],
            [
              1069.54,
              418.187
            ],
            [
              1042.46,
              418.187
            ],
            [
              1042.46,
              348.947
            ]
          ]
        ]
      },
      "properties": {
        "size": 1875.02,
        "orientation": "east_west",
        "road_access": true,
        "zone": "residential",
        "frontage": 27.08,
        "vacant": false,
        "feature_type": "Lot",
        "parent_id": "block-district-residential-24-22",
        "stage": "lots",
        "seed": 5851037121411972247
      }
    },
    {
      "type": "Feature",
      "id": "lot-block-district-residential-24-22-3",
      "geometry": {
        "type": "Polygon",
        "coordinates": [
          [
            [
              1072.54,
              348.947
            ],
            [
              1099.62,
              348.947
            ],
            [
              1099.62,
              418.187
            ],
            [
              1072.54,
              418.187
            ],
            [
              1072.54,
              348.947
            ]
          ]
        ]
      },
      "properties": {
        "size": 1875.02,
        "orientation": "east_west",
        "road_access": true,
        "zone": "residential",
        "frontage": 27.08,
        "vacant": false,
        "feature_type": "Lot",
        "parent_id": "block-district-residential-24-22",
        "stage": "lots",
        "seed": 5851037121411972247
      }
    },
    {
      "type": "Feature",
      "id": "lot-block-district-residential-24-23-1",
      "geometry": {
        "type": "Polygon",
        "coordinates": [
          [
            [
              1108.38,
              348.947
            ],
            [
              1135.46,
              348.947
            ],
            [
              1135.46,
              418.187
            ],
            [
              1108.38,
              418.187
            ],
            [
              1108.38,
              348.947
            ]
          ]
        ]
      },
      "properties": {
        "size": 1875.02,
        "orientation": "east_west",
        "road_access": true,
        "zone": "residential",
        "frontage": 27.08,
        "vacant": false,
        "feature_type": "Lot",
        "parent_id": "block-district-residential-24-23",
        "stage": "lots",
        "seed": 5851037121411972247
      }
    },
    {
      "type": "Feature",
      "id": "lot-block-district-residential-24-23-2",
      "geometry": {
        "type": "Polygon",
        "coordinates": [
          [
            [
              1138.46,
              348.947
            ],
            [
              1165.54,
              348.947
            ],
            [
              1165.54,
              418.187
            ],
            [
              1138.46,
              418.187
            ],
            [
              1138.46,
              348.947
            ]
          ]
        ]
      },
      "properties": {
        "size": 1875.02,
        "orientation": "east_west",
        "road_access": true,
        "zone": "residential",
        "frontage": 27.08,
        "vacant": false,
        "feature_type": "Lot",
        "parent_id": "block-district-residential-24-23",
        "stage": "lots",
        "seed": 5851037121411972247
      }
    },
    {
      "type": "Feature",
      "id": "lot-block-district-residential-24-23-3",
      "geometry": {
        "type": "Polygon",
        "coordinates": [
          [
            [
              1168.54,
              348.947
            ],
            [
              1195.62,
              348.947
            ],
            [
              1195.62,
              418.187
            ],
            [
              1168.54,
              418.187
            ],
            [
              1168.54,
              348.947
            ]
          ]
        ]
      },
      "properties": {
        "size": 1875.02,
        "orientation": "east_west",
        "road_access": true,
        "zone": "residential",
        "frontage": 27.08,
        "vacant": false,
        "feature_type": "Lot",
        "parent_id": "block-district-residential-24-23",
        "stage": "lots",
        "seed": 5851037121411972247
      }
    },
    {
      "type": "Feature",
      "id": "lot-block-district-residential-24-31-1",
      "geometry": {
        "type": "Polygon",
        "coordinates": [
          [
            [
              916.38,
              425.278
            ],
            [
              943.46,
              425.278
            ],
            [
              943.46,
              497.856
            ],
            [
              916.38,
              497.856
            ],
            [
              916.38,
              425.278
            ]
          ]
        ]
      },
      "properties": {
        "size": 1965.41,
        "orientation": "east_west",
        "road_access": true,
        "zone": "residential",
        "frontage": 27.08,
        "vacant": false,
        "feature_type": "Lot",
        "parent_id": "block-district-residential-24-31",
        "stage": "lots",
        "seed": 5851037121411972247
      }
    },
    {
      "type": "Feature",
      "id": "lot-block-district-residential-24-31-2",
      "geometry": {
        "type": "Polygon",
        "coordinates": [
          [
            [
              946.46,
              425.278
            ],
            [
              973.54,
              425.278
            ],
            [
              973.54,
              497.856
            ],
            [
              946.46,
              497.856
            ],
            [
              946.46,
              425.278
            ]
          ]
        ]
      },
      "properties": {
        "size": 1965.41,
        "orientation": "east_west",
        "road_access": true,
        "zone": "residential",
        "frontage": 27.08,
        "vacant": false,
        "feature_type": "Lot",
        "parent_id": "block-district-residential-24-31",
        "stage": "lots",
        "seed": 5851037121411972247
      }
    },
    {
      "type": "Feature",
      "id": "lot-block-district-residential-24-31-3",
      "geometry": {
        "type": "Polygon",
        "coordinates": [
          [
            [
              976.54,
              425.278
            ],
            [
              1003.62,
              425.278
            ],
            [
              1003.62,
              497.856
            ],
            [
              976.54,
              497.856
            ],
            [
              976.54,
              425.278
            ]
          ]
        ]
      },
      "properties": {
        "size": 1965.41,
        "orientation": "east_west",
        "road_access": true,
        "zone": "residential",
        "frontage": 27.08,
        "vacant": false,
        "feature_type": "Lot",
        "parent_id": "block-district-residential-24-31",
        "stage": "lots",
        "seed": 5851037121411972247
      }
    },
    {
      "type": "Feature",
      "id": "lot-block-district-residential-24-32-1",
      "geometry": {
        "type": "Polygon",
        "coordinates": [
          [
            [
              1012.38,
              426.947
            ],
            [
              1039.46,
              426.947
            ],
            [
              1039.46,
              496.187
            ],
            [
              1012.38,
              496.187
            ],
            [
              1012.38,
              426.947
            ]
          ]
        ]
      },
      "properties": {
        "size": 1875.02,
        "orientation": "east_west",
        "road_access": true,
        "zone": "residential",
        "frontage": 27.08,
        "vacant": false,
        "feature_type": "Lot",
        "parent_id": "block-district-residential-24-32",
        "stage": "lots",
        "seed": 5851037121411972247
      }
    },
    {
      "type": "Feature",
      "id": "lot-block-district-residential-24-32-2",
      "geometry": {
        "type": "Polygon",
        "coordinates": [
          [
            [
              1042.46,
              426.947
            ],
            [
              1069.54,
              426.947
            ],
            [
              1069.54,
              496.187
            ],
            [
              1042.46,
              496.187
            ],
            [
              1042.46,
              426.947
            ]
          ]
        ]
      },
      "properties": {
        "size": 1875.02,
        "orientation": "east_west",
        "road_access": true,
        "zone": "residential",
        "frontage": 27.08,
        "vacant": false,
        "feature_type": "Lot",
        "parent_id": "block-district-residential-24-32",
        "stage": "lots",
        "seed": 5851037121411972247
      }
    },
    {
      "type": "Feature",
      "id": "lot-block-district-residential-24-32-3",
      "geometry": {
        "type": "Polygon",
        "coordinates": [
          [
            [
              1072.54,
              426.947
            ],
            [
              1099.62,
              426.947
            ],
            [
              1099.62,
              496.187
            ],
            [
              1072.54,
              496.187
            ],
            [
              1072.54,
              426.947
            ]
          ]
        ]
      },
      "properties": {
        "size": 1875.02,
        "orientation": "east_west",
        "road_access": true,
        "zone": "residential",
        "frontage": 27.08,
        "vacant": false,
        "feature_type": "Lot",
        "parent_id": "block-district-residential-24-32",
        "stage": "lots",
        "seed": 5851037121411972247
      }
    },
    {
      "type": "Feature",
      "id": "lot-block-district-residential-24-33-1",
      "geometry": {
        "type": "Polygon",
        "coordinates": [
          [
            [
              1108.38,
              424.355
            ],
            [
              1135.46,
              424.355
            ],
            [
              1135.46,
              498.779
            ],
            [
              1108.38,
              498.779
            ],
            [
              1108.38,
              424.355
            ]
          ]
        ]
      },
      "properties": {
        "size": 2015.4,
        "orientation": "east_west",
        "road_access": true,
        "zone": "residential",
        "frontage": 27.08,
        "vacant": false,
        "feature_type": "Lot",
        "parent_id": "block-district-residential-24-33",
        "stage": "lots",
        "seed": 5851037121411972247
      }
    },
    {
      "type": "Feature",
      "id": "lot-block-district-residential-24-33-2",
      "geometry": {
        "type": "Polygon",
        "coordinates": [
          [
            [
              1138.46,
              424.355
            ],
            [
              1165.54,
              424.355
            ],
            [
              1165.54,
              498.779
            ],
            [
              1138.46,
              498.779
            ],
            [
              1138.46,
              424.355
            ]
          ]
        ]
      },
      "properties": {
        "size": 2015.4,
        "orientation": "east_west",
        "road_access": true,
        "zone": "residential",
        "frontage": 27.08,
        "vacant": false,
        "feature_type": "Lot",
        "parent_id": "block-district-residential-24-33",
        "stage": "lots",
        "seed": 5851037121411972247
      }
    },
    {
      "type": "Feature",
      "id": "lot-block-district-residential-24-33-3",
      "geometry": {
        "type": "Polygon",
        "coordinates": [
          [
            [
              1168.54,
              424.355
            ],
            [
              1195.62,
              424.355
            ],
            [
              1195.62,
              498.779
            ],
            [
              1168.54,
              498.779
            ],
            [
              1168.54,
              424.355
            ]
          ]
        ]
      },
      "properties": {
        "size": 2015.4,
        "orientation": "east_west",
        "road_access": true,
        "zone": "residential",
        "frontage": 27.08,
        "vacant": true,
        "feature_type": "Lot",
        "parent_id": "block-district-residential-24-33",
        "stage": "lots",
        "seed": 5851037121411972247
      }
    },
    {
      "type": "Feature",
      "id": "lot-block-district-park-31-11-1",
      "geometry": {
        "type": "Polygon",
        "coordinates": [
          [
            [
              4.62,
              514.229
            ],
            [
              51.54,
              514.229
            ],
            [
              51.54,
              603.989
            ],
            [
              4.62,
              603.989
            ],
            [
              4.62,
              514.229
            ]
          ]
        ]
      },
      "properties": {
        "size": 4211.54,
        "orientation": "east_west",
        "road_access": true,
        "zone": "park",
        "frontage": 46.92,
        "vacant": true,
        "feature_type": "Lot",
        "parent_id": "block-district-park-31-11",
        "stage": "lots",
        "seed": 5851037121411972247
      }
    },
    {
      "type": "Feature",
      "id": "lot-block-district-park-31-11-2",
      "geometry": {
        "type": "Polygon",
        "coordinates": [
          [
            [
              54.54,
              514.229
            ],
            [
              101.46,
              514.229
            ],
            [
              101.46,
              603.989
            ],
            [
              54.54,
              603.989
            ],
            [
              54.54,
              514.229
            ]
          ]
        ]
      },
      "properties": {
        "size": 4211.54,
        "orientation": "east_west",
        "road_access": true,
        "zone": "park",
        "frontage": 46.92,
        "vacant": false,
        "feature_type": "Lot",
        "parent_id": "block-district-park-31-11",
        "stage": "lots",
        "seed": 5851037121411972247
      }
    },
    {
      "type": "Feature",
      "id": "lot-block-district-park-31-11-3",
      "geometry": {
        "type": "Polygon",
        "coordinates": [
          [
            [
              104.46,
              514.229
            ],
            [
              151.38,
              514.229
            ],
            [
              151.38,
              603.989
            ],
            [
              104.46,
              603.989
            ],
            [
              104.46,
              514.229
            ]
          ]
        ]
      },
      "properties": {
        "size": 4211.54,
        "orientation": "east_west",
        "road_access": true,
        "zone": "park",
        "frontage": 46.92,
        "vacant": false,
        "feature_type": "Lot",
        "parent_id": "block-district-park-31-11",
        "stage": "lots",
        "seed": 5851037121411972247
      }
    },
    {
      "type": "Feature",
      "id": "lot-block-district-park-31-12-1",
      "geometry": {
        "type": "Polygon",
        "coordinates": [
          [
            [
              160.62,
              514.229
            ],
            [
              207.54,
              514.229
            ],
            [
              207.54,
              603.989
            ],
            [
              160.62,
              603.989
            ],
            [
              160.62,
              514.229
            ]
          ]
        ]
      },
      "properties": {
        "size": 4211.54,
        "orientation": "east_west",
        "road_access": true,
        "zone": "park",
        "frontage": 46.92,
        "vacant": false,
        "feature_type": "Lot",
        "parent_id": "block-district-park-31-12",
        "stage": "lots",
        "seed": 5851037121411972247
      }
    },
    {
      "type": "Feature",
      "id": "lot-block-district-park-31-12-2",
      "geometry": {
        "type": "Polygon",
        "coordinates": [
          [
            [
              210.54,
              514.229
            ],
            [
              257.46,
              514.229
            ],
            [
              257.46,
              603.989
            ],
            [
              210.54,
              603.989
            ],
            [
              210.54,
              514.229
            ]
          ]
        ]
      },
      "properties": {
        "size": 4211.54,
        "orientation": "east_west",
        "road_access": true,
        "zone": "park",
        "frontage": 46.92,
        "vacant": false,
        "feature_type": "Lot",
        "parent_id": "block-district-park-31-12",
        "stage": "lots",
        "seed": 5851037121411972247
      }
    },
    {
      "type": "Feature",
      "id": "lot-block-district-park-31-12-3",
      "geometry": {
        "type": "Polygon",
        "coordinates": [
          [
            [
              260.46,
              514.229
            ],
            [
              307.38,
              514.229
            ],
            [
              307.38,
              603.989
            ],
            [
              260.46,
              603.989
            ],
            [
              260.46,
              514.229
            ]
          ]
        ]
      },
      "properties": {
        "size": 4211.54,
        "orientation": "east_west",
        "road_access": true,
        "zone": "park",
        "frontage": 46.92,
        "vacant": false,
        "feature_type": "Lot",
        "parent_id": "block-district-park-31-12",
        "stage": "lots",
        "seed": 5851037121411972247
      }
    },
    {
      "type": "Feature",
      "id": "lot-block-district-park-31-21-1",
      "geometry": {
        "type": "Polygon",
        "coordinates": [
          [
            [
              4.62,
              612.632
            ],
            [
              51.54,
              612.632
            ],
            [
              51.54,
              703.586
            ],
            [
              4.62,
              703.586
            ],
            [
              4.62,
              612.632
            ]
          ]
        ]
      },
      "properties": {
        "size": 4267.56,
        "orientation": "east_west",
        "road_access": true,
        "zone": "park",
        "frontage": 46.92,
        "vacant": false,
        "feature_type": "Lot",
        "parent_id": "block-district-park-31-21",
        "stage": "lots",
        "seed": 5851037121411972247
      }
    },
    {
      "type": "Feature",
      "id": "lot-block-district-park-31-21-2",
      "geometry": {
        "type": "Polygon",
        "coordinates": [
          [
            [
              54.54,
              612.632
            ],
            [
              101.46,
              612.632
            ],
            [
              101.46,
              703.586
            ],
            [
              54.54,
              703.586
            ],
            [
              54.54,
              612.632
            ]
          ]
        ]
      },
      "properties": {
        "size": 4267.56,
        "orientation": "east_west",
        "road_access": true,
        "zone": "park",
        "frontage": 46.92,
        "vacant": false,
        "feature_type": "Lot",
        "parent_id": "block-district-park-31-21",
        "stage": "lots",
        "seed": 5851037121411972247
      }
    },
    {
      "type": "Feature",
      "id": "lot-block-district-park-31-21-3",
      "geometry": {
        "type": "Polygon",
        "coordinates": [
          [
            [
              104.46,
              612.632
            ],
            [
              151.38,
              612.632
            ],
            [
              151.38,
              703.586
            ],
            [
              104.46,
              703.586
            ],
            [
              104.46,
              612.632
            ]
          ]
        ]
      },
      "properties": {
        "size": 4267.56,
        "orientation": "east_west",
        "road_access": true,
        "zone": "park",
        "frontage": 46.92,
        "vacant": false,
        "feature_type": "Lot",
        "parent_id": "block-district-park-31-21",
        "stage": "lots",
        "seed": 5851037121411972247
      }
    },
    {
      "type": "Feature",
      "id": "lot-block-district-park-31-22-1",
      "geometry": {
        "type": "Polygon",
        "coordinates": [
          [
            [
              160.62,
              613.229
            ],
            [
              207.54,
              613.229
            ],
            [
              207.54,
              702.989
            ],
            [
              160.62,
              702.989
            ],
            [
              160.62,
              613.229
            ]
          ]
        ]
      },
      "properties": {
        "size": 4211.54,
        "orientation": "east_west",
        "road_access": true,
        "zone": "park",
        "frontage": 46.92,
        "vacant": false,
        "feature_type": "Lot",
        "parent_id": "block-district-park-31-22",
        "stage": "lots",
        "seed": 5851037121411972247
      }
    },
    {
      "type": "Feature",
      "id": "lot-block-district-park-31-22-2",
      "geometry": {
        "type": "Polygon",
        "coordinates": [
          [
            [
              210.54,
              613.229
            ],
            [
              257.46,
              613.229
            ],
            [
              257.46,
              702.989
            ],
            [
              210.54,
              702.989
            ],
            [
              210.54,
              613.229
            ]
          ]
        ]
      },
      "properties": {
        "size": 4211.54,
        "orientation": "east_west",
        "road_access": true,
        "zone": "park",
        "frontage": 46.92,
        "vacant": false,
        "feature_type": "Lot",
        "parent_id": "block-district-park-31-22",
        "stage": "lots",
        "seed": 5851037121411972247
      }
    },
    {
      "type": "Feature",
      "id": "lot-block-district-park-31-22-3",
      "geometry": {
        "type": "Polygon",
        "coordinates": [
          [
            [
              260.46,
              613.229
            ],
            [
              307.38,
              613.229
            ],
            [
              307.38,
              702.989
            ],
            [
              260.46,
              702.989
            ],
            [
              260.46,
              613.229
            ]
          ]
        ]
      },
      "properties": {
        "size": 4211.54,
        "orientation": "east_west",
        "road_access": true,
        "zone": "park",
        "frontage": 46.92,
        "vacant": false,
        "feature_type": "Lot",
        "parent_id": "block-district-park-31-22",
        "stage": "lots",
        "seed": 5851037121411972247
      }
    },
    {
      "type": "Feature",
      "id": "lot-block-district-station_area-32-11-1",
      "geometry": {
        "type": "Polygon",
        "coordinates": [
          [
            [
              321.974,
              515.656
            ],
            [
              351.561,
              515.656
            ],
            [
              351.561,
              572.416
            ],
            [
              321.974,
              572.416
            ],
            [
              321.974,
              515.656
            ]
          ]
        ]
      },
      "properties": {
        "size": 1679.34,
        "orientation": "east_west",
        "road_access": true,
        "zone": "station_area",
        "frontage": 29.59,
        "vacant": false,
        "feature_type": "Lot",
        "parent_id": "block-district-station_area-32-11",
        "stage": "lots",
        "seed": 5851037121411972247
      }
    },
    {
      "type": "Feature",
      "id": "lot-block-district-station_area-32-11-2",
      "geometry": {
        "type": "Polygon",
        "coordinates": [
          [
            [
              354.561,
              515.656
            ],
            [
              384.147,
              515.656
            ],
            [
              384.147,
              572.416
            ],
            [
              354.561,
              572.416
            ],
            [
              354.561,
              515.656
            ]
          ]
        ]
      },
      "properties": {
        "size": 1679.34,
        "orientation": "east_west",
        "road_access": true,
        "zone": "station_area",
        "frontage": 29.59,
        "vacant": false,
        "feature_type": "Lot",
        "parent_id": "block-district-station_area-32-11",
        "stage": "lots",
        "seed": 5851037121411972247
      }
    },
    {
      "type": "Feature",
      "id": "lot-block-district-station_area-32-11-3",
      "geometry": {
        "type": "Polygon",
        "coordinates": [
          [
            [
              387.147,
              515.656
            ],
            [
              416.734,
              515.656
            ],
            [
              416.734,
              572.416
            ],
            [
              387.147,
              572.416
            ],
            [
              387.147,
              515.656
            ]
          ]
        ]
      },
      "properties": {
        "size": 1679.34,
        "orientation": "east_west",
        "road_access": true,
        "zone": "station_area",
        "frontage": 29.59,
        "vacant": false,
        "feature_type": "Lot",
        "parent_id": "block-district-station_area-32-11",
        "stage": "lots",
        "seed": 5851037121411972247
      }
    },
    {
      "type": "Feature",
      "id": "lot-block-district-station_area-32-12-1",
      "geometry": {
        "type": "Polygon",
        "coordinates": [
          [
            [
              425.974,
              515.656
            ],
            [
              455.561,
              515.656
            ],
            [
              455.561,
              572.416
            ],
            [
              425.974,
              572.416
            ],
            [
              425.974,
              515.656
            ]
          ]
        ]
      },
      "properties": {
        "size": 1679.34,
        "orientation": "east_west",
        "road_access": true,
        "zone": "station_area",
        "frontage": 29.59,
        "vacant": false,
        "feature_type": "Lot",
        "parent_id": "block-district-station_area-32-12",
        "stage": "lots",
        "seed": 5851037121411972247
      }
    },
    {
      "type": "Feature",
      "id": "lot-block-district-station_area-32-12-2",
      "geometry": {
        "type": "Polygon",
        "coordinates": [
          [
            [
              458.561,
              515.656
            ],
            [
              488.147,
              515.656
            ],
            [
              488.147,
              572.416
            ],
            [
              458.561,
              572.416
            ],
            [
              458.561,
              515.656
            ]
          ]
        ]
      },
      "properties": {
        "size": 1679.34,
        "orientation": "east_west",
        "road_access": true,
        "zone": "station_area",
        "frontage": 29.59,
        "vacant": false,
        "feature_type": "Lot",
        "parent_id": "block-district-station_area-32-12",
        "stage": "lots",
        "seed": 5851037121411972247
      }
    },
    {
      "type": "Feature",
      "id": "lot-block-district-station_area-32-12-3",
      "geometry": {
        "type": "Polygon",
        "coordinates": [
          [
            [
              491.147,
              515.656
            ],
            [
              520.734,
              515.656
            ],
            [
              520.734,
              572.416
            ],
            [
              491.147,
              572.416
            ],
            [
              491.147,
              515.656
            ]
          ]
        ]
      },
      "properties": {
        "size": 1679.34,
        "orientation": "east_west",
        "road_access": true,
        "zone": "station_area",
        "frontage": 29.59,
        "vacant": false,
        "feature_type": "Lot",
        "parent_id": "block-district-station_area-32-12",
        "stage": "lots",
        "seed": 5851037121411972247
      }
    },
    {
      "type": "Feature",
      "id": "lot-block-district-station_area-32-13-1",
      "geometry": {
        "type": "Polygon",
        "coordinates": [
          [
            [
              529.974,
              515.656
            ],
            [
              559.561,
              515.656
            ],
            [
              559.561,
              572.416
            ],
            [
              529.974,
              572.416
            ],
            [
              529.974,
              515.656
            ]
          ]
        ]
      },
      "properties": {
        "size": 1679.34,
        "orientation": "east_west",
        "road_access": true,
        "zone": "station_area",
        "frontage": 29.59,
        "vacant": false,
        "feature_type": "Lot",
        "parent_id": "block-district-station_area-32-13",
        "stage": "lots",
        "seed": 5851037121411972247
      }
    },
    {
      "type": "Feature",
      "id": "lot-block-district-station_area-32-13-2",
      "geometry": {
        "type": "Polygon",
        "coordinates": [
          [
            [
              562.561,
              515.656
            ],
            [
              592.147,
              515.656
            ],
            [
              592.147,
              572.416
            ],
            [
              562.561,
              572.416
            ],
            [
              562.561,
              515.656
            ]
          ]
        ]
      },
      "properties": {
        "size": 1679.34,
        "orientation": "east_west",
        "road_access": true,
        "zone": "station_area",
        "frontage": 29.59,
        "vacant": false,
        "feature_type": "Lot",
        "parent_id": "block-district-station_area-32-13",
        "stage": "lots",
        "seed": 5851037121411972247
      }
    },
    {
      "type": "Feature",
      "id": "lot-block-district-station_area-32-13-3",
      "geometry": {
        "type": "Polygon",
        "coordinates": [
          [
            [
              595.147,
              515.656
            ],
            [
              624.734,
              515.656
            ],
            [
              624.734,
              572.416
            ],
            [
              595.147,
              572.416
            ],
            [
              595.147,
              515.656
            ]
          ]
        ]
      },
      "properties": {
        "size": 1679.34,
        "orientation": "east_west",
        "road_access": true,
        "zone": "station_area",
        "frontage": 29.59,
        "vacant": false,
        "feature_type": "Lot",
        "parent_id": "block-district-station_area-32-13",
        "stage": "lots",
        "seed": 5851037121411972247
      }
    },
    {
      "type": "Feature",
      "id": "lot-block-district-station_area-32-21-1",
      "geometry": {
        "type": "Polygon",
        "coordinates": [
          [
            [
              321.974,
              581.166
            ],
            [
              351.561,
              581.166
            ],
            [
              351.561,
              638.906
            ],
            [
              321.974,
              638.906
            ],
            [
              321.974,
              581.166
            ]
          ]
        ]
      },
      "properties": {
        "size": 1708.33,
        "orientation": "east_west",
        "road_access": true,
        "zone": "station_area",
        "frontage": 29.59,
        "vacant": false,
        "feature_type": "Lot",
        "parent_id": "block-district-station_area-32-21",
        "stage": "lots",
        "seed": 5851037121411972247
      }
    },
    {
      "type": "Feature",
      "id": "lot-block-district-station_area-32-21-2",
      "geometry": {
        "type": "Polygon",
        "coordinates": [
          [
            [
              354.561,
              581.166
            ],
            [
              384.147,
              581.166
            ],
            [
              384.147,
              638.906
            ],
            [
              354.561,
              638.906
            ],
            [
              354.561,
              581.166
            ]
          ]
        ]
      },
      "properties": {
        "size": 1708.33,
        "orientation": "east_west",
        "road_access": true,
        "zone": "station_area",
        "frontage": 29.59,
        "vacant": false,
        "feature_type": "Lot",
        "parent_id": "block-district-station_area-32-21",
        "stage": "lots",
        "seed": 5851037121411972247
      }
    },
    {
      "type": "Feature",
      "id": "lot-block-district-station_area-32-21-3",
      "geometry": {
        "type": "Polygon",
        "coordinates": [
          [
            [
              387.147,
              581.166
            ],
            [
              416.734,
              581.166
            ],
            [
              416.734,
              638.906
            ],
            [
              387.147,
              638.906
            ],
            [
              387.147,
              581.166
            ]
          ]
        ]
      },
      "properties": {
        "size": 1708.33,
        "orientation": "east_west",
        "road_access": true,
        "zone": "station_area",
        "frontage": 29.59,
        "vacant": false,
        "feature_type": "Lot",
        "parent_id": "block-district-station_area-32-21",
        "stage": "lots",
        "seed": 5851037121411972247
      }
    },
    {
      "type": "Feature",
      "id": "lot-block-district-station_area-32-22-1",
      "geometry": {
        "type": "Polygon",
        "coordinates": [
          [
            [
              425.974,
              581.656
            ],
            [
              455.561,
              581.656
            ],
            [
              455.561,
              638.416
            ],
            [
              425.974,
              638.416
            ],
            [
              425.974,
              581.656
            ]
          ]
        ]
      },
      "properties": {
        "size": 1679.34,
        "orientation": "east_west",
        "road_access": true,
        "zone": "station_area",
        "frontage": 29.59,
        "vacant": false,
        "feature_type": "Lot",
        "parent_id": "block-district-station_area-32-22",
        "stage": "lots",
        "seed": 5851037121411972247
      }
    },
    {
      "type": "Feature",
      "id": "lot-block-district-station_area-32-22-2",
      "geometry": {
        "type": "Polygon",
        "coordinates": [
          [
            [
              458.561,
              581.656
            ],
            [
              488.147,
              581.656
            ],
            [
              488.147,
              638.416
            ],
            [
              458.561,
              638.416
            ],
            [
              458.561,
              581.656
            ]
          ]
        ]
      },
      "properties": {
        "size": 1679.34,
        "orientation": "east_west",
        "road_access": true,
        "zone": "station_area",
        "frontage": 29.59,
        "vacant": true,
        "feature_type": "Lot",
        "parent_id": "block-district-station_area-32-22",
        "stage": "lots",
        "seed": 5851037121411972247
      }
    },
    {
      "type": "Feature",
      "id": "lot-block-district-station_area-32-22-3",
      "geometry": {
        "type": "Polygon",
        "coordinates": [
          [
            [
              491.147,
              581.656
            ],
            [
              520.734,
              581.656
            ],
            [
              520.734,
              638.416
            ],
            [
              491.147,
              638.416
            ],
            [
              491.147,
              581.656
            ]
          ]
        ]
      },
      "properties": {
        "size": 1679.34,
        "orientation": "east_west",
        "road_access": true,
        "zone": "station_area",
        "frontage": 29.59,
        "vacant": false,
        "feature_type": "Lot",
        "parent_id": "block-district-station_area-32-22",
        "stage": "lots",
        "seed": 5851037121411972247
      }
    },
    {
      "type": "Feature",
      "id": "lot-block-district-station_area-32-23-1",
      "geometry": {
        "type": "Polygon",
        "coordinates": [
          [
            [
              529.974,
              581.656
            ],
            [
              559.561,
              581.656
            ],
            [
              559.561,
              638.416
            ],
            [
              529.974,
              638.416
            ],
            [
              529.974,
              581.656
            ]
          ]
        ]
      },
      "properties": {
        "size": 1679.34,
        "orientation": "east_west",
        "road_access": true,
        "zone": "station_area",
        "frontage": 29.59,
        "vacant": false,
        "feature_type": "Lot",
        "parent_id": "block-district-station_area-32-23",
        "stage": "lots",
        "seed": 5851037121411972247
      }
    },
    {
      "type": "Feature",
      "id": "lot-block-district-station_area-32-23-2",
      "geometry": {
        "type": "Polygon",
        "coordinates": [
          [
            [
              562.561,
              581.656
            ],
            [
              592.147,
              581.656
            ],
            [
              592.147,
              638.416
            ],
            [
              562.561,
              638.416
            ],
            [
              562.561,
              581.656
            ]
          ]
        ]
      },
      "properties": {
        "size": 1679.34,
        "orientation": "east_west",
        "road_access": true,
        "zone": "station_area",
        "frontage": 29.59,
        "vacant": false,
        "feature_type": "Lot",
        "parent_id": "block-district-station_area-32-23",
        "stage": "lots",
        "seed": 5851037121411972247
      }
    },
    {
      "type": "Feature",
      "id": "lot-block-district-station_area-32-23-3",
      "geometry": {
        "type": "Polygon",
        "coordinates": [
          [
            [
              595.147,
              581.656
            ],
            [
              624.734,
              581.656
            ],
            [
              624.734,
              638.416
            ],
            [
              595.147,
              638.416
            ],
            [
              595.147,
              581.656
            ]
          ]
        ]
      },
      "properties": {
        "size": 1679.34,
        "orientation": "east_west",
        "road_access": true,
        "zone": "station_area",
        "frontage": 29.59,
        "vacant": false,
        "feature_type": "Lot",
        "parent_id": "block-district-station_area-32-23",
        "stage": "lots",
        "seed": 5851037121411972247
      }
    },
    {
      "type": "Feature",
      "id": "lot-block-district-station_area-32-31-1",
      "geometry": {
        "type": "Polygon",
        "coordinates": [
          [
            [
              321.974,
              646.733
            ],
            [
              351.561,
              646.733
            ],
            [
              351.561,
              705.339
            ],
            [
              321.974,
              705.339
            ],
            [
              321.974,
              646.733
            ]
          ]
        ]
      },
      "properties": {
        "size": 1733.96,
        "orientation": "east_west",
        "road_access": true,
        "zone": "station_area",
        "frontage": 29.59,
        "vacant": false,
        "feature_type": "Lot",
        "parent_id": "block-district-station_area-32-31",
        "stage": "lots",
        "seed": 5851037121411972247
      }
    },
    {
      "type": "Feature",
      "id": "lot-block-district-station_area-32-31-2",
      "geometry": {
        "type": "Polygon",
        "coordinates": [
          [
            [
              354.561,
              646.733
            ],
            [
              384.147,
              646.733
            ],
            [
              384.147,
              705.339
            ],
            [
              354.561,
              705.339
            ],
            [
              354.561,
              646.733
            ]
          ]
        ]
      },
      "properties": {
        "size": 1733.96,
        "orientation": "east_west",
        "road_access": true,
        "zone": "station_area",
        "frontage": 29.59,
        "vacant": false,
        "feature_type": "Lot",
        "parent_id": "block-district-station_area-32-31",
        "stage": "lots",
        "seed": 5851037121411972247
      }
    },
    {
      "type": "Feature",
      "id": "lot-block-district-station_area-32-31-3",
      "geometry": {
        "type": "Polygon",
        "coordinates": [
          [
            [
              387.147,
              646.733
            ],
            [
              416.734,
              646.733
            ],
            [
              416.734,
              705.339
            ],
            [
              387.147,
              705.339
            ],
            [
              387.147,
              646.733
            ]
          ]
        ]
      },
      "properties": {
        "size": 1733.96,
        "orientation": "east_west",
        "road_access": true,
        "zone": "station_area",
        "frontage": 29.59,
        "vacant": false,
        "feature_type": "Lot",
        "parent_id": "block-district-station_area-32-31",
        "stage": "lots",
        "seed": 5851037121411972247
      }
    },
    {
      "type": "Feature",
      "id": "lot-block-district-station_area-32-32-1",
      "geometry": {
        "type": "Polygon",
        "coordinates": [
          [
            [
              425.974,
              647.656
            ],
            [
              455.561,
              647.656
            ],
            [
              455.561,
              704.416
            ],
            [
              425.974,
              704.416
            ],
            [
              425.974,
              647.656
            ]
          ]
        ]
      },
      "properties": {
        "size": 1679.34,
        "orientation": "east_west",
        "road_access": true,
        "zone": "station_area",
        "frontage": 29.59,
        "vacant": false,
        "feature_type": "Lot",
        "parent_id": "block-district-station_area-32-32",
        "stage": "lots",
        "seed": 5851037121411972247
      }
    },
    {
      "type": "Feature",
      "id": "lot-block-district-station_area-32-32-2",
      "geometry": {
        "type": "Polygon",
        "coordinates": [
          [
            [
              458.561,
              647.656
            ],
            [
              488.147,
              647.656
            ],
            [
              488.147,
              704.416
            ],
            [
              458.561,
              704.416
            ],
            [
              458.561,
              647.656
            ]
          ]
        ]
      },
      "properties": {
        "size": 1679.34,
        "orientation": "east_west",
        "road_access": true,
        "zone": "station_area",
        "frontage": 29.59,
        "vacant": false,
        "feature_type": "Lot",
        "parent_id": "block-district-station_area-32-32",
        "stage": "lots",
        "seed": 5851037121411972247
      }
    },
    {
      "type": "Feature",
      "id": "lot-block-district-station_area-32-32-3",
      "geometry": {
        "type": "Polygon",
        "coordinates": [
          [
            [
              491.147,
              647.656
            ],
            [
              520.734,
              647.656
            ],
            [
              520.734,
              704.416
            ],
            [
              491.147,
              704.416
            ],
            [
              491.147,
              647.656
            ]
          ]
        ]
      },
      "properties": {
        "size": 1679.34,
        "orientation": "east_west",
        "road_access": true,
        "zone": "station_area",
        "frontage": 29.59,
        "vacant": true,
        "feature_type": "Lot",
        "parent_id": "block-district-station_area-32-32",
        "stage": "lots",
        "seed": 5851037121411972247
      }
    },
    {
      "type": "Feature",
      "id": "lot-block-district-station_area-32-33-1",
      "geometry": {
        "type": "Polygon",
        "coordinates": [
          [
            [
              529.974,
              647.656
            ],
            [
              559.561,
              647.656
            ],
            [
              559.561,
              704.416
            ],
            [
              529.974,
              704.416
            ],
            [
              529.974,
              647.656
            ]
          ]
        ]
      },
      "properties": {
        "size": 1679.34,
        "orientation": "east_west",
        "road_access": true,
        "zone": "station_area",
        "frontage": 29.59,
        "vacant": false,
        "feature_type": "Lot",
        "parent_id": "block-district-station_area-32-33",
        "stage": "lots",
        "seed": 5851037121411972247
      }
    },
    {
      "type": "Feature",
      "id": "lot-block-district-station_area-32-33-2",
      "geometry": {
        "type": "Polygon",
        "coordinates": [
          [
            [
              562.561,
              647.656
            ],
            [
              592.147,
              647.656
            ],
            [
              592.147,
              704.416
            ],
            [
              562.561,
              704.416
            ],
            [
              562.561,
              647.656
            ]
          ]
        ]
      },
      "properties": {
        "size": 1679.34,
        "orientation": "east_west",
        "road_access": true,
        "zone": "station_area",
        "frontage": 29.59,
        "vacant": false,
        "feature_type": "Lot",
        "parent_id": "block-district-station_area-32-33",
        "stage": "lots",
        "seed": 5851037121411972247
      }
    },
    {
      "type": "Feature",
      "id": "lot-block-district-station_area-32-33-3",
      "geometry": {
        "type": "Polygon",
        "coordinates": [
          [
            [
              595.147,
              647.656
            ],
            [
              624.734,
              647.656
            ],
            [
              624.734,
              704.416
            ],
            [
              595.147,
              704.416
            ],
            [
              595.147,
              647.656
            ]
          ]
        ]
      },
      "properties": {
        "size": 1679.34,
        "orientation": "east_west",
        "road_access": true,
        "zone": "station_area",
        "frontage": 29.59,
        "vacant": false,
        "feature_type": "Lot",
        "parent_id": "block-district-station_area-32-33",
        "stage": "lots",
        "seed": 5851037121411972247
      }
    },
    {
      "type": "Feature",
      "id": "lot-block-district-commercial-33-11-1",
      "geometry": {
        "type": "Polygon",
        "coordinates": [
          [
            [
              627.888,
              513.278
            ],
            [
              654.968,
              513.278
            ],
            [
              654.968,
              575.146
            ],
            [
              627.888,
              575.146
            ],
            [
              627.888,
              513.278
            ]
          ]
        ]
      },
      "properties": {
        "size": 1675.39,
        "orientation": "east_west",
        "road_access": true,
        "zone": "commercial",
        "frontage": 27.08,
        "vacant": false,
        "feature_type": "Lot",
        "parent_id": "block-district-commercial-33-11",
        "stage": "lots",
        "seed": 5851037121411972247
      }
    },
    {
      "type": "Feature",
      "id": "lot-block-district-commercial-33-11-2",
      "geometry": {
        "type": "Polygon",
        "coordinates": [
          [
            [
              657.968,
              513.278
            ],
            [
              685.048,
              513.278
            ],
            [
              685.048,
              575.146
            ],
            [
              657.968,
              575.146
            ],
            [
              657.968,
              513.278
            ]
          ]
        ]
      },
      "properties": {
        "size": 1675.39,
        "orientation": "east_west",
        "road_access": true,
        "zone": "commercial",
        "frontage": 27.08,
        "vacant": false,
        "feature_type": "Lot",
        "parent_id": "block-district-commercial-33-11",
        "stage": "lots",
        "seed": 5851037121411972247
      }
    },
    {
      "type": "Feature",
      "id": "lot-block-district-commercial-33-11-3",
      "geometry": {
        "type": "Polygon",
        "coordinates": [
          [
            [
              688.048,
              513.278
            ],
            [
              715.128,
              513.278
            ],
            [
              715.128,
              575.146
            ],
            [
              688.048,
              575.146
            ],
            [
              688.048,
              513.278
            ]
          ]
        ]
      },
      "properties": {
        "size": 1675.39,
        "orientation": "east_west",
        "road_access": true,
        "zone": "commercial",
        "frontage": 27.08,
        "vacant": false,
        "feature_type": "Lot",
        "parent_id": "block-district-commercial-33-11",
        "stage": "lots",
        "seed": 5851037121411972247
      }
    },
    {
      "type": "Feature",
      "id": "lot-block-district-commercial-33-12-1",
      "geometry": {
        "type": "Polygon",
        "coordinates": [
          [
            [
              723.888,
              515.027
            ],
            [
              750.968,
              515.027
            ],
            [
              750.968,
              573.397
            ],
            [
              723.888,
              573.397
            ],
            [
              723.888,
              515.027
            ]
          ]
        ]
      },
      "properties": {
        "size": 1580.66,
        "orientation": "east_west",
        "road_access": true,
        "zone": "commercial",
        "frontage": 27.08,
        "vacant": false,
        "feature_type": "Lot",
        "parent_id": "block-district-commercial-33-12",
        "stage": "lots",
        "seed": 5851037121411972247
      }
    },
    {
      "type": "Feature",
      "id": "lot-block-district-commercial-33-12-2",
      "geometry": {
        "type": "Polygon",
        "coordinates": [
          [
            [
              753.968,
              515.027
            ],
            [
              781.048,
              515.027
            ],
            [
              781.048,
              573.397
            ],
            [
              753.968,
              573.397
            ],
            [
              753.968,
              515.027
            ]
          ]
        ]
      },
      "properties": {
        "size": 1580.66,
        "orientation": "east_west",
        "road_access": true,
        "zone": "commercial",
        "frontage": 27.08,
        "vacant": false,
        "feature_type": "Lot",
        "parent_id": "block-district-commercial-33-12",
        "stage": "lots",
        "seed": 5851037121411972247
      }
    },
    {
      "type": "Feature",
      "id": "lot-block-district-commercial-33-12-3",
      "geometry": {
        "type": "Polygon",
        "coordinates": [
          [
            [
              784.048,
              515.027
            ],
            [
              811.128,
              515.027
            ],
            [
              811.128,
              573.397
            ],
            [
              784.048,
              573.397
            ],
            [
              784.048,
              515.027
            ]
          ]
        ]
      },
      "properties": {
        "size": 1580.66,
        "orientation": "east_west",
        "road_access": true,
        "zone": "commercial",
        "frontage": 27.08,
        "vacant": false,
        "feature_type": "Lot",
        "parent_id": "block-district-commercial-33-12",
        "stage": "lots",
        "seed": 5851037121411972247
      }
    },
    {
      "type": "Feature",
      "id": "lot-block-district-commercial-33-13-1",
      "geometry": {
        "type": "Polygon",
        "coordinates": [
          [
            [
              819.888,
              513.992
            ],
            [
              846.968,
              513.992
            ],
            [
              846.968,
              574.432
            ],
            [
              819.888,
              574.432
            ],
            [
              819.888,
              513.992
            ]
          ]
        ]
      },
      "properties": {
        "size": 1636.72,
        "orientation": "east_west",
        "road_access": true,
        "zone": "commercial",
        "frontage": 27.08,
        "vacant": true,
        "feature_type": "Lot",
        "parent_id": "block-district-commercial-33-13",
        "stage": "lots",
        "seed": 5851037121411972247
      }
    },
    {
      "type": "Feature",
      "id": "lot-block-district-commercial-33-13-2",
      "geometry": {
        "type": "Polygon",
        "coordinates": [
          [
            [
              849.968,
              513.992
            ],
            [
              877.048,
              513.992
            ],
            [
              877.048,
              574.432
            ],
            [
              849.968,
              574.432
            ],
            [
              849.968,
              513.992
            ]
          ]
        ]
      },
      "properties": {
        "size": 1636.72,
        "orientation": "east_west",
        "road_access": true,
        "zone": "commercial",
        "frontage": 27.08,
        "vacant": false,
        "feature_type": "Lot",
        "parent_id": "block-district-commercial-33-13",
        "stage": "lots",
        "seed": 5851037121411972247
      }
    },
    {
      "type": "Feature",
      "id": "lot-block-district-commercial-33-13-3",
      "geometry": {
        "type": "Polygon",
        "coordinates": [
          [
            [
              880.048,
              513.992
            ],
            [
              907.128,
              513.992
            ],
            [
              907.128,
              574.432
            ],
            [
              880.048,
              574.432
            ],
            [
              880.048,
              513.992
            ]
          ]
        ]
      },
      "properties": {
        "size": 1636.72,
        "orientation": "east_west",
        "road_access": true,
        "zone": "commercial",
        "frontage": 27.08,
        "vacant": false,
        "feature_type": "Lot",
        "parent_id": "block-district-commercial-33-13",
        "stage": "lots",
        "seed": 5851037121411972247
      }
    },
    {
      "type": "Feature",
      "id": "lot-block-district-commercial-33-21-1",
      "geometry": {
        "type": "Polygon",
        "coordinates": [
          [
            [
              627.888,
              581.592
            ],
            [
              654.968,
              581.592
            ],
            [
              654.968,
              638.832
            ],
            [
              627.888,
              638.832
            ],
            [
              627.888,
              581.592
            ]
          ]
        ]
      },
      "properties": {
        "size": 1550.06,
        "orientation": "east_west",
        "road_access": true,
        "zone": "commercial",
        "frontage": 27.08,
        "vacant": false,
        "feature_type": "Lot",
        "parent_id": "block-district-commercial-33-21",
        "stage": "lots",
        "seed": 5851037121411972247
      }
    },
    {
      "type": "Feature",
      "id": "lot-block-district-commercial-33-21-2",
      "geometry": {
        "type": "Polygon",
        "coordinates": [
          [
            [
              657.968,
              581.592
            ],
            [
              685.048,
              581.592
            ],
            [
              685.048,
              638.832
            ],
            [
              657.968,
              638.832
            ],
            [
              657.968,
              581.592
            ]
          ]
        ]
      },
      "properties": {
        "size": 1550.06,
        "orientation": "east_west",
        "road_access": true,
        "zone": "commercial",
        "frontage": 27.08,
        "vacant": false,
        "feature_type": "Lot",
        "parent_id": "block-district-commercial-33-21",
        "stage": "lots",
        "seed": 5851037121411972247
      }
    },
    {
      "type": "Feature",
      "id": "lot-block-district-commercial-33-21-3",
      "geometry": {
        "type": "Polygon",
        "coordinates": [
          [
            [
              688.048,
              581.592
            ],
            [
              715.128,
              581.592
            ],
            [
              715.128,
              638.832
            ],
            [
              688.048,
              638.832
            ],
            [
              688.048,
              581.592
            ]
          ]
        ]
      },
      "properties": {
        "size": 1550.06,
        "orientation": "east_west",
        "road_access": true,
        "zone": "commercial",
        "frontage": 27.08,
        "vacant": false,
        "feature_type": "Lot",
        "parent_id": "block-district-commercial-33-21",
        "stage": "lots",
        "seed": 5851037121411972247
      }
    },
    {
      "type": "Feature",
      "id": "lot-block-district-commercial-33-22-1",
      "geometry": {
        "type": "Polygon",
        "coordinates": [
          [
            [
              723.888,
              580.543
            ],
            [
              750.968,
              580.543
            ],
            [
              750.968,
              639.881
            ],
            [
              723.888,
              639.881
            ],
            [
              723.888,
              580.543
            ]
          ]
        ]
      },
      "properties": {
        "size": 1606.87,
        "orientation": "east_west",
        "road_access": true,
        "zone": "commercial",
        "frontage": 27.08,
        "vacant": false,
        "feature_type": "Lot",
        "parent_id": "block-district-commercial-33-22",
        "stage": "lots",
        "seed": 5851037121411972247
      }
    },
    {
      "type": "Feature",
      "id": "lot-block-district-commercial-33-22-2",
      "geometry": {
        "type": "Polygon",
        "coordinates": [
          [
            [
              753.968,
              580.543
            ],
            [
              781.048,
              580.543
            ],
            [
              781.048,
              639.881
            ],
            [
              753.968,
              639.881
            ],
            [
              753.968,
              580.543
            ]
          ]
        ]
      },
      "properties": {
        "size": 1606.87,
        "orientation": "east_west",
        "road_access": true,
        "zone": "commercial",
        "frontage": 27.08,
        "vacant": false,
        "feature_type": "Lot",
        "parent_id": "block-district-commercial-33-22",
        "stage": "lots",
        "seed": 5851037121411972247
      }
    },
    {
      "type": "Feature",
      "id": "lot-block-district-commercial-33-22-3",
      "geometry": {
        "type": "Polygon",
        "coordinates": [
          [
            [
              784.048,
              580.543
            ],
            [
              811.128,
              580.543
            ],
            [
              811.128,
              639.881
            ],
            [
              784.048,
              639.881
            ],
            [
              784.048,
              580.543
            ]
          ]
        ]
      },
      "properties": {
        "size": 1606.87,
        "orientation": "east_west",
        "road_access": true,
        "zone": "commercial",
        "frontage": 27.08,
        "vacant": false,
        "feature_type": "Lot",
        "parent_id": "block-district-commercial-33-22",
        "stage": "lots",
        "seed": 5851037121411972247
      }
    },
    {
      "type": "Feature",
      "id": "lot-block-district-commercial-33-23-1",
      "geometry": {
        "type": "Polygon",
        "coordinates": [
          [
            [
              819.888,
              578.936
            ],
            [
              846.968,
              578.936
            ],
            [
              846.968,
              641.488
            ],
            [
              819.888,
              641.488
            ],
            [
              819.888,
              578.936
            ]
          ]
        ]
      },
      "properties": {
        "size": 1693.91,
        "orientation": "east_west",
        "road_access": true,
        "zone": "commercial",
        "frontage": 27.08,
        "vacant": false,
        "feature_type": "Lot",
        "parent_id": "block-district-commercial-33-23",
        "stage": "lots",
        "seed": 5851037121411972247
      }
    },
    {
      "type": "Feature",
      "id": "lot-block-district-commercial-33-23-2",
      "geometry": {
        "type": "Polygon",
        "coordinates": [
          [
            [
              849.968,
              578.936
            ],
            [
              877.048,
              578.936
            ],
            [
              877.048,
              641.488
            ],
            [
              849.968,
              641.488
            ],
            [
              849.968,
              578.936
            ]
          ]
        ]
      },
      "properties": {
        "size": 1693.91,
        "orientation": "east_west",
        "road_access": true,
        "zone": "commercial",
        "frontage": 27.08,
        "vacant": false,
        "feature_type": "Lot",
        "parent_id": "block-district-commercial-33-23",
        "stage": "lots",
        "seed": 5851037121411972247
      }
    },
    {
      "type": "Feature",
      "id": "lot-block-district-commercial-33-23-3",
      "geometry": {
        "type": "Polygon",
        "coordinates": [
          [
            [
              880.048,
              578.936
            ],
            [
              907.128,
              578.936
            ],
            [
              907.128,
              641.488
            ],
            [
              880.048,
              641.488
            ],
            [
              880.048,
              578.936
            ]
          ]
        ]
      },
      "properties": {
        "size": 1693.91,
        "orientation": "east_west",
        "road_access": true,
        "zone": "commercial",
        "frontage": 27.08,
        "vacant": false,
        "feature_type": "Lot",
        "parent_id": "block-district-commercial-33-23",
        "stage": "lots",
        "seed": 5851037121411972247
      }
    },
    {
      "type": "Feature",
      "id": "lot-block-district-commercial-33-31-1",
      "geometry": {
        "type": "Polygon",
        "coordinates": [
          [
            [
              627.888,
              645.454
            ],
            [
              654.968,
              645.454
            ],
            [
              654.968,
              706.97
            ],
            [
              627.888,
              706.97
            ],
            [
              627.888,
              645.454
            ]
          ]
        ]
      },
      "properties": {
        "size": 1665.85,
        "orientation": "east_west",
        "road_access": true,
        "zone": "commercial",
        "frontage": 27.08,
        "vacant": false,
        "feature_type": "Lot",
        "parent_id": "block-district-commercial-33-31",
        "stage": "lots",
        "seed": 5851037121411972247
      }
    },
    {
      "type": "Feature",
      "id": "lot-block-district-commercial-33-31-2",
      "geometry": {
        "type": "Polygon",
        "coordinates": [
          [
            [
              657.968,
              645.454
            ],
            [
              685.048,
              645.454
            ],
            [
              685.048,
              706.97
            ],
            [
              657.968,
              706.97
            ],
            [
              657.968,
              645.454
            ]
          ]
        ]
      },
      "properties": {
        "size": 1665.85,
        "orientation": "east_west",
        "road_access": true,
        "zone": "commercial",
        "frontage": 27.08,
        "vacant": false,
        "feature_type": "Lot",
        "parent_id": "block-district-commercial-33-31",
        "stage": "lots",
        "seed": 5851037121411972247
      }
    },
    {
      "type": "Feature",
      "id": "lot-block-district-commercial-33-31-3",
      "geometry": {
        "type": "Polygon",
        "coordinates": [
          [
            [
              688.048,
              645.454
            ],
            [
              715.128,
              645.454
            ],
            [
              715.128,
              706.97
            ],
            [
              688.048,
              706.97
            ],
            [
              688.048,
              645.454
            ]
          ]
        ]
      },
      "properties": {
        "size": 1665.85,
        "orientation": "east_west",
        "road_access": true,
        "zone": "commercial",
        "frontage": 27.08,
        "vacant": false,
        "feature_type": "Lot",
        "parent_id": "block-district-commercial-33-31",
        "stage": "lots",
        "seed": 5851037121411972247
      }
    },
    {
      "type": "Feature",
      "id": "lot-block-district-commercial-33-32-1",
      "geometry": {
        "type": "Polygon",
        "coordinates": [
          [
            [
              723.888,
              646.744
            ],
            [
              750.968,
              646.744
            ],
            [
              750.968,
              705.68
            ],
            [
              723.888,
              705.68
            ],
            [
              723.888,
              646.744
            ]
          ]
        ]
      },
      "properties": {
        "size": 1595.99,
        "orientation": "east_west",
        "road_access": true,
        "zone": "commercial",
        "frontage": 27.08,
        "vacant": false,
        "feature_type": "Lot",
        "parent_id": "block-district-commercial-33-32",
        "stage": "lots",
        "seed": 5851037121411972247
      }
    },
    {
      "type": "Feature",
      "id": "lot-block-district-commercial-33-32-2",
      "geometry": {
        "type": "Polygon",
        "coordinates": [
          [
            [
              753.968,
              646.744
            ],
            [
              781.048,
              646.744
            ],
            [
              781.048,
              705.68
            ],
            [
              753.968,
              705.68
            ],
            [
              753.968,
              646.744
            ]
          ]
        ]
      },
      "properties": {
        "size": 1595.99,
        "orientation": "east_west",
        "road_access": true,
        "zone": "commercial",
        "frontage": 27.08,
        "vacant": false,
        "feature_type": "Lot",
        "parent_id": "block-district-commercial-33-32",
        "stage": "lots",
        "seed": 5851037121411972247
      }
    },
    {
      "type": "Feature",
      "id": "lot-block-district-commercial-33-32-3",
      "geometry": {
        "type": "Polygon",
        "coordinates": [
          [
            [
              784.048,
              646.744
            ],
            [
              811.128,
              646.744
            ],
            [
              811.128,
              705.68
            ],
            [
              784.048,
              705.68
            ],
            [
              784.048,
              646.744
            ]
          ]
        ]
      },
      "properties": {
        "size": 1595.99,
        "orientation": "east_west",
        "road_access": true,
        "zone": "commercial",
        "frontage": 27.08,
        "vacant": false,
        "feature_type": "Lot",
        "parent_id": "block-district-commercial-33-32",
        "stage": "lots",
        "seed": 5851037121411972247
      }
    },
    {
      "type": "Feature",
      "id": "lot-block-district-commercial-33-33-1",
      "geometry": {
        "type": "Polygon",
        "coordinates": [
          [
            [
              819.888,
              647.592
            ],
            [
              846.968,
              647.592
            ],
            [
              846.968,
              704.832
            ],
            [
              819.888,
              704.832
            ],
            [
              819.888,
              647.592
            ]
          ]
        ]
      },
      "properties": {
        "size": 1550.06,
        "orientation": "east_west",
        "road_access": true,
        "zone": "commercial",
        "frontage": 27.08,
        "vacant": false,
        "feature_type": "Lot",
        "parent_id": "block-district-commercial-33-33",
        "stage": "lots",
        "seed": 5851037121411972247
      }
    },
    {
      "type": "Feature",
      "id": "lot-block-district-commercial-33-33-2",
      "geometry": {
        "type": "Polygon",
        "coordinates": [
          [
            [
              849.968,
              647.592
            ],
            [
              877.048,
              647.592
            ],
            [
              877.048,
              704.832
            ],
            [
              849.968,
              704.832
            ],
            [
              849.968,
              647.592
            ]
          ]
        ]
      },
      "properties": {
        "size": 1550.06,
        "orientation": "east_west",
        "road_access": true,
        "zone": "commercial",
        "frontage": 27.08,
        "vacant": false,
        "feature_type": "Lot",
        "parent_id": "block-district-commercial-33-33",
        "stage": "lots",
        "seed": 5851037121411972247
      }
    },
    {
      "type": "Feature",
      "id": "lot-block-district-commercial-33-33-3",
      "geometry": {
        "type": "Polygon",
        "coordinates": [
          [
            [
              880.048,
              647.592
            ],
            [
              907.128,
              647.592
            ],
            [
              907.128,
              704.832
            ],
            [
              880.048,
              704.832
            ],
            [
              880.048,
              647.592
            ]
          ]
        ]
      },
      "properties": {
        "size": 1550.06,
        "orientation": "east_west",
        "road_access": true,
        "zone": "commercial",
        "frontage": 27.08,
        "vacant": false,
        "feature_type": "Lot",
        "parent_id": "block-district-commercial-33-33",
        "stage": "lots",
        "seed": 5851037121411972247
      }
    },
    {
      "type": "Feature",
      "id": "lot-block-district-residential-34-11-1",
      "geometry": {
        "type": "Polygon",
        "coordinates": [
          [
            [
              916.38,
              501.331
            ],
            [
              943.46,
              501.331
            ],
            [
              943.46,
              562.463
            ],
            [
              916.38,
              562.463
            ],
            [
              916.38,
              501.331
            ]
          ]
        ]
      },
      "properties": {
        "size": 1655.45,
        "orientation": "east_west",
        "road_access": true,
        "zone": "residential",
        "frontage": 27.08,
        "vacant": false,
        "feature_type": "Lot",
        "parent_id": "block-district-residential-34-11",
        "stage": "lots",
        "seed": 5851037121411972247
      }
    },
    {
      "type": "Feature",
      "id": "lot-block-district-residential-34-11-2",
      "geometry": {
        "type": "Polygon",
        "coordinates": [
          [
            [
              946.46,
              501.331
            ],
            [
              973.54,
              501.331
            ],
            [
              973.54,
              562.463
            ],
            [
              946.46,
              562.463
            ],
            [
              946.46,
              501.331
            ]
          ]
        ]
      },
      "properties": {
        "size": 1655.45,
        "orientation": "east_west",
        "road_access": true,
        "zone": "residential",
        "frontage": 27.08,
        "vacant": false,
        "feature_type": "Lot",
        "parent_id": "block-district-residential-34-11",
        "stage": "lots",
        "seed": 5851037121411972247
      }
    },
    {
      "type": "Feature",
      "id": "lot-block-district-residential-34-11-3",
      "geometry": {
        "type": "Polygon",
        "coordinates": [
          [
            [
              976.54,
              501.331
            ],
            [
              1003.62,
              501.331
            ],
            [
              1003.62,
              562.463
            ],
            [
              976.54,
              562.463
            ],
            [
              976.54,
              501.331
            ]
          ]
        ]
      },
      "properties": {
        "size": 1655.45,
        "orientation": "east_west",
        "road_access": true,
        "zone": "residential",
        "frontage": 27.08,
        "vacant": false,
        "feature_type": "Lot",
        "parent_id": "block-district-residential-34-11",
        "stage": "lots",
        "seed": 5851037121411972247
      }
    },
    {
      "type": "Feature",
      "id": "lot-block-district-residential-34-12-1",
      "geometry": {
        "type": "Polygon",
        "coordinates": [
          [
            [
              1012.38,
              501.828
            ],
            [
              1039.46,
              501.828
            ],
            [
              1039.46,
              561.966
            ],
            [
              1012.38,
              561.966
            ],
            [
              1012.38,
              501.828
            ]
          ]
        ]
      },
      "properties": {
        "size": 1628.54,
        "orientation": "east_west",
        "road_access": true,
        "zone": "residential",
        "frontage": 27.08,
        "vacant": false,
        "feature_type": "Lot",
        "parent_id": "block-district-residential-34-12",
        "stage": "lots",
        "seed": 5851037121411972247
      }
    },
    {
      "type": "Feature",
      "id": "lot-block-district-residential-34-12-2",
      "geometry": {
        "type": "Polygon",
        "coordinates": [
          [
            [
              1042.46,
              501.828
            ],
            [
              1069.54,
              501.828
            ],
            [
              1069.54,
              561.966
            ],
            [
              1042.46,
              561.966
            ],
            [
              1042.46,
              501.828
            ]
          ]
        ]
      },
      "properties": {
        "size": 1628.54,
        "orientation": "east_west",
        "road_access": true,
        "zone": "residential",
        "frontage": 27.08,
        "vacant": false,
        "feature_type": "Lot",
        "parent_id": "block-district-residential-34-12",
        "stage": "lots",
        "seed": 5851037121411972247
      }
    },
    {
      "type": "Feature",
      "id": "lot-block-district-residential-34-12-3",
      "geometry": {
        "type": "Polygon",
        "coordinates": [
          [
            [
              1072.54,
              501.828
            ],
            [
              1099.62,
              501.828
            ],
            [
              1099.62,
              561.966
            ],
            [
              1072.54,
              561.966
            ],
            [
              1072.54,
              501.828
            ]
          ]
        ]
      },
      "properties": {
        "size": 1628.54,
        "orientation": "east_west",
        "road_access": true,
        "zone": "residential",
        "frontage": 27.08,
        "vacant": false,
        "feature_type": "Lot",
        "parent_id": "block-district-residential-34-12",
        "stage": "lots",
        "seed": 5851037121411972247
      }
    },
    {
      "type": "Feature",
      "id": "lot-block-district-residential-34-13-1",
      "geometry": {
        "type": "Polygon",
        "coordinates": [
          [
            [
              1108.38,
              503.277
            ],
            [
              1135.46,
              503.277
            ],
            [
              1135.46,
              560.517
            ],
            [
              1108.38,
              560.517
            ],
            [
              1108.38,
              503.277
            ]
          ]
        ]
      },
      "properties": {
        "size": 1550.06,
        "orientation": "east_west",
        "road_access": true,
        "zone": "residential",
        "frontage": 27.08,
        "vacant": false,
        "feature_type": "Lot",
        "parent_id": "block-district-residential-34-13",
        "stage": "lots",
        "seed": 5851037121411972247
      }
    },
    {
      "type": "Feature",
      "id": "lot-block-district-residential-34-13-2",
      "geometry": {
        "type": "Polygon",
        "coordinates": [
          [
            [
              1138.46,
              503.277
            ],
            [
              1165.54,
              503.277
            ],
            [
              1165.54,
              560.517
            ],
            [
              1138.46,
              560.517
            ],
            [
              1138.46,
              503.277
            ]
          ]
        ]
      },
      "properties": {
        "size": 1550.06,
        "orientation": "east_west",
        "road_access": true,
        "zone": "residential",
        "frontage": 27.08,
        "vacant": false,
        "feature_type": "Lot",
        "parent_id": "block-district-residential-34-13",
        "stage": "lots",
        "seed": 5851037121411972247
      }
    },
    {
      "type": "Feature",
      "id": "lot-block-district-residential-34-13-3",
      "geometry": {
        "type": "Polygon",
        "coordinates": [
          [
            [
              1168.54,
              503.277
            ],
            [
              1195.62,
              503.277
            ],
            [
              1195.62,
              560.517
            ],
            [
              1168.54,
              560.517
            ],
            [
              1168.54,
              503.277
            ]
          ]
        ]
      },
      "properties": {
        "size": 1550.06,
        "orientation": "east_west",
        "road_access": true,
        "zone": "residential",
        "frontage": 27.08,
        "vacant": false,
        "feature_type": "Lot",
        "parent_id": "block-district-residential-34-13",
        "stage": "lots",
        "seed": 5851037121411972247
      }
    },
    {
      "type": "Feature",
      "id": "lot-block-district-residential-34-21-1",
      "geometry": {
        "type": "Polygon",
        "coordinates": [
          [
            [
              916.38,
              569.277
            ],
            [
              943.46,
              569.277
            ],
            [
              943.46,
              626.517
            ],
            [
              916.38,
              626.517
            ],
            [
              916.38,
              569.277
            ]
          ]
        ]
      },
      "properties": {
        "size": 1550.06,
        "orientation": "east_west",
        "road_access": true,
        "zone": "residential",
        "frontage": 27.08,
        "vacant": false,
        "feature_type": "Lot",
        "parent_id": "block-district-residential-34-21",
        "stage": "lots",
        "seed": 5851037121411972247
      }
    },
    {
      "type": "Feature",
      "id": "lot-block-district-residential-34-21-2",
      "geometry": {
        "type": "Polygon",
        "coordinates": [
          [
            [
              946.46,
              569.277
            ],
            [
              973.54,
              569.277
            ],
            [
              973.54,
              626.517
            ],
            [
              946.46,
              626.517
            ],
            [
              946.46,
              569.277
            ]
          ]
        ]
      },
      "properties": {
        "size": 1550.06,
        "orientation": "east_west",
        "road_access": true,
        "zone": "residential",
        "frontage": 27.08,
        "vacant": false,
        "feature_type": "Lot",
        "parent_id": "block-district-residential-34-21",
        "stage": "lots",
        "seed": 5851037121411972247
      }
    },
    {
      "type": "Feature",
      "id": "lot-block-district-residential-34-21-3",
      "geometry": {
        "type": "Polygon",
        "coordinates": [
          [
            [
              976.54,
              569.277
            ],
            [
              1003.62,
              569.277
            ],
            [
              1003.62,
              626.517
            ],
            [
              976.54,
              626.517
            ],
            [
              976.54,
              569.277
            ]
          ]
        ]
      },
      "properties": {
        "size": 1550.06,
        "orientation": "east_west",
        "road_access": true,
        "zone": "residential",
        "frontage": 27.08,
        "vacant": false,
        "feature_type": "Lot",
        "parent_id": "block-district-residential-34-21",
        "stage": "lots",
        "seed": 5851037121411972247
      }
    },
    {
      "type": "Feature",
      "id": "lot-block-district-residential-34-22-1",
      "geometry": {
        "type": "Polygon",
        "coordinates": [
          [
            [
              1012.38,
              569.277
            ],
            [
              1039.46,
              569.277
            ],
            [
              1039.46,
              626.517
            ],
            [
              1012.38,
              626.517
            ],
            [
              1012.38,
              569.277
            ]
          ]
        ]
      },
      "properties": {
        "size": 1550.06,
        "orientation": "east_west",
        "road_access": true,
        "zone": "residential",
        "frontage": 27.08,
        "vacant": false,
        "feature_type": "Lot",
        "parent_id": "block-district-residential-34-22",
        "stage": "lots",
        "seed": 5851037121411972247
      }
    },
    {
      "type": "Feature",
      "id": "lot-block-district-residential-34-22-2",
      "geometry": {
        "type": "Polygon",
        "coordinates": [
          [
            [
              1042.46,
              569.277
            ],
            [
              1069.54,
              569.277
            ],
            [
              1069.54,
              626.517
            ],
            [
              1042.46,
              626.517
            ],
            [
              1042.46,
              569.277
            ]
          ]
        ]
      },
      "properties": {
        "size": 1550.06,
        "orientation": "east_west",
        "road_access": true,
        "zone": "residential",
        "frontage": 27.08,
        "vacant": false,
        "feature_type": "Lot",
        "parent_id": "block-district-residential-34-22",
        "stage": "lots",
        "seed": 5851037121411972247
      }
    },
    {
      "type": "Feature",
      "id": "lot-block-district-residential-34-22-3",
      "geometry": {
        "type": "Polygon",
        "coordinates": [
          [
            [
              1072.54,
              569.277
            ],
            [
              1099.62,
              569.277
            ],
            [
              1099.62,
              626.517
            ],
            [
              1072.54,
              626.517
            ],
            [
              1072.54,
              569.277
            ]
          ]
        ]
      },
      "properties": {
        "size": 1550.06,
        "orientation": "east_west",
        "road_access": true,
        "zone": "residential",
        "frontage": 27.08,
        "vacant": false,
        "feature_type": "Lot",
        "parent_id": "block-district-residential-34-22",
        "stage": "lots",
        "seed": 5851037121411972247
      }
    },
    {
      "type": "Feature",
      "id": "lot-block-district-residential-34-23-1",
      "geometry": {
        "type": "Polygon",
        "coordinates": [
          [
            [
              1108.38,
              569.189
            ],
            [
              1135.46,
              569.189
            ],
            [
              1135.46,
              626.605
            ],
            [
              1108.38,
              626.605
            ],
            [
              1108.38,
              569.189
            ]
          ]
        ]
      },
      "properties": {
        "size": 1554.83,
        "orientation": "east_west",
        "road_access": true,
        "zone": "residential",
        "frontage": 27.08,
        "vacant": false,
        "feature_type": "Lot",
        "parent_id": "block-district-residential-34-23",
        "stage": "lots",
        "seed": 5851037121411972247
      }
    },
    {
      "type": "Feature",
      "id": "lot-block-district-residential-34-23-2",
      "geometry": {
        "type": "Polygon",
        "coordinates": [
          [
            [
              1138.46,
              569.189
            ],
            [
              1165.54,
              569.189
            ],
            [
              1165.54,
              626.605
            ],
            [
              1138.46,
              626.605
            ],
            [
              1138.46,
              569.189
            ]
          ]
        ]
      },
      "properties": {
        "size": 1554.83,
        "orientation": "east_west",
        "road_access": true,
        "zone": "residential",
        "frontage": 27.08,
        "vacant": false,
        "feature_type": "Lot",
        "parent_id": "block-district-residential-34-23",
        "stage": "lots",
        "seed": 5851037121411972247
      }
    },
    {
      "type": "Feature",
      "id": "lot-block-district-residential-34-23-3",
      "geometry": {
        "type": "Polygon",
        "coordinates": [
          [
            [
              1168.54,
              569.189
            ],
            [
              1195.62,
              569.189
            ],
            [
              1195.62,
              626.605
            ],
            [
              1168.54,
              626.605
            ],
            [
              1168.54,
              569.189
            ]
          ]
        ]
      },
      "properties": {
        "size": 1554.83,
        "orientation": "east_west",
        "road_access": true,
        "zone": "residential",
        "frontage": 27.08,
        "vacant": true,
        "feature_type": "Lot",
        "parent_id": "block-district-residential-34-23",
        "stage": "lots",
        "seed": 5851037121411972247
      }
    },
    {
      "type": "Feature",
      "id": "lot-block-district-residential-34-31-1",
      "geometry": {
        "type": "Polygon",
        "coordinates": [
          [
            [
              916.38,
              632.648
            ],
            [
              943.46,
              632.648
            ],
            [
              943.46,
              695.146
            ],
            [
              916.38,
              695.146
            ],
            [
              916.38,
              632.648
            ]
          ]
        ]
      },
      "properties": {
        "size": 1692.45,
        "orientation": "east_west",
        "road_access": true,
        "zone": "residential",
        "frontage": 27.08,
        "vacant": false,
        "feature_type": "Lot",
        "parent_id": "block-district-residential-34-31",
        "stage": "lots",
        "seed": 5851037121411972247
      }
    },
    {
      "type": "Feature",
      "id": "lot-block-district-residential-34-31-2",
      "geometry": {
        "type": "Polygon",
        "coordinates": [
          [
            [
              946.46,
              632.648
            ],
            [
              973.54,
              632.648
            ],
            [
              973.54,
              695.146
            ],
            [
              946.46,
              695.146
            ],
            [
              946.46,
              632.648
            ]
          ]
        ]
      },
      "properties": {
        "size": 1692.45,
        "orientation": "east_west",
        "road_access": true,
        "zone": "residential",
        "frontage": 27.08,
        "vacant": false,
        "feature_type": "Lot",
        "parent_id": "block-district-residential-34-31",
        "stage": "lots",
        "seed": 5851037121411972247
      }
    },
    {
      "type": "Feature",
      "id": "lot-block-district-residential-34-31-3",
      "geometry": {
        "type": "Polygon",
        "coordinates": [
          [
            [
              976.54,
              632.648
            ],
            [
              1003.62,
              632.648
            ],
            [
              1003.62,
              695.146
            ],
            [
              976.54,
              695.146
            ],
            [
              976.54,
              632.648
            ]
          ]
        ]
      },
      "properties": {
        "size": 1692.45,
        "orientation": "east_west",
        "road_access": true,
        "zone": "residential",
        "frontage": 27.08,
        "vacant": false,
        "feature_type": "Lot",
        "parent_id": "block-district-residential-34-31",
        "stage": "lots",
        "seed": 5851037121411972247
      }
    },
    {
      "type": "Feature",
      "id": "lot-block-district-residential-34-32-1",
      "geometry": {
        "type": "Polygon",
        "coordinates": [
          [
            [
              1012.38,
              635.277
            ],
            [
              1039.46,
              635.277
            ],
            [
              1039.46,
              692.517
            ],
            [
              1012.38,
              692.517
            ],
            [
              1012.38,
              635.277
            ]
          ]
        ]
      },
      "properties": {
        "size": 1550.06,
        "orientation": "east_west",
        "road_access": true,
        "zone": "residential",
        "frontage": 27.08,
        "vacant": false,
        "feature_type": "Lot",
        "parent_id": "block-district-residential-34-32",
        "stage": "lots",
        "seed": 5851037121411972247
      }
    },
    {
      "type": "Feature",
      "id": "lot-block-district-residential-34-32-2",
      "geometry": {
        "type": "Polygon",
        "coordinates": [
          [
            [
              1042.46,
              635.277
            ],
            [
              1069.54,
              635.277
            ],
            [
              1069.54,
              692.517
            ],
            [
              1042.46,
              692.517
            ],
            [
              1042.46,
              635.277
            ]
          ]
        ]
      },
      "properties": {
        "size": 1550.06,
        "orientation": "east_west",
        "road_access": true,
        "zone": "residential",
        "frontage": 27.08,
        "vacant": false,
        "feature_type": "Lot",
        "parent_id": "block-district-residential-34-32",
        "stage": "lots",
        "seed": 5851037121411972247
      }
    },
    {
      "type": "Feature",
      "id": "lot-block-district-residential-34-32-3",
      "geometry": {
        "type": "Polygon",
        "coordinates": [
          [
            [
              1072.54,
              635.277
            ],
            [
              1099.62,
              635.277
            ],
            [
              1099.62,
              692.517
            ],
            [
              1072.54,
              692.517
            ],
            [
              1072.54,
              635.277
            ]
          ]
        ]
      },
      "properties": {
        "size": 1550.06,
        "orientation": "east_west",
        "road_access": true,
        "zone": "residential",
        "frontage": 27.08,
        "vacant": false,
        "feature_type": "Lot",
        "parent_id": "block-district-residential-34-32",
        "stage": "lots",
        "seed": 5851037121411972247
      }
    },
    {
      "type": "Feature",
      "id": "lot-block-district-residential-34-33-1",
      "geometry": {
        "type": "Polygon",
        "coordinates": [
          [
            [
              1108.38,
              634.352
            ],
            [
              1135.46,
              634.352
            ],
            [
              1135.46,
              693.442
            ],
            [
              1108.38,
              693.442
            ],
            [
              1108.38,
              634.352
            ]
          ]
        ]
      },
      "properties": {
        "size": 1600.16,
        "orientation": "east_west",
        "road_access": true,
        "zone": "residential",
        "frontage": 27.08,
        "vacant": false,
        "feature_type": "Lot",
        "parent_id": "block-district-residential-34-33",
        "stage": "lots",
        "seed": 5851037121411972247
      }
    },
    {
      "type": "Feature",
      "id": "lot-block-district-residential-34-33-2",
      "geometry": {
        "type": "Polygon",
        "coordinates": [
          [
            [
              1138.46,
              634.352
            ],
            [
              1165.54,
              634.352
            ],
            [
              1165.54,
              693.442
            ],
            [
              1138.46,
              693.442
            ],
            [
              1138.46,
              634.352
            ]
          ]
        ]
      },
      "properties": {
        "size": 1600.16,
        "orientation": "east_west",
        "road_access": true,
        "zone": "residential",
        "frontage": 27.08,
        "vacant": false,
        "feature_type": "Lot",
        "parent_id": "block-district-residential-34-33",
        "stage": "lots",
        "seed": 5851037121411972247
      }
    },
    {
      "type": "Feature",
      "id": "lot-block-district-residential-34-33-3",
      "geometry": {
        "type": "Polygon",
        "coordinates": [
          [
            [
              1168.54,
              634.352
            ],
            [
              1195.62,
              634.352
            ],
            [
              1195.62,
              693.442
            ],
            [
              1168.54,
              693.442
            ],
            [
              1168.54,
              634.352
            ]
          ]
        ]
      },
      "properties": {
        "size": 1600.16,
        "orientation": "east_west",
        "road_access": true,
        "zone": "residential",
        "frontage": 27.08,
        "vacant": false,
        "feature_type": "Lot",
        "parent_id": "block-district-residential-34-33",
        "stage": "lots",
        "seed": 5851037121411972247
      }
    },
    {
      "type": "Feature",
      "id": "lot-block-district-park-41-11-1",
      "geometry": {
        "type": "Polygon",
        "coordinates": [
          [
            [
              4.62,
              706.62
            ],
            [
              51.54,
              706.62
            ],
            [
              51.54,
              796.38
            ],
            [
              4.62,
              796.38
            ],
            [
              4.62,
              706.62
            ]
          ]
        ]
      },
      "properties": {
        "size": 4211.54,
        "orientation": "east_west",
        "road_access": true,
        "zone": "park",
        "frontage": 46.92,
        "vacant": false,
        "feature_type": "Lot",
        "parent_id": "block-district-park-41-11",
        "stage": "lots",
        "seed": 5851037121411972247
      }
    },
    {
      "type": "Feature",
      "id": "lot-block-district-park-41-11-2",
      "geometry": {
        "type": "Polygon",
        "coordinates": [
          [
            [
              54.54,
              706.62
            ],
            [
              101.46,
              706.62
            ],
            [
              101.46,
              796.38
            ],
            [
              54.54,
              796.38
            ],
            [
              54.54,
              706.62
            ]
          ]
        ]
      },
      "properties": {
        "size": 4211.54,
        "orientation": "east_west",
        "road_access": true,
        "zone": "park",
        "frontage": 46.92,
        "vacant": true,
        "feature_type": "Lot",
        "parent_id": "block-district-park-41-11",
        "stage": "lots",
        "seed": 5851037121411972247
      }
    },
    {
      "type": "Feature",
      "id": "lot-block-district-park-41-11-3",
      "geometry": {
        "type": "Polygon",
        "coordinates": [
          [
            [
              104.46,
              706.62
            ],
            [
              151.38,
              706.62
            ],
            [
              151.38,
              796.38
            ],
            [
              104.46,
              796.38
            ],
            [
              104.46,
              706.62
            ]
          ]
        ]
      },
      "properties": {
        "size": 4211.54,
        "orientation": "east_west",
        "road_access": true,
        "zone": "park",
        "frontage": 46.92,
        "vacant": false,
        "feature_type": "Lot",
        "parent_id": "block-district-park-41-11",
        "stage": "lots",
        "seed": 5851037121411972247
      }
    },
    {
      "type": "Feature",
      "id": "lot-block-district-park-41-12-1",
      "geometry": {
        "type": "Polygon",
        "coordinates": [
          [
            [
              160.62,
              706.62
            ],
            [
              207.54,
              706.62
            ],
            [
              207.54,
              796.38
            ],
            [
              160.62,
              796.38
            ],
            [
              160.62,
              706.62
            ]
          ]
        ]
      },
      "properties": {
        "size": 4211.54,
        "orientation": "east_west",
        "road_access": true,
        "zone": "park",
        "frontage": 46.92,
        "vacant": true,
        "feature_type": "Lot",
        "parent_id": "block-district-park-41-12",
        "stage": "lots",
        "seed": 5851037121411972247
      }
    },
    {
      "type": "Feature",
      "id": "lot-block-district-park-41-12-2",
      "geometry": {
        "type": "Polygon",
        "coordinates": [
          [
            [
              210.54,
              706.62
            ],
            [
              257.46,
              706.62
            ],
            [
              257.46,
              796.38
            ],
            [
              210.54,
              796.38
            ],
            [
              210.54,
              706.62
            ]
          ]
        ]
      },
      "properties": {
        "size": 4211.54,
        "orientation": "east_west",
        "road_access": true,
        "zone": "park",
        "frontage": 46.92,
        "vacant": false,
        "feature_type": "Lot",
        "parent_id": "block-district-park-41-12",
        "stage": "lots",
        "seed": 5851037121411972247
      }
    },
    {
      "type": "Feature",
      "id": "lot-block-district-park-41-12-3",
      "geometry": {
        "type": "Polygon",
        "coordinates": [
          [
            [
              260.46,
              706.62
            ],
            [
              307.38,
              706.62
            ],
            [
              307.38,
              796.38
            ],
            [
              260.46,
              796.38
            ],
            [
              260.46,
              706.62
            ]
          ]
        ]
      },
      "properties": {
        "size": 4211.54,
        "orientation": "east_west",
        "road_access": true,
        "zone": "park",
        "frontage": 46.92,
        "vacant": false,
        "feature_type": "Lot",
        "parent_id": "block-district-park-41-12",
        "stage": "lots",
        "seed": 5851037121411972247
      }
    },
    {
      "type": "Feature",
      "id": "lot-block-district-park-41-21-1",
      "geometry": {
        "type": "Polygon",
        "coordinates": [
          [
            [
              4.62,
              805.62
            ],
            [
              51.54,
              805.62
            ],
            [
              51.54,
              895.38
            ],
            [
              4.62,
              895.38
            ],
            [
              4.62,
              805.62
            ]
          ]
        ]
      },
      "properties": {
        "size": 4211.54,
        "orientation": "east_west",
        "road_access": true,
        "zone": "park",
        "frontage": 46.92,
        "vacant": false,
        "feature_type": "Lot",
        "parent_id": "block-district-park-41-21",
        "stage": "lots",
        "seed": 5851037121411972247
      }
    },
    {
      "type": "Feature",
      "id": "lot-block-district-park-41-21-2",
      "geometry": {
        "type": "Polygon",
        "coordinates": [
          [
            [
              54.54,
              805.62
            ],
            [
              101.46,
              805.62
            ],
            [
              101.46,
              895.38
            ],
            [
              54.54,
              895.38
            ],
            [
              54.54,
              805.62
            ]
          ]
        ]
      },
      "properties": {
        "size": 4211.54,
        "orientation": "east_west",
        "road_access": true,
        "zone": "park",
        "frontage": 46.92,
        "vacant": true,
        "feature_type": "Lot",
        "parent_id": "block-district-park-41-21",
        "stage": "lots",
        "seed": 5851037121411972247
      }
    },
    {
      "type": "Feature",
      "id": "lot-block-district-park-41-21-3",
      "geometry": {
        "type": "Polygon",
        "coordinates": [
          [
            [
              104.46,
              805.62
            ],
            [
              151.38,
              805.62
            ],
            [
              151.38,
              895.38
            ],
            [
              104.46,
              895.38
            ],
            [
              104.46,
              805.62
            ]
          ]
        ]
      },
      "properties": {
        "size": 4211.54,
        "orientation": "east_west",
        "road_access": true,
        "zone": "park",
        "frontage": 46.92,
        "vacant": false,
        "feature_type": "Lot",
        "parent_id": "block-district-park-41-21",
        "stage": "lots",
        "seed": 5851037121411972247
      }
    },
    {
      "type": "Feature",
      "id": "lot-block-district-park-41-22-1",
      "geometry": {
        "type": "Polygon",
        "coordinates": [
          [
            [
              160.62,
              805.62
            ],
            [
              207.54,
              805.62
            ],
            [
              207.54,
              895.38
            ],
            [
              160.62,
              895.38
            ],
            [
              160.62,
              805.62
            ]
          ]
        ]
      },
      "properties": {
        "size": 4211.54,
        "orientation": "east_west",
        "road_access": true,
        "zone": "park",
        "frontage": 46.92,
        "vacant": false,
        "feature_type": "Lot",
        "parent_id": "block-district-park-41-22",
        "stage": "lots",
        "seed": 5851037121411972247
      }
    },
    {
      "type": "Feature",
      "id": "lot-block-district-park-41-22-2",
      "geometry": {
        "type": "Polygon",
        "coordinates": [
          [
            [
              210.54,
              805.62
            ],
            [
              257.46,
              805.62
            ],
            [
              257.46,
              895.38
            ],
            [
              210.54,
              895.38
            ],
            [
              210.54,
              805.62
            ]
          ]
        ]
      },
      "properties": {
        "size": 4211.54,
        "orientation": "east_west",
        "road_access": true,
        "zone": "park",
        "frontage": 46.92,
        "vacant": false,
        "feature_type": "Lot",
        "parent_id": "block-district-park-41-22",
        "stage": "lots",
        "seed": 5851037121411972247
      }
    },
    {
      "type": "Feature",
      "id": "lot-block-district-park-41-22-3",
      "geometry": {
        "type": "Polygon",
        "coordinates": [
          [
            [
              260.46,
              805.62
            ],
            [
              307.38,
              805.62
            ],
            [
              307.38,
              895.38
            ],
            [
              260.46,
              895.38
            ],
            [
              260.46,
              805.62
            ]
          ]
        ]
      },
      "properties": {
        "size": 4211.54,
        "orientation": "east_west",
        "road_access": true,
        "zone": "park",
        "frontage": 46.92,
        "vacant": false,
        "feature_type": "Lot",
        "parent_id": "block-district-park-41-22",
        "stage": "lots",
        "seed": 5851037121411972247
      }
    },
    {
      "type": "Feature",
      "id": "lot-block-district-residential-42-11-1",
      "geometry": {
        "type": "Polygon",
        "coordinates": [
          [
            [
              313.435,
              706.62
            ],
            [
              343.022,
              706.62
            ],
            [
              343.022,
              763.38
            ],
            [
              313.435,
              763.38
            ],
            [
              313.435,
              706.62
            ]
          ]
        ]
      },
      "properties": {
        "size": 1679.34,
        "orientation": "east_west",
        "road_access": true,
        "zone": "residential",
        "frontage": 29.59,
        "vacant": false,
        "feature_type": "Lot",
        "parent_id": "block-district-residential-42-11",
        "stage": "lots",
        "seed": 5851037121411972247
      }
    },
    {
      "type": "Feature",
      "id": "lot-block-district-residential-42-11-2",
      "geometry": {
        "type": "Polygon",
        "coordinates": [
          [
            [
              346.022,
              706.62
            ],
            [
              375.608,
              706.62
            ],
            [
              375.608,
              763.38
            ],
            [
              346.022,
              763.38
            ],
            [
              346.022,
              706.62
            ]
          ]
        ]
      },
      "properties": {
        "size": 1679.34,
        "orientation": "east_west",
        "road_access": true,
        "zone": "residential",
        "frontage": 29.59,
        "vacant": false,
        "feature_type": "Lot",
        "parent_id": "block-district-residential-42-11",
        "stage": "lots",
        "seed": 5851037121411972247
      }
    },
    {
      "type": "Feature",
      "id": "lot-block-district-residential-42-11-3",
      "geometry": {
        "type": "Polygon",
        "coordinates": [
          [
            [
              378.608,
              706.62
            ],
            [
              408.195,
              706.62
            ],
            [
              408.195,
              763.38
            ],
            [
              378.608,
              763.38
            ],
            [
              378.608,
              706.62
            ]
          ]
        ]
      },
      "properties": {
        "size": 1679.34,
        "orientation": "east_west",
        "road_access": true,
        "zone": "residential",
        "frontage": 29.59,
        "vacant": false,
        "feature_type": "Lot",
        "parent_id": "block-district-residential-42-11",
        "stage": "lots",
        "seed": 5851037121411972247
      }
    },
    {
      "type": "Feature",
      "id": "lot-block-district-residential-42-12-1",
      "geometry": {
        "type": "Polygon",
        "coordinates": [
          [
            [
              417.435,
              706.62
            ],
            [
              447.022,
              706.62
            ],
            [
              447.022,
              763.38
            ],
            [
              417.435,
              763.38
            ],
            [
              417.435,
              706.62
            ]
          ]
        ]
      },
      "properties": {
        "size": 1679.34,
        "orientation": "east_west",
        "road_access": true,
        "zone": "residential",
        "frontage": 29.59,
        "vacant": false,
        "feature_type": "Lot",
        "parent_id": "block-district-residential-42-12",
        "stage": "lots",
        "seed": 5851037121411972247
      }
    },
    {
      "type": "Feature",
      "id": "lot-block-district-residential-42-12-2",
      "geometry": {
        "type": "Polygon",
        "coordinates": [
          [
            [
              450.022,
              706.62
            ],
            [
              479.608,
              706.62
            ],
            [
              479.608,
              763.38
            ],
            [
              450.022,
              763.38
            ],
            [
              450.022,
              706.62
            ]
          ]
        ]
      },
      "properties": {
        "size": 1679.34,
        "orientation": "east_west",
        "road_access": true,
        "zone": "residential",
        "frontage": 29.59,
        "vacant": false,
        "feature_type": "Lot",
        "parent_id": "block-district-residential-42-12",
        "stage": "lots",
        "seed": 5851037121411972247
      }
    },
    {
      "type": "Feature",
      "id": "lot-block-district-residential-42-12-3",
      "geometry": {
        "type": "Polygon",
        "coordinates": [
          [
            [
              482.608,
              706.62
            ],
            [
              512.195,
              706.62
            ],
            [
              512.195,
              763.38
            ],
            [
              482.608,
              763.38
            ],
            [
              482.608,
              706.62
            ]
          ]
        ]
      },
      "properties": {
        "size": 1679.34,
        "orientation": "east_west",
        "road_access": true,
        "zone": "residential",
        "frontage": 29.59,
        "vacant": false,
        "feature_type": "Lot",
        "parent_id": "block-district-residential-42-12",
        "stage": "lots",
        "seed": 5851037121411972247
      }
    },
    {
      "type": "Feature",
      "id": "lot-block-district-residential-42-13-1",
      "geometry": {
        "type": "Polygon",
        "coordinates": [
          [
            [
              521.435,
              706.62
            ],
            [
              551.022,
              706.62
            ],
            [
              551.022,
              763.38
            ],
            [
              521.435,
              763.38
            ],
            [
              521.435,
              706.62
            ]
          ]
        ]
      },
      "properties": {
        "size": 1679.34,
        "orientation": "east_west",
        "road_access": true,
        "zone": "residential",
        "frontage": 29.59,
        "vacant": false,
        "feature_type": "Lot",
        "parent_id": "block-district-residential-42-13",
        "stage": "lots",
        "seed": 5851037121411972247
      }
    },
    {
      "type": "Feature",
      "id": "lot-block-district-residential-42-13-2",
      "geometry": {
        "type": "Polygon",
        "coordinates": [
          [
            [
              554.022,
              706.62
            ],
            [
              583.608,
              706.62
            ],
            [
              583.608,
              763.38
            ],
            [
              554.022,
              763.38
            ],
            [
              554.022,
              706.62
            ]
          ]
        ]
      },
      "properties": {
        "size": 1679.34,
        "orientation": "east_west",
        "road_access": true,
        "zone": "residential",
        "frontage": 29.59,
        "vacant": false,
        "feature_type": "Lot",
        "parent_id": "block-district-residential-42-13",
        "stage": "lots",
        "seed": 5851037121411972247
      }
    },
    {
      "type": "Feature",
      "id": "lot-block-district-residential-42-13-3",
      "geometry": {
        "type": "Polygon",
        "coordinates": [
          [
            [
              586.608,
              706.62
            ],
            [
              616.195,
              706.62
            ],
            [
              616.195,
              763.38
            ],
            [
              586.608,
              763.38
            ],
            [
              586.608,
              706.62
            ]
          ]
        ]
      },
      "properties": {
        "size": 1679.34,
        "orientation": "east_west",
        "road_access": true,
        "zone": "residential",
        "frontage": 29.59,
        "vacant": false,
        "feature_type": "Lot",
        "parent_id": "block-district-residential-42-13",
        "stage": "lots",
        "seed": 5851037121411972247
      }
    },
    {
      "type": "Feature",
      "id": "lot-block-district-residential-42-21-1",
      "geometry": {
        "type": "Polygon",
        "coordinates": [
          [
            [
              313.435,
              770.514
            ],
            [
              343.022,
              770.514
            ],
            [
              343.022,
              831.486
            ],
            [
              313.435,
              831.486
            ],
            [
              313.435,
              770.514
            ]
          ]
        ]
      },
      "properties": {
        "size": 1803.96,
        "orientation": "east_west",
        "road_access": true,
        "zone": "residential",
        "frontage": 29.59,
        "vacant": false,
        "feature_type": "Lot",
        "parent_id": "block-district-residential-42-21",
        "stage": "lots",
        "seed": 5851037121411972247
      }
    },
    {
      "type": "Feature",
      "id": "lot-block-district-residential-42-21-2",
      "geometry": {
        "type": "Polygon",
        "coordinates": [
          [
            [
              346.022,
              770.514
            ],
            [
              375.608,
              770.514
            ],
            [
              375.608,
              831.486
            ],
            [
              346.022,
              831.486
            ],
            [
              346.022,
              770.514
            ]
          ]
        ]
      },
      "properties": {
        "size": 1803.96,
        "orientation": "east_west",
        "road_access": true,
        "zone": "residential",
        "frontage": 29.59,
        "vacant": false,
        "feature_type": "Lot",
        "parent_id": "block-district-residential-42-21",
        "stage": "lots",
        "seed": 5851037121411972247
      }
    },
    {
      "type": "Feature",
      "id": "lot-block-district-residential-42-21-3",
      "geometry": {
        "type": "Polygon",
        "coordinates": [
          [
            [
              378.608,
              770.514
            ],
            [
              408.195,
              770.514
            ],
            [
              408.195,
              831.486
            ],
            [
              378.608,
              831.486
            ],
            [
              378.608,
              770.514
            ]
          ]
        ]
      },
      "properties": {
        "size": 1803.96,
        "orientation": "east_west",
        "road_access": true,
        "zone": "residential",
        "frontage": 29.59,
        "vacant": false,
        "feature_type": "Lot",
        "parent_id": "block-district-residential-42-21",
        "stage": "lots",
        "seed": 5851037121411972247
      }
    },
    {
      "type": "Feature",
      "id": "lot-block-district-residential-42-22-1",
      "geometry": {
        "type": "Polygon",
        "coordinates": [
          [
            [
              417.435,
              770.288
            ],
            [
              447.022,
              770.288
            ],
            [
              447.022,
              831.712
            ],
            [
              417.435,
              831.712
            ],
            [
              417.435,
              770.288
            ]
          ]
        ]
      },
      "properties": {
        "size": 1817.33,
        "orientation": "east_west",
        "road_access": true,
        "zone": "residential",
        "frontage": 29.59,
        "vacant": false,
        "feature_type": "Lot",
        "parent_id": "block-district-residential-42-22",
        "stage": "lots",
        "seed": 5851037121411972247
      }
    },
    {
      "type": "Feature",
      "id": "lot-block-district-residential-42-22-2",
      "geometry": {
        "type": "Polygon",
        "coordinates": [
          [
            [
              450.022,
              770.288
            ],
            [
              479.608,
              770.288
            ],
            [
              479.608,
              831.712
            ],
            [
              450.022,
              831.712
            ],
            [
              450.022,
              770.288
            ]
          ]
        ]
      },
      "properties": {
        "size": 1817.33,
        "orientation": "east_west",
        "road_access": true,
        "zone": "residential",
        "frontage": 29.59,
        "vacant": false,
        "feature_type": "Lot",
        "parent_id": "block-district-residential-42-22",
        "stage": "lots",
        "seed": 5851037121411972247
      }
    },
    {
      "type": "Feature",
      "id": "lot-block-district-residential-42-22-3",
      "geometry": {
        "type": "Polygon",
        "coordinates": [
          [
            [
              482.608,
              770.288
            ],
            [
              512.195,
              770.288
            ],
            [
              512.195,
              831.712
            ],
            [
              482.608,
              831.712
            ],
            [
              482.608,
              770.288
            ]
          ]
        ]
      },
      "properties": {
        "size": 1817.33,
        "orientation": "east_west",
        "road_access": true,
        "zone": "residential",
        "frontage": 29.59,
        "vacant": false,
        "feature_type": "Lot",
        "parent_id": "block-district-residential-42-22",
        "stage": "lots",
        "seed": 5851037121411972247
      }
    },
    {
      "type": "Feature",
      "id": "lot-block-district-residential-42-23-1",
      "geometry": {
        "type": "Polygon",
        "coordinates": [
          [
            [
              521.435,
              769.724
            ],
            [
              551.022,
              769.724
            ],
            [
              551.022,
              832.276
            ],
            [
              521.435,
              832.276
            ],
            [
              521.435,
              769.724
            ]
          ]
        ]
      },
      "properties": {
        "size": 1850.71,
        "orientation": "east_west",
        "road_access": true,
        "zone": "residential",
        "frontage": 29.59,
        "vacant": false,
        "feature_type": "Lot",
        "parent_id": "block-district-residential-42-23",
        "stage": "lots",
        "seed": 5851037121411972247
      }
    },
    {
      "type": "Feature",
      "id": "lot-block-district-residential-42-23-2",
      "geometry": {
        "type": "Polygon",
        "coordinates": [
          [
            [
              554.022,
              769.724
            ],
            [
              583.608,
              769.724
            ],
            [
              583.608,
              832.276
            ],
            [
              554.022,
              832.276
            ],
            [
              554.022,
              769.724
            ]
          ]
        ]
      },
      "properties": {
        "size": 1850.71,
        "orientation": "east_west",
        "road_access": true,
        "zone": "residential",
        "frontage": 29.59,
        "vacant": false,
        "feature_type": "Lot",
        "parent_id": "block-district-residential-42-23",
        "stage": "lots",
        "seed": 5851037121411972247
      }
    },
    {
      "type": "Feature",
      "id": "lot-block-district-residential-42-23-3",
      "geometry": {
        "type": "Polygon",
        "coordinates": [
          [
            [
              586.608,
              769.724
            ],
            [
              616.195,
              769.724
            ],
            [
              616.195,
              832.276
            ],
            [
              586.608,
              832.276
            ],
            [
              586.608,
              769.724
            ]
          ]
        ]
      },
      "properties": {
        "size": 1850.71,
        "orientation": "east_west",
        "road_access": true,
        "zone": "residential",
        "frontage": 29.59,
        "vacant": false,
        "feature_type": "Lot",
        "parent_id": "block-district-residential-42-23",
        "stage": "lots",
        "seed": 5851037121411972247
      }
    },
    {
      "type": "Feature",
      "id": "lot-block-district-residential-42-31-1",
      "geometry": {
        "type": "Polygon",
        "coordinates": [
          [
            [
              313.435,
              838.62
            ],
            [
              343.022,
              838.62
            ],
            [
              343.022,
              895.38
            ],
            [
              313.435,
              895.38
            ],
            [
              313.435,
              838.62
            ]
          ]
        ]
      },
      "properties": {
        "size": 1679.34,
        "orientation": "east_west",
        "road_access": true,
        "zone": "residential",
        "frontage": 29.59,
        "vacant": false,
        "feature_type": "Lot",
        "parent_id": "block-district-residential-42-31",
        "stage": "lots",
        "seed": 5851037121411972247
      }
    },
    {
      "type": "Feature",
      "id": "lot-block-district-residential-42-31-2",
      "geometry": {
        "type": "Polygon",
        "coordinates": [
          [
            [
              346.022,
              838.62
            ],
            [
              375.608,
              838.62
            ],
            [
              375.608,
              895.38
            ],
            [
              346.022,
              895.38
            ],
            [
              346.022,
              838.62
            ]
          ]
        ]
      },
      "properties": {
        "size": 1679.34,
        "orientation": "east_west",
        "road_access": true,
        "zone": "residential",
        "frontage": 29.59,
        "vacant": false,
        "feature_type": "Lot",
        "parent_id": "block-district-residential-42-31",
        "stage": "lots",
        "seed": 5851037121411972247
      }
    },
    {
      "type": "Feature",
      "id": "lot-block-district-residential-42-31-3",
      "geometry": {
        "type": "Polygon",
        "coordinates": [
          [
            [
              378.608,
              838.62
            ],
            [
              408.195,
              838.62
            ],
            [
              408.195,
              895.38
            ],
            [
              378.608,
              895.38
            ],
            [
              378.608,
              838.62
            ]
          ]
        ]
      },
      "properties": {
        "size": 1679.34,
        "orientation": "east_west",
        "road_access": true,
        "zone": "residential",
        "frontage": 29.59,
        "vacant": false,
        "feature_type": "Lot",
        "parent_id": "block-district-residential-42-31",
        "stage": "lots",
        "seed": 5851037121411972247
      }
    },
    {
      "type": "Feature",
      "id": "lot-block-district-residential-42-32-1",
      "geometry": {
        "type": "Polygon",
        "coordinates": [
          [
            [
              417.435,
              838.62
            ],
            [
              447.022,
              838.62
            ],
            [
              447.022,
              895.38
            ],
            [
              417.435,
              895.38
            ],
            [
              417.435,
              838.62
            ]
          ]
        ]
      },
      "properties": {
        "size": 1679.34,
        "orientation": "east_west",
        "road_access": true,
        "zone": "residential",
        "frontage": 29.59,
        "vacant": false,
        "feature_type": "Lot",
        "parent_id": "block-district-residential-42-32",
        "stage": "lots",
        "seed": 5851037121411972247
      }
    },
    {
      "type": "Feature",
      "id": "lot-block-district-residential-42-32-2",
      "geometry": {
        "type": "Polygon",
        "coordinates": [
          [
            [
              450.022,
              838.62
            ],
            [
              479.608,
              838.62
            ],
            [
              479.608,
              895.38
            ],
            [
              450.022,
              895.38
            ],
            [
              450.022,
              838.62
            ]
          ]
        ]
      },
      "properties": {
        "size": 1679.34,
        "orientation": "east_west",
        "road_access": true,
        "zone": "residential",
        "frontage": 29.59,
        "vacant": true,
        "feature_type": "Lot",
        "parent_id": "block-district-residential-42-32",
        "stage": "lots",
        "seed": 5851037121411972247
      }
    },
    {
      "type": "Feature",
      "id": "lot-block-district-residential-42-32-3",
      "geometry": {
        "type": "Polygon",
        "coordinates": [
          [
            [
              482.608,
              838.62
            ],
            [
              512.195,
              838.62
            ],
            [
              512.195,
              895.38
            ],
            [
              482.608,
              895.38
            ],
            [
              482.608,
              838.62
            ]
          ]
        ]
      },
      "properties": {
        "size": 1679.34,
        "orientation": "east_west",
        "road_access": true,
        "zone": "residential",
        "frontage": 29.59,
        "vacant": false,
        "feature_type": "Lot",
        "parent_id": "block-district-residential-42-32",
        "stage": "lots",
        "seed": 5851037121411972247
      }
    },
    {
      "type": "Feature",
      "id": "lot-block-district-residential-42-33-1",
      "geometry": {
        "type": "Polygon",
        "coordinates": [
          [
            [
              521.435,
              838.62
            ],
            [
              551.022,
              838.62
            ],
            [
              551.022,
              895.38
            ],
            [
              521.435,
              895.38
            ],
            [
              521.435,
              838.62
            ]
          ]
        ]
      },
      "properties": {
        "size": 1679.34,
        "orientation": "east_west",
        "road_access": true,
        "zone": "residential",
        "frontage": 29.59,
        "vacant": false,
        "feature_type": "Lot",
        "parent_id": "block-district-residential-42-33",
        "stage": "lots",
        "seed": 5851037121411972247
      }
    },
    {
      "type": "Feature",
      "id": "lot-block-district-residential-42-33-2",
      "geometry": {
        "type": "Polygon",
        "coordinates": [
          [
            [
              554.022,
              838.62
            ],
            [
              583.608,
              838.62
            ],
            [
              583.608,
              895.38
            ],
            [
              554.022,
              895.38
            ],
            [
              554.022,
              838.62
            ]
          ]
        ]
      },
      "properties": {
        "size": 1679.34,
        "orientation": "east_west",
        "road_access": true,
        "zone": "residential",
        "frontage": 29.59,
        "vacant": false,
        "feature_type": "Lot",
        "parent_id": "block-district-residential-42-33",
        "stage": "lots",
        "seed": 5851037121411972247
      }
    },
    {
      "type": "Feature",
      "id": "lot-block-district-residential-42-33-3",
      "geometry": {
        "type": "Polygon",
        "coordinates": [
          [
            [
              586.608,
              838.62
            ],
            [
              616.195,
              838.62
            ],
            [
              616.195,
              895.38
            ],
            [
              586.608,
              895.38
            ],
            [
              586.608,
              838.62
            ]
          ]
        ]
      },
      "properties": {
        "size": 1679.34,
        "orientation": "east_west",
        "road_access": true,
        "zone": "residential",
        "frontage": 29.59,
        "vacant": false,
        "feature_type": "Lot",
        "parent_id": "block-district-residential-42-33",
        "stage": "lots",
        "seed": 5851037121411972247
      }
    },
    {
      "type": "Feature",
      "id": "lot-block-district-residential-43-11-1",
      "geometry": {
        "type": "Polygon",
        "coordinates": [
          [
            [
              627.226,
              706.027
            ],
            [
              654.306,
              706.027
            ],
            [
              654.306,
              763.973
            ],
            [
              627.226,
              763.973
            ],
            [
              627.226,
              706.027
            ]
          ]
        ]
      },
      "properties": {
        "size": 1569.18,
        "orientation": "east_west",
        "road_access": true,
        "zone": "residential",
        "frontage": 27.08,
        "vacant": false,
        "feature_type": "Lot",
        "parent_id": "block-district-residential-43-11",
        "stage": "lots",
        "seed": 5851037121411972247
      }
    },
    {
      "type": "Feature",
      "id": "lot-block-district-residential-43-11-2",
      "geometry": {
        "type": "Polygon",
        "coordinates": [
          [
            [
              657.306,
              706.027
            ],
            [
              684.386,
              706.027
            ],
            [
              684.386,
              763.973
            ],
            [
              657.306,
              763.973
            ],
            [
              657.306,
              706.027
            ]
          ]
        ]
      },
      "properties": {
        "size": 1569.18,
        "orientation": "east_west",
        "road_access": true,
        "zone": "residential",
        "frontage": 27.08,
        "vacant": false,
        "feature_type": "Lot",
        "parent_id": "block-district-residential-43-11",
        "stage": "lots",
        "seed": 5851037121411972247
      }
    },
    {
      "type": "Feature",
      "id": "lot-block-district-residential-43-11-3",
      "geometry": {
        "type": "Polygon",
        "coordinates": [
          [
            [
              687.386,
              706.027
            ],
            [
              714.466,
              706.027
            ],
            [
              714.466,
              763.973
            ],
            [
              687.386,
              763.973
            ],
            [
              687.386,
              706.027
            ]
          ]
        ]
      },
      "properties": {
        "size": 1569.18,
        "orientation": "east_west",
        "road_access": true,
        "zone": "residential",
        "frontage": 27.08,
        "vacant": false,
        "feature_type": "Lot",
        "parent_id": "block-district-residential-43-11",
        "stage": "lots",
        "seed": 5851037121411972247
      }
    },
    {
      "type": "Feature",
      "id": "lot-block-district-residential-43-12-1",
      "geometry": {
        "type": "Polygon",
        "coordinates": [
          [
            [
              723.226,
              706.38
            ],
            [
              750.306,
              706.38
            ],
            [
              750.306,
              763.62
            ],
            [
              723.226,
              763.62
            ],
            [
              723.226,
              706.38
            ]
          ]
        ]
      },
      "properties": {
        "size": 1550.06,
        "orientation": "east_west",
        "road_access": true,
        "zone": "residential",
        "frontage": 27.08,
        "vacant": false,
        "feature_type": "Lot",
        "parent_id": "block-district-residential-43-12",
        "stage": "lots",
        "seed": 5851037121411972247
      }
    },
    {
      "type": "Feature",
      "id": "lot-block-district-residential-43-12-2",
      "geometry": {
        "type": "Polygon",
        "coordinates": [
          [
            [
              753.306,
              706.38
            ],
            [
              780.386,
              706.38
            ],
            [
              780.386,
              763.62
            ],
            [
              753.306,
              763.62
            ],
            [
              753.306,
              706.38
            ]
          ]
        ]
      },
      "properties": {
        "size": 1550.06,
        "orientation": "east_west",
        "road_access": true,
        "zone": "residential",
        "frontage": 27.08,
        "vacant": false,
        "feature_type": "Lot",
        "parent_id": "block-district-residential-43-12",
        "stage": "lots",
        "seed": 5851037121411972247
      }
    },
    {
      "type": "Feature",
      "id": "lot-block-district-residential-43-12-3",
      "geometry": {
        "type": "Polygon",
        "coordinates": [
          [
            [
              783.386,
              706.38
            ],
            [
              810.466,
              706.38
            ],
            [
              810.466,
              763.62
            ],
            [
              783.386,
              763.62
            ],
            [
              783.386,
              706.38
            ]
          ]
        ]
      },
      "properties": {
        "size": 1550.06,
        "orientation": "east_west",
        "road_access": true,
        "zone": "residential",
        "frontage": 27.08,
        "vacant": false,
        "feature_type": "Lot",
        "parent_id": "block-district-residential-43-12",
        "stage": "lots",
        "seed": 5851037121411972247
      }
    },
    {
      "type": "Feature",
      "id": "lot-block-district-residential-43-13-1",
      "geometry": {
        "type": "Polygon",
        "coordinates": [
          [
            [
              819.226,
              706.38
            ],
            [
              846.306,
              706.38
            ],
            [
              846.306,
              763.62
            ],
            [
              819.226,
              763.62
            ],
            [
              819.226,
              706.38
            ]
          ]
        ]
      },
      "properties": {
        "size": 1550.06,
        "orientation": "east_west",
        "road_access": true,
        "zone": "residential",
        "frontage": 27.08,
        "vacant": false,
        "feature_type": "Lot",
        "parent_id": "block-district-residential-43-13",
        "stage": "lots",
        "seed": 5851037121411972247
      }
    },
    {
      "type": "Feature",
      "id": "lot-block-district-residential-43-13-2",
      "geometry": {
        "type": "Polygon",
        "coordinates": [
          [
            [
              849.306,
              706.38
            ],
            [
              876.386,
              706.38
            ],
            [
              876.386,
              763.62
            ],
            [
              849.306,
              763.62
            ],
            [
              849.306,
              706.38
            ]
          ]
        ]
      },
      "properties": {
        "size": 1550.06,
        "orientation": "east_west",
        "road_access": true,
        "zone": "residential",
        "frontage": 27.08,
        "vacant": false,
        "feature_type": "Lot",
        "parent_id": "block-district-residential-43-13",
        "stage": "lots",
        "seed": 5851037121411972247
      }
    },
    {
      "type": "Feature",
      "id": "lot-block-district-residential-43-13-3",
      "geometry": {
        "type": "Polygon",
        "coordinates": [
          [
            [
              879.386,
              706.38
            ],
            [
              906.466,
              706.38
            ],
            [
              906.466,
              763.62
            ],
            [
              879.386,
              763.62
            ],
            [
              879.386,
              706.38
            ]
          ]
        ]
      },
      "properties": {
        "size": 1550.06,
        "orientation": "east_west",
        "road_access": true,
        "zone": "residential",
        "frontage": 27.08,
        "vacant": false,
        "feature_type": "Lot",
        "parent_id": "block-district-residential-43-13",
        "stage": "lots",
        "seed": 5851037121411972247
      }
    },
    {
      "type": "Feature",
      "id": "lot-block-district-residential-43-21-1",
      "geometry": {
        "type": "Polygon",
        "coordinates": [
          [
            [
              627.226,
              771.681
            ],
            [
              654.306,
              771.681
            ],
            [
              654.306,
              830.319
            ],
            [
              627.226,
              830.319
            ],
            [
              627.226,
              771.681
            ]
          ]
        ]
      },
      "properties": {
        "size": 1587.92,
        "orientation": "east_west",
        "road_access": true,
        "zone": "residential",
        "frontage": 27.08,
        "vacant": false,
        "feature_type": "Lot",
        "parent_id": "block-district-residential-43-21",
        "stage": "lots",
        "seed": 5851037121411972247
      }
    },
    {
      "type": "Feature",
      "id": "lot-block-district-residential-43-21-2",
      "geometry": {
        "type": "Polygon",
        "coordinates": [
          [
            [
              657.306,
              771.681
            ],
            [
              684.386,
              771.681
            ],
            [
              684.386,
              830.319
            ],
            [
              657.306,
              830.319
            ],
            [
              657.306,
              771.681
            ]
          ]
        ]
      },
      "properties": {
        "size": 1587.92,
        "orientation": "east_west",
        "road_access": true,
        "zone": "residential",
        "frontage": 27.08,
        "vacant": false,
        "feature_type": "Lot",
        "parent_id": "block-district-residential-43-21",
        "stage": "lots",
        "seed": 5851037121411972247
      }
    },
    {
      "type": "Feature",
      "id": "lot-block-district-residential-43-21-3",
      "geometry": {
        "type": "Polygon",
        "coordinates": [
          [
            [
              687.386,
              771.681
            ],
            [
              714.466,
              771.681
            ],
            [
              714.466,
              830.319
            ],
            [
              687.386,
              830.319
            ],
            [
              687.386,
              771.681
            ]
          ]
        ]
      },
      "properties": {
        "size": 1587.92,
        "orientation": "east_west",
        "road_access": true,
        "zone": "residential",
        "frontage": 27.08,
        "vacant": true,
        "feature_type": "Lot",
        "parent_id": "block-district-residential-43-21",
        "stage": "lots",
        "seed": 5851037121411972247
      }
    },
    {
      "type": "Feature",
      "id": "lot-block-district-residential-43-22-1",
      "geometry": {
        "type": "Polygon",
        "coordinates": [
          [
            [
              723.226,
              770.838
            ],
            [
              750.306,
              770.838
            ],
            [
              750.306,
              831.162
            ],
            [
              723.226,
              831.162
            ],
            [
              723.226,
              770.838
            ]
          ]
        ]
      },
      "properties": {
        "size": 1633.57,
        "orientation": "east_west",
        "road_access": true,
        "zone": "residential",
        "frontage": 27.08,
        "vacant": false,
        "feature_type": "Lot",
        "parent_id": "block-district-residential-43-22",
        "stage": "lots",
        "seed": 5851037121411972247
      }
    },
    {
      "type": "Feature",
      "id": "lot-block-district-residential-43-22-2",
      "geometry": {
        "type": "Polygon",
        "coordinates": [
          [
            [
              753.306,
              770.838
            ],
            [
              780.386,
              770.838
            ],
            [
              780.386,
              831.162
            ],
            [
              753.306,
              831.162
            ],
            [
              753.306,
              770.838
            ]
          ]
        ]
      },
      "properties": {
        "size": 1633.57,
        "orientation": "east_west",
        "road_access": true,
        "zone": "residential",
        "frontage": 27.08,
        "vacant": true,
        "feature_type": "Lot",
        "parent_id": "block-district-residential-43-22",
        "stage": "lots",
        "seed": 5851037121411972247
      }
    },
    {
      "type": "Feature",
      "id": "lot-block-district-residential-43-22-3",
      "geometry": {
        "type": "Polygon",
        "coordinates": [
          [
            [
              783.386,
              770.838
            ],
            [
              810.466,
              770.838
            ],
            [
              810.466,
              831.162
            ],
            [
              783.386,
              831.162
            ],
            [
              783.386,
              770.838
            ]
          ]
        ]
      },
      "properties": {
        "size": 1633.57,
        "orientation": "east_west",
        "road_access": true,
        "zone": "residential",
        "frontage": 27.08,
        "vacant": false,
        "feature_type": "Lot",
        "parent_id": "block-district-residential-43-22",
        "stage": "lots",
        "seed": 5851037121411972247
      }
    },
    {
      "type": "Feature",
      "id": "lot-block-district-residential-43-23-1",
      "geometry": {
        "type": "Polygon",
        "coordinates": [
          [
            [
              819.226,
              772.38
            ],
            [
              846.306,
              772.38
            ],
            [
              846.306,
              829.62
            ],
            [
              819.226,
              829.62
            ],
            [
              819.226,
              772.38
            ]
          ]
        ]
      },
      "properties": {
        "size": 1550.06,
        "orientation": "east_west",
        "road_access": true,
        "zone": "residential",
        "frontage": 27.08,
        "vacant": false,
        "feature_type": "Lot",
        "parent_id": "block-district-residential-43-23",
        "stage": "lots",
        "seed": 5851037121411972247
      }
    },
    {
      "type": "Feature",
      "id": "lot-block-district-residential-43-23-2",
      "geometry": {
        "type": "Polygon",
        "coordinates": [
          [
            [
              849.306,
              772.38
            ],
            [
              876.386,
              772.38
            ],
            [
              876.386,
              829.62
            ],
            [
              849.306,
              829.62
            ],
            [
              849.306,
              772.38
            ]
          ]
        ]
      },
      "properties": {
        "size": 1550.06,
        "orientation": "east_west",
        "road_access": true,
        "zone": "residential",
        "frontage": 27.08,
        "vacant": false,
        "feature_type": "Lot",
        "parent_id": "block-district-residential-43-23",
        "stage": "lots",
        "seed": 5851037121411972247
      }
    },
    {
      "type": "Feature",
      "id": "lot-block-district-residential-43-23-3",
      "geometry": {
        "type": "Polygon",
        "coordinates": [
          [
            [
              879.386,
              772.38
            ],
            [
              906.466,
              772.38
            ],
            [
              906.466,
              829.62
            ],
            [
              879.386,
              829.62
            ],
            [
              879.386,
              772.38
            ]
          ]
        ]
      },
      "properties": {
        "size": 1550.06,
        "orientation": "east_west",
        "road_access": true,
        "zone": "residential",
        "frontage": 27.08,
        "vacant": false,
        "feature_type": "Lot",
        "parent_id": "block-district-residential-43-23",
        "stage": "lots",
        "seed": 5851037121411972247
      }
    },
    {
      "type": "Feature",
      "id": "lot-block-district-residential-43-31-1",
      "geometry": {
        "type": "Polygon",
        "coordinates": [
          [
            [
              627.226,
              837.802
            ],
            [
              654.306,
              837.802
            ],
            [
              654.306,
              896.198
            ],
            [
              627.226,
              896.198
            ],
            [
              627.226,
              837.802
            ]
          ]
        ]
      },
      "properties": {
        "size": 1581.36,
        "orientation": "east_west",
        "road_access": true,
        "zone": "residential",
        "frontage": 27.08,
        "vacant": true,
        "feature_type": "Lot",
        "parent_id": "block-district-residential-43-31",
        "stage": "lots",
        "seed": 5851037121411972247
      }
    },
    {
      "type": "Feature",
      "id": "lot-block-district-residential-43-31-2",
      "geometry": {
        "type": "Polygon",
        "coordinates": [
          [
            [
              657.306,
              837.802
            ],
            [
              684.386,
              837.802
            ],
            [
              684.386,
              896.198
            ],
            [
              657.306,
              896.198
            ],
            [
              657.306,
              837.802
            ]
          ]
        ]
      },
      "properties": {
        "size": 1581.36,
        "orientation": "east_west",
        "road_access": true,
        "zone": "residential",
        "frontage": 27.08,
        "vacant": false,
        "feature_type": "Lot",
        "parent_id": "block-district-residential-43-31",
        "stage": "lots",
        "seed": 5851037121411972247
      }
    },
    {
      "type": "Feature",
      "id": "lot-block-district-residential-43-31-3",
      "geometry": {
        "type": "Polygon",
        "coordinates": [
          [
            [
              687.386,
              837.802
            ],
            [
              714.466,
              837.802
            ],
            [
              714.466,
              896.198
            ],
            [
              687.386,
              896.198
            ],
            [
              687.386,
              837.802
            ]
          ]
        ]
      },
      "properties": {
        "size": 1581.36,
        "orientation": "east_west",
        "road_access": true,
        "zone": "residential",
        "frontage": 27.08,
        "vacant": false,
        "feature_type": "Lot",
        "parent_id": "block-district-residential-43-31",
        "stage": "lots",
        "seed": 5851037121411972247
      }
    },
    {
      "type": "Feature",
      "id": "lot-block-district-residential-43-32-1",
      "geometry": {
        "type": "Polygon",
        "coordinates": [
          [
            [
              723.226,
              837.713
            ],
            [
              750.306,
              837.713
            ],
            [
              750.306,
              896.287
            ],
            [
              723.226,
              896.287
            ],
            [
              723.226,
              837.713
            ]
          ]
        ]
      },
      "properties": {
        "size": 1586.18,
        "orientation": "east_west",
        "road_access": true,
        "zone": "residential",
        "frontage": 27.08,
        "vacant": false,
        "feature_type": "Lot",
        "parent_id": "block-district-residential-43-32",
        "stage": "lots",
        "seed": 5851037121411972247
      }
    },
    {
      "type": "Feature",
      "id": "lot-block-district-residential-43-32-2",
      "geometry": {
        "type": "Polygon",
        "coordinates": [
          [
            [
              753.306,
              837.713
            ],
            [
              780.386,
              837.713
            ],
            [
              780.386,
              896.287
            ],
            [
              753.306,
              896.287
            ],
            [
              753.306,
              837.713
            ]
          ]
        ]
      },
      "properties": {
        "size": 1586.18,
        "orientation": "east_west",
        "road_access": true,
        "zone": "residential",
        "frontage": 27.08,
        "vacant": false,
        "feature_type": "Lot",
        "parent_id": "block-district-residential-43-32",
        "stage": "lots",
        "seed": 5851037121411972247
      }
    },
    {
      "type": "Feature",
      "id": "lot-block-district-residential-43-32-3",
      "geometry": {
        "type": "Polygon",
        "coordinates": [
          [
            [
              783.386,
              837.713
            ],
            [
              810.466,
              837.713
            ],
            [
              810.466,
              896.287
            ],
            [
              783.386,
              896.287
            ],
            [
              783.386,
              837.713
            ]
          ]
        ]
      },
      "properties": {
        "size": 1586.18,
        "orientation": "east_west",
        "road_access": true,
        "zone": "residential",
        "frontage": 27.08,
        "vacant": false,
        "feature_type": "Lot",
        "parent_id": "block-district-residential-43-32",
        "stage": "lots",
        "seed": 5851037121411972247
      }
    },
    {
      "type": "Feature",
      "id": "lot-block-district-residential-43-33-1",
      "geometry": {
        "type": "Polygon",
        "coordinates": [
          [
            [
              819.226,
              836.335
            ],
            [
              846.306,
              836.335
            ],
            [
              846.306,
              897.665
            ],
            [
              819.226,
              897.665
            ],
            [
              819.226,
              836.335
            ]
          ]
        ]
      },
      "properties": {
        "size": 1660.82,
        "orientation": "east_west",
        "road_access": true,
        "zone": "residential",
        "frontage": 27.08,
        "vacant": false,
        "feature_type": "Lot",
        "parent_id": "block-district-residential-43-33",
        "stage": "lots",
        "seed": 5851037121411972247
      }
    },
    {
      "type": "Feature",
      "id": "lot-block-district-residential-43-33-2",
      "geometry": {
        "type": "Polygon",
        "coordinates": [
          [
            [
              849.306,
              836.335
            ],
            [
              876.386,
              836.335
            ],
            [
              876.386,
              897.665
            ],
            [
              849.306,
              897.665
            ],
            [
              849.306,
              836.335
            ]
          ]
        ]
      },
      "properties": {
        "size": 1660.82,
        "orientation": "east_west",
        "road_access": true,
        "zone": "residential",
        "frontage": 27.08,
        "vacant": false,
        "feature_type": "Lot",
        "parent_id": "block-district-residential-43-33",
        "stage": "lots",
        "seed": 5851037121411972247
      }
    },
    {
      "type": "Feature",
      "id": "lot-block-district-residential-43-33-3",
      "geometry": {
        "type": "Polygon",
        "coordinates": [
          [
            [
              879.386,
              836.335
            ],
            [
              906.466,
              836.335
            ],
            [
              906.466,
              897.665
            ],
            [
              879.386,
              897.665
            ],
            [
              879.386,
              836.335
            ]
          ]
        ]
      },
      "properties": {
        "size": 1660.82,
        "orientation": "east_west",
        "road_access": true,
        "zone": "residential",
        "frontage": 27.08,
        "vacant": false,
        "feature_type": "Lot",
        "parent_id": "block-district-residential-43-33",
        "stage": "lots",
        "seed": 5851037121411972247
      }
    },
    {
      "type": "Feature",
      "id": "lot-block-district-business-44-11-1",
      "geometry": {
        "type": "Polygon",
        "coordinates": [
          [
            [
              916.38,
              706.38
            ],
            [
              943.46,
              706.38
            ],
            [
              943.46,
              763.62
            ],
            [
              916.38,
              763.62
            ],
            [
              916.38,
              706.38
            ]
          ]
        ]
      },
      "properties": {
        "size": 1550.06,
        "orientation": "east_west",
        "road_access": true,
        "zone": "business",
        "frontage": 27.08,
        "vacant": false,
        "feature_type": "Lot",
        "parent_id": "block-district-business-44-11",
        "stage": "lots",
        "seed": 5851037121411972247
      }
    },
    {
      "type": "Feature",
      "id": "lot-block-district-business-44-11-2",
      "geometry": {
        "type": "Polygon",
        "coordinates": [
          [
            [
              946.46,
              706.38
            ],
            [
              973.54,
              706.38
            ],
            [
              973.54,
              763.62
            ],
            [
              946.46,
              763.62
            ],
            [
              946.46,
              706.38
            ]
          ]
        ]
      },
      "properties": {
        "size": 1550.06,
        "orientation": "east_west",
        "road_access": true,
        "zone": "business",
        "frontage": 27.08,
        "vacant": false,
        "feature_type": "Lot",
        "parent_id": "block-district-business-44-11",
        "stage": "lots",
        "seed": 5851037121411972247
      }
    },
    {
      "type": "Feature",
      "id": "lot-block-district-business-44-11-3",
      "geometry": {
        "type": "Polygon",
        "coordinates": [
          [
            [
              976.54,
              706.38
            ],
            [
              1003.62,
              706.38
            ],
            [
              1003.62,
              763.62
            ],
            [
              976.54,
              763.62
            ],
            [
              976.54,
              706.38
            ]
          ]
        ]
      },
      "properties": {
        "size": 1550.06,
        "orientation": "east_west",
        "road_access": true,
        "zone": "business",
        "frontage": 27.08,
        "vacant": false,
        "feature_type": "Lot",
        "parent_id": "block-district-business-44-11",
        "stage": "lots",
        "seed": 5851037121411972247
      }
    },
    {
      "type": "Feature",
      "id": "lot-block-district-business-44-12-1",
      "geometry": {
        "type": "Polygon",
        "coordinates": [
          [
            [
              1012.38,
              706.38
            ],
            [
              1039.46,
              706.38
            ],
            [
              1039.46,
              763.62
            ],
            [
              1012.38,
              763.62
            ],
            [
              1012.38,
              706.38
            ]
          ]
        ]
      },
      "properties": {
        "size": 1550.06,
        "orientation": "east_west",
        "road_access": true,
        "zone": "business",
        "frontage": 27.08,
        "vacant": false,
        "feature_type": "Lot",
        "parent_id": "block-district-business-44-12",
        "stage": "lots",
        "seed": 5851037121411972247
      }
    },
    {
      "type": "Feature",
      "id": "lot-block-district-business-44-12-2",
      "geometry": {
        "type": "Polygon",
        "coordinates": [
          [
            [
              1042.46,
              706.38
            ],
            [
              1069.54,
              706.38
            ],
            [
              1069.54,
              763.62
            ],
            [
              1042.46,
              763.62
            ],
            [
              1042.46,
              706.38
            ]
          ]
        ]
      },
      "properties": {
        "size": 1550.06,
        "orientation": "east_west",
        "road_access": true,
        "zone": "business",
        "frontage": 27.08,
        "vacant": false,
        "feature_type": "Lot",
        "parent_id": "block-district-business-44-12",
        "stage": "lots",
        "seed": 5851037121411972247
      }
    },
    {
      "type": "Feature",
      "id": "lot-block-district-business-44-12-3",
      "geometry": {
        "type": "Polygon",
        "coordinates": [
          [
            [
              1072.54,
              706.38
            ],
            [
              1099.62,
              706.38
            ],
            [
              1099.62,
              763.62
            ],
            [
              1072.54,
              763.62
            ],
            [
              1072.54,
              706.38
            ]
          ]
        ]
      },
      "properties": {
        "size": 1550.06,
        "orientation": "east_west",
        "road_access": true,
        "zone": "business",
        "frontage": 27.08,
        "vacant": false,
        "feature_type": "Lot",
        "parent_id": "block-district-business-44-12",
        "stage": "lots",
        "seed": 5851037121411972247
      }
    },
    {
      "type": "Feature",
      "id": "lot-block-district-business-44-13-1",
      "geometry": {
        "type": "Polygon",
        "coordinates": [
          [
            [
              1108.38,
              704.864
            ],
            [
              1135.46,
              704.864
            ],
            [
              1135.46,
              765.136
            ],
            [
              1108.38,
              765.136
            ],
            [
              1108.38,
              704.864
            ]
          ]
        ]
      },
      "properties": {
        "size": 1632.17,
        "orientation": "east_west",
        "road_access": true,
        "zone": "business",
        "frontage": 27.08,
        "vacant": false,
        "feature_type": "Lot",
        "parent_id": "block-district-business-44-13",
        "stage": "lots",
        "seed": 5851037121411972247
      }
    },
    {
      "type": "Feature",
      "id": "lot-block-district-business-44-13-2",
      "geometry": {
        "type": "Polygon",
        "coordinates": [
          [
            [
              1138.46,
              704.864
            ],
            [
              1165.54,
              704.864
            ],
            [
              1165.54,
              765.136
            ],
            [
              1138.46,
              765.136
            ],
            [
              1138.46,
              704.864
            ]
          ]
        ]
      },
      "properties": {
        "size": 1632.17,
        "orientation": "east_west",
        "road_access": true,
        "zone": "business",
        "frontage": 27.08,
        "vacant": false,
        "feature_type": "Lot",
        "parent_id": "block-district-business-44-13",
        "stage": "lots",
        "seed": 5851037121411972247
      }
    },
    {
      "type": "Feature",
      "id": "lot-block-district-business-44-13-3",
      "geometry": {
        "type": "Polygon",
        "coordinates": [
          [
            [
              1168.54,
              704.864
            ],
            [
              1195.62,
              704.864
            ],
            [
              1195.62,
              765.136
            ],
            [
              1168.54,
              765.136
            ],
            [
              1168.54,
              704.864
            ]
          ]
        ]
      },
      "properties": {
        "size": 1632.17,
        "orientation": "east_west",
        "road_access": true,
        "zone": "business",
        "frontage": 27.08,
        "vacant": false,
        "feature_type": "Lot",
        "parent_id": "block-district-business-44-13",
        "stage": "lots",
        "seed": 5851037121411972247
      }
    },
    {
      "type": "Feature",
      "id": "lot-block-district-business-44-21-1",
      "geometry": {
        "type": "Polygon",
        "coordinates": [
          [
            [
              916.38,
              772.38
            ],
            [
              943.46,
              772.38
            ],
            [
              943.46,
              829.62
            ],
            [
              916.38,
              829.62
            ],
            [
              916.38,
              772.38
            ]
          ]
        ]
      },
      "properties": {
        "size": 1550.06,
        "orientation": "east_west",
        "road_access": true,
        "zone": "business",
        "frontage": 27.08,
        "vacant": false,
        "feature_type": "Lot",
        "parent_id": "block-district-business-44-21",
        "stage": "lots",
        "seed": 5851037121411972247
      }
    },
    {
      "type": "Feature",
      "id": "lot-block-district-business-44-21-2",
      "geometry": {
        "type": "Polygon",
        "coordinates": [
          [
            [
              946.46,
              772.38
            ],
            [
              973.54,
              772.38
            ],
            [
              973.54,
              829.62
            ],
            [
              946.46,
              829.62
            ],
            [
              946.46,
              772.38
            ]
          ]
        ]
      },
      "properties": {
        "size": 1550.06,
        "orientation": "east_west",
        "road_access": true,
        "zone": "business",
        "frontage": 27.08,
        "vacant": false,
        "feature_type": "Lot",
        "parent_id": "block-district-business-44-21",
        "stage": "lots",
        "seed": 5851037121411972247
      }
    },
    {
      "type": "Feature",
      "id": "lot-block-district-business-44-21-3",
      "geometry": {
        "type": "Polygon",
        "coordinates": [
          [
            [
              976.54,
              772.38
            ],
            [
              1003.62,
              772.38
            ],
            [
              1003.62,
              829.62
            ],
            [
              976.54,
              829.62
            ],
            [
              976.54,
              772.38
            ]
          ]
        ]
      },
      "properties": {
        "size": 1550.06,
        "orientation": "east_west",
        "road_access": true,
        "zone": "business",
        "frontage": 27.08,
        "vacant": false,
        "feature_type": "Lot",
        "parent_id": "block-district-business-44-21",
        "stage": "lots",
        "seed": 5851037121411972247
      }
    },
    {
      "type": "Feature",
      "id": "lot-block-district-business-44-22-1",
      "geometry": {
        "type": "Polygon",
        "coordinates": [
          [
            [
              1012.38,
              772.38
            ],
            [
              1039.46,
              772.38
            ],
            [
              1039.46,
              829.62
            ],
            [
              1012.38,
              829.62
            ],
            [
              1012.38,
              772.38
            ]
          ]
        ]
      },
      "properties": {
        "size": 1550.06,
        "orientation": "east_west",
        "road_access": true,
        "zone": "business",
        "frontage": 27.08,
        "vacant": false,
        "feature_type": "Lot",
        "parent_id": "block-district-business-44-22",
        "stage": "lots",
        "seed": 5851037121411972247
      }
    },
    {
      "type": "Feature",
      "id": "lot-block-district-business-44-22-2",
      "geometry": {
        "type": "Polygon",
        "coordinates": [
          [
            [
              1042.46,
              772.38
            ],
            [
              1069.54,
              772.38
            ],
            [
              1069.54,
              829.62
            ],
            [
              1042.46,
              829.62
            ],
            [
              1042.46,
              772.38
            ]
          ]
        ]
      },
      "properties": {
        "size": 1550.06,
        "orientation": "east_west",
        "road_access": true,
        "zone": "business",
        "frontage": 27.08,
        "vacant": false,
        "feature_type": "Lot",
        "parent_id": "block-district-business-44-22",
        "stage": "lots",
        "seed": 5851037121411972247
      }
    },
    {
      "type": "Feature",
      "id": "lot-block-district-business-44-22-3",
      "geometry": {
        "type": "Polygon",
        "coordinates": [
          [
            [
              1072.54,
              772.38
            ],
            [
              1099.62,
              772.38
            ],
            [
              1099.62,
              829.62
            ],
            [
              1072.54,
              829.62
            ],
            [
              1072.54,
              772.38
            ]
          ]
        ]
      },
      "properties": {
        "size": 1550.06,
        "orientation": "east_west",
        "road_access": true,
        "zone": "business",
        "frontage": 27.08,
        "vacant": false,
        "feature_type": "Lot",
        "parent_id": "block-district-business-44-22",
        "stage": "lots",
        "seed": 5851037121411972247
      }
    },
    {
      "type": "Feature",
      "id": "lot-block-district-business-44-23-1",
      "geometry": {
        "type": "Polygon",
        "coordinates": [
          [
            [
              1108.38,
              770.315
            ],
            [
              1135.46,
              770.315
            ],
            [
              1135.46,
              831.685
            ],
            [
              1108.38,
              831.685
            ],
            [
              1108.38,
              770.315
            ]
          ]
        ]
      },
      "properties": {
        "size": 1661.9,
        "orientation": "east_west",
        "road_access": true,
        "zone": "business",
        "frontage": 27.08,
        "vacant": false,
        "feature_type": "Lot",
        "parent_id": "block-district-business-44-23",
        "stage": "lots",
        "seed": 5851037121411972247
      }
    },
    {
      "type": "Feature",
      "id": "lot-block-district-business-44-23-2",
      "geometry": {
        "type": "Polygon",
        "coordinates": [
          [
            [
              1138.46,
              770.315
            ],
            [
              1165.54,
              770.315
            ],
            [
              1165.54,
              831.685
            ],
            [
              1138.46,
              831.685
            ],
            [
              1138.46,
              770.315
            ]
          ]
        ]
      },
      "properties": {
        "size": 1661.9,
        "orientation": "east_west",
        "road_access": true,
        "zone": "business",
        "frontage": 27.08,
        "vacant": false,
        "feature_type": "Lot",
        "parent_id": "block-district-business-44-23",
        "stage": "lots",
        "seed": 5851037121411972247
      }
    },
    {
      "type": "Feature",
      "id": "lot-block-district-business-44-23-3",
      "geometry": {
        "type": "Polygon",
        "coordinates": [
          [
            [
              1168.54,
              770.315
            ],
            [
              1195.62,
              770.315
            ],
            [
              1195.62,
              831.685
            ],
            [
              1168.54,
              831.685
            ],
            [
              1168.54,
              770.315
            ]
          ]
        ]
      },
      "properties": {
        "size": 1661.9,
        "orientation": "east_west",
        "road_access": true,
        "zone": "business",
        "frontage": 27.08,
        "vacant": true,
        "feature_type": "Lot",
        "parent_id": "block-district-business-44-23",
        "stage": "lots",
        "seed": 5851037121411972247
      }
    },
    {
      "type": "Feature",
      "id": "lot-block-district-business-44-31-1",
      "geometry": {
        "type": "Polygon",
        "coordinates": [
          [
            [
              916.38,
              838.38
            ],
            [
              943.46,
              838.38
            ],
            [
              943.46,
              895.62
            ],
            [
              916.38,
              895.62
            ],
            [
              916.38,
              838.38
            ]
          ]
        ]
      },
      "properties": {
        "size": 1550.06,
        "orientation": "east_west",
        "road_access": true,
        "zone": "business",
        "frontage": 27.08,
        "vacant": false,
        "feature_type": "Lot",
        "parent_id": "block-district-business-44-31",
        "stage": "lots",
        "seed": 5851037121411972247
      }
    },
    {
      "type": "Feature",
      "id": "lot-block-district-business-44-31-2",
      "geometry": {
        "type": "Polygon",
        "coordinates": [
          [
            [
              946.46,
              838.38
            ],
            [
              973.54,
              838.38
            ],
            [
              973.54,
              895.62
            ],
            [
              946.46,
              895.62
            ],
            [
              946.46,
              838.38
            ]
          ]
        ]
      },
      "properties": {
        "size": 1550.06,
        "orientation": "east_west",
        "road_access": true,
        "zone": "business",
        "frontage": 27.08,
        "vacant": false,
        "feature_type": "Lot",
        "parent_id": "block-district-business-44-31",
        "stage": "lots",
        "seed": 5851037121411972247
      }
    },
    {
      "type": "Feature",
      "id": "lot-block-district-business-44-31-3",
      "geometry": {
        "type": "Polygon",
        "coordinates": [
          [
            [
              976.54,
              838.38
            ],
            [
              1003.62,
              838.38
            ],
            [
              1003.62,
              895.62
            ],
            [
              976.54,
              895.62
            ],
            [
              976.54,
              838.38
            ]
          ]
        ]
      },
      "properties": {
        "size": 1550.06,
        "orientation": "east_west",
        "road_access": true,
        "zone": "business",
        "frontage": 27.08,
        "vacant": false,
        "feature_type": "Lot",
        "parent_id": "block-district-business-44-31",
        "stage": "lots",
        "seed": 5851037121411972247
      }
    },
    {
      "type": "Feature",
      "id": "lot-block-district-business-44-32-1",
      "geometry": {
        "type": "Polygon",
        "coordinates": [
          [
            [
              1012.38,
              836.5
            ],
            [
              1039.46,
              836.5
            ],
            [
              1039.46,
              897.5
            ],
            [
              1012.38,
              897.5
            ],
            [
              1012.38,
              836.5
            ]
          ]
        ]
      },
      "properties": {
        "size": 1651.88,
        "orientation": "east_west",
        "road_access": true,
        "zone": "business",
        "frontage": 27.08,
        "vacant": false,
        "feature_type": "Lot",
        "parent_id": "block-district-business-44-32",
        "stage": "lots",
        "seed": 5851037121411972247
      }
    },
    {
      "type": "Feature",
      "id": "lot-block-district-business-44-32-2",
      "geometry": {
        "type": "Polygon",
        "coordinates": [
          [
            [
              1042.46,
              836.5
            ],
            [
              1069.54,
              836.5
            ],
            [
              1069.54,
              897.5
            ],
            [
              1042.46,
              897.5
            ],
            [
              1042.46,
              836.5
            ]
          ]
        ]
      },
      "properties": {
        "size": 1651.88,
        "orientation": "east_west",
        "road_access": true,
        "zone": "business",
        "frontage": 27.08,
        "vacant": false,
        "feature_type": "Lot",
        "parent_id": "block-district-business-44-32",
        "stage": "lots",
        "seed": 5851037121411972247
      }
    },
    {
      "type": "Feature",
      "id": "lot-block-district-business-44-32-3",
      "geometry": {
        "type": "Polygon",
        "coordinates": [
          [
            [
              1072.54,
              836.5
            ],
            [
              1099.62,
              836.5
            ],
            [
              1099.62,
              897.5
            ],
            [
              1072.54,
              897.5
            ],
            [
              1072.54,
              836.5
            ]
          ]
        ]
      },
      "properties": {
        "size": 1651.88,
        "orientation": "east_west",
        "road_access": true,
        "zone": "business",
        "frontage": 27.08,
        "vacant": false,
        "feature_type": "Lot",
        "parent_id": "block-district-business-44-32",
        "stage": "lots",
        "seed": 5851037121411972247
      }
    },
    {
      "type": "Feature",
      "id": "lot-block-district-business-44-33-1",
      "geometry": {
        "type": "Polygon",
        "coordinates": [
          [
            [
              1108.38,
              837.866
            ],
            [
              1135.46,
              837.866
            ],
            [
              1135.46,
              896.134
            ],
            [
              1108.38,
              896.134
            ],
            [
              1108.38,
              837.866
            ]
          ]
        ]
      },
      "properties": {
        "size": 1577.9,
        "orientation": "east_west",
        "road_access": true,
        "zone": "business",
        "frontage": 27.08,
        "vacant": false,
        "feature_type": "Lot",
        "parent_id": "block-district-business-44-33",
        "stage": "lots",
        "seed": 5851037121411972247
      }
    },
    {
      "type": "Feature",
      "id": "lot-block-district-business-44-33-2",
      "geometry": {
        "type": "Polygon",
        "coordinates": [
          [
            [
              1138.46,
              837.866
            ],
            [
              1165.54,
              837.866
            ],
            [
              1165.54,
              896.134
            ],
            [
              1138.46,
              896.134
            ],
            [
              1138.46,
              837.866
            ]
          ]
        ]
      },
      "properties": {
        "size": 1577.9,
        "orientation": "east_west",
        "road_access": true,
        "zone": "business",
        "frontage": 27.08,
        "vacant": false,
        "feature_type": "Lot",
        "parent_id": "block-district-business-44-33",
        "stage": "lots",
        "seed": 5851037121411972247
      }
    },
    {
      "type": "Feature",
      "id": "lot-block-district-business-44-33-3",
      "geometry": {
        "type": "Polygon",
        "coordinates": [
          [
            [
              1168.54,
              837.866
            ],
            [
              1195.62,
              837.866
            ],
            [
              1195.62,
              896.134
            ],
            [
              1168.54,
              896.134
            ],
            [
              1168.54,
              837.866
            ]
          ]
        ]
      },
      "properties": {
        "size": 1577.9,
        "orientation": "east_west",
        "road_access": true,
        "zone": "business",
        "frontage": 27.08,
        "vacant": false,
        "feature_type": "Lot",
        "parent_id": "block-district-business-44-33",
        "stage": "lots",
        "seed": 5851037121411972247
      }
    },
    {
      "type": "Feature",
      "id": "building-lot-block-district-industrial-11-11-1",
      "geometry": {
        "type": "Polygon",
        "coordinates": [
          [
            [
              7.435,
              7.435
            ],
            [
              48.725,
              7.435
            ],
            [
              48.725,
              82.565
            ],
            [
              7.435,
              82.565
            ],
            [
              7.435,
              7.435
            ]
          ]
        ]
      },
      "properties": {
        "footprint": 3102.07,
        "floors": 3,
        "height": 9.6,
        "roof": "flat",
        "setback": 2.82,
        "use": "industrial",
        "material": "mixed",
        "editable_volume": {
          "width": 41.29,
          "depth": 75.13,
          "height": 9.6
        },
        "feature_type": "Building",
        "parent_id": "lot-block-district-industrial-11-11-1",
        "stage": "buildings",
        "seed": 7043210347868971060
      }
    },
    {
      "type": "Feature",
      "id": "building-lot-block-district-industrial-11-11-2",
      "geometry": {
        "type": "Polygon",
        "coordinates": [
          [
            [
              57.355,
              7.435
            ],
            [
              98.645,
              7.435
            ],
            [
              98.645,
              82.565
            ],
            [
              57.355,
              82.565
            ],
            [
              57.355,
              7.435
            ]
          ]
        ]
      },
      "properties": {
        "footprint": 3102.07,
        "floors": 2,
        "height": 6.4,
        "roof": "flat",
        "setback": 2.82,
        "use": "industrial",
        "material": "mixed",
        "editable_volume": {
          "width": 41.29,
          "depth": 75.13,
          "height": 6.4
        },
        "feature_type": "Building",
        "parent_id": "lot-block-district-industrial-11-11-2",
        "stage": "buildings",
        "seed": 7043210347868971060
      }
    },
    {
      "type": "Feature",
      "id": "building-lot-block-district-industrial-11-11-3",
      "geometry": {
        "type": "Polygon",
        "coordinates": [
          [
            [
              107.275,
              7.435
            ],
            [
              148.565,
              7.435
            ],
            [
              148.565,
              82.565
            ],
            [
              107.275,
              82.565
            ],
            [
              107.275,
              7.435
            ]
          ]
        ]
      },
      "properties": {
        "footprint": 3102.07,
        "floors": 4,
        "height": 12.8,
        "roof": "flat",
        "setback": 2.82,
        "use": "industrial",
        "material": "mixed",
        "editable_volume": {
          "width": 41.29,
          "depth": 75.13,
          "height": 12.8
        },
        "feature_type": "Building",
        "parent_id": "lot-block-district-industrial-11-11-3",
        "stage": "buildings",
        "seed": 7043210347868971060
      }
    },
    {
      "type": "Feature",
      "id": "building-lot-block-district-industrial-11-12-1",
      "geometry": {
        "type": "Polygon",
        "coordinates": [
          [
            [
              163.435,
              6.983
            ],
            [
              204.725,
              6.983
            ],
            [
              204.725,
              83.017
            ],
            [
              163.435,
              83.017
            ],
            [
              163.435,
              6.983
            ]
          ]
        ]
      },
      "properties": {
        "footprint": 3139.4,
        "floors": 1,
        "height": 3.2,
        "roof": "flat",
        "setback": 2.82,
        "use": "industrial",
        "material": "mixed",
        "editable_volume": {
          "width": 41.29,
          "depth": 76.03,
          "height": 3.2
        },
        "feature_type": "Building",
        "parent_id": "lot-block-district-industrial-11-12-1",
        "stage": "buildings",
        "seed": 7043210347868971060
      }
    },
    {
      "type": "Feature",
      "id": "building-lot-block-district-industrial-11-12-3",
      "geometry": {
        "type": "Polygon",
        "coordinates": [
          [
            [
              263.275,
              6.983
            ],
            [
              304.565,
              6.983
            ],
            [
              304.565,
              83.017
            ],
            [
              263.275,
              83.017
            ],
            [
              263.275,
              6.983
            ]
          ]
        ]
      },
      "properties": {
        "footprint": 3139.4,
        "floors": 1,
        "height": 3.2,
        "roof": "flat",
        "setback": 2.82,
        "use": "industrial",
        "material": "mixed",
        "editable_volume": {
          "width": 41.29,
          "depth": 76.03,
          "height": 3.2
        },
        "feature_type": "Building",
        "parent_id": "lot-block-district-industrial-11-12-3",
        "stage": "buildings",
        "seed": 7043210347868971060
      }
    },
    {
      "type": "Feature",
      "id": "building-lot-block-district-industrial-11-21-1",
      "geometry": {
        "type": "Polygon",
        "coordinates": [
          [
            [
              7.435,
              97.435
            ],
            [
              48.725,
              97.435
            ],
            [
              48.725,
              172.565
            ],
            [
              7.435,
              172.565
            ],
            [
              7.435,
              97.435
            ]
          ]
        ]
      },
      "properties": {
        "footprint": 3102.07,
        "floors": 1,
        "height": 3.2,
        "roof": "flat",
        "setback": 2.82,
        "use": "industrial",
        "material": "mixed",
        "editable_volume": {
          "width": 41.29,
          "depth": 75.13,
          "height": 3.2
        },
        "feature_type": "Building",
        "parent_id": "lot-block-district-industrial-11-21-1",
        "stage": "buildings",
        "seed": 7043210347868971060
      }
    },
    {
      "type": "Feature",
      "id": "building-lot-block-district-industrial-11-21-2",
      "geometry": {
        "type": "Polygon",
        "coordinates": [
          [
            [
              57.355,
              97.435
            ],
            [
              98.645,
              97.435
            ],
            [
              98.645,
              172.565
            ],
            [
              57.355,
              172.565
            ],
            [
              57.355,
              97.435
            ]
          ]
        ]
      },
      "properties": {
        "footprint": 3102.07,
        "floors": 1,
        "height": 3.2,
        "roof": "flat",
        "setback": 2.82,
        "use": "industrial",
        "material": "mixed",
        "editable_volume": {
          "width": 41.29,
          "depth": 75.13,
          "height": 3.2
        },
        "feature_type": "Building",
        "parent_id": "lot-block-district-industrial-11-21-2",
        "stage": "buildings",
        "seed": 7043210347868971060
      }
    },
    {
      "type": "Feature",
      "id": "building-lot-block-district-industrial-11-21-3",
      "geometry": {
        "type": "Polygon",
        "coordinates": [
          [
            [
              107.275,
              97.435
            ],
            [
              148.565,
              97.435
            ],
            [
              148.565,
              172.565
            ],
            [
              107.275,
              172.565
            ],
            [
              107.275,
              97.435
            ]
          ]
        ]
      },
      "properties": {
        "footprint": 3102.07,
        "floors": 3,
        "height": 9.6,
        "roof": "flat",
        "setback": 2.82,
        "use": "industrial",
        "material": "mixed",
        "editable_volume": {
          "width": 41.29,
          "depth": 75.13,
          "height": 9.6
        },
        "feature_type": "Building",
        "parent_id": "lot-block-district-industrial-11-21-3",
        "stage": "buildings",
        "seed": 7043210347868971060
      }
    },
    {
      "type": "Feature",
      "id": "building-lot-block-district-industrial-11-22-1",
      "geometry": {
        "type": "Polygon",
        "coordinates": [
          [
            [
              163.435,
              97.435
            ],
            [
              204.725,
              97.435
            ],
            [
              204.725,
              172.565
            ],
            [
              163.435,
              172.565
            ],
            [
              163.435,
              97.435
            ]
          ]
        ]
      },
      "properties": {
        "footprint": 3102.07,
        "floors": 1,
        "height": 3.2,
        "roof": "flat",
        "setback": 2.82,
        "use": "industrial",
        "material": "mixed",
        "editable_volume": {
          "width": 41.29,
          "depth": 75.13,
          "height": 3.2
        },
        "feature_type": "Building",
        "parent_id": "lot-block-district-industrial-11-22-1",
        "stage": "buildings",
        "seed": 7043210347868971060
      }
    },
    {
      "type": "Feature",
      "id": "building-lot-block-district-industrial-11-22-3",
      "geometry": {
        "type": "Polygon",
        "coordinates": [
          [
            [
              263.275,
              97.435
            ],
            [
              304.565,
              97.435
            ],
            [
              304.565,
              172.565
            ],
            [
              263.275,
              172.565
            ],
            [
              263.275,
              97.435
            ]
          ]
        ]
      },
      "properties": {
        "footprint": 3102.07,
        "floors": 1,
        "height": 3.2,
        "roof": "flat",
        "setback": 2.82,
        "use": "industrial",
        "material": "mixed",
        "editable_volume": {
          "width": 41.29,
          "depth": 75.13,
          "height": 3.2
        },
        "feature_type": "Building",
        "parent_id": "lot-block-district-industrial-11-22-3",
        "stage": "buildings",
        "seed": 7043210347868971060
      }
    },
    {
      "type": "Feature",
      "id": "building-lot-block-district-industrial-11-31-1",
      "geometry": {
        "type": "Polygon",
        "coordinates": [
          [
            [
              7.435,
              187.435
            ],
            [
              48.725,
              187.435
            ],
            [
              48.725,
              262.565
            ],
            [
              7.435,
              262.565
            ],
            [
              7.435,
              187.435
            ]
          ]
        ]
      },
      "properties": {
        "footprint": 3102.07,
        "floors": 4,
        "height": 12.8,
        "roof": "flat",
        "setback": 2.82,
        "use": "industrial",
        "material": "mixed",
        "editable_volume": {
          "width": 41.29,
          "depth": 75.13,
          "height": 12.8
        },
        "feature_type": "Building",
        "parent_id": "lot-block-district-industrial-11-31-1",
        "stage": "buildings",
        "seed": 7043210347868971060
      }
    },
    {
      "type": "Feature",
      "id": "building-lot-block-district-industrial-11-31-2",
      "geometry": {
        "type": "Polygon",
        "coordinates": [
          [
            [
              57.355,
              187.435
            ],
            [
              98.645,
              187.435
            ],
            [
              98.645,
              262.565
            ],
            [
              57.355,
              262.565
            ],
            [
              57.355,
              187.435
            ]
          ]
        ]
      },
      "properties": {
        "footprint": 3102.07,
        "floors": 4,
        "height": 12.8,
        "roof": "flat",
        "setback": 2.82,
        "use": "industrial",
        "material": "mixed",
        "editable_volume": {
          "width": 41.29,
          "depth": 75.13,
          "height": 12.8
        },
        "feature_type": "Building",
        "parent_id": "lot-block-district-industrial-11-31-2",
        "stage": "buildings",
        "seed": 7043210347868971060
      }
    },
    {
      "type": "Feature",
      "id": "building-lot-block-district-industrial-11-31-3",
      "geometry": {
        "type": "Polygon",
        "coordinates": [
          [
            [
              107.275,
              187.435
            ],
            [
              148.565,
              187.435
            ],
            [
              148.565,
              262.565
            ],
            [
              107.275,
              262.565
            ],
            [
              107.275,
              187.435
            ]
          ]
        ]
      },
      "properties": {
        "footprint": 3102.07,
        "floors": 1,
        "height": 3.2,
        "roof": "flat",
        "setback": 2.82,
        "use": "industrial",
        "material": "mixed",
        "editable_volume": {
          "width": 41.29,
          "depth": 75.13,
          "height": 3.2
        },
        "feature_type": "Building",
        "parent_id": "lot-block-district-industrial-11-31-3",
        "stage": "buildings",
        "seed": 7043210347868971060
      }
    },
    {
      "type": "Feature",
      "id": "building-lot-block-district-industrial-11-32-1",
      "geometry": {
        "type": "Polygon",
        "coordinates": [
          [
            [
              163.435,
              187.435
            ],
            [
              204.725,
              187.435
            ],
            [
              204.725,
              262.565
            ],
            [
              163.435,
              262.565
            ],
            [
              163.435,
              187.435
            ]
          ]
        ]
      },
      "properties": {
        "footprint": 3102.07,
        "floors": 1,
        "height": 3.2,
        "roof": "flat",
        "setback": 2.82,
        "use": "industrial",
        "material": "mixed",
        "editable_volume": {
          "width": 41.29,
          "depth": 75.13,
          "height": 3.2
        },
        "feature_type": "Building",
        "parent_id": "lot-block-district-industrial-11-32-1",
        "stage": "buildings",
        "seed": 7043210347868971060
      }
    },
    {
      "type": "Feature",
      "id": "building-lot-block-district-harbor-12-11-1",
      "geometry": {
        "type": "Polygon",
        "coordinates": [
          [
            [
              321.289,
              7.886
            ],
            [
              358.825,
              7.886
            ],
            [
              358.825,
              82.114
            ],
            [
              321.289,
              82.114
            ],
            [
              321.289,
              7.886
            ]
          ]
        ]
      },
      "properties": {
        "footprint": 2786.22,
        "floors": 2,
        "height": 6.4,
        "roof": "flat",
        "setback": 4.69,
        "use": "harbor",
        "material": "mixed",
        "editable_volume": {
          "width": 37.54,
          "depth": 74.23,
          "height": 6.4
        },
        "feature_type": "Building",
        "parent_id": "lot-block-district-harbor-12-11-1",
        "stage": "buildings",
        "seed": 7043210347868971060
      }
    },
    {
      "type": "Feature",
      "id": "building-lot-block-district-harbor-12-11-2",
      "geometry": {
        "type": "Polygon",
        "coordinates": [
          [
            [
              371.209,
              7.886
            ],
            [
              408.745,
              7.886
            ],
            [
              408.745,
              82.114
            ],
            [
              371.209,
              82.114
            ],
            [
              371.209,
              7.886
            ]
          ]
        ]
      },
      "properties": {
        "footprint": 2786.22,
        "floors": 1,
        "height": 3.2,
        "roof": "flat",
        "setback": 4.69,
        "use": "harbor",
        "material": "mixed",
        "editable_volume": {
          "width": 37.54,
          "depth": 74.23,
          "height": 3.2
        },
        "feature_type": "Building",
        "parent_id": "lot-block-district-harbor-12-11-2",
        "stage": "buildings",
        "seed": 7043210347868971060
      }
    },
    {
      "type": "Feature",
      "id": "building-lot-block-district-harbor-12-11-3",
      "geometry": {
        "type": "Polygon",
        "coordinates": [
          [
            [
              421.129,
              7.886
            ],
            [
              458.665,
              7.886
            ],
            [
              458.665,
              82.114
            ],
            [
              421.129,
              82.114
            ],
            [
              421.129,
              7.886
            ]
          ]
        ]
      },
      "properties": {
        "footprint": 2786.22,
        "floors": 1,
        "height": 3.2,
        "roof": "flat",
        "setback": 4.69,
        "use": "harbor",
        "material": "mixed",
        "editable_volume": {
          "width": 37.54,
          "depth": 74.23,
          "height": 3.2
        },
        "feature_type": "Building",
        "parent_id": "lot-block-district-harbor-12-11-3",
        "stage": "buildings",
        "seed": 7043210347868971060
      }
    },
    {
      "type": "Feature",
      "id": "building-lot-block-district-harbor-12-12-1",
      "geometry": {
        "type": "Polygon",
        "coordinates": [
          [
            [
              477.289,
              9.312
            ],
            [
              514.825,
              9.312
            ],
            [
              514.825,
              80.688
            ],
            [
              477.289,
              80.688
            ],
            [
              477.289,
              9.312
            ]
          ]
        ]
      },
      "properties": {
        "footprint": 2679.17,
        "floors": 3,
        "height": 9.6,
        "roof": "flat",
        "setback": 4.69,
        "use": "harbor",
        "material": "mixed",
        "editable_volume": {
          "width": 37.54,
          "depth": 71.38,
          "height": 9.6
        },
        "feature_type": "Building",
        "parent_id": "lot-block-district-harbor-12-12-1",
        "stage": "buildings",
        "seed": 7043210347868971060
      }
    },
    {
      "type": "Feature",
      "id": "building-lot-block-district-harbor-12-12-2",
      "geometry": {
        "type": "Polygon",
        "coordinates": [
          [
            [
              527.209,
              9.312
            ],
            [
              564.745,
              9.312
            ],
            [
              564.745,
              80.688
            ],
            [
              527.209,
              80.688
            ],
            [
              527.209,
              9.312
            ]
          ]
        ]
      },
      "properties": {
        "footprint": 2679.17,
        "floors": 2,
        "height": 6.4,
        "roof": "flat",
        "setback": 4.69,
        "use": "harbor",
        "material": "mixed",
        "editable_volume": {
          "width": 37.54,
          "depth": 71.38,
          "height": 6.4
        },
        "feature_type": "Building",
        "parent_id": "lot-block-district-harbor-12-12-2",
        "stage": "buildings",
        "seed": 7043210347868971060
      }
    },
    {
      "type": "Feature",
      "id": "building-lot-block-district-harbor-12-12-3",
      "geometry": {
        "type": "Polygon",
        "coordinates": [
          [
            [
              577.129,
              9.312
            ],
            [
              614.665,
              9.312
            ],
            [
              614.665,
              80.688
            ],
            [
              577.129,
              80.688
            ],
            [
              577.129,
              9.312
            ]
          ]
        ]
      },
      "properties": {
        "footprint": 2679.17,
        "floors": 3,
        "height": 9.6,
        "roof": "flat",
        "setback": 4.69,
        "use": "harbor",
        "material": "mixed",
        "editable_volume": {
          "width": 37.54,
          "depth": 71.38,
          "height": 9.6
        },
        "feature_type": "Building",
        "parent_id": "lot-block-district-harbor-12-12-3",
        "stage": "buildings",
        "seed": 7043210347868971060
      }
    },
    {
      "type": "Feature",
      "id": "building-lot-block-district-harbor-12-21-1",
      "geometry": {
        "type": "Polygon",
        "coordinates": [
          [
            [
              321.289,
              98.715
            ],
            [
              358.825,
              98.715
            ],
            [
              358.825,
              171.285
            ],
            [
              321.289,
              171.285
            ],
            [
              321.289,
              98.715
            ]
          ]
        ]
      },
      "properties": {
        "footprint": 2723.99,
        "floors": 1,
        "height": 3.2,
        "roof": "flat",
        "setback": 4.69,
        "use": "harbor",
        "material": "mixed",
        "editable_volume": {
          "width": 37.54,
          "depth": 72.57,
          "height": 3.2
        },
        "feature_type": "Building",
        "parent_id": "lot-block-district-harbor-12-21-1",
        "stage": "buildings",
        "seed": 7043210347868971060
      }
    },
    {
      "type": "Feature",
      "id": "building-lot-block-district-harbor-12-21-2",
      "geometry": {
        "type": "Polygon",
        "coordinates": [
          [
            [
              371.209,
              98.715
            ],
            [
              408.745,
              98.715
            ],
            [
              408.745,
              171.285
            ],
            [
              371.209,
              171.285
            ],
            [
              371.209,
              98.715
            ]
          ]
        ]
      },
      "properties": {
        "footprint": 2723.99,
        "floors": 3,
        "height": 9.6,
        "roof": "flat",
        "setback": 4.69,
        "use": "harbor",
        "material": "mixed",
        "editable_volume": {
          "width": 37.54,
          "depth": 72.57,
          "height": 9.6
        },
        "feature_type": "Building",
        "parent_id": "lot-block-district-harbor-12-21-2",
        "stage": "buildings",
        "seed": 7043210347868971060
      }
    },
    {
      "type": "Feature",
      "id": "building-lot-block-district-harbor-12-21-3",
      "geometry": {
        "type": "Polygon",
        "coordinates": [
          [
            [
              421.129,
              98.715
            ],
            [
              458.665,
              98.715
            ],
            [
              458.665,
              171.285
            ],
            [
              421.129,
              171.285
            ],
            [
              421.129,
              98.715
            ]
          ]
        ]
      },
      "properties": {
        "footprint": 2723.99,
        "floors": 3,
        "height": 9.6,
        "roof": "flat",
        "setback": 4.69,
        "use": "harbor",
        "material": "mixed",
        "editable_volume": {
          "width": 37.54,
          "depth": 72.57,
          "height": 9.6
        },
        "feature_type": "Building",
        "parent_id": "lot-block-district-harbor-12-21-3",
        "stage": "buildings",
        "seed": 7043210347868971060
      }
    },
    {
      "type": "Feature",
      "id": "building-lot-block-district-harbor-12-22-1",
      "geometry": {
        "type": "Polygon",
        "coordinates": [
          [
            [
              477.289,
              98.691
            ],
            [
              514.825,
              98.691
            ],
            [
              514.825,
              171.309
            ],
            [
              477.289,
              171.309
            ],
            [
              477.289,
              98.691
            ]
          ]
        ]
      },
      "properties": {
        "footprint": 2725.79,
        "floors": 2,
        "height": 6.4,
        "roof": "flat",
        "setback": 4.69,
        "use": "harbor",
        "material": "mixed",
        "editable_volume": {
          "width": 37.54,
          "depth": 72.62,
          "height": 6.4
        },
        "feature_type": "Building",
        "parent_id": "lot-block-district-harbor-12-22-1",
        "stage": "buildings",
        "seed": 7043210347868971060
      }
    },
    {
      "type": "Feature",
      "id": "building-lot-block-district-harbor-12-31-1",
      "geometry": {
        "type": "Polygon",
        "coordinates": [
          [
            [
              321.289,
              189.312
            ],
            [
              358.825,
              189.312
            ],
            [
              358.825,
              260.688
            ],
            [
              321.289,
              260.688
            ],
            [
              321.289,
              189.312
            ]
          ]
        ]
      },
      "properties": {
        "footprint": 2679.17,
        "floors": 3,
        "height": 9.6,
        "roof": "flat",
        "setback": 4.69,
        "use": "harbor",
        "material": "mixed",
        "editable_volume": {
          "width": 37.54,
          "depth": 71.38,
          "height": 9.6
        },
        "feature_type": "Building",
        "parent_id": "lot-block-district-harbor-12-31-1",
        "stage": "buildings",
        "seed": 7043210347868971060
      }
    },
    {
      "type": "Feature",
      "id": "building-lot-block-district-harbor-12-31-3",
      "geometry": {
        "type": "Polygon",
        "coordinates": [
          [
            [
              421.129,
              189.312
            ],
            [
              458.665,
              189.312
            ],
            [
              458.665,
              260.688
            ],
            [
              421.129,
              260.688
            ],
            [
              421.129,
              189.312
            ]
          ]
        ]
      },
      "properties": {
        "footprint": 2679.17,
        "floors": 1,
        "height": 3.2,
        "roof": "flat",
        "setback": 4.69,
        "use": "harbor",
        "material": "mixed",
        "editable_volume": {
          "width": 37.54,
          "depth": 71.38,
          "height": 3.2
        },
        "feature_type": "Building",
        "parent_id": "lot-block-district-harbor-12-31-3",
        "stage": "buildings",
        "seed": 7043210347868971060
      }
    },
    {
      "type": "Feature",
      "id": "building-lot-block-district-harbor-12-32-2",
      "geometry": {
        "type": "Polygon",
        "coordinates": [
          [
            [
              527.209,
              189.312
            ],
            [
              564.745,
              189.312
            ],
            [
              564.745,
              260.688
            ],
            [
              527.209,
              260.688
            ],
            [
              527.209,
              189.312
            ]
          ]
        ]
      },
      "properties": {
        "footprint": 2679.17,
        "floors": 2,
        "height": 6.4,
        "roof": "flat",
        "setback": 4.69,
        "use": "harbor",
        "material": "mixed",
        "editable_volume": {
          "width": 37.54,
          "depth": 71.38,
          "height": 6.4
        },
        "feature_type": "Building",
        "parent_id": "lot-block-district-harbor-12-32-2",
        "stage": "buildings",
        "seed": 7043210347868971060
      }
    },
    {
      "type": "Feature",
      "id": "building-lot-block-district-harbor-12-32-3",
      "geometry": {
        "type": "Polygon",
        "coordinates": [
          [
            [
              577.129,
              189.312
            ],
            [
              614.665,
              189.312
            ],
            [
              614.665,
              260.688
            ],
            [
              577.129,
              260.688
            ],
            [
              577.129,
              189.312
            ]
          ]
        ]
      },
      "properties": {
        "footprint": 2679.17,
        "floors": 2,
        "height": 6.4,
        "roof": "flat",
        "setback": 4.69,
        "use": "harbor",
        "material": "mixed",
        "editable_volume": {
          "width": 37.54,
          "depth": 71.38,
          "height": 6.4
        },
        "feature_type": "Building",
        "parent_id": "lot-block-district-harbor-12-32-3",
        "stage": "buildings",
        "seed": 7043210347868971060
      }
    },
    {
      "type": "Feature",
      "id": "building-lot-block-district-commercial-13-11-1",
      "geometry": {
        "type": "Polygon",
        "coordinates": [
          [
            [
              633.949,
              7.088
            ],
            [
              655.613,
              7.088
            ],
            [
              655.613,
              82.912
            ],
            [
              633.949,
              82.912
            ],
            [
              633.949,
              7.088
            ]
          ]
        ]
      },
      "properties": {
        "footprint": 1642.65,
        "floors": 6,
        "height": 19.2,
        "roof": "flat",
        "setback": 2.71,
        "use": "commercial",
        "material": "concrete",
        "editable_volume": {
          "width": 21.66,
          "depth": 75.82,
          "height": 19.2
        },
        "feature_type": "Building",
        "parent_id": "lot-block-district-commercial-13-11-1",
        "stage": "buildings",
        "seed": 7043210347868971060
      }
    },
    {
      "type": "Feature",
      "id": "building-lot-block-district-commercial-13-11-2",
      "geometry": {
        "type": "Polygon",
        "coordinates": [
          [
            [
              664.029,
              7.088
            ],
            [
              685.693,
              7.088
            ],
            [
              685.693,
              82.912
            ],
            [
              664.029,
              82.912
            ],
            [
              664.029,
              7.088
            ]
          ]
        ]
      },
      "properties": {
        "footprint": 1642.65,
        "floors": 8,
        "height": 25.6,
        "roof": "flat",
        "setback": 2.71,
        "use": "commercial",
        "material": "concrete",
        "editable_volume": {
          "width": 21.66,
          "depth": 75.82,
          "height": 25.6
        },
        "feature_type": "Building",
        "parent_id": "lot-block-district-commercial-13-11-2",
        "stage": "buildings",
        "seed": 7043210347868971060
      }
    },
    {
      "type": "Feature",
      "id": "building-lot-block-district-commercial-13-11-3",
      "geometry": {
        "type": "Polygon",
        "coordinates": [
          [
            [
              694.109,
              7.088
            ],
            [
              715.773,
              7.088
            ],
            [
              715.773,
              82.912
            ],
            [
              694.109,
              82.912
            ],
            [
              694.109,
              7.088
            ]
          ]
        ]
      },
      "properties": {
        "footprint": 1642.65,
        "floors": 6,
        "height": 19.2,
        "roof": "flat",
        "setback": 2.71,
        "use": "commercial",
        "material": "concrete",
        "editable_volume": {
          "width": 21.66,
          "depth": 75.82,
          "height": 19.2
        },
        "feature_type": "Building",
        "parent_id": "lot-block-district-commercial-13-11-3",
        "stage": "buildings",
        "seed": 7043210347868971060
      }
    },
    {
      "type": "Feature",
      "id": "building-lot-block-district-commercial-13-12-2",
      "geometry": {
        "type": "Polygon",
        "coordinates": [
          [
            [
              760.029,
              4.284
            ],
            [
              781.693,
              4.284
            ],
            [
              781.693,
              85.716
            ],
            [
              760.029,
              85.716
            ],
            [
              760.029,
              4.284
            ]
          ]
        ]
      },
      "properties": {
        "footprint": 1764.14,
        "floors": 5,
        "height": 16.0,
        "roof": "flat",
        "setback": 2.71,
        "use": "commercial",
        "material": "concrete",
        "editable_volume": {
          "width": 21.66,
          "depth": 81.43,
          "height": 16.0
        },
        "feature_type": "Building",
        "parent_id": "lot-block-district-commercial-13-12-2",
        "stage": "buildings",
        "seed": 7043210347868971060
      }
    },
    {
      "type": "Feature",
      "id": "building-lot-block-district-commercial-13-13-1",
      "geometry": {
        "type": "Polygon",
        "coordinates": [
          [
            [
              825.949,
              5.543
            ],
            [
              847.613,
              5.543
            ],
            [
              847.613,
              84.457
            ],
            [
              825.949,
              84.457
            ],
            [
              825.949,
              5.543
            ]
          ]
        ]
      },
      "properties": {
        "footprint": 1709.59,
        "floors": 9,
        "height": 28.8,
        "roof": "flat",
        "setback": 2.71,
        "use": "commercial",
        "material": "concrete",
        "editable_volume": {
          "width": 21.66,
          "depth": 78.91,
          "height": 28.8
        },
        "feature_type": "Building",
        "parent_id": "lot-block-district-commercial-13-13-1",
        "stage": "buildings",
        "seed": 7043210347868971060
      }
    },
    {
      "type": "Feature",
      "id": "building-lot-block-district-commercial-13-13-2",
      "geometry": {
        "type": "Polygon",
        "coordinates": [
          [
            [
              856.029,
              5.543
            ],
            [
              877.693,
              5.543
            ],
            [
              877.693,
              84.457
            ],
            [
              856.029,
              84.457
            ],
            [
              856.029,
              5.543
            ]
          ]
        ]
      },
      "properties": {
        "footprint": 1709.59,
        "floors": 4,
        "height": 12.8,
        "roof": "flat",
        "setback": 2.71,
        "use": "commercial",
        "material": "concrete",
        "editable_volume": {
          "width": 21.66,
          "depth": 78.91,
          "height": 12.8
        },
        "feature_type": "Building",
        "parent_id": "lot-block-district-commercial-13-13-2",
        "stage": "buildings",
        "seed": 7043210347868971060
      }
    },
    {
      "type": "Feature",
      "id": "building-lot-block-district-commercial-13-13-3",
      "geometry": {
        "type": "Polygon",
        "coordinates": [
          [
            [
              886.109,
              5.543
            ],
            [
              907.773,
              5.543
            ],
            [
              907.773,
              84.457
            ],
            [
              886.109,
              84.457
            ],
            [
              886.109,
              5.543
            ]
          ]
        ]
      },
      "properties": {
        "footprint": 1709.59,
        "floors": 8,
        "height": 25.6,
        "roof": "flat",
        "setback": 2.71,
        "use": "commercial",
        "material": "concrete",
        "editable_volume": {
          "width": 21.66,
          "depth": 78.91,
          "height": 25.6
        },
        "feature_type": "Building",
        "parent_id": "lot-block-district-commercial-13-13-3",
        "stage": "buildings",
        "seed": 7043210347868971060
      }
    },
    {
      "type": "Feature",
      "id": "building-lot-block-district-commercial-13-21-1",
      "geometry": {
        "type": "Polygon",
        "coordinates": [
          [
            [
              633.949,
              97.088
            ],
            [
              655.613,
              97.088
            ],
            [
              655.613,
              172.912
            ],
            [
              633.949,
              172.912
            ],
            [
              633.949,
              97.088
            ]
          ]
        ]
      },
      "properties": {
        "footprint": 1642.65,
        "floors": 5,
        "height": 16.0,
        "roof": "flat",
        "setback": 2.71,
        "use": "commercial",
        "material": "concrete",
        "editable_volume": {
          "width": 21.66,
          "depth": 75.82,
          "height": 16.0
        },
        "feature_type": "Building",
        "parent_id": "lot-block-district-commercial-13-21-1",
        "stage": "buildings",
        "seed": 7043210347868971060
      }
    },
    {
      "type": "Feature",
      "id": "building-lot-block-district-commercial-13-21-3",
      "geometry": {
        "type": "Polygon",
        "coordinates": [
          [
            [
              694.109,
              97.088
            ],
            [
              715.773,
              97.088
            ],
            [
              715.773,
              172.912
            ],
            [
              694.109,
              172.912
            ],
            [
              694.109,
              97.088
            ]
          ]
        ]
      },
      "properties": {
        "footprint": 1642.65,
        "floors": 3,
        "height": 9.6,
        "roof": "gable",
        "setback": 2.71,
        "use": "commercial",
        "material": "concrete",
        "editable_volume": {
          "width": 21.66,
          "depth": 75.82,
          "height": 9.6
        },
        "feature_type": "Building",
        "parent_id": "lot-block-district-commercial-13-21-3",
        "stage": "buildings",
        "seed": 7043210347868971060
      }
    },
    {
      "type": "Feature",
      "id": "building-lot-block-district-commercial-13-22-1",
      "geometry": {
        "type": "Polygon",
        "coordinates": [
          [
            [
              729.949,
              97.088
            ],
            [
              751.613,
              97.088
            ],
            [
              751.613,
              172.912
            ],
            [
              729.949,
              172.912
            ],
            [
              729.949,
              97.088
            ]
          ]
        ]
      },
      "properties": {
        "footprint": 1642.65,
        "floors": 7,
        "height": 22.4,
        "roof": "flat",
        "setback": 2.71,
        "use": "commercial",
        "material": "concrete",
        "editable_volume": {
          "width": 21.66,
          "depth": 75.82,
          "height": 22.4
        },
        "feature_type": "Building",
        "parent_id": "lot-block-district-commercial-13-22-1",
        "stage": "buildings",
        "seed": 7043210347868971060
      }
    },
    {
      "type": "Feature",
      "id": "building-lot-block-district-commercial-13-22-2",
      "geometry": {
        "type": "Polygon",
        "coordinates": [
          [
            [
              760.029,
              97.088
            ],
            [
              781.693,
              97.088
            ],
            [
              781.693,
              172.912
            ],
            [
              760.029,
              172.912
            ],
            [
              760.029,
              97.088
            ]
          ]
        ]
      },
      "properties": {
        "footprint": 1642.65,
        "floors": 9,
        "height": 28.8,
        "roof": "flat",
        "setback": 2.71,
        "use": "commercial",
        "material": "concrete",
        "editable_volume": {
          "width": 21.66,
          "depth": 75.82,
          "height": 28.8
        },
        "feature_type": "Building",
        "parent_id": "lot-block-district-commercial-13-22-2",
        "stage": "buildings",
        "seed": 7043210347868971060
      }
    },
    {
      "type": "Feature",
      "id": "building-lot-block-district-commercial-13-22-3",
      "geometry": {
        "type": "Polygon",
        "coordinates": [
          [
            [
              790.109,
              97.088
            ],
            [
              811.773,
              97.088
            ],
            [
              811.773,
              172.912
            ],
            [
              790.109,
              172.912
            ],
            [
              790.109,
              97.088
            ]
          ]
        ]
      },
      "properties": {
        "footprint": 1642.65,
        "floors": 5,
        "height": 16.0,
        "roof": "flat",
        "setback": 2.71,
        "use": "commercial",
        "material": "concrete",
        "editable_volume": {
          "width": 21.66,
          "depth": 75.82,
          "height": 16.0
        },
        "feature_type": "Building",
        "parent_id": "lot-block-district-commercial-13-22-3",
        "stage": "buildings",
        "seed": 7043210347868971060
      }
    },
    {
      "type": "Feature",
      "id": "building-lot-block-district-commercial-13-23-2",
      "geometry": {
        "type": "Polygon",
        "coordinates": [
          [
            [
              856.029,
              95.487
            ],
            [
              877.693,
              95.487
            ],
            [
              877.693,
              174.513
            ],
            [
              856.029,
              174.513
            ],
            [
              856.029,
              95.487
            ]
          ]
        ]
      },
      "properties": {
        "footprint": 1712.02,
        "floors": 9,
        "height": 28.8,
        "roof": "flat",
        "setback": 2.71,
        "use": "commercial",
        "material": "concrete",
        "editable_volume": {
          "width": 21.66,
          "depth": 79.03,
          "height": 28.8
        },
        "feature_type": "Building",
        "parent_id": "lot-block-district-commercial-13-23-2",
        "stage": "buildings",
        "seed": 7043210347868971060
      }
    },
    {
      "type": "Feature",
      "id": "building-lot-block-district-commercial-13-23-3",
      "geometry": {
        "type": "Polygon",
        "coordinates": [
          [
            [
              886.109,
              95.487
            ],
            [
              907.773,
              95.487
            ],
            [
              907.773,
              174.513
            ],
            [
              886.109,
              174.513
            ],
            [
              886.109,
              95.487
            ]
          ]
        ]
      },
      "properties": {
        "footprint": 1712.02,
        "floors": 5,
        "height": 16.0,
        "roof": "flat",
        "setback": 2.71,
        "use": "commercial",
        "material": "concrete",
        "editable_volume": {
          "width": 21.66,
          "depth": 79.03,
          "height": 16.0
        },
        "feature_type": "Building",
        "parent_id": "lot-block-district-commercial-13-23-3",
        "stage": "buildings",
        "seed": 7043210347868971060
      }
    },
    {
      "type": "Feature",
      "id": "building-lot-block-district-commercial-13-31-1",
      "geometry": {
        "type": "Polygon",
        "coordinates": [
          [
            [
              633.949,
              187.088
            ],
            [
              655.613,
              187.088
            ],
            [
              655.613,
              262.912
            ],
            [
              633.949,
              262.912
            ],
            [
              633.949,
              187.088
            ]
          ]
        ]
      },
      "properties": {
        "footprint": 1642.65,
        "floors": 3,
        "height": 9.6,
        "roof": "flat",
        "setback": 2.71,
        "use": "commercial",
        "material": "concrete",
        "editable_volume": {
          "width": 21.66,
          "depth": 75.82,
          "height": 9.6
        },
        "feature_type": "Building",
        "parent_id": "lot-block-district-commercial-13-31-1",
        "stage": "buildings",
        "seed": 7043210347868971060
      }
    },
    {
      "type": "Feature",
      "id": "building-lot-block-district-commercial-13-31-2",
      "geometry": {
        "type": "Polygon",
        "coordinates": [
          [
            [
              664.029,
              187.088
            ],
            [
              685.693,
              187.088
            ],
            [
              685.693,
              262.912
            ],
            [
              664.029,
              262.912
            ],
            [
              664.029,
              187.088
            ]
          ]
        ]
      },
      "properties": {
        "footprint": 1642.65,
        "floors": 3,
        "height": 9.6,
        "roof": "gable",
        "setback": 2.71,
        "use": "commercial",
        "material": "concrete",
        "editable_volume": {
          "width": 21.66,
          "depth": 75.82,
          "height": 9.6
        },
        "feature_type": "Building",
        "parent_id": "lot-block-district-commercial-13-31-2",
        "stage": "buildings",
        "seed": 7043210347868971060
      }
    },
    {
      "type": "Feature",
      "id": "building-lot-block-district-commercial-13-31-3",
      "geometry": {
        "type": "Polygon",
        "coordinates": [
          [
            [
              694.109,
              187.088
            ],
            [
              715.773,
              187.088
            ],
            [
              715.773,
              262.912
            ],
            [
              694.109,
              262.912
            ],
            [
              694.109,
              187.088
            ]
          ]
        ]
      },
      "properties": {
        "footprint": 1642.65,
        "floors": 4,
        "height": 12.8,
        "roof": "flat",
        "setback": 2.71,
        "use": "commercial",
        "material": "concrete",
        "editable_volume": {
          "width": 21.66,
          "depth": 75.82,
          "height": 12.8
        },
        "feature_type": "Building",
        "parent_id": "lot-block-district-commercial-13-31-3",
        "stage": "buildings",
        "seed": 7043210347868971060
      }
    },
    {
      "type": "Feature",
      "id": "building-lot-block-district-commercial-13-32-1",
      "geometry": {
        "type": "Polygon",
        "coordinates": [
          [
            [
              729.949,
              187.088
            ],
            [
              751.613,
              187.088
            ],
            [
              751.613,
              262.912
            ],
            [
              729.949,
              262.912
            ],
            [
              729.949,
              187.088
            ]
          ]
        ]
      },
      "properties": {
        "footprint": 1642.65,
        "floors": 4,
        "height": 12.8,
        "roof": "flat",
        "setback": 2.71,
        "use": "commercial",
        "material": "concrete",
        "editable_volume": {
          "width": 21.66,
          "depth": 75.82,
          "height": 12.8
        },
        "feature_type": "Building",
        "parent_id": "lot-block-district-commercial-13-32-1",
        "stage": "buildings",
        "seed": 7043210347868971060
      }
    },
    {
      "type": "Feature",
      "id": "building-lot-block-district-commercial-13-32-2",
      "geometry": {
        "type": "Polygon",
        "coordinates": [
          [
            [
              760.029,
              187.088
            ],
            [
              781.693,
              187.088
            ],
            [
              781.693,
              262.912
            ],
            [
              760.029,
              262.912
            ],
            [
              760.029,
              187.088
            ]
          ]
        ]
      },
      "properties": {
        "footprint": 1642.65,
        "floors": 5,
        "height": 16.0,
        "roof": "flat",
        "setback": 2.71,
        "use": "commercial",
        "material": "concrete",
        "editable_volume": {
          "width": 21.66,
          "depth": 75.82,
          "height": 16.0
        },
        "feature_type": "Building",
        "parent_id": "lot-block-district-commercial-13-32-2",
        "stage": "buildings",
        "seed": 7043210347868971060
      }
    },
    {
      "type": "Feature",
      "id": "building-lot-block-district-commercial-13-32-3",
      "geometry": {
        "type": "Polygon",
        "coordinates": [
          [
            [
              790.109,
              187.088
            ],
            [
              811.773,
              187.088
            ],
            [
              811.773,
              262.912
            ],
            [
              790.109,
              262.912
            ],
            [
              790.109,
              187.088
            ]
          ]
        ]
      },
      "properties": {
        "footprint": 1642.65,
        "floors": 8,
        "height": 25.6,
        "roof": "flat",
        "setback": 2.71,
        "use": "commercial",
        "material": "concrete",
        "editable_volume": {
          "width": 21.66,
          "depth": 75.82,
          "height": 25.6
        },
        "feature_type": "Building",
        "parent_id": "lot-block-district-commercial-13-32-3",
        "stage": "buildings",
        "seed": 7043210347868971060
      }
    },
    {
      "type": "Feature",
      "id": "building-lot-block-district-commercial-13-33-1",
      "geometry": {
        "type": "Polygon",
        "coordinates": [
          [
            [
              825.949,
              187.088
            ],
            [
              847.613,
              187.088
            ],
            [
              847.613,
              262.912
            ],
            [
              825.949,
              262.912
            ],
            [
              825.949,
              187.088
            ]
          ]
        ]
      },
      "properties": {
        "footprint": 1642.65,
        "floors": 7,
        "height": 22.4,
        "roof": "flat",
        "setback": 2.71,
        "use": "commercial",
        "material": "concrete",
        "editable_volume": {
          "width": 21.66,
          "depth": 75.82,
          "height": 22.4
        },
        "feature_type": "Building",
        "parent_id": "lot-block-district-commercial-13-33-1",
        "stage": "buildings",
        "seed": 7043210347868971060
      }
    },
    {
      "type": "Feature",
      "id": "building-lot-block-district-commercial-13-33-2",
      "geometry": {
        "type": "Polygon",
        "coordinates": [
          [
            [
              856.029,
              187.088
            ],
            [
              877.693,
              187.088
            ],
            [
              877.693,
              262.912
            ],
            [
              856.029,
              262.912
            ],
            [
              856.029,
              187.088
            ]
          ]
        ]
      },
      "properties": {
        "footprint": 1642.65,
        "floors": 8,
        "height": 25.6,
        "roof": "flat",
        "setback": 2.71,
        "use": "commercial",
        "material": "concrete",
        "editable_volume": {
          "width": 21.66,
          "depth": 75.82,
          "height": 25.6
        },
        "feature_type": "Building",
        "parent_id": "lot-block-district-commercial-13-33-2",
        "stage": "buildings",
        "seed": 7043210347868971060
      }
    },
    {
      "type": "Feature",
      "id": "building-lot-block-district-commercial-13-33-3",
      "geometry": {
        "type": "Polygon",
        "coordinates": [
          [
            [
              886.109,
              187.088
            ],
            [
              907.773,
              187.088
            ],
            [
              907.773,
              262.912
            ],
            [
              886.109,
              262.912
            ],
            [
              886.109,
              187.088
            ]
          ]
        ]
      },
      "properties": {
        "footprint": 1642.65,
        "floors": 6,
        "height": 19.2,
        "roof": "flat",
        "setback": 2.71,
        "use": "commercial",
        "material": "concrete",
        "editable_volume": {
          "width": 21.66,
          "depth": 75.82,
          "height": 19.2
        },
        "feature_type": "Building",
        "parent_id": "lot-block-district-commercial-13-33-3",
        "stage": "buildings",
        "seed": 7043210347868971060
      }
    },
    {
      "type": "Feature",
      "id": "building-lot-block-district-residential-14-11-2",
      "geometry": {
        "type": "Polygon",
        "coordinates": [
          [
            [
              949.168,
              7.088
            ],
            [
              970.832,
              7.088
            ],
            [
              970.832,
              82.912
            ],
            [
              949.168,
              82.912
            ],
            [
              949.168,
              7.088
            ]
          ]
        ]
      },
      "properties": {
        "footprint": 1642.65,
        "floors": 2,
        "height": 6.4,
        "roof": "flat",
        "setback": 2.71,
        "use": "residential",
        "material": "mixed",
        "editable_volume": {
          "width": 21.66,
          "depth": 75.82,
          "height": 6.4
        },
        "feature_type": "Building",
        "parent_id": "lot-block-district-residential-14-11-2",
        "stage": "buildings",
        "seed": 7043210347868971060
      }
    },
    {
      "type": "Feature",
      "id": "building-lot-block-district-residential-14-11-3",
      "geometry": {
        "type": "Polygon",
        "coordinates": [
          [
            [
              979.248,
              7.088
            ],
            [
              1000.912,
              7.088
            ],
            [
              1000.912,
              82.912
            ],
            [
              979.248,
              82.912
            ],
            [
              979.248,
              7.088
            ]
          ]
        ]
      },
      "properties": {
        "footprint": 1642.65,
        "floors": 7,
        "height": 22.4,
        "roof": "flat",
        "setback": 2.71,
        "use": "residential",
        "material": "mixed",
        "editable_volume": {
          "width": 21.66,
          "depth": 75.82,
          "height": 22.4
        },
        "feature_type": "Building",
        "parent_id": "lot-block-district-residential-14-11-3",
        "stage": "buildings",
        "seed": 7043210347868971060
      }
    },
    {
      "type": "Feature",
      "id": "building-lot-block-district-residential-14-12-1",
      "geometry": {
        "type": "Polygon",
        "coordinates": [
          [
            [
              1015.088,
              7.088
            ],
            [
              1036.752,
              7.088
            ],
            [
              1036.752,
              82.912
            ],
            [
              1015.088,
              82.912
            ],
            [
              1015.088,
              7.088
            ]
          ]
        ]
      },
      "properties": {
        "footprint": 1642.65,
        "floors": 5,
        "height": 16.0,
        "roof": "flat",
        "setback": 2.71,
        "use": "residential",
        "material": "mixed",
        "editable_volume": {
          "width": 21.66,
          "depth": 75.82,
          "height": 16.0
        },
        "feature_type": "Building",
        "parent_id": "lot-block-district-residential-14-12-1",
        "stage": "buildings",
        "seed": 7043210347868971060
      }
    },
    {
      "type": "Feature",
      "id": "building-lot-block-district-residential-14-12-2",
      "geometry": {
        "type": "Polygon",
        "coordinates": [
          [
            [
              1045.168,
              7.088
            ],
            [
              1066.832,
              7.088
            ],
            [
              1066.832,
              82.912
            ],
            [
              1045.168,
              82.912
            ],
            [
              1045.168,
              7.088
            ]
          ]
        ]
      },
      "properties": {
        "footprint": 1642.65,
        "floors": 7,
        "height": 22.4,
        "roof": "flat",
        "setback": 2.71,
        "use": "residential",
        "material": "mixed",
        "editable_volume": {
          "width": 21.66,
          "depth": 75.82,
          "height": 22.4
        },
        "feature_type": "Building",
        "parent_id": "lot-block-district-residential-14-12-2",
        "stage": "buildings",
        "seed": 7043210347868971060
      }
    },
    {
      "type": "Feature",
      "id": "building-lot-block-district-residential-14-13-1",
      "geometry": {
        "type": "Polygon",
        "coordinates": [
          [
            [
              1111.088,
              7.088
            ],
            [
              1132.752,
              7.088
            ],
            [
              1132.752,
              82.912
            ],
            [
              1111.088,
              82.912
            ],
            [
              1111.088,
              7.088
            ]
          ]
        ]
      },
      "properties": {
        "footprint": 1642.65,
        "floors": 2,
        "height": 6.4,
        "roof": "flat",
        "setback": 2.71,
        "use": "residential",
        "material": "mixed",
        "editable_volume": {
          "width": 21.66,
          "depth": 75.82,
          "height": 6.4
        },
        "feature_type": "Building",
        "parent_id": "lot-block-district-residential-14-13-1",
        "stage": "buildings",
        "seed": 7043210347868971060
      }
    },
    {
      "type": "Feature",
      "id": "building-lot-block-district-residential-14-13-3",
      "geometry": {
        "type": "Polygon",
        "coordinates": [
          [
            [
              1171.248,
              7.088
            ],
            [
              1192.912,
              7.088
            ],
            [
              1192.912,
              82.912
            ],
            [
              1171.248,
              82.912
            ],
            [
              1171.248,
              7.088
            ]
          ]
        ]
      },
      "properties": {
        "footprint": 1642.65,
        "floors": 3,
        "height": 9.6,
        "roof": "flat",
        "setback": 2.71,
        "use": "residential",
        "material": "mixed",
        "editable_volume": {
          "width": 21.66,
          "depth": 75.82,
          "height": 9.6
        },
        "feature_type": "Building",
        "parent_id": "lot-block-district-residential-14-13-3",
        "stage": "buildings",
        "seed": 7043210347868971060
      }
    },
    {
      "type": "Feature",
      "id": "building-lot-block-district-residential-14-21-1",
      "geometry": {
        "type": "Polygon",
        "coordinates": [
          [
            [
              919.088,
              97.088
            ],
            [
              940.752,
              97.088
            ],
            [
              940.752,
              172.912
            ],
            [
              919.088,
              172.912
            ],
            [
              919.088,
              97.088
            ]
          ]
        ]
      },
      "properties": {
        "footprint": 1642.65,
        "floors": 6,
        "height": 19.2,
        "roof": "flat",
        "setback": 2.71,
        "use": "residential",
        "material": "mixed",
        "editable_volume": {
          "width": 21.66,
          "depth": 75.82,
          "height": 19.2
        },
        "feature_type": "Building",
        "parent_id": "lot-block-district-residential-14-21-1",
        "stage": "buildings",
        "seed": 7043210347868971060
      }
    },
    {
      "type": "Feature",
      "id": "building-lot-block-district-residential-14-21-2",
      "geometry": {
        "type": "Polygon",
        "coordinates": [
          [
            [
              949.168,
              97.088
            ],
            [
              970.832,
              97.088
            ],
            [
              970.832,
              172.912
            ],
            [
              949.168,
              172.912
            ],
            [
              949.168,
              97.088
            ]
          ]
        ]
      },
      "properties": {
        "footprint": 1642.65,
        "floors": 5,
        "height": 16.0,
        "roof": "flat",
        "setback": 2.71,
        "use": "residential",
        "material": "mixed",
        "editable_volume": {
          "width": 21.66,
          "depth": 75.82,
          "height": 16.0
        },
        "feature_type": "Building",
        "parent_id": "lot-block-district-residential-14-21-2",
        "stage": "buildings",
        "seed": 7043210347868971060
      }
    },
    {
      "type": "Feature",
      "id": "building-lot-block-district-residential-14-21-3",
      "geometry": {
        "type": "Polygon",
        "coordinates": [
          [
            [
              979.248,
              97.088
            ],
            [
              1000.912,
              97.088
            ],
            [
              1000.912,
              172.912
            ],
            [
              979.248,
              172.912
            ],
            [
              979.248,
              97.088
            ]
          ]
        ]
      },
      "properties": {
        "footprint": 1642.65,
        "floors": 5,
        "height": 16.0,
        "roof": "flat",
        "setback": 2.71,
        "use": "residential",
        "material": "mixed",
        "editable_volume": {
          "width": 21.66,
          "depth": 75.82,
          "height": 16.0
        },
        "feature_type": "Building",
        "parent_id": "lot-block-district-residential-14-21-3",
        "stage": "buildings",
        "seed": 7043210347868971060
      }
    },
    {
      "type": "Feature",
      "id": "building-lot-block-district-residential-14-22-1",
      "geometry": {
        "type": "Polygon",
        "coordinates": [
          [
            [
              1015.088,
              96.91
            ],
            [
              1036.752,
              96.91
            ],
            [
              1036.752,
              173.09
            ],
            [
              1015.088,
              173.09
            ],
            [
              1015.088,
              96.91
            ]
          ]
        ]
      },
      "properties": {
        "footprint": 1650.36,
        "floors": 7,
        "height": 22.4,
        "roof": "flat",
        "setback": 2.71,
        "use": "residential",
        "material": "mixed",
        "editable_volume": {
          "width": 21.66,
          "depth": 76.18,
          "height": 22.4
        },
        "feature_type": "Building",
        "parent_id": "lot-block-district-residential-14-22-1",
        "stage": "buildings",
        "seed": 7043210347868971060
      }
    },
    {
      "type": "Feature",
      "id": "building-lot-block-district-residential-14-22-2",
      "geometry": {
        "type": "Polygon",
        "coordinates": [
          [
            [
              1045.168,
              96.91
            ],
            [
              1066.832,
              96.91
            ],
            [
              1066.832,
              173.09
            ],
            [
              1045.168,
              173.09
            ],
            [
              1045.168,
              96.91
            ]
          ]
        ]
      },
      "properties": {
        "footprint": 1650.36,
        "floors": 2,
        "height": 6.4,
        "roof": "hip",
        "setback": 2.71,
        "use": "residential",
        "material": "mixed",
        "editable_volume": {
          "width": 21.66,
          "depth": 76.18,
          "height": 6.4
        },
        "feature_type": "Building",
        "parent_id": "lot-block-district-residential-14-22-2",
        "stage": "buildings",
        "seed": 7043210347868971060
      }
    },
    {
      "type": "Feature",
      "id": "building-lot-block-district-residential-14-23-3",
      "geometry": {
        "type": "Polygon",
        "coordinates": [
          [
            [
              1171.248,
              97.088
            ],
            [
              1192.912,
              97.088
            ],
            [
              1192.912,
              172.912
            ],
            [
              1171.248,
              172.912
            ],
            [
              1171.248,
              97.088
            ]
          ]
        ]
      },
      "properties": {
        "footprint": 1642.65,
        "floors": 6,
        "height": 19.2,
        "roof": "flat",
        "setback": 2.71,
        "use": "residential",
        "material": "mixed",
        "editable_volume": {
          "width": 21.66,
          "depth": 75.82,
          "height": 19.2
        },
        "feature_type": "Building",
        "parent_id": "lot-block-district-residential-14-23-3",
        "stage": "buildings",
        "seed": 7043210347868971060
      }
    },
    {
      "type": "Feature",
      "id": "building-lot-block-district-residential-14-31-1",
      "geometry": {
        "type": "Polygon",
        "coordinates": [
          [
            [
              919.088,
              187.088
            ],
            [
              940.752,
              187.088
            ],
            [
              940.752,
              262.912
            ],
            [
              919.088,
              262.912
            ],
            [
              919.088,
              187.088
            ]
          ]
        ]
      },
      "properties": {
        "footprint": 1642.65,
        "floors": 4,
        "height": 12.8,
        "roof": "flat",
        "setback": 2.71,
        "use": "residential",
        "material": "mixed",
        "editable_volume": {
          "width": 21.66,
          "depth": 75.82,
          "height": 12.8
        },
        "feature_type": "Building",
        "parent_id": "lot-block-district-residential-14-31-1",
        "stage": "buildings",
        "seed": 7043210347868971060
      }
    },
    {
      "type": "Feature",
      "id": "building-lot-block-district-residential-14-31-2",
      "geometry": {
        "type": "Polygon",
        "coordinates": [
          [
            [
              949.168,
              187.088
            ],
            [
              970.832,
              187.088
            ],
            [
              970.832,
              262.912
            ],
            [
              949.168,
              262.912
            ],
            [
              949.168,
              187.088
            ]
          ]
        ]
      },
      "properties": {
        "footprint": 1642.65,
        "floors": 3,
        "height": 9.6,
        "roof": "gable",
        "setback": 2.71,
        "use": "residential",
        "material": "mixed",
        "editable_volume": {
          "width": 21.66,
          "depth": 75.82,
          "height": 9.6
        },
        "feature_type": "Building",
        "parent_id": "lot-block-district-residential-14-31-2",
        "stage": "buildings",
        "seed": 7043210347868971060
      }
    },
    {
      "type": "Feature",
      "id": "building-lot-block-district-residential-14-31-3",
      "geometry": {
        "type": "Polygon",
        "coordinates": [
          [
            [
              979.248,
              187.088
            ],
            [
              1000.912,
              187.088
            ],
            [
              1000.912,
              262.912
            ],
            [
              979.248,
              262.912
            ],
            [
              979.248,
              187.088
            ]
          ]
        ]
      },
      "properties": {
        "footprint": 1642.65,
        "floors": 6,
        "height": 19.2,
        "roof": "flat",
        "setback": 2.71,
        "use": "residential",
        "material": "mixed",
        "editable_volume": {
          "width": 21.66,
          "depth": 75.82,
          "height": 19.2
        },
        "feature_type": "Building",
        "parent_id": "lot-block-district-residential-14-31-3",
        "stage": "buildings",
        "seed": 7043210347868971060
      }
    },
    {
      "type": "Feature",
      "id": "building-lot-block-district-residential-14-32-2",
      "geometry": {
        "type": "Polygon",
        "coordinates": [
          [
            [
              1045.168,
              187.088
            ],
            [
              1066.832,
              187.088
            ],
            [
              1066.832,
              262.912
            ],
            [
              1045.168,
              262.912
            ],
            [
              1045.168,
              187.088
            ]
          ]
        ]
      },
      "properties": {
        "footprint": 1642.65,
        "floors": 6,
        "height": 19.2,
        "roof": "flat",
        "setback": 2.71,
        "use": "residential",
        "material": "mixed",
        "editable_volume": {
          "width": 21.66,
          "depth": 75.82,
          "height": 19.2
        },
        "feature_type": "Building",
        "parent_id": "lot-block-district-residential-14-32-2",
        "stage": "buildings",
        "seed": 7043210347868971060
      }
    },
    {
      "type": "Feature",
      "id": "building-lot-block-district-residential-14-32-3",
      "geometry": {
        "type": "Polygon",
        "coordinates": [
          [
            [
              1075.248,
              187.088
            ],
            [
              1096.912,
              187.088
            ],
            [
              1096.912,
              262.912
            ],
            [
              1075.248,
              262.912
            ],
            [
              1075.248,
              187.088
            ]
          ]
        ]
      },
      "properties": {
        "footprint": 1642.65,
        "floors": 5,
        "height": 16.0,
        "roof": "flat",
        "setback": 2.71,
        "use": "residential",
        "material": "mixed",
        "editable_volume": {
          "width": 21.66,
          "depth": 75.82,
          "height": 16.0
        },
        "feature_type": "Building",
        "parent_id": "lot-block-district-residential-14-32-3",
        "stage": "buildings",
        "seed": 7043210347868971060
      }
    },
    {
      "type": "Feature",
      "id": "building-lot-block-district-residential-14-33-1",
      "geometry": {
        "type": "Polygon",
        "coordinates": [
          [
            [
              1111.088,
              187.088
            ],
            [
              1132.752,
              187.088
            ],
            [
              1132.752,
              262.912
            ],
            [
              1111.088,
              262.912
            ],
            [
              1111.088,
              187.088
            ]
          ]
        ]
      },
      "properties": {
        "footprint": 1642.65,
        "floors": 6,
        "height": 19.2,
        "roof": "flat",
        "setback": 2.71,
        "use": "residential",
        "material": "mixed",
        "editable_volume": {
          "width": 21.66,
          "depth": 75.82,
          "height": 19.2
        },
        "feature_type": "Building",
        "parent_id": "lot-block-district-residential-14-33-1",
        "stage": "buildings",
        "seed": 7043210347868971060
      }
    },
    {
      "type": "Feature",
      "id": "building-lot-block-district-residential-14-33-2",
      "geometry": {
        "type": "Polygon",
        "coordinates": [
          [
            [
              1141.168,
              187.088
            ],
            [
              1162.832,
              187.088
            ],
            [
              1162.832,
              262.912
            ],
            [
              1141.168,
              262.912
            ],
            [
              1141.168,
              187.088
            ]
          ]
        ]
      },
      "properties": {
        "footprint": 1642.65,
        "floors": 7,
        "height": 22.4,
        "roof": "flat",
        "setback": 2.71,
        "use": "residential",
        "material": "mixed",
        "editable_volume": {
          "width": 21.66,
          "depth": 75.82,
          "height": 22.4
        },
        "feature_type": "Building",
        "parent_id": "lot-block-district-residential-14-33-2",
        "stage": "buildings",
        "seed": 7043210347868971060
      }
    },
    {
      "type": "Feature",
      "id": "building-lot-block-district-industrial-21-11-1",
      "geometry": {
        "type": "Polygon",
        "coordinates": [
          [
            [
              7.435,
              281.881
            ],
            [
              48.725,
              281.881
            ],
            [
              48.725,
              345.011
            ],
            [
              7.435,
              345.011
            ],
            [
              7.435,
              281.881
            ]
          ]
        ]
      },
      "properties": {
        "footprint": 2606.6,
        "floors": 4,
        "height": 12.8,
        "roof": "flat",
        "setback": 2.82,
        "use": "industrial",
        "material": "mixed",
        "editable_volume": {
          "width": 41.29,
          "depth": 63.13,
          "height": 12.8
        },
        "feature_type": "Building",
        "parent_id": "lot-block-district-industrial-21-11-1",
        "stage": "buildings",
        "seed": 7043210347868971060
      }
    },
    {
      "type": "Feature",
      "id": "building-lot-block-district-industrial-21-11-2",
      "geometry": {
        "type": "Polygon",
        "coordinates": [
          [
            [
              57.355,
              281.881
            ],
            [
              98.645,
              281.881
            ],
            [
              98.645,
              345.011
            ],
            [
              57.355,
              345.011
            ],
            [
              57.355,
              281.881
            ]
          ]
        ]
      },
      "properties": {
        "footprint": 2606.6,
        "floors": 1,
        "height": 3.2,
        "roof": "flat",
        "setback": 2.82,
        "use": "industrial",
        "material": "mixed",
        "editable_volume": {
          "width": 41.29,
          "depth": 63.13,
          "height": 3.2
        },
        "feature_type": "Building",
        "parent_id": "lot-block-district-industrial-21-11-2",
        "stage": "buildings",
        "seed": 7043210347868971060
      }
    },
    {
      "type": "Feature",
      "id": "building-lot-block-district-industrial-21-12-1",
      "geometry": {
        "type": "Polygon",
        "coordinates": [
          [
            [
              163.435,
              281.881
            ],
            [
              204.725,
              281.881
            ],
            [
              204.725,
              345.011
            ],
            [
              163.435,
              345.011
            ],
            [
              163.435,
              281.881
            ]
          ]
        ]
      },
      "properties": {
        "footprint": 2606.6,
        "floors": 1,
        "height": 3.2,
        "roof": "flat",
        "setback": 2.82,
        "use": "industrial",
        "material": "mixed",
        "editable_volume": {
          "width": 41.29,
          "depth": 63.13,
          "height": 3.2
        },
        "feature_type": "Building",
        "parent_id": "lot-block-district-industrial-21-12-1",
        "stage": "buildings",
        "seed": 7043210347868971060
      }
    },
    {
      "type": "Feature",
      "id": "building-lot-block-district-industrial-21-12-2",
      "geometry": {
        "type": "Polygon",
        "coordinates": [
          [
            [
              213.355,
              281.881
            ],
            [
              254.645,
              281.881
            ],
            [
              254.645,
              345.011
            ],
            [
              213.355,
              345.011
            ],
            [
              213.355,
              281.881
            ]
          ]
        ]
      },
      "properties": {
        "footprint": 2606.6,
        "floors": 1,
        "height": 3.2,
        "roof": "flat",
        "setback": 2.82,
        "use": "industrial",
        "material": "mixed",
        "editable_volume": {
          "width": 41.29,
          "depth": 63.13,
          "height": 3.2
        },
        "feature_type": "Building",
        "parent_id": "lot-block-district-industrial-21-12-2",
        "stage": "buildings",
        "seed": 7043210347868971060
      }
    },
    {
      "type": "Feature",
      "id": "building-lot-block-district-industrial-21-12-3",
      "geometry": {
        "type": "Polygon",
        "coordinates": [
          [
            [
              263.275,
              281.881
            ],
            [
              304.565,
              281.881
            ],
            [
              304.565,
              345.011
            ],
            [
              263.275,
              345.011
            ],
            [
              263.275,
              281.881
            ]
          ]
        ]
      },
      "properties": {
        "footprint": 2606.6,
        "floors": 2,
        "height": 6.4,
        "roof": "flat",
        "setback": 2.82,
        "use": "industrial",
        "material": "mixed",
        "editable_volume": {
          "width": 41.29,
          "depth": 63.13,
          "height": 6.4
        },
        "feature_type": "Building",
        "parent_id": "lot-block-district-industrial-21-12-3",
        "stage": "buildings",
        "seed": 7043210347868971060
      }
    },
    {
      "type": "Feature",
      "id": "building-lot-block-district-industrial-21-21-1",
      "geometry": {
        "type": "Polygon",
        "coordinates": [
          [
            [
              7.435,
              359.248
            ],
            [
              48.725,
              359.248
            ],
            [
              48.725,
              423.644
            ],
            [
              7.435,
              423.644
            ],
            [
              7.435,
              359.248
            ]
          ]
        ]
      },
      "properties": {
        "footprint": 2658.87,
        "floors": 3,
        "height": 9.6,
        "roof": "flat",
        "setback": 2.82,
        "use": "industrial",
        "material": "mixed",
        "editable_volume": {
          "width": 41.29,
          "depth": 64.4,
          "height": 9.6
        },
        "feature_type": "Building",
        "parent_id": "lot-block-district-industrial-21-21-1",
        "stage": "buildings",
        "seed": 7043210347868971060
      }
    },
    {
      "type": "Feature",
      "id": "building-lot-block-district-industrial-21-21-2",
      "geometry": {
        "type": "Polygon",
        "coordinates": [
          [
            [
              57.355,
              359.248
            ],
            [
              98.645,
              359.248
            ],
            [
              98.645,
              423.644
            ],
            [
              57.355,
              423.644
            ],
            [
              57.355,
              359.248
            ]
          ]
        ]
      },
      "properties": {
        "footprint": 2658.87,
        "floors": 2,
        "height": 6.4,
        "roof": "flat",
        "setback": 2.82,
        "use": "industrial",
        "material": "mixed",
        "editable_volume": {
          "width": 41.29,
          "depth": 64.4,
          "height": 6.4
        },
        "feature_type": "Building",
        "parent_id": "lot-block-district-industrial-21-21-2",
        "stage": "buildings",
        "seed": 7043210347868971060
      }
    },
    {
      "type": "Feature",
      "id": "building-lot-block-district-industrial-21-21-3",
      "geometry": {
        "type": "Polygon",
        "coordinates": [
          [
            [
              107.275,
              359.248
            ],
            [
              148.565,
              359.248
            ],
            [
              148.565,
              423.644
            ],
            [
              107.275,
              423.644
            ],
            [
              107.275,
              359.248
            ]
          ]
        ]
      },
      "properties": {
        "footprint": 2658.87,
        "floors": 3,
        "height": 9.6,
        "roof": "flat",
        "setback": 2.82,
        "use": "industrial",
        "material": "mixed",
        "editable_volume": {
          "width": 41.29,
          "depth": 64.4,
          "height": 9.6
        },
        "feature_type": "Building",
        "parent_id": "lot-block-district-industrial-21-21-3",
        "stage": "buildings",
        "seed": 7043210347868971060
      }
    },
    {
      "type": "Feature",
      "id": "building-lot-block-district-industrial-21-22-1",
      "geometry": {
        "type": "Polygon",
        "coordinates": [
          [
            [
              163.435,
              357.42
            ],
            [
              204.725,
              357.42
            ],
            [
              204.725,
              425.472
            ],
            [
              163.435,
              425.472
            ],
            [
              163.435,
              357.42
            ]
          ]
        ]
      },
      "properties": {
        "footprint": 2809.82,
        "floors": 2,
        "height": 6.4,
        "roof": "flat",
        "setback": 2.82,
        "use": "industrial",
        "material": "mixed",
        "editable_volume": {
          "width": 41.29,
          "depth": 68.05,
          "height": 6.4
        },
        "feature_type": "Building",
        "parent_id": "lot-block-district-industrial-21-22-1",
        "stage": "buildings",
        "seed": 7043210347868971060
      }
    },
    {
      "type": "Feature",
      "id": "building-lot-block-district-industrial-21-22-2",
      "geometry": {
        "type": "Polygon",
        "coordinates": [
          [
            [
              213.355,
              357.42
            ],
            [
              254.645,
              357.42
            ],
            [
              254.645,
              425.472
            ],
            [
              213.355,
              425.472
            ],
            [
              213.355,
              357.42
            ]
          ]
        ]
      },
      "properties": {
        "footprint": 2809.82,
        "floors": 1,
        "height": 3.2,
        "roof": "flat",
        "setback": 2.82,
        "use": "industrial",
        "material": "mixed",
        "editable_volume": {
          "width": 41.29,
          "depth": 68.05,
          "height": 3.2
        },
        "feature_type": "Building",
        "parent_id": "lot-block-district-industrial-21-22-2",
        "stage": "buildings",
        "seed": 7043210347868971060
      }
    },
    {
      "type": "Feature",
      "id": "building-lot-block-district-industrial-21-22-3",
      "geometry": {
        "type": "Polygon",
        "coordinates": [
          [
            [
              263.275,
              357.42
            ],
            [
              304.565,
              357.42
            ],
            [
              304.565,
              425.472
            ],
            [
              263.275,
              425.472
            ],
            [
              263.275,
              357.42
            ]
          ]
        ]
      },
      "properties": {
        "footprint": 2809.82,
        "floors": 4,
        "height": 12.8,
        "roof": "flat",
        "setback": 2.82,
        "use": "industrial",
        "material": "mixed",
        "editable_volume": {
          "width": 41.29,
          "depth": 68.05,
          "height": 12.8
        },
        "feature_type": "Building",
        "parent_id": "lot-block-district-industrial-21-22-3",
        "stage": "buildings",
        "seed": 7043210347868971060
      }
    },
    {
      "type": "Feature",
      "id": "building-lot-block-district-industrial-21-31-1",
      "geometry": {
        "type": "Polygon",
        "coordinates": [
          [
            [
              7.435,
              437.811
            ],
            [
              48.725,
              437.811
            ],
            [
              48.725,
              501.081
            ],
            [
              7.435,
              501.081
            ],
            [
              7.435,
              437.811
            ]
          ]
        ]
      },
      "properties": {
        "footprint": 2612.38,
        "floors": 1,
        "height": 3.2,
        "roof": "flat",
        "setback": 2.82,
        "use": "industrial",
        "material": "mixed",
        "editable_volume": {
          "width": 41.29,
          "depth": 63.27,
          "height": 3.2
        },
        "feature_type": "Building",
        "parent_id": "lot-block-district-industrial-21-31-1",
        "stage": "buildings",
        "seed": 7043210347868971060
      }
    },
    {
      "type": "Feature",
      "id": "building-lot-block-district-industrial-21-31-2",
      "geometry": {
        "type": "Polygon",
        "coordinates": [
          [
            [
              57.355,
              437.811
            ],
            [
              98.645,
              437.811
            ],
            [
              98.645,
              501.081
            ],
            [
              57.355,
              501.081
            ],
            [
              57.355,
              437.811
            ]
          ]
        ]
      },
      "properties": {
        "footprint": 2612.38,
        "floors": 2,
        "height": 6.4,
        "roof": "flat",
        "setback": 2.82,
        "use": "industrial",
        "material": "mixed",
        "editable_volume": {
          "width": 41.29,
          "depth": 63.27,
          "height": 6.4
        },
        "feature_type": "Building",
        "parent_id": "lot-block-district-industrial-21-31-2",
        "stage": "buildings",
        "seed": 7043210347868971060
      }
    },
    {
      "type": "Feature",
      "id": "building-lot-block-district-industrial-21-31-3",
      "geometry": {
        "type": "Polygon",
        "coordinates": [
          [
            [
              107.275,
              437.811
            ],
            [
              148.565,
              437.811
            ],
            [
              148.565,
              501.081
            ],
            [
              107.275,
              501.081
            ],
            [
              107.275,
              437.811
            ]
          ]
        ]
      },
      "properties": {
        "footprint": 2612.38,
        "floors": 3,
        "height": 9.6,
        "roof": "flat",
        "setback": 2.82,
        "use": "industrial",
        "material": "mixed",
        "editable_volume": {
          "width": 41.29,
          "depth": 63.27,
          "height": 9.6
        },
        "feature_type": "Building",
        "parent_id": "lot-block-district-industrial-21-31-3",
        "stage": "buildings",
        "seed": 7043210347868971060
      }
    },
    {
      "type": "Feature",
      "id": "building-lot-block-district-industrial-21-32-1",
      "geometry": {
        "type": "Polygon",
        "coordinates": [
          [
            [
              163.435,
              437.881
            ],
            [
              204.725,
              437.881
            ],
            [
              204.725,
              501.011
            ],
            [
              163.435,
              501.011
            ],
            [
              163.435,
              437.881
            ]
          ]
        ]
      },
      "properties": {
        "footprint": 2606.6,
        "floors": 2,
        "height": 6.4,
        "roof": "flat",
        "setback": 2.82,
        "use": "industrial",
        "material": "mixed",
        "editable_volume": {
          "width": 41.29,
          "depth": 63.13,
          "height": 6.4
        },
        "feature_type": "Building",
        "parent_id": "lot-block-district-industrial-21-32-1",
        "stage": "buildings",
        "seed": 7043210347868971060
      }
    },
    {
      "type": "Feature",
      "id": "building-lot-block-district-industrial-21-32-2",
      "geometry": {
        "type": "Polygon",
        "coordinates": [
          [
            [
              213.355,
              437.881
            ],
            [
              254.645,
              437.881
            ],
            [
              254.645,
              501.011
            ],
            [
              213.355,
              501.011
            ],
            [
              213.355,
              437.881
            ]
          ]
        ]
      },
      "properties": {
        "footprint": 2606.6,
        "floors": 4,
        "height": 12.8,
        "roof": "flat",
        "setback": 2.82,
        "use": "industrial",
        "material": "mixed",
        "editable_volume": {
          "width": 41.29,
          "depth": 63.13,
          "height": 12.8
        },
        "feature_type": "Building",
        "parent_id": "lot-block-district-industrial-21-32-2",
        "stage": "buildings",
        "seed": 7043210347868971060
      }
    },
    {
      "type": "Feature",
      "id": "building-lot-block-district-industrial-21-32-3",
      "geometry": {
        "type": "Polygon",
        "coordinates": [
          [
            [
              263.275,
              437.881
            ],
            [
              304.565,
              437.881
            ],
            [
              304.565,
              501.011
            ],
            [
              263.275,
              501.011
            ],
            [
              263.275,
              437.881
            ]
          ]
        ]
      },
      "properties": {
        "footprint": 2606.6,
        "floors": 2,
        "height": 6.4,
        "roof": "flat",
        "setback": 2.82,
        "use": "industrial",
        "material": "mixed",
        "editable_volume": {
          "width": 41.29,
          "depth": 63.13,
          "height": 6.4
        },
        "feature_type": "Building",
        "parent_id": "lot-block-district-industrial-21-32-3",
        "stage": "buildings",
        "seed": 7043210347868971060
      }
    },
    {
      "type": "Feature",
      "id": "building-lot-block-district-business-22-11-1",
      "geometry": {
        "type": "Polygon",
        "coordinates": [
          [
            [
              318.514,
              278.716
            ],
            [
              342.183,
              278.716
            ],
            [
              342.183,
              341.558
            ],
            [
              318.514,
              341.558
            ],
            [
              318.514,
              278.716
            ]
          ]
        ]
      },
      "properties": {
        "footprint": 1487.46,
        "floors": 8,
        "height": 25.6,
        "roof": "flat",
        "setback": 2.96,
        "use": "business",
        "material": "concrete",
        "editable_volume": {
          "width": 23.67,
          "depth": 62.84,
          "height": 25.6
        },
        "feature_type": "Building",
        "parent_id": "lot-block-district-business-22-11-1",
        "stage": "buildings",
        "seed": 7043210347868971060
      }
    },
    {
      "type": "Feature",
      "id": "building-lot-block-district-business-22-11-2",
      "geometry": {
        "type": "Polygon",
        "coordinates": [
          [
            [
              351.101,
              278.716
            ],
            [
              374.769,
              278.716
            ],
            [
              374.769,
              341.558
            ],
            [
              351.101,
              341.558
            ],
            [
              351.101,
              278.716
            ]
          ]
        ]
      },
      "properties": {
        "footprint": 1487.41,
        "floors": 6,
        "height": 19.2,
        "roof": "flat",
        "setback": 2.96,
        "use": "business",
        "material": "concrete",
        "editable_volume": {
          "width": 23.67,
          "depth": 62.84,
          "height": 19.2
        },
        "feature_type": "Building",
        "parent_id": "lot-block-district-business-22-11-2",
        "stage": "buildings",
        "seed": 7043210347868971060
      }
    },
    {
      "type": "Feature",
      "id": "building-lot-block-district-business-22-11-3",
      "geometry": {
        "type": "Polygon",
        "coordinates": [
          [
            [
              383.687,
              278.716
            ],
            [
              407.356,
              278.716
            ],
            [
              407.356,
              341.558
            ],
            [
              383.687,
              341.558
            ],
            [
              383.687,
              278.716
            ]
          ]
        ]
      },
      "properties": {
        "footprint": 1487.46,
        "floors": 9,
        "height": 28.8,
        "roof": "flat",
        "setback": 2.96,
        "use": "business",
        "material": "concrete",
        "editable_volume": {
          "width": 23.67,
          "depth": 62.84,
          "height": 28.8
        },
        "feature_type": "Building",
        "parent_id": "lot-block-district-business-22-11-3",
        "stage": "buildings",
        "seed": 7043210347868971060
      }
    },
    {
      "type": "Feature",
      "id": "building-lot-block-district-business-22-12-1",
      "geometry": {
        "type": "Polygon",
        "coordinates": [
          [
            [
              422.514,
              277.32
            ],
            [
              446.183,
              277.32
            ],
            [
              446.183,
              342.954
            ],
            [
              422.514,
              342.954
            ],
            [
              422.514,
              277.32
            ]
          ]
        ]
      },
      "properties": {
        "footprint": 1553.54,
        "floors": 7,
        "height": 22.4,
        "roof": "flat",
        "setback": 2.96,
        "use": "business",
        "material": "concrete",
        "editable_volume": {
          "width": 23.67,
          "depth": 65.63,
          "height": 22.4
        },
        "feature_type": "Building",
        "parent_id": "lot-block-district-business-22-12-1",
        "stage": "buildings",
        "seed": 7043210347868971060
      }
    },
    {
      "type": "Feature",
      "id": "building-lot-block-district-business-22-12-2",
      "geometry": {
        "type": "Polygon",
        "coordinates": [
          [
            [
              455.101,
              277.32
            ],
            [
              478.769,
              277.32
            ],
            [
              478.769,
              342.954
            ],
            [
              455.101,
              342.954
            ],
            [
              455.101,
              277.32
            ]
          ]
        ]
      },
      "properties": {
        "footprint": 1553.5,
        "floors": 18,
        "height": 57.6,
        "roof": "flat",
        "setback": 2.96,
        "use": "business",
        "material": "concrete",
        "editable_volume": {
          "width": 23.67,
          "depth": 65.63,
          "height": 57.6
        },
        "feature_type": "Building",
        "parent_id": "lot-block-district-business-22-12-2",
        "stage": "buildings",
        "seed": 7043210347868971060
      }
    },
    {
      "type": "Feature",
      "id": "building-lot-block-district-business-22-12-3",
      "geometry": {
        "type": "Polygon",
        "coordinates": [
          [
            [
              487.687,
              277.32
            ],
            [
              511.356,
              277.32
            ],
            [
              511.356,
              342.954
            ],
            [
              487.687,
              342.954
            ],
            [
              487.687,
              277.32
            ]
          ]
        ]
      },
      "properties": {
        "footprint": 1553.54,
        "floors": 16,
        "height": 51.2,
        "roof": "flat",
        "setback": 2.96,
        "use": "business",
        "material": "concrete",
        "editable_volume": {
          "width": 23.67,
          "depth": 65.63,
          "height": 51.2
        },
        "feature_type": "Building",
        "parent_id": "lot-block-district-business-22-12-3",
        "stage": "buildings",
        "seed": 7043210347868971060
      }
    },
    {
      "type": "Feature",
      "id": "building-lot-block-district-business-22-13-1",
      "geometry": {
        "type": "Polygon",
        "coordinates": [
          [
            [
              526.514,
              275.964
            ],
            [
              550.183,
              275.964
            ],
            [
              550.183,
              344.31
            ],
            [
              526.514,
              344.31
            ],
            [
              526.514,
              275.964
            ]
          ]
        ]
      },
      "properties": {
        "footprint": 1617.74,
        "floors": 17,
        "height": 54.4,
        "roof": "flat",
        "setback": 2.96,
        "use": "business",
        "material": "concrete",
        "editable_volume": {
          "width": 23.67,
          "depth": 68.35,
          "height": 54.4
        },
        "feature_type": "Building",
        "parent_id": "lot-block-district-business-22-13-1",
        "stage": "buildings",
        "seed": 7043210347868971060
      }
    },
    {
      "type": "Feature",
      "id": "building-lot-block-district-business-22-13-2",
      "geometry": {
        "type": "Polygon",
        "coordinates": [
          [
            [
              559.101,
              275.964
            ],
            [
              582.769,
              275.964
            ],
            [
              582.769,
              344.31
            ],
            [
              559.101,
              344.31
            ],
            [
              559.101,
              275.964
            ]
          ]
        ]
      },
      "properties": {
        "footprint": 1617.69,
        "floors": 6,
        "height": 19.2,
        "roof": "flat",
        "setback": 2.96,
        "use": "business",
        "material": "concrete",
        "editable_volume": {
          "width": 23.67,
          "depth": 68.35,
          "height": 19.2
        },
        "feature_type": "Building",
        "parent_id": "lot-block-district-business-22-13-2",
        "stage": "buildings",
        "seed": 7043210347868971060
      }
    },
    {
      "type": "Feature",
      "id": "building-lot-block-district-business-22-13-3",
      "geometry": {
        "type": "Polygon",
        "coordinates": [
          [
            [
              591.687,
              275.964
            ],
            [
              615.356,
              275.964
            ],
            [
              615.356,
              344.31
            ],
            [
              591.687,
              344.31
            ],
            [
              591.687,
              275.964
            ]
          ]
        ]
      },
      "properties": {
        "footprint": 1617.74,
        "floors": 18,
        "height": 57.6,
        "roof": "flat",
        "setback": 2.96,
        "use": "business",
        "material": "concrete",
        "editable_volume": {
          "width": 23.67,
          "depth": 68.35,
          "height": 57.6
        },
        "feature_type": "Building",
        "parent_id": "lot-block-district-business-22-13-3",
        "stage": "buildings",
        "seed": 7043210347868971060
      }
    },
    {
      "type": "Feature",
      "id": "building-lot-block-district-business-22-21-1",
      "geometry": {
        "type": "Polygon",
        "coordinates": [
          [
            [
              318.514,
              355.33
            ],
            [
              342.183,
              355.33
            ],
            [
              342.183,
              420.944
            ],
            [
              318.514,
              420.944
            ],
            [
              318.514,
              355.33
            ]
          ]
        ]
      },
      "properties": {
        "footprint": 1553.07,
        "floors": 9,
        "height": 28.8,
        "roof": "flat",
        "setback": 2.96,
        "use": "business",
        "material": "concrete",
        "editable_volume": {
          "width": 23.67,
          "depth": 65.61,
          "height": 28.8
        },
        "feature_type": "Building",
        "parent_id": "lot-block-district-business-22-21-1",
        "stage": "buildings",
        "seed": 7043210347868971060
      }
    },
    {
      "type": "Feature",
      "id": "building-lot-block-district-business-22-21-2",
      "geometry": {
        "type": "Polygon",
        "coordinates": [
          [
            [
              351.101,
              355.33
            ],
            [
              374.769,
              355.33
            ],
            [
              374.769,
              420.944
            ],
            [
              351.101,
              420.944
            ],
            [
              351.101,
              355.33
            ]
          ]
        ]
      },
      "properties": {
        "footprint": 1553.02,
        "floors": 12,
        "height": 38.4,
        "roof": "flat",
        "setback": 2.96,
        "use": "business",
        "material": "concrete",
        "editable_volume": {
          "width": 23.67,
          "depth": 65.61,
          "height": 38.4
        },
        "feature_type": "Building",
        "parent_id": "lot-block-district-business-22-21-2",
        "stage": "buildings",
        "seed": 7043210347868971060
      }
    },
    {
      "type": "Feature",
      "id": "building-lot-block-district-business-22-21-3",
      "geometry": {
        "type": "Polygon",
        "coordinates": [
          [
            [
              383.687,
              355.33
            ],
            [
              407.356,
              355.33
            ],
            [
              407.356,
              420.944
            ],
            [
              383.687,
              420.944
            ],
            [
              383.687,
              355.33
            ]
          ]
        ]
      },
      "properties": {
        "footprint": 1553.07,
        "floors": 9,
        "height": 28.8,
        "roof": "flat",
        "setback": 2.96,
        "use": "business",
        "material": "concrete",
        "editable_volume": {
          "width": 23.67,
          "depth": 65.61,
          "height": 28.8
        },
        "feature_type": "Building",
        "parent_id": "lot-block-district-business-22-21-3",
        "stage": "buildings",
        "seed": 7043210347868971060
      }
    },
    {
      "type": "Feature",
      "id": "building-lot-block-district-business-22-22-1",
      "geometry": {
        "type": "Polygon",
        "coordinates": [
          [
            [
              422.514,
              355.83
            ],
            [
              446.183,
              355.83
            ],
            [
              446.183,
              420.444
            ],
            [
              422.514,
              420.444
            ],
            [
              422.514,
              355.83
            ]
          ]
        ]
      },
      "properties": {
        "footprint": 1529.4,
        "floors": 15,
        "height": 48.0,
        "roof": "flat",
        "setback": 2.96,
        "use": "business",
        "material": "concrete",
        "editable_volume": {
          "width": 23.67,
          "depth": 64.61,
          "height": 48.0
        },
        "feature_type": "Building",
        "parent_id": "lot-block-district-business-22-22-1",
        "stage": "buildings",
        "seed": 7043210347868971060
      }
    },
    {
      "type": "Feature",
      "id": "building-lot-block-district-business-22-22-2",
      "geometry": {
        "type": "Polygon",
        "coordinates": [
          [
            [
              455.101,
              355.83
            ],
            [
              478.769,
              355.83
            ],
            [
              478.769,
              420.444
            ],
            [
              455.101,
              420.444
            ],
            [
              455.101,
              355.83
            ]
          ]
        ]
      },
      "properties": {
        "footprint": 1529.35,
        "floors": 9,
        "height": 28.8,
        "roof": "flat",
        "setback": 2.96,
        "use": "business",
        "material": "concrete",
        "editable_volume": {
          "width": 23.67,
          "depth": 64.61,
          "height": 28.8
        },
        "feature_type": "Building",
        "parent_id": "lot-block-district-business-22-22-2",
        "stage": "buildings",
        "seed": 7043210347868971060
      }
    },
    {
      "type": "Feature",
      "id": "building-lot-block-district-business-22-22-3",
      "geometry": {
        "type": "Polygon",
        "coordinates": [
          [
            [
              487.687,
              355.83
            ],
            [
              511.356,
              355.83
            ],
            [
              511.356,
              420.444
            ],
            [
              487.687,
              420.444
            ],
            [
              487.687,
              355.83
            ]
          ]
        ]
      },
      "properties": {
        "footprint": 1529.4,
        "floors": 12,
        "height": 38.4,
        "roof": "flat",
        "setback": 2.96,
        "use": "business",
        "material": "concrete",
        "editable_volume": {
          "width": 23.67,
          "depth": 64.61,
          "height": 38.4
        },
        "feature_type": "Building",
        "parent_id": "lot-block-district-business-22-22-3",
        "stage": "buildings",
        "seed": 7043210347868971060
      }
    },
    {
      "type": "Feature",
      "id": "building-lot-block-district-business-22-23-1",
      "geometry": {
        "type": "Polygon",
        "coordinates": [
          [
            [
              526.514,
              356.502
            ],
            [
              550.183,
              356.502
            ],
            [
              550.183,
              419.772
            ],
            [
              526.514,
              419.772
            ],
            [
              526.514,
              356.502
            ]
          ]
        ]
      },
      "properties": {
        "footprint": 1497.59,
        "floors": 13,
        "height": 41.6,
        "roof": "flat",
        "setback": 2.96,
        "use": "business",
        "material": "concrete",
        "editable_volume": {
          "width": 23.67,
          "depth": 63.27,
          "height": 41.6
        },
        "feature_type": "Building",
        "parent_id": "lot-block-district-business-22-23-1",
        "stage": "buildings",
        "seed": 7043210347868971060
      }
    },
    {
      "type": "Feature",
      "id": "building-lot-block-district-business-22-23-2",
      "geometry": {
        "type": "Polygon",
        "coordinates": [
          [
            [
              559.101,
              356.502
            ],
            [
              582.769,
              356.502
            ],
            [
              582.769,
              419.772
            ],
            [
              559.101,
              419.772
            ],
            [
              559.101,
              356.502
            ]
          ]
        ]
      },
      "properties": {
        "footprint": 1497.54,
        "floors": 8,
        "height": 25.6,
        "roof": "flat",
        "setback": 2.96,
        "use": "business",
        "material": "concrete",
        "editable_volume": {
          "width": 23.67,
          "depth": 63.27,
          "height": 25.6
        },
        "feature_type": "Building",
        "parent_id": "lot-block-district-business-22-23-2",
        "stage": "buildings",
        "seed": 7043210347868971060
      }
    },
    {
      "type": "Feature",
      "id": "building-lot-block-district-business-22-23-3",
      "geometry": {
        "type": "Polygon",
        "coordinates": [
          [
            [
              591.687,
              356.502
            ],
            [
              615.356,
              356.502
            ],
            [
              615.356,
              419.772
            ],
            [
              591.687,
              419.772
            ],
            [
              591.687,
              356.502
            ]
          ]
        ]
      },
      "properties": {
        "footprint": 1497.59,
        "floors": 11,
        "height": 35.2,
        "roof": "flat",
        "setback": 2.96,
        "use": "business",
        "material": "concrete",
        "editable_volume": {
          "width": 23.67,
          "depth": 63.27,
          "height": 35.2
        },
        "feature_type": "Building",
        "parent_id": "lot-block-district-business-22-23-3",
        "stage": "buildings",
        "seed": 7043210347868971060
      }
    },
    {
      "type": "Feature",
      "id": "building-lot-block-district-business-22-31-1",
      "geometry": {
        "type": "Polygon",
        "coordinates": [
          [
            [
              318.514,
              433.413
            ],
            [
              342.183,
              433.413
            ],
            [
              342.183,
              498.861
            ],
            [
              318.514,
              498.861
            ],
            [
              318.514,
              433.413
            ]
          ]
        ]
      },
      "properties": {
        "footprint": 1549.14,
        "floors": 17,
        "height": 54.4,
        "roof": "flat",
        "setback": 2.96,
        "use": "business",
        "material": "concrete",
        "editable_volume": {
          "width": 23.67,
          "depth": 65.45,
          "height": 54.4
        },
        "feature_type": "Building",
        "parent_id": "lot-block-district-business-22-31-1",
        "stage": "buildings",
        "seed": 7043210347868971060
      }
    },
    {
      "type": "Feature",
      "id": "building-lot-block-district-business-22-31-2",
      "geometry": {
        "type": "Polygon",
        "coordinates": [
          [
            [
              351.101,
              433.413
            ],
            [
              374.769,
              433.413
            ],
            [
              374.769,
              498.861
            ],
            [
              351.101,
              498.861
            ],
            [
              351.101,
              433.413
            ]
          ]
        ]
      },
      "properties": {
        "footprint": 1549.09,
        "floors": 16,
        "height": 51.2,
        "roof": "flat",
        "setback": 2.96,
        "use": "business",
        "material": "concrete",
        "editable_volume": {
          "width": 23.67,
          "depth": 65.45,
          "height": 51.2
        },
        "feature_type": "Building",
        "parent_id": "lot-block-district-business-22-31-2",
        "stage": "buildings",
        "seed": 7043210347868971060
      }
    },
    {
      "type": "Feature",
      "id": "building-lot-block-district-business-22-31-3",
      "geometry": {
        "type": "Polygon",
        "coordinates": [
          [
            [
              383.687,
              433.413
            ],
            [
              407.356,
              433.413
            ],
            [
              407.356,
              498.861
            ],
            [
              383.687,
              498.861
            ],
            [
              383.687,
              433.413
            ]
          ]
        ]
      },
      "properties": {
        "footprint": 1549.14,
        "floors": 6,
        "height": 19.2,
        "roof": "flat",
        "setback": 2.96,
        "use": "business",
        "material": "concrete",
        "editable_volume": {
          "width": 23.67,
          "depth": 65.45,
          "height": 19.2
        },
        "feature_type": "Building",
        "parent_id": "lot-block-district-business-22-31-3",
        "stage": "buildings",
        "seed": 7043210347868971060
      }
    },
    {
      "type": "Feature",
      "id": "building-lot-block-district-business-22-32-1",
      "geometry": {
        "type": "Polygon",
        "coordinates": [
          [
            [
              422.514,
              434.155
            ],
            [
              446.183,
              434.155
            ],
            [
              446.183,
              498.119
            ],
            [
              422.514,
              498.119
            ],
            [
              422.514,
              434.155
            ]
          ]
        ]
      },
      "properties": {
        "footprint": 1514.02,
        "floors": 14,
        "height": 44.8,
        "roof": "flat",
        "setback": 2.96,
        "use": "business",
        "material": "concrete",
        "editable_volume": {
          "width": 23.67,
          "depth": 63.96,
          "height": 44.8
        },
        "feature_type": "Building",
        "parent_id": "lot-block-district-business-22-32-1",
        "stage": "buildings",
        "seed": 7043210347868971060
      }
    },
    {
      "type": "Feature",
      "id": "building-lot-block-district-business-22-32-2",
      "geometry": {
        "type": "Polygon",
        "coordinates": [
          [
            [
              455.101,
              434.155
            ],
            [
              478.769,
              434.155
            ],
            [
              478.769,
              498.119
            ],
            [
              455.101,
              498.119
            ],
            [
              455.101,
              434.155
            ]
          ]
        ]
      },
      "properties": {
        "footprint": 1513.97,
        "floors": 11,
        "height": 35.2,
        "roof": "flat",
        "setback": 2.96,
        "use": "business",
        "material": "concrete",
        "editable_volume": {
          "width": 23.67,
          "depth": 63.96,
          "height": 35.2
        },
        "feature_type": "Building",
        "parent_id": "lot-block-district-business-22-32-2",
        "stage": "buildings",
        "seed": 7043210347868971060
      }
    },
    {
      "type": "Feature",
      "id": "building-lot-block-district-business-22-32-3",
      "geometry": {
        "type": "Polygon",
        "coordinates": [
          [
            [
              487.687,
              434.155
            ],
            [
              511.356,
              434.155
            ],
            [
              511.356,
              498.119
            ],
            [
              487.687,
              498.119
            ],
            [
              487.687,
              434.155
            ]
          ]
        ]
      },
      "properties": {
        "footprint": 1514.02,
        "floors": 17,
        "height": 54.4,
        "roof": "flat",
        "setback": 2.96,
        "use": "business",
        "material": "concrete",
        "editable_volume": {
          "width": 23.67,
          "depth": 63.96,
          "height": 54.4
        },
        "feature_type": "Building",
        "parent_id": "lot-block-district-business-22-32-3",
        "stage": "buildings",
        "seed": 7043210347868971060
      }
    },
    {
      "type": "Feature",
      "id": "building-lot-block-district-business-22-33-1",
      "geometry": {
        "type": "Polygon",
        "coordinates": [
          [
            [
              526.514,
              432.984
            ],
            [
              550.183,
              432.984
            ],
            [
              550.183,
              499.29
            ],
            [
              526.514,
              499.29
            ],
            [
              526.514,
              432.984
            ]
          ]
        ]
      },
      "properties": {
        "footprint": 1569.45,
        "floors": 14,
        "height": 44.8,
        "roof": "flat",
        "setback": 2.96,
        "use": "business",
        "material": "concrete",
        "editable_volume": {
          "width": 23.67,
          "depth": 66.31,
          "height": 44.8
        },
        "feature_type": "Building",
        "parent_id": "lot-block-district-business-22-33-1",
        "stage": "buildings",
        "seed": 7043210347868971060
      }
    },
    {
      "type": "Feature",
      "id": "building-lot-block-district-business-22-33-2",
      "geometry": {
        "type": "Polygon",
        "coordinates": [
          [
            [
              559.101,
              432.984
            ],
            [
              582.769,
              432.984
            ],
            [
              582.769,
              499.29
            ],
            [
              559.101,
              499.29
            ],
            [
              559.101,
              432.984
            ]
          ]
        ]
      },
      "properties": {
        "footprint": 1569.4,
        "floors": 10,
        "height": 32.0,
        "roof": "flat",
        "setback": 2.96,
        "use": "business",
        "material": "concrete",
        "editable_volume": {
          "width": 23.67,
          "depth": 66.31,
          "height": 32.0
        },
        "feature_type": "Building",
        "parent_id": "lot-block-district-business-22-33-2",
        "stage": "buildings",
        "seed": 7043210347868971060
      }
    },
    {
      "type": "Feature",
      "id": "building-lot-block-district-old_town-23-11-1",
      "geometry": {
        "type": "Polygon",
        "coordinates": [
          [
            [
              629.784,
              277.976
            ],
            [
              651.448,
              277.976
            ],
            [
              651.448,
              341.8
            ],
            [
              629.784,
              341.8
            ],
            [
              629.784,
              277.976
            ]
          ]
        ]
      },
      "properties": {
        "footprint": 1382.68,
        "floors": 3,
        "height": 9.6,
        "roof": "hip",
        "setback": 2.71,
        "use": "old_town",
        "material": "mixed",
        "editable_volume": {
          "width": 21.66,
          "depth": 63.82,
          "height": 9.6
        },
        "feature_type": "Building",
        "parent_id": "lot-block-district-old_town-23-11-1",
        "stage": "buildings",
        "seed": 7043210347868971060
      }
    },
    {
      "type": "Feature",
      "id": "building-lot-block-district-old_town-23-11-2",
      "geometry": {
        "type": "Polygon",
        "coordinates": [
          [
            [
              659.864,
              277.976
            ],
            [
              681.528,
              277.976
            ],
            [
              681.528,
              341.8
            ],
            [
              659.864,
              341.8
            ],
            [
              659.864,
              277.976
            ]
          ]
        ]
      },
      "properties": {
        "footprint": 1382.68,
        "floors": 4,
        "height": 12.8,
        "roof": "flat",
        "setback": 2.71,
        "use": "old_town",
        "material": "mixed",
        "editable_volume": {
          "width": 21.66,
          "depth": 63.82,
          "height": 12.8
        },
        "feature_type": "Building",
        "parent_id": "lot-block-district-old_town-23-11-2",
        "stage": "buildings",
        "seed": 7043210347868971060
      }
    },
    {
      "type": "Feature",
      "id": "building-lot-block-district-old_town-23-12-1",
      "geometry": {
        "type": "Polygon",
        "coordinates": [
          [
            [
              725.784,
              277.976
            ],
            [
              747.448,
              277.976
            ],
            [
              747.448,
              341.8
            ],
            [
              725.784,
              341.8
            ],
            [
              725.784,
              277.976
            ]
          ]
        ]
      },
      "properties": {
        "footprint": 1382.68,
        "floors": 2,
        "height": 6.4,
        "roof": "hip",
        "setback": 2.71,
        "use": "old_town",
        "material": "mixed",
        "editable_volume": {
          "width": 21.66,
          "depth": 63.82,
          "height": 6.4
        },
        "feature_type": "Building",
        "parent_id": "lot-block-district-old_town-23-12-1",
        "stage": "buildings",
        "seed": 7043210347868971060
      }
    },
    {
      "type": "Feature",
      "id": "building-lot-block-district-old_town-23-12-3",
      "geometry": {
        "type": "Polygon",
        "coordinates": [
          [
            [
              785.944,
              277.976
            ],
            [
              807.608,
              277.976
            ],
            [
              807.608,
              341.8
            ],
            [
              785.944,
              341.8
            ],
            [
              785.944,
              277.976
            ]
          ]
        ]
      },
      "properties": {
        "footprint": 1382.68,
        "floors": 3,
        "height": 9.6,
        "roof": "hip",
        "setback": 2.71,
        "use": "old_town",
        "material": "mixed",
        "editable_volume": {
          "width": 21.66,
          "depth": 63.82,
          "height": 9.6
        },
        "feature_type": "Building",
        "parent_id": "lot-block-district-old_town-23-12-3",
        "stage": "buildings",
        "seed": 7043210347868971060
      }
    },
    {
      "type": "Feature",
      "id": "building-lot-block-district-old_town-23-13-1",
      "geometry": {
        "type": "Polygon",
        "coordinates": [
          [
            [
              821.784,
              277.976
            ],
            [
              843.448,
              277.976
            ],
            [
              843.448,
              341.8
            ],
            [
              821.784,
              341.8
            ],
            [
              821.784,
              277.976
            ]
          ]
        ]
      },
      "properties": {
        "footprint": 1382.68,
        "floors": 4,
        "height": 12.8,
        "roof": "flat",
        "setback": 2.71,
        "use": "old_town",
        "material": "mixed",
        "editable_volume": {
          "width": 21.66,
          "depth": 63.82,
          "height": 12.8
        },
        "feature_type": "Building",
        "parent_id": "lot-block-district-old_town-23-13-1",
        "stage": "buildings",
        "seed": 7043210347868971060
      }
    },
    {
      "type": "Feature",
      "id": "building-lot-block-district-old_town-23-13-2",
      "geometry": {
        "type": "Polygon",
        "coordinates": [
          [
            [
              851.864,
              277.976
            ],
            [
              873.528,
              277.976
            ],
            [
              873.528,
              341.8
            ],
            [
              851.864,
              341.8
            ],
            [
              851.864,
              277.976
            ]
          ]
        ]
      },
      "properties": {
        "footprint": 1382.68,
        "floors": 5,
        "height": 16.0,
        "roof": "flat",
        "setback": 2.71,
        "use": "old_town",
        "material": "mixed",
        "editable_volume": {
          "width": 21.66,
          "depth": 63.82,
          "height": 16.0
        },
        "feature_type": "Building",
        "parent_id": "lot-block-district-old_town-23-13-2",
        "stage": "buildings",
        "seed": 7043210347868971060
      }
    },
    {
      "type": "Feature",
      "id": "building-lot-block-district-old_town-23-13-3",
      "geometry": {
        "type": "Polygon",
        "coordinates": [
          [
            [
              881.944,
              277.976
            ],
            [
              903.608,
              277.976
            ],
            [
              903.608,
              341.8
            ],
            [
              881.944,
              341.8
            ],
            [
              881.944,
              277.976
            ]
          ]
        ]
      },
      "properties": {
        "footprint": 1382.68,
        "floors": 4,
        "height": 12.8,
        "roof": "flat",
        "setback": 2.71,
        "use": "old_town",
        "material": "mixed",
        "editable_volume": {
          "width": 21.66,
          "depth": 63.82,
          "height": 12.8
        },
        "feature_type": "Building",
        "parent_id": "lot-block-district-old_town-23-13-3",
        "stage": "buildings",
        "seed": 7043210347868971060
      }
    },
    {
      "type": "Feature",
      "id": "building-lot-block-district-old_town-23-21-1",
      "geometry": {
        "type": "Polygon",
        "coordinates": [
          [
            [
              629.784,
              355.976
            ],
            [
              651.448,
              355.976
            ],
            [
              651.448,
              419.8
            ],
            [
              629.784,
              419.8
            ],
            [
              629.784,
              355.976
            ]
          ]
        ]
      },
      "properties": {
        "footprint": 1382.68,
        "floors": 4,
        "height": 12.8,
        "roof": "flat",
        "setback": 2.71,
        "use": "old_town",
        "material": "mixed",
        "editable_volume": {
          "width": 21.66,
          "depth": 63.82,
          "height": 12.8
        },
        "feature_type": "Building",
        "parent_id": "lot-block-district-old_town-23-21-1",
        "stage": "buildings",
        "seed": 7043210347868971060
      }
    },
    {
      "type": "Feature",
      "id": "building-lot-block-district-old_town-23-21-2",
      "geometry": {
        "type": "Polygon",
        "coordinates": [
          [
            [
              659.864,
              355.976
            ],
            [
              681.528,
              355.976
            ],
            [
              681.528,
              419.8
            ],
            [
              659.864,
              419.8
            ],
            [
              659.864,
              355.976
            ]
          ]
        ]
      },
      "properties": {
        "footprint": 1382.68,
        "floors": 5,
        "height": 16.0,
        "roof": "flat",
        "setback": 2.71,
        "use": "old_town",
        "material": "mixed",
        "editable_volume": {
          "width": 21.66,
          "depth": 63.82,
          "height": 16.0
        },
        "feature_type": "Building",
        "parent_id": "lot-block-district-old_town-23-21-2",
        "stage": "buildings",
        "seed": 7043210347868971060
      }
    },
    {
      "type": "Feature",
      "id": "building-lot-block-district-old_town-23-22-1",
      "geometry": {
        "type": "Polygon",
        "coordinates": [
          [
            [
              725.784,
              353.094
            ],
            [
              747.448,
              353.094
            ],
            [
              747.448,
              422.682
            ],
            [
              725.784,
              422.682
            ],
            [
              725.784,
              353.094
            ]
          ]
        ]
      },
      "properties": {
        "footprint": 1507.55,
        "floors": 2,
        "height": 6.4,
        "roof": "gable",
        "setback": 2.71,
        "use": "old_town",
        "material": "mixed",
        "editable_volume": {
          "width": 21.66,
          "depth": 69.59,
          "height": 6.4
        },
        "feature_type": "Building",
        "parent_id": "lot-block-district-old_town-23-22-1",
        "stage": "buildings",
        "seed": 7043210347868971060
      }
    },
    {
      "type": "Feature",
      "id": "building-lot-block-district-old_town-23-22-2",
      "geometry": {
        "type": "Polygon",
        "coordinates": [
          [
            [
              755.864,
              353.094
            ],
            [
              777.528,
              353.094
            ],
            [
              777.528,
              422.682
            ],
            [
              755.864,
              422.682
            ],
            [
              755.864,
              353.094
            ]
          ]
        ]
      },
      "properties": {
        "footprint": 1507.55,
        "floors": 5,
        "height": 16.0,
        "roof": "flat",
        "setback": 2.71,
        "use": "old_town",
        "material": "mixed",
        "editable_volume": {
          "width": 21.66,
          "depth": 69.59,
          "height": 16.0
        },
        "feature_type": "Building",
        "parent_id": "lot-block-district-old_town-23-22-2",
        "stage": "buildings",
        "seed": 7043210347868971060
      }
    },
    {
      "type": "Feature",
      "id": "building-lot-block-district-old_town-23-22-3",
      "geometry": {
        "type": "Polygon",
        "coordinates": [
          [
            [
              785.944,
              353.094
            ],
            [
              807.608,
              353.094
            ],
            [
              807.608,
              422.682
            ],
            [
              785.944,
              422.682
            ],
            [
              785.944,
              353.094
            ]
          ]
        ]
      },
      "properties": {
        "footprint": 1507.55,
        "floors": 5,
        "height": 16.0,
        "roof": "flat",
        "setback": 2.71,
        "use": "old_town",
        "material": "mixed",
        "editable_volume": {
          "width": 21.66,
          "depth": 69.59,
          "height": 16.0
        },
        "feature_type": "Building",
        "parent_id": "lot-block-district-old_town-23-22-3",
        "stage": "buildings",
        "seed": 7043210347868971060
      }
    },
    {
      "type": "Feature",
      "id": "building-lot-block-district-old_town-23-23-2",
      "geometry": {
        "type": "Polygon",
        "coordinates": [
          [
            [
              851.864,
              355.976
            ],
            [
              873.528,
              355.976
            ],
            [
              873.528,
              419.8
            ],
            [
              851.864,
              419.8
            ],
            [
              851.864,
              355.976
            ]
          ]
        ]
      },
      "properties": {
        "footprint": 1382.68,
        "floors": 3,
        "height": 9.6,
        "roof": "flat",
        "setback": 2.71,
        "use": "old_town",
        "material": "mixed",
        "editable_volume": {
          "width": 21.66,
          "depth": 63.82,
          "height": 9.6
        },
        "feature_type": "Building",
        "parent_id": "lot-block-district-old_town-23-23-2",
        "stage": "buildings",
        "seed": 7043210347868971060
      }
    },
    {
      "type": "Feature",
      "id": "building-lot-block-district-old_town-23-23-3",
      "geometry": {
        "type": "Polygon",
        "coordinates": [
          [
            [
              881.944,
              355.976
            ],
            [
              903.608,
              355.976
            ],
            [
              903.608,
              419.8
            ],
            [
              881.944,
              419.8
            ],
            [
              881.944,
              355.976
            ]
          ]
        ]
      },
      "properties": {
        "footprint": 1382.68,
        "floors": 5,
        "height": 16.0,
        "roof": "flat",
        "setback": 2.71,
        "use": "old_town",
        "material": "mixed",
        "editable_volume": {
          "width": 21.66,
          "depth": 63.82,
          "height": 16.0
        },
        "feature_type": "Building",
        "parent_id": "lot-block-district-old_town-23-23-3",
        "stage": "buildings",
        "seed": 7043210347868971060
      }
    },
    {
      "type": "Feature",
      "id": "building-lot-block-district-old_town-23-31-1",
      "geometry": {
        "type": "Polygon",
        "coordinates": [
          [
            [
              629.784,
              433.976
            ],
            [
              651.448,
              433.976
            ],
            [
              651.448,
              497.8
            ],
            [
              629.784,
              497.8
            ],
            [
              629.784,
              433.976
            ]
          ]
        ]
      },
      "properties": {
        "footprint": 1382.68,
        "floors": 3,
        "height": 9.6,
        "roof": "flat",
        "setback": 2.71,
        "use": "old_town",
        "material": "mixed",
        "editable_volume": {
          "width": 21.66,
          "depth": 63.82,
          "height": 9.6
        },
        "feature_type": "Building",
        "parent_id": "lot-block-district-old_town-23-31-1",
        "stage": "buildings",
        "seed": 7043210347868971060
      }
    },
    {
      "type": "Feature",
      "id": "building-lot-block-district-old_town-23-31-2",
      "geometry": {
        "type": "Polygon",
        "coordinates": [
          [
            [
              659.864,
              433.976
            ],
            [
              681.528,
              433.976
            ],
            [
              681.528,
              497.8
            ],
            [
              659.864,
              497.8
            ],
            [
              659.864,
              433.976
            ]
          ]
        ]
      },
      "properties": {
        "footprint": 1382.68,
        "floors": 3,
        "height": 9.6,
        "roof": "flat",
        "setback": 2.71,
        "use": "old_town",
        "material": "mixed",
        "editable_volume": {
          "width": 21.66,
          "depth": 63.82,
          "height": 9.6
        },
        "feature_type": "Building",
        "parent_id": "lot-block-district-old_town-23-31-2",
        "stage": "buildings",
        "seed": 7043210347868971060
      }
    },
    {
      "type": "Feature",
      "id": "building-lot-block-district-old_town-23-31-3",
      "geometry": {
        "type": "Polygon",
        "coordinates": [
          [
            [
              689.944,
              433.976
            ],
            [
              711.608,
              433.976
            ],
            [
              711.608,
              497.8
            ],
            [
              689.944,
              497.8
            ],
            [
              689.944,
              433.976
            ]
          ]
        ]
      },
      "properties": {
        "footprint": 1382.68,
        "floors": 5,
        "height": 16.0,
        "roof": "flat",
        "setback": 2.71,
        "use": "old_town",
        "material": "mixed",
        "editable_volume": {
          "width": 21.66,
          "depth": 63.82,
          "height": 16.0
        },
        "feature_type": "Building",
        "parent_id": "lot-block-district-old_town-23-31-3",
        "stage": "buildings",
        "seed": 7043210347868971060
      }
    },
    {
      "type": "Feature",
      "id": "building-lot-block-district-old_town-23-32-1",
      "geometry": {
        "type": "Polygon",
        "coordinates": [
          [
            [
              725.784,
              432.869
            ],
            [
              747.448,
              432.869
            ],
            [
              747.448,
              498.907
            ],
            [
              725.784,
              498.907
            ],
            [
              725.784,
              432.869
            ]
          ]
        ]
      },
      "properties": {
        "footprint": 1430.65,
        "floors": 5,
        "height": 16.0,
        "roof": "flat",
        "setback": 2.71,
        "use": "old_town",
        "material": "mixed",
        "editable_volume": {
          "width": 21.66,
          "depth": 66.04,
          "height": 16.0
        },
        "feature_type": "Building",
        "parent_id": "lot-block-district-old_town-23-32-1",
        "stage": "buildings",
        "seed": 7043210347868971060
      }
    },
    {
      "type": "Feature",
      "id": "building-lot-block-district-old_town-23-32-2",
      "geometry": {
        "type": "Polygon",
        "coordinates": [
          [
            [
              755.864,
              432.869
            ],
            [
              777.528,
              432.869
            ],
            [
              777.528,
              498.907
            ],
            [
              755.864,
              498.907
            ],
            [
              755.864,
              432.869
            ]
          ]
        ]
      },
      "properties": {
        "footprint": 1430.65,
        "floors": 3,
        "height": 9.6,
        "roof": "hip",
        "setback": 2.71,
        "use": "old_town",
        "material": "mixed",
        "editable_volume": {
          "width": 21.66,
          "depth": 66.04,
          "height": 9.6
        },
        "feature_type": "Building",
        "parent_id": "lot-block-district-old_town-23-32-2",
        "stage": "buildings",
        "seed": 7043210347868971060
      }
    },
    {
      "type": "Feature",
      "id": "building-lot-block-district-old_town-23-32-3",
      "geometry": {
        "type": "Polygon",
        "coordinates": [
          [
            [
              785.944,
              432.869
            ],
            [
              807.608,
              432.869
            ],
            [
              807.608,
              498.907
            ],
            [
              785.944,
              498.907
            ],
            [
              785.944,
              432.869
            ]
          ]
        ]
      },
      "properties": {
        "footprint": 1430.65,
        "floors": 2,
        "height": 6.4,
        "roof": "gable",
        "setback": 2.71,
        "use": "old_town",
        "material": "mixed",
        "editable_volume": {
          "width": 21.66,
          "depth": 66.04,
          "height": 6.4
        },
        "feature_type": "Building",
        "parent_id": "lot-block-district-old_town-23-32-3",
        "stage": "buildings",
        "seed": 7043210347868971060
      }
    },
    {
      "type": "Feature",
      "id": "building-lot-block-district-old_town-23-33-1",
      "geometry": {
        "type": "Polygon",
        "coordinates": [
          [
            [
              821.784,
              433.976
            ],
            [
              843.448,
              433.976
            ],
            [
              843.448,
              497.8
            ],
            [
              821.784,
              497.8
            ],
            [
              821.784,
              433.976
            ]
          ]
        ]
      },
      "properties": {
        "footprint": 1382.68,
        "floors": 5,
        "height": 16.0,
        "roof": "flat",
        "setback": 2.71,
        "use": "old_town",
        "material": "mixed",
        "editable_volume": {
          "width": 21.66,
          "depth": 63.82,
          "height": 16.0
        },
        "feature_type": "Building",
        "parent_id": "lot-block-district-old_town-23-33-1",
        "stage": "buildings",
        "seed": 7043210347868971060
      }
    },
    {
      "type": "Feature",
      "id": "building-lot-block-district-old_town-23-33-3",
      "geometry": {
        "type": "Polygon",
        "coordinates": [
          [
            [
              881.944,
              433.976
            ],
            [
              903.608,
              433.976
            ],
            [
              903.608,
              497.8
            ],
            [
              881.944,
              497.8
            ],
            [
              881.944,
              433.976
            ]
          ]
        ]
      },
      "properties": {
        "footprint": 1382.68,
        "floors": 4,
        "height": 12.8,
        "roof": "flat",
        "setback": 2.71,
        "use": "old_town",
        "material": "mixed",
        "editable_volume": {
          "width": 21.66,
          "depth": 63.82,
          "height": 12.8
        },
        "feature_type": "Building",
        "parent_id": "lot-block-district-old_town-23-33-3",
        "stage": "buildings",
        "seed": 7043210347868971060
      }
    },
    {
      "type": "Feature",
      "id": "building-lot-block-district-residential-24-11-1",
      "geometry": {
        "type": "Polygon",
        "coordinates": [
          [
            [
              919.088,
              272.444
            ],
            [
              940.752,
              272.444
            ],
            [
              940.752,
              338.69
            ],
            [
              919.088,
              338.69
            ],
            [
              919.088,
              272.444
            ]
          ]
        ]
      },
      "properties": {
        "footprint": 1435.15,
        "floors": 2,
        "height": 6.4,
        "roof": "flat",
        "setback": 2.71,
        "use": "residential",
        "material": "mixed",
        "editable_volume": {
          "width": 21.66,
          "depth": 66.25,
          "height": 6.4
        },
        "feature_type": "Building",
        "parent_id": "lot-block-district-residential-24-11-1",
        "stage": "buildings",
        "seed": 7043210347868971060
      }
    },
    {
      "type": "Feature",
      "id": "building-lot-block-district-residential-24-11-2",
      "geometry": {
        "type": "Polygon",
        "coordinates": [
          [
            [
              949.168,
              272.444
            ],
            [
              970.832,
              272.444
            ],
            [
              970.832,
              338.69
            ],
            [
              949.168,
              338.69
            ],
            [
              949.168,
              272.444
            ]
          ]
        ]
      },
      "properties": {
        "footprint": 1435.15,
        "floors": 5,
        "height": 16.0,
        "roof": "flat",
        "setback": 2.71,
        "use": "residential",
        "material": "mixed",
        "editable_volume": {
          "width": 21.66,
          "depth": 66.25,
          "height": 16.0
        },
        "feature_type": "Building",
        "parent_id": "lot-block-district-residential-24-11-2",
        "stage": "buildings",
        "seed": 7043210347868971060
      }
    },
    {
      "type": "Feature",
      "id": "building-lot-block-district-residential-24-11-3",
      "geometry": {
        "type": "Polygon",
        "coordinates": [
          [
            [
              979.248,
              272.444
            ],
            [
              1000.912,
              272.444
            ],
            [
              1000.912,
              338.69
            ],
            [
              979.248,
              338.69
            ],
            [
              979.248,
              272.444
            ]
          ]
        ]
      },
      "properties": {
        "footprint": 1435.15,
        "floors": 5,
        "height": 16.0,
        "roof": "flat",
        "setback": 2.71,
        "use": "residential",
        "material": "mixed",
        "editable_volume": {
          "width": 21.66,
          "depth": 66.25,
          "height": 16.0
        },
        "feature_type": "Building",
        "parent_id": "lot-block-district-residential-24-11-3",
        "stage": "buildings",
        "seed": 7043210347868971060
      }
    },
    {
      "type": "Feature",
      "id": "building-lot-block-district-residential-24-12-1",
      "geometry": {
        "type": "Polygon",
        "coordinates": [
          [
            [
              1015.088,
              271.33
            ],
            [
              1036.752,
              271.33
            ],
            [
              1036.752,
              339.804
            ],
            [
              1015.088,
              339.804
            ],
            [
              1015.088,
              271.33
            ]
          ]
        ]
      },
      "properties": {
        "footprint": 1483.42,
        "floors": 2,
        "height": 6.4,
        "roof": "hip",
        "setback": 2.71,
        "use": "residential",
        "material": "mixed",
        "editable_volume": {
          "width": 21.66,
          "depth": 68.47,
          "height": 6.4
        },
        "feature_type": "Building",
        "parent_id": "lot-block-district-residential-24-12-1",
        "stage": "buildings",
        "seed": 7043210347868971060
      }
    },
    {
      "type": "Feature",
      "id": "building-lot-block-district-residential-24-12-2",
      "geometry": {
        "type": "Polygon",
        "coordinates": [
          [
            [
              1045.168,
              271.33
            ],
            [
              1066.832,
              271.33
            ],
            [
              1066.832,
              339.804
            ],
            [
              1045.168,
              339.804
            ],
            [
              1045.168,
              271.33
            ]
          ]
        ]
      },
      "properties": {
        "footprint": 1483.42,
        "floors": 5,
        "height": 16.0,
        "roof": "flat",
        "setback": 2.71,
        "use": "residential",
        "material": "mixed",
        "editable_volume": {
          "width": 21.66,
          "depth": 68.47,
          "height": 16.0
        },
        "feature_type": "Building",
        "parent_id": "lot-block-district-residential-24-12-2",
        "stage": "buildings",
        "seed": 7043210347868971060
      }
    },
    {
      "type": "Feature",
      "id": "building-lot-block-district-residential-24-13-1",
      "geometry": {
        "type": "Polygon",
        "coordinates": [
          [
            [
              1111.088,
              273.655
            ],
            [
              1132.752,
              273.655
            ],
            [
              1132.752,
              337.479
            ],
            [
              1111.088,
              337.479
            ],
            [
              1111.088,
              273.655
            ]
          ]
        ]
      },
      "properties": {
        "footprint": 1382.68,
        "floors": 3,
        "height": 9.6,
        "roof": "hip",
        "setback": 2.71,
        "use": "residential",
        "material": "mixed",
        "editable_volume": {
          "width": 21.66,
          "depth": 63.82,
          "height": 9.6
        },
        "feature_type": "Building",
        "parent_id": "lot-block-district-residential-24-13-1",
        "stage": "buildings",
        "seed": 7043210347868971060
      }
    },
    {
      "type": "Feature",
      "id": "building-lot-block-district-residential-24-13-2",
      "geometry": {
        "type": "Polygon",
        "coordinates": [
          [
            [
              1141.168,
              273.655
            ],
            [
              1162.832,
              273.655
            ],
            [
              1162.832,
              337.479
            ],
            [
              1141.168,
              337.479
            ],
            [
              1141.168,
              273.655
            ]
          ]
        ]
      },
      "properties": {
        "footprint": 1382.68,
        "floors": 2,
        "height": 6.4,
        "roof": "hip",
        "setback": 2.71,
        "use": "residential",
        "material": "mixed",
        "editable_volume": {
          "width": 21.66,
          "depth": 63.82,
          "height": 6.4
        },
        "feature_type": "Building",
        "parent_id": "lot-block-district-residential-24-13-2",
        "stage": "buildings",
        "seed": 7043210347868971060
      }
    },
    {
      "type": "Feature",
      "id": "building-lot-block-district-residential-24-13-3",
      "geometry": {
        "type": "Polygon",
        "coordinates": [
          [
            [
              1171.248,
              273.655
            ],
            [
              1192.912,
              273.655
            ],
            [
              1192.912,
              337.479
            ],
            [
              1171.248,
              337.479
            ],
            [
              1171.248,
              273.655
            ]
          ]
        ]
      },
      "properties": {
        "footprint": 1382.68,
        "floors": 3,
        "height": 9.6,
        "roof": "gable",
        "setback": 2.71,
        "use": "residential",
        "material": "mixed",
        "editable_volume": {
          "width": 21.66,
          "depth": 63.82,
          "height": 9.6
        },
        "feature_type": "Building",
        "parent_id": "lot-block-district-residential-24-13-3",
        "stage": "buildings",
        "seed": 7043210347868971060
      }
    },
    {
      "type": "Feature",
      "id": "building-lot-block-district-residential-24-21-1",
      "geometry": {
        "type": "Polygon",
        "coordinates": [
          [
            [
              919.088,
              349.713
            ],
            [
              940.752,
              349.713
            ],
            [
              940.752,
              417.421
            ],
            [
              919.088,
              417.421
            ],
            [
              919.088,
              349.713
            ]
          ]
        ]
      },
      "properties": {
        "footprint": 1466.83,
        "floors": 6,
        "height": 19.2,
        "roof": "flat",
        "setback": 2.71,
        "use": "residential",
        "material": "mixed",
        "editable_volume": {
          "width": 21.66,
          "depth": 67.71,
          "height": 19.2
        },
        "feature_type": "Building",
        "parent_id": "lot-block-district-residential-24-21-1",
        "stage": "buildings",
        "seed": 7043210347868971060
      }
    },
    {
      "type": "Feature",
      "id": "building-lot-block-district-residential-24-21-2",
      "geometry": {
        "type": "Polygon",
        "coordinates": [
          [
            [
              949.168,
              349.713
            ],
            [
              970.832,
              349.713
            ],
            [
              970.832,
              417.421
            ],
            [
              949.168,
              417.421
            ],
            [
              949.168,
              349.713
            ]
          ]
        ]
      },
      "properties": {
        "footprint": 1466.83,
        "floors": 3,
        "height": 9.6,
        "roof": "flat",
        "setback": 2.71,
        "use": "residential",
        "material": "mixed",
        "editable_volume": {
          "width": 21.66,
          "depth": 67.71,
          "height": 9.6
        },
        "feature_type": "Building",
        "parent_id": "lot-block-district-residential-24-21-2",
        "stage": "buildings",
        "seed": 7043210347868971060
      }
    },
    {
      "type": "Feature",
      "id": "building-lot-block-district-residential-24-22-1",
      "geometry": {
        "type": "Polygon",
        "coordinates": [
          [
            [
              1015.088,
              351.655
            ],
            [
              1036.752,
              351.655
            ],
            [
              1036.752,
              415.479
            ],
            [
              1015.088,
              415.479
            ],
            [
              1015.088,
              351.655
            ]
          ]
        ]
      },
      "properties": {
        "footprint": 1382.68,
        "floors": 5,
        "height": 16.0,
        "roof": "flat",
        "setback": 2.71,
        "use": "residential",
        "material": "mixed",
        "editable_volume": {
          "width": 21.66,
          "depth": 63.82,
          "height": 16.0
        },
        "feature_type": "Building",
        "parent_id": "lot-block-district-residential-24-22-1",
        "stage": "buildings",
        "seed": 7043210347868971060
      }
    },
    {
      "type": "Feature",
      "id": "building-lot-block-district-residential-24-22-2",
      "geometry": {
        "type": "Polygon",
        "coordinates": [
          [
            [
              1045.168,
              351.655
            ],
            [
              1066.832,
              351.655
            ],
            [
              1066.832,
              415.479
            ],
            [
              1045.168,
              415.479
            ],
            [
              1045.168,
              351.655
            ]
          ]
        ]
      },
      "properties": {
        "footprint": 1382.68,
        "floors": 6,
        "height": 19.2,
        "roof": "flat",
        "setback": 2.71,
        "use": "residential",
        "material": "mixed",
        "editable_volume": {
          "width": 21.66,
          "depth": 63.82,
          "height": 19.2
        },
        "feature_type": "Building",
        "parent_id": "lot-block-district-residential-24-22-2",
        "stage": "buildings",
        "seed": 7043210347868971060
      }
    },
    {
      "type": "Feature",
      "id": "building-lot-block-district-residential-24-22-3",
      "geometry": {
        "type": "Polygon",
        "coordinates": [
          [
            [
              1075.248,
              351.655
            ],
            [
              1096.912,
              351.655
            ],
            [
              1096.912,
              415.479
            ],
            [
              1075.248,
              415.479
            ],
            [
              1075.248,
              351.655
            ]
          ]
        ]
      },
      "properties": {
        "footprint": 1382.68,
        "floors": 2,
        "height": 6.4,
        "roof": "hip",
        "setback": 2.71,
        "use": "residential",
        "material": "mixed",
        "editable_volume": {
          "width": 21.66,
          "depth": 63.82,
          "height": 6.4
        },
        "feature_type": "Building",
        "parent_id": "lot-block-district-residential-24-22-3",
        "stage": "buildings",
        "seed": 7043210347868971060
      }
    },
    {
      "type": "Feature",
      "id": "building-lot-block-district-residential-24-23-1",
      "geometry": {
        "type": "Polygon",
        "coordinates": [
          [
            [
              1111.088,
              351.655
            ],
            [
              1132.752,
              351.655
            ],
            [
              1132.752,
              415.479
            ],
            [
              1111.088,
              415.479
            ],
            [
              1111.088,
              351.655
            ]
          ]
        ]
      },
      "properties": {
        "footprint": 1382.68,
        "floors": 7,
        "height": 22.4,
        "roof": "flat",
        "setback": 2.71,
        "use": "residential",
        "material": "mixed",
        "editable_volume": {
          "width": 21.66,
          "depth": 63.82,
          "height": 22.4
        },
        "feature_type": "Building",
        "parent_id": "lot-block-district-residential-24-23-1",
        "stage": "buildings",
        "seed": 7043210347868971060
      }
    },
    {
      "type": "Feature",
      "id": "building-lot-block-district-residential-24-23-2",
      "geometry": {
        "type": "Polygon",
        "coordinates": [
          [
            [
              1141.168,
              351.655
            ],
            [
              1162.832,
              351.655
            ],
            [
              1162.832,
              415.479
            ],
            [
              1141.168,
              415.479
            ],
            [
              1141.168,
              351.655
            ]
          ]
        ]
      },
      "properties": {
        "footprint": 1382.68,
        "floors": 2,
        "height": 6.4,
        "roof": "flat",
        "setback": 2.71,
        "use": "residential",
        "material": "mixed",
        "editable_volume": {
          "width": 21.66,
          "depth": 63.82,
          "height": 6.4
        },
        "feature_type": "Building",
        "parent_id": "lot-block-district-residential-24-23-2",
        "stage": "buildings",
        "seed": 7043210347868971060
      }
    },
    {
      "type": "Feature",
      "id": "building-lot-block-district-residential-24-23-3",
      "geometry": {
        "type": "Polygon",
        "coordinates": [
          [
            [
              1171.248,
              351.655
            ],
            [
              1192.912,
              351.655
            ],
            [
              1192.912,
              415.479
            ],
            [
              1171.248,
              415.479
            ],
            [
              1171.248,
              351.655
            ]
          ]
        ]
      },
      "properties": {
        "footprint": 1382.68,
        "floors": 7,
        "height": 22.4,
        "roof": "flat",
        "setback": 2.71,
        "use": "residential",
        "material": "mixed",
        "editable_volume": {
          "width": 21.66,
          "depth": 63.82,
          "height": 22.4
        },
        "feature_type": "Building",
        "parent_id": "lot-block-district-residential-24-23-3",
        "stage": "buildings",
        "seed": 7043210347868971060
      }
    },
    {
      "type": "Feature",
      "id": "building-lot-block-district-residential-24-31-1",
      "geometry": {
        "type": "Polygon",
        "coordinates": [
          [
            [
              919.088,
              427.986
            ],
            [
              940.752,
              427.986
            ],
            [
              940.752,
              495.148
            ],
            [
              919.088,
              495.148
            ],
            [
              919.088,
              427.986
            ]
          ]
        ]
      },
      "properties": {
        "footprint": 1455.0,
        "floors": 5,
        "height": 16.0,
        "roof": "flat",
        "setback": 2.71,
        "use": "residential",
        "material": "mixed",
        "editable_volume": {
          "width": 21.66,
          "depth": 67.16,
          "height": 16.0
        },
        "feature_type": "Building",
        "parent_id": "lot-block-district-residential-24-31-1",
        "stage": "buildings",
        "seed": 7043210347868971060
      }
    },
    {
      "type": "Feature",
      "id": "building-lot-block-district-residential-24-31-2",
      "geometry": {
        "type": "Polygon",
        "coordinates": [
          [
            [
              949.168,
              427.986
            ],
            [
              970.832,
              427.986
            ],
            [
              970.832,
              495.148
            ],
            [
              949.168,
              495.148
            ],
            [
              949.168,
              427.986
            ]
          ]
        ]
      },
      "properties": {
        "footprint": 1455.0,
        "floors": 4,
        "height": 12.8,
        "roof": "flat",
        "setback": 2.71,
        "use": "residential",
        "material": "mixed",
        "editable_volume": {
          "width": 21.66,
          "depth": 67.16,
          "height": 12.8
        },
        "feature_type": "Building",
        "parent_id": "lot-block-district-residential-24-31-2",
        "stage": "buildings",
        "seed": 7043210347868971060
      }
    },
    {
      "type": "Feature",
      "id": "building-lot-block-district-residential-24-31-3",
      "geometry": {
        "type": "Polygon",
        "coordinates": [
          [
            [
              979.248,
              427.986
            ],
            [
              1000.912,
              427.986
            ],
            [
              1000.912,
              495.148
            ],
            [
              979.248,
              495.148
            ],
            [
              979.248,
              427.986
            ]
          ]
        ]
      },
      "properties": {
        "footprint": 1455.0,
        "floors": 5,
        "height": 16.0,
        "roof": "flat",
        "setback": 2.71,
        "use": "residential",
        "material": "mixed",
        "editable_volume": {
          "width": 21.66,
          "depth": 67.16,
          "height": 16.0
        },
        "feature_type": "Building",
        "parent_id": "lot-block-district-residential-24-31-3",
        "stage": "buildings",
        "seed": 7043210347868971060
      }
    },
    {
      "type": "Feature",
      "id": "building-lot-block-district-residential-24-32-2",
      "geometry": {
        "type": "Polygon",
        "coordinates": [
          [
            [
              1045.168,
              429.655
            ],
            [
              1066.832,
              429.655
            ],
            [
              1066.832,
              493.479
            ],
            [
              1045.168,
              493.479
            ],
            [
              1045.168,
              429.655
            ]
          ]
        ]
      },
      "properties": {
        "footprint": 1382.68,
        "floors": 3,
        "height": 9.6,
        "roof": "hip",
        "setback": 2.71,
        "use": "residential",
        "material": "mixed",
        "editable_volume": {
          "width": 21.66,
          "depth": 63.82,
          "height": 9.6
        },
        "feature_type": "Building",
        "parent_id": "lot-block-district-residential-24-32-2",
        "stage": "buildings",
        "seed": 7043210347868971060
      }
    },
    {
      "type": "Feature",
      "id": "building-lot-block-district-residential-24-33-2",
      "geometry": {
        "type": "Polygon",
        "coordinates": [
          [
            [
              1141.168,
              427.063
            ],
            [
              1162.832,
              427.063
            ],
            [
              1162.832,
              496.071
            ],
            [
              1141.168,
              496.071
            ],
            [
              1141.168,
              427.063
            ]
          ]
        ]
      },
      "properties": {
        "footprint": 1494.99,
        "floors": 2,
        "height": 6.4,
        "roof": "hip",
        "setback": 2.71,
        "use": "residential",
        "material": "mixed",
        "editable_volume": {
          "width": 21.66,
          "depth": 69.01,
          "height": 6.4
        },
        "feature_type": "Building",
        "parent_id": "lot-block-district-residential-24-33-2",
        "stage": "buildings",
        "seed": 7043210347868971060
      }
    },
    {
      "type": "Feature",
      "id": "building-lot-block-district-park-31-12-3",
      "geometry": {
        "type": "Polygon",
        "coordinates": [
          [
            [
              263.275,
              517.044
            ],
            [
              304.565,
              517.044
            ],
            [
              304.565,
              601.174
            ],
            [
              263.275,
              601.174
            ],
            [
              263.275,
              517.044
            ]
          ]
        ]
      },
      "properties": {
        "footprint": 3473.68,
        "floors": 2,
        "height": 6.4,
        "roof": "gable",
        "setback": 2.82,
        "use": "park",
        "material": "mixed",
        "editable_volume": {
          "width": 41.29,
          "depth": 84.13,
          "height": 6.4
        },
        "feature_type": "Building",
        "parent_id": "lot-block-district-park-31-12-3",
        "stage": "buildings",
        "seed": 7043210347868971060
      }
    },
    {
      "type": "Feature",
      "id": "building-lot-block-district-park-31-21-1",
      "geometry": {
        "type": "Polygon",
        "coordinates": [
          [
            [
              7.435,
              615.447
            ],
            [
              48.725,
              615.447
            ],
            [
              48.725,
              700.771
            ],
            [
              7.435,
              700.771
            ],
            [
              7.435,
              615.447
            ]
          ]
        ]
      },
      "properties": {
        "footprint": 3522.98,
        "floors": 1,
        "height": 3.2,
        "roof": "gable",
        "setback": 2.82,
        "use": "park",
        "material": "mixed",
        "editable_volume": {
          "width": 41.29,
          "depth": 85.32,
          "height": 3.2
        },
        "feature_type": "Building",
        "parent_id": "lot-block-district-park-31-21-1",
        "stage": "buildings",
        "seed": 7043210347868971060
      }
    },
    {
      "type": "Feature",
      "id": "building-lot-block-district-station_area-32-11-1",
      "geometry": {
        "type": "Polygon",
        "coordinates": [
          [
            [
              324.933,
              518.615
            ],
            [
              348.602,
              518.615
            ],
            [
              348.602,
              569.457
            ],
            [
              324.933,
              569.457
            ],
            [
              324.933,
              518.615
            ]
          ]
        ]
      },
      "properties": {
        "footprint": 1203.42,
        "floors": 13,
        "height": 41.6,
        "roof": "flat",
        "setback": 2.96,
        "use": "station_area",
        "material": "mixed",
        "editable_volume": {
          "width": 23.67,
          "depth": 50.84,
          "height": 41.6
        },
        "feature_type": "Building",
        "parent_id": "lot-block-district-station_area-32-11-1",
        "stage": "buildings",
        "seed": 7043210347868971060
      }
    },
    {
      "type": "Feature",
      "id": "building-lot-block-district-station_area-32-11-2",
      "geometry": {
        "type": "Polygon",
        "coordinates": [
          [
            [
              357.52,
              518.615
            ],
            [
              381.188,
              518.615
            ],
            [
              381.188,
              569.457
            ],
            [
              357.52,
              569.457
            ],
            [
              357.52,
              518.615
            ]
          ]
        ]
      },
      "properties": {
        "footprint": 1203.39,
        "floors": 7,
        "height": 22.4,
        "roof": "flat",
        "setback": 2.96,
        "use": "station_area",
        "material": "mixed",
        "editable_volume": {
          "width": 23.67,
          "depth": 50.84,
          "height": 22.4
        },
        "feature_type": "Building",
        "parent_id": "lot-block-district-station_area-32-11-2",
        "stage": "buildings",
        "seed": 7043210347868971060
      }
    },
    {
      "type": "Feature",
      "id": "building-lot-block-district-station_area-32-11-3",
      "geometry": {
        "type": "Polygon",
        "coordinates": [
          [
            [
              390.106,
              518.615
            ],
            [
              413.775,
              518.615
            ],
            [
              413.775,
              569.457
            ],
            [
              390.106,
              569.457
            ],
            [
              390.106,
              518.615
            ]
          ]
        ]
      },
      "properties": {
        "footprint": 1203.42,
        "floors": 8,
        "height": 25.6,
        "roof": "flat",
        "setback": 2.96,
        "use": "station_area",
        "material": "mixed",
        "editable_volume": {
          "width": 23.67,
          "depth": 50.84,
          "height": 25.6
        },
        "feature_type": "Building",
        "parent_id": "lot-block-district-station_area-32-11-3",
        "stage": "buildings",
        "seed": 7043210347868971060
      }
    },
    {
      "type": "Feature",
      "id": "building-lot-block-district-station_area-32-12-1",
      "geometry": {
        "type": "Polygon",
        "coordinates": [
          [
            [
              428.933,
              518.615
            ],
            [
              452.602,
              518.615
            ],
            [
              452.602,
              569.457
            ],
            [
              428.933,
              569.457
            ],
            [
              428.933,
              518.615
            ]
          ]
        ]
      },
      "properties": {
        "footprint": 1203.42,
        "floors": 6,
        "height": 19.2,
        "roof": "flat",
        "setback": 2.96,
        "use": "station_area",
        "material": "mixed",
        "editable_volume": {
          "width": 23.67,
          "depth": 50.84,
          "height": 19.2
        },
        "feature_type": "Building",
        "parent_id": "lot-block-district-station_area-32-12-1",
        "stage": "buildings",
        "seed": 7043210347868971060
      }
    },
    {
      "type": "Feature",
      "id": "building-lot-block-district-station_area-32-12-2",
      "geometry": {
        "type": "Polygon",
        "coordinates": [
          [
            [
              461.52,
              518.615
            ],
            [
              485.188,
              518.615
            ],
            [
              485.188,
              569.457
            ],
            [
              461.52,
              569.457
            ],
            [
              461.52,
              518.615
            ]
          ]
        ]
      },
      "properties": {
        "footprint": 1203.39,
        "floors": 7,
        "height": 22.4,
        "roof": "flat",
        "setback": 2.96,
        "use": "station_area",
        "material": "mixed",
        "editable_volume": {
          "width": 23.67,
          "depth": 50.84,
          "height": 22.4
        },
        "feature_type": "Building",
        "parent_id": "lot-block-district-station_area-32-12-2",
        "stage": "buildings",
        "seed": 7043210347868971060
      }
    },
    {
      "type": "Feature",
      "id": "building-lot-block-district-station_area-32-12-3",
      "geometry": {
        "type": "Polygon",
        "coordinates": [
          [
            [
              494.106,
              518.615
            ],
            [
              517.775,
              518.615
            ],
            [
              517.775,
              569.457
            ],
            [
              494.106,
              569.457
            ],
            [
              494.106,
              518.615
            ]
          ]
        ]
      },
      "properties": {
        "footprint": 1203.42,
        "floors": 11,
        "height": 35.2,
        "roof": "flat",
        "setback": 2.96,
        "use": "station_area",
        "material": "mixed",
        "editable_volume": {
          "width": 23.67,
          "depth": 50.84,
          "height": 35.2
        },
        "feature_type": "Building",
        "parent_id": "lot-block-district-station_area-32-12-3",
        "stage": "buildings",
        "seed": 7043210347868971060
      }
    },
    {
      "type": "Feature",
      "id": "building-lot-block-district-station_area-32-13-1",
      "geometry": {
        "type": "Polygon",
        "coordinates": [
          [
            [
              532.933,
              518.615
            ],
            [
              556.602,
              518.615
            ],
            [
              556.602,
              569.457
            ],
            [
              532.933,
              569.457
            ],
            [
              532.933,
              518.615
            ]
          ]
        ]
      },
      "properties": {
        "footprint": 1203.42,
        "floors": 13,
        "height": 41.6,
        "roof": "flat",
        "setback": 2.96,
        "use": "station_area",
        "material": "mixed",
        "editable_volume": {
          "width": 23.67,
          "depth": 50.84,
          "height": 41.6
        },
        "feature_type": "Building",
        "parent_id": "lot-block-district-station_area-32-13-1",
        "stage": "buildings",
        "seed": 7043210347868971060
      }
    },
    {
      "type": "Feature",
      "id": "building-lot-block-district-station_area-32-13-2",
      "geometry": {
        "type": "Polygon",
        "coordinates": [
          [
            [
              565.52,
              518.615
            ],
            [
              589.188,
              518.615
            ],
            [
              589.188,
              569.457
            ],
            [
              565.52,
              569.457
            ],
            [
              565.52,
              518.615
            ]
          ]
        ]
      },
      "properties": {
        "footprint": 1203.39,
        "floors": 14,
        "height": 44.8,
        "roof": "flat",
        "setback": 2.96,
        "use": "station_area",
        "material": "mixed",
        "editable_volume": {
          "width": 23.67,
          "depth": 50.84,
          "height": 44.8
        },
        "feature_type": "Building",
        "parent_id": "lot-block-district-station_area-32-13-2",
        "stage": "buildings",
        "seed": 7043210347868971060
      }
    },
    {
      "type": "Feature",
      "id": "building-lot-block-district-station_area-32-13-3",
      "geometry": {
        "type": "Polygon",
        "coordinates": [
          [
            [
              598.106,
              518.615
            ],
            [
              621.775,
              518.615
            ],
            [
              621.775,
              569.457
            ],
            [
              598.106,
              569.457
            ],
            [
              598.106,
              518.615
            ]
          ]
        ]
      },
      "properties": {
        "footprint": 1203.42,
        "floors": 14,
        "height": 44.8,
        "roof": "flat",
        "setback": 2.96,
        "use": "station_area",
        "material": "mixed",
        "editable_volume": {
          "width": 23.67,
          "depth": 50.84,
          "height": 44.8
        },
        "feature_type": "Building",
        "parent_id": "lot-block-district-station_area-32-13-3",
        "stage": "buildings",
        "seed": 7043210347868971060
      }
    },
    {
      "type": "Feature",
      "id": "building-lot-block-district-station_area-32-21-1",
      "geometry": {
        "type": "Polygon",
        "coordinates": [
          [
            [
              324.933,
              584.125
            ],
            [
              348.602,
              584.125
            ],
            [
              348.602,
              635.947
            ],
            [
              324.933,
              635.947
            ],
            [
              324.933,
              584.125
            ]
          ]
        ]
      },
      "properties": {
        "footprint": 1226.62,
        "floors": 14,
        "height": 44.8,
        "roof": "flat",
        "setback": 2.96,
        "use": "station_area",
        "material": "mixed",
        "editable_volume": {
          "width": 23.67,
          "depth": 51.82,
          "height": 44.8
        },
        "feature_type": "Building",
        "parent_id": "lot-block-district-station_area-32-21-1",
        "stage": "buildings",
        "seed": 7043210347868971060
      }
    },
    {
      "type": "Feature",
      "id": "building-lot-block-district-station_area-32-21-2",
      "geometry": {
        "type": "Polygon",
        "coordinates": [
          [
            [
              357.52,
              584.125
            ],
            [
              381.188,
              584.125
            ],
            [
              381.188,
              635.947
            ],
            [
              357.52,
              635.947
            ],
            [
              357.52,
              584.125
            ]
          ]
        ]
      },
      "properties": {
        "footprint": 1226.58,
        "floors": 9,
        "height": 28.8,
        "roof": "flat",
        "setback": 2.96,
        "use": "station_area",
        "material": "mixed",
        "editable_volume": {
          "width": 23.67,
          "depth": 51.82,
          "height": 28.8
        },
        "feature_type": "Building",
        "parent_id": "lot-block-district-station_area-32-21-2",
        "stage": "buildings",
        "seed": 7043210347868971060
      }
    },
    {
      "type": "Feature",
      "id": "building-lot-block-district-station_area-32-21-3",
      "geometry": {
        "type": "Polygon",
        "coordinates": [
          [
            [
              390.106,
              584.125
            ],
            [
              413.775,
              584.125
            ],
            [
              413.775,
              635.947
            ],
            [
              390.106,
              635.947
            ],
            [
              390.106,
              584.125
            ]
          ]
        ]
      },
      "properties": {
        "footprint": 1226.62,
        "floors": 13,
        "height": 41.6,
        "roof": "flat",
        "setback": 2.96,
        "use": "station_area",
        "material": "mixed",
        "editable_volume": {
          "width": 23.67,
          "depth": 51.82,
          "height": 41.6
        },
        "feature_type": "Building",
        "parent_id": "lot-block-district-station_area-32-21-3",
        "stage": "buildings",
        "seed": 7043210347868971060
      }
    },
    {
      "type": "Feature",
      "id": "building-lot-block-district-station_area-32-22-1",
      "geometry": {
        "type": "Polygon",
        "coordinates": [
          [
            [
              428.933,
              584.615
            ],
            [
              452.602,
              584.615
            ],
            [
              452.602,
              635.457
            ],
            [
              428.933,
              635.457
            ],
            [
              428.933,
              584.615
            ]
          ]
        ]
      },
      "properties": {
        "footprint": 1203.42,
        "floors": 11,
        "height": 35.2,
        "roof": "flat",
        "setback": 2.96,
        "use": "station_area",
        "material": "mixed",
        "editable_volume": {
          "width": 23.67,
          "depth": 50.84,
          "height": 35.2
        },
        "feature_type": "Building",
        "parent_id": "lot-block-district-station_area-32-22-1",
        "stage": "buildings",
        "seed": 7043210347868971060
      }
    },
    {
      "type": "Feature",
      "id": "building-lot-block-district-station_area-32-22-3",
      "geometry": {
        "type": "Polygon",
        "coordinates": [
          [
            [
              494.106,
              584.615
            ],
            [
              517.775,
              584.615
            ],
            [
              517.775,
              635.457
            ],
            [
              494.106,
              635.457
            ],
            [
              494.106,
              584.615
            ]
          ]
        ]
      },
      "properties": {
        "footprint": 1203.42,
        "floors": 12,
        "height": 38.4,
        "roof": "flat",
        "setback": 2.96,
        "use": "station_area",
        "material": "mixed",
        "editable_volume": {
          "width": 23.67,
          "depth": 50.84,
          "height": 38.4
        },
        "feature_type": "Building",
        "parent_id": "lot-block-district-station_area-32-22-3",
        "stage": "buildings",
        "seed": 7043210347868971060
      }
    },
    {
      "type": "Feature",
      "id": "building-lot-block-district-station_area-32-23-1",
      "geometry": {
        "type": "Polygon",
        "coordinates": [
          [
            [
              532.933,
              584.615
            ],
            [
              556.602,
              584.615
            ],
            [
              556.602,
              635.457
            ],
            [
              532.933,
              635.457
            ],
            [
              532.933,
              584.615
            ]
          ]
        ]
      },
      "properties": {
        "footprint": 1203.42,
        "floors": 9,
        "height": 28.8,
        "roof": "flat",
        "setback": 2.96,
        "use": "station_area",
        "material": "mixed",
        "editable_volume": {
          "width": 23.67,
          "depth": 50.84,
          "height": 28.8
        },
        "feature_type": "Building",
        "parent_id": "lot-block-district-station_area-32-23-1",
        "stage": "buildings",
        "seed": 7043210347868971060
      }
    },
    {
      "type": "Feature",
      "id": "building-lot-block-district-station_area-32-23-2",
      "geometry": {
        "type": "Polygon",
        "coordinates": [
          [
            [
              565.52,
              584.615
            ],
            [
              589.188,
              584.615
            ],
            [
              589.188,
              635.457
            ],
            [
              565.52,
              635.457
            ],
            [
              565.52,
              584.615
            ]
          ]
        ]
      },
      "properties": {
        "footprint": 1203.39,
        "floors": 12,
        "height": 38.4,
        "roof": "flat",
        "setback": 2.96,
        "use": "station_area",
        "material": "mixed",
        "editable_volume": {
          "width": 23.67,
          "depth": 50.84,
          "height": 38.4
        },
        "feature_type": "Building",
        "parent_id": "lot-block-district-station_area-32-23-2",
        "stage": "buildings",
        "seed": 7043210347868971060
      }
    },
    {
      "type": "Feature",
      "id": "building-lot-block-district-station_area-32-23-3",
      "geometry": {
        "type": "Polygon",
        "coordinates": [
          [
            [
              598.106,
              584.615
            ],
            [
              621.775,
              584.615
            ],
            [
              621.775,
              635.457
            ],
            [
              598.106,
              635.457
            ],
            [
              598.106,
              584.615
            ]
          ]
        ]
      },
      "properties": {
        "footprint": 1203.42,
        "floors": 10,
        "height": 32.0,
        "roof": "flat",
        "setback": 2.96,
        "use": "station_area",
        "material": "mixed",
        "editable_volume": {
          "width": 23.67,
          "depth": 50.84,
          "height": 32.0
        },
        "feature_type": "Building",
        "parent_id": "lot-block-district-station_area-32-23-3",
        "stage": "buildings",
        "seed": 7043210347868971060
      }
    },
    {
      "type": "Feature",
      "id": "building-lot-block-district-station_area-32-31-1",
      "geometry": {
        "type": "Polygon",
        "coordinates": [
          [
            [
              324.933,
              649.692
            ],
            [
              348.602,
              649.692
            ],
            [
              348.602,
              702.38
            ],
            [
              324.933,
              702.38
            ],
            [
              324.933,
              649.692
            ]
          ]
        ]
      },
      "properties": {
        "footprint": 1247.12,
        "floors": 8,
        "height": 25.6,
        "roof": "flat",
        "setback": 2.96,
        "use": "station_area",
        "material": "mixed",
        "editable_volume": {
          "width": 23.67,
          "depth": 52.69,
          "height": 25.6
        },
        "feature_type": "Building",
        "parent_id": "lot-block-district-station_area-32-31-1",
        "stage": "buildings",
        "seed": 7043210347868971060
      }
    },
    {
      "type": "Feature",
      "id": "building-lot-block-district-station_area-32-31-2",
      "geometry": {
        "type": "Polygon",
        "coordinates": [
          [
            [
              357.52,
              649.692
            ],
            [
              381.188,
              649.692
            ],
            [
              381.188,
              702.38
            ],
            [
              357.52,
              702.38
            ],
            [
              357.52,
              649.692
            ]
          ]
        ]
      },
      "properties": {
        "footprint": 1247.08,
        "floors": 10,
        "height": 32.0,
        "roof": "flat",
        "setback": 2.96,
        "use": "station_area",
        "material": "mixed",
        "editable_volume": {
          "width": 23.67,
          "depth": 52.69,
          "height": 32.0
        },
        "feature_type": "Building",
        "parent_id": "lot-block-district-station_area-32-31-2",
        "stage": "buildings",
        "seed": 7043210347868971060
      }
    },
    {
      "type": "Feature",
      "id": "building-lot-block-district-station_area-32-31-3",
      "geometry": {
        "type": "Polygon",
        "coordinates": [
          [
            [
              390.106,
              649.692
            ],
            [
              413.775,
              649.692
            ],
            [
              413.775,
              702.38
            ],
            [
              390.106,
              702.38
            ],
            [
              390.106,
              649.692
            ]
          ]
        ]
      },
      "properties": {
        "footprint": 1247.12,
        "floors": 13,
        "height": 41.6,
        "roof": "flat",
        "setback": 2.96,
        "use": "station_area",
        "material": "mixed",
        "editable_volume": {
          "width": 23.67,
          "depth": 52.69,
          "height": 41.6
        },
        "feature_type": "Building",
        "parent_id": "lot-block-district-station_area-32-31-3",
        "stage": "buildings",
        "seed": 7043210347868971060
      }
    },
    {
      "type": "Feature",
      "id": "building-lot-block-district-station_area-32-32-1",
      "geometry": {
        "type": "Polygon",
        "coordinates": [
          [
            [
              428.933,
              650.615
            ],
            [
              452.602,
              650.615
            ],
            [
              452.602,
              701.457
            ],
            [
              428.933,
              701.457
            ],
            [
              428.933,
              650.615
            ]
          ]
        ]
      },
      "properties": {
        "footprint": 1203.42,
        "floors": 11,
        "height": 35.2,
        "roof": "flat",
        "setback": 2.96,
        "use": "station_area",
        "material": "mixed",
        "editable_volume": {
          "width": 23.67,
          "depth": 50.84,
          "height": 35.2
        },
        "feature_type": "Building",
        "parent_id": "lot-block-district-station_area-32-32-1",
        "stage": "buildings",
        "seed": 7043210347868971060
      }
    },
    {
      "type": "Feature",
      "id": "building-lot-block-district-station_area-32-32-2",
      "geometry": {
        "type": "Polygon",
        "coordinates": [
          [
            [
              461.52,
              650.615
            ],
            [
              485.188,
              650.615
            ],
            [
              485.188,
              701.457
            ],
            [
              461.52,
              701.457
            ],
            [
              461.52,
              650.615
            ]
          ]
        ]
      },
      "properties": {
        "footprint": 1203.39,
        "floors": 13,
        "height": 41.6,
        "roof": "flat",
        "setback": 2.96,
        "use": "station_area",
        "material": "mixed",
        "editable_volume": {
          "width": 23.67,
          "depth": 50.84,
          "height": 41.6
        },
        "feature_type": "Building",
        "parent_id": "lot-block-district-station_area-32-32-2",
        "stage": "buildings",
        "seed": 7043210347868971060
      }
    },
    {
      "type": "Feature",
      "id": "building-lot-block-district-station_area-32-33-2",
      "geometry": {
        "type": "Polygon",
        "coordinates": [
          [
            [
              565.52,
              650.615
            ],
            [
              589.188,
              650.615
            ],
            [
              589.188,
              701.457
            ],
            [
              565.52,
              701.457
            ],
            [
              565.52,
              650.615
            ]
          ]
        ]
      },
      "properties": {
        "footprint": 1203.39,
        "floors": 11,
        "height": 35.2,
        "roof": "flat",
        "setback": 2.96,
        "use": "station_area",
        "material": "mixed",
        "editable_volume": {
          "width": 23.67,
          "depth": 50.84,
          "height": 35.2
        },
        "feature_type": "Building",
        "parent_id": "lot-block-district-station_area-32-33-2",
        "stage": "buildings",
        "seed": 7043210347868971060
      }
    },
    {
      "type": "Feature",
      "id": "building-lot-block-district-station_area-32-33-3",
      "geometry": {
        "type": "Polygon",
        "coordinates": [
          [
            [
              598.106,
              650.615
            ],
            [
              621.775,
              650.615
            ],
            [
              621.775,
              701.457
            ],
            [
              598.106,
              701.457
            ],
            [
              598.106,
              650.615
            ]
          ]
        ]
      },
      "properties": {
        "footprint": 1203.42,
        "floors": 7,
        "height": 22.4,
        "roof": "flat",
        "setback": 2.96,
        "use": "station_area",
        "material": "mixed",
        "editable_volume": {
          "width": 23.67,
          "depth": 50.84,
          "height": 22.4
        },
        "feature_type": "Building",
        "parent_id": "lot-block-district-station_area-32-33-3",
        "stage": "buildings",
        "seed": 7043210347868971060
      }
    },
    {
      "type": "Feature",
      "id": "building-lot-block-district-commercial-33-11-1",
      "geometry": {
        "type": "Polygon",
        "coordinates": [
          [
            [
              630.596,
              515.986
            ],
            [
              652.26,
              515.986
            ],
            [
              652.26,
              572.438
            ],
            [
              630.596,
              572.438
            ],
            [
              630.596,
              515.986
            ]
          ]
        ]
      },
      "properties": {
        "footprint": 1222.98,
        "floors": 8,
        "height": 25.6,
        "roof": "flat",
        "setback": 2.71,
        "use": "commercial",
        "material": "concrete",
        "editable_volume": {
          "width": 21.66,
          "depth": 56.45,
          "height": 25.6
        },
        "feature_type": "Building",
        "parent_id": "lot-block-district-commercial-33-11-1",
        "stage": "buildings",
        "seed": 7043210347868971060
      }
    },
    {
      "type": "Feature",
      "id": "building-lot-block-district-commercial-33-11-2",
      "geometry": {
        "type": "Polygon",
        "coordinates": [
          [
            [
              660.676,
              515.986
            ],
            [
              682.34,
              515.986
            ],
            [
              682.34,
              572.438
            ],
            [
              660.676,
              572.438
            ],
            [
              660.676,
              515.986
            ]
          ]
        ]
      },
      "properties": {
        "footprint": 1222.98,
        "floors": 5,
        "height": 16.0,
        "roof": "flat",
        "setback": 2.71,
        "use": "commercial",
        "material": "concrete",
        "editable_volume": {
          "width": 21.66,
          "depth": 56.45,
          "height": 16.0
        },
        "feature_type": "Building",
        "parent_id": "lot-block-district-commercial-33-11-2",
        "stage": "buildings",
        "seed": 7043210347868971060
      }
    },
    {
      "type": "Feature",
      "id": "building-lot-block-district-commercial-33-11-3",
      "geometry": {
        "type": "Polygon",
        "coordinates": [
          [
            [
              690.756,
              515.986
            ],
            [
              712.42,
              515.986
            ],
            [
              712.42,
              572.438
            ],
            [
              690.756,
              572.438
            ],
            [
              690.756,
              515.986
            ]
          ]
        ]
      },
      "properties": {
        "footprint": 1222.98,
        "floors": 7,
        "height": 22.4,
        "roof": "flat",
        "setback": 2.71,
        "use": "commercial",
        "material": "concrete",
        "editable_volume": {
          "width": 21.66,
          "depth": 56.45,
          "height": 22.4
        },
        "feature_type": "Building",
        "parent_id": "lot-block-district-commercial-33-11-3",
        "stage": "buildings",
        "seed": 7043210347868971060
      }
    },
    {
      "type": "Feature",
      "id": "building-lot-block-district-commercial-33-12-1",
      "geometry": {
        "type": "Polygon",
        "coordinates": [
          [
            [
              726.596,
              517.735
            ],
            [
              748.26,
              517.735
            ],
            [
              748.26,
              570.689
            ],
            [
              726.596,
              570.689
            ],
            [
              726.596,
              517.735
            ]
          ]
        ]
      },
      "properties": {
        "footprint": 1147.2,
        "floors": 4,
        "height": 12.8,
        "roof": "flat",
        "setback": 2.71,
        "use": "commercial",
        "material": "concrete",
        "editable_volume": {
          "width": 21.66,
          "depth": 52.95,
          "height": 12.8
        },
        "feature_type": "Building",
        "parent_id": "lot-block-district-commercial-33-12-1",
        "stage": "buildings",
        "seed": 7043210347868971060
      }
    },
    {
      "type": "Feature",
      "id": "building-lot-block-district-commercial-33-12-2",
      "geometry": {
        "type": "Polygon",
        "coordinates": [
          [
            [
              756.676,
              517.735
            ],
            [
              778.34,
              517.735
            ],
            [
              778.34,
              570.689
            ],
            [
              756.676,
              570.689
            ],
            [
              756.676,
              517.735
            ]
          ]
        ]
      },
      "properties": {
        "footprint": 1147.2,
        "floors": 6,
        "height": 19.2,
        "roof": "flat",
        "setback": 2.71,
        "use": "commercial",
        "material": "concrete",
        "editable_volume": {
          "width": 21.66,
          "depth": 52.95,
          "height": 19.2
        },
        "feature_type": "Building",
        "parent_id": "lot-block-district-commercial-33-12-2",
        "stage": "buildings",
        "seed": 7043210347868971060
      }
    },
    {
      "type": "Feature",
      "id": "building-lot-block-district-commercial-33-12-3",
      "geometry": {
        "type": "Polygon",
        "coordinates": [
          [
            [
              786.756,
              517.735
            ],
            [
              808.42,
              517.735
            ],
            [
              808.42,
              570.689
            ],
            [
              786.756,
              570.689
            ],
            [
              786.756,
              517.735
            ]
          ]
        ]
      },
      "properties": {
        "footprint": 1147.2,
        "floors": 9,
        "height": 28.8,
        "roof": "flat",
        "setback": 2.71,
        "use": "commercial",
        "material": "concrete",
        "editable_volume": {
          "width": 21.66,
          "depth": 52.95,
          "height": 28.8
        },
        "feature_type": "Building",
        "parent_id": "lot-block-district-commercial-33-12-3",
        "stage": "buildings",
        "seed": 7043210347868971060
      }
    },
    {
      "type": "Feature",
      "id": "building-lot-block-district-commercial-33-13-2",
      "geometry": {
        "type": "Polygon",
        "coordinates": [
          [
            [
              852.676,
              516.7
            ],
            [
              874.34,
              516.7
            ],
            [
              874.34,
              571.724
            ],
            [
              852.676,
              571.724
            ],
            [
              852.676,
              516.7
            ]
          ]
        ]
      },
      "properties": {
        "footprint": 1192.04,
        "floors": 9,
        "height": 28.8,
        "roof": "flat",
        "setback": 2.71,
        "use": "commercial",
        "material": "concrete",
        "editable_volume": {
          "width": 21.66,
          "depth": 55.02,
          "height": 28.8
        },
        "feature_type": "Building",
        "parent_id": "lot-block-district-commercial-33-13-2",
        "stage": "buildings",
        "seed": 7043210347868971060
      }
    },
    {
      "type": "Feature",
      "id": "building-lot-block-district-commercial-33-13-3",
      "geometry": {
        "type": "Polygon",
        "coordinates": [
          [
            [
              882.756,
              516.7
            ],
            [
              904.42,
              516.7
            ],
            [
              904.42,
              571.724
            ],
            [
              882.756,
              571.724
            ],
            [
              882.756,
              516.7
            ]
          ]
        ]
      },
      "properties": {
        "footprint": 1192.04,
        "floors": 8,
        "height": 25.6,
        "roof": "flat",
        "setback": 2.71,
        "use": "commercial",
        "material": "concrete",
        "editable_volume": {
          "width": 21.66,
          "depth": 55.02,
          "height": 25.6
        },
        "feature_type": "Building",
        "parent_id": "lot-block-district-commercial-33-13-3",
        "stage": "buildings",
        "seed": 7043210347868971060
      }
    },
    {
      "type": "Feature",
      "id": "building-lot-block-district-commercial-33-21-1",
      "geometry": {
        "type": "Polygon",
        "coordinates": [
          [
            [
              630.596,
              584.3
            ],
            [
              652.26,
              584.3
            ],
            [
              652.26,
              636.124
            ],
            [
              630.596,
              636.124
            ],
            [
              630.596,
              584.3
            ]
          ]
        ]
      },
      "properties": {
        "footprint": 1122.72,
        "floors": 4,
        "height": 12.8,
        "roof": "flat",
        "setback": 2.71,
        "use": "commercial",
        "material": "concrete",
        "editable_volume": {
          "width": 21.66,
          "depth": 51.82,
          "height": 12.8
        },
        "feature_type": "Building",
        "parent_id": "lot-block-district-commercial-33-21-1",
        "stage": "buildings",
        "seed": 7043210347868971060
      }
    },
    {
      "type": "Feature",
      "id": "building-lot-block-district-commercial-33-21-2",
      "geometry": {
        "type": "Polygon",
        "coordinates": [
          [
            [
              660.676,
              584.3
            ],
            [
              682.34,
              584.3
            ],
            [
              682.34,
              636.124
            ],
            [
              660.676,
              636.124
            ],
            [
              660.676,
              584.3
            ]
          ]
        ]
      },
      "properties": {
        "footprint": 1122.72,
        "floors": 7,
        "height": 22.4,
        "roof": "flat",
        "setback": 2.71,
        "use": "commercial",
        "material": "concrete",
        "editable_volume": {
          "width": 21.66,
          "depth": 51.82,
          "height": 22.4
        },
        "feature_type": "Building",
        "parent_id": "lot-block-district-commercial-33-21-2",
        "stage": "buildings",
        "seed": 7043210347868971060
      }
    },
    {
      "type": "Feature",
      "id": "building-lot-block-district-commercial-33-21-3",
      "geometry": {
        "type": "Polygon",
        "coordinates": [
          [
            [
              690.756,
              584.3
            ],
            [
              712.42,
              584.3
            ],
            [
              712.42,
              636.124
            ],
            [
              690.756,
              636.124
            ],
            [
              690.756,
              584.3
            ]
          ]
        ]
      },
      "properties": {
        "footprint": 1122.72,
        "floors": 5,
        "height": 16.0,
        "roof": "flat",
        "setback": 2.71,
        "use": "commercial",
        "material": "concrete",
        "editable_volume": {
          "width": 21.66,
          "depth": 51.82,
          "height": 16.0
        },
        "feature_type": "Building",
        "parent_id": "lot-block-district-commercial-33-21-3",
        "stage": "buildings",
        "seed": 7043210347868971060
      }
    },
    {
      "type": "Feature",
      "id": "building-lot-block-district-commercial-33-22-1",
      "geometry": {
        "type": "Polygon",
        "coordinates": [
          [
            [
              726.596,
              583.251
            ],
            [
              748.26,
              583.251
            ],
            [
              748.26,
              637.173
            ],
            [
              726.596,
              637.173
            ],
            [
              726.596,
              583.251
            ]
          ]
        ]
      },
      "properties": {
        "footprint": 1168.17,
        "floors": 9,
        "height": 28.8,
        "roof": "flat",
        "setback": 2.71,
        "use": "commercial",
        "material": "concrete",
        "editable_volume": {
          "width": 21.66,
          "depth": 53.92,
          "height": 28.8
        },
        "feature_type": "Building",
        "parent_id": "lot-block-district-commercial-33-22-1",
        "stage": "buildings",
        "seed": 7043210347868971060
      }
    },
    {
      "type": "Feature",
      "id": "building-lot-block-district-commercial-33-22-2",
      "geometry": {
        "type": "Polygon",
        "coordinates": [
          [
            [
              756.676,
              583.251
            ],
            [
              778.34,
              583.251
            ],
            [
              778.34,
              637.173
            ],
            [
              756.676,
              637.173
            ],
            [
              756.676,
              583.251
            ]
          ]
        ]
      },
      "properties": {
        "footprint": 1168.17,
        "floors": 3,
        "height": 9.6,
        "roof": "flat",
        "setback": 2.71,
        "use": "commercial",
        "material": "concrete",
        "editable_volume": {
          "width": 21.66,
          "depth": 53.92,
          "height": 9.6
        },
        "feature_type": "Building",
        "parent_id": "lot-block-district-commercial-33-22-2",
        "stage": "buildings",
        "seed": 7043210347868971060
      }
    },
    {
      "type": "Feature",
      "id": "building-lot-block-district-commercial-33-22-3",
      "geometry": {
        "type": "Polygon",
        "coordinates": [
          [
            [
              786.756,
              583.251
            ],
            [
              808.42,
              583.251
            ],
            [
              808.42,
              637.173
            ],
            [
              786.756,
              637.173
            ],
            [
              786.756,
              583.251
            ]
          ]
        ]
      },
      "properties": {
        "footprint": 1168.17,
        "floors": 8,
        "height": 25.6,
        "roof": "flat",
        "setback": 2.71,
        "use": "commercial",
        "material": "concrete",
        "editable_volume": {
          "width": 21.66,
          "depth": 53.92,
          "height": 25.6
        },
        "feature_type": "Building",
        "parent_id": "lot-block-district-commercial-33-22-3",
        "stage": "buildings",
        "seed": 7043210347868971060
      }
    },
    {
      "type": "Feature",
      "id": "building-lot-block-district-commercial-33-23-1",
      "geometry": {
        "type": "Polygon",
        "coordinates": [
          [
            [
              822.596,
              581.644
            ],
            [
              844.26,
              581.644
            ],
            [
              844.26,
              638.78
            ],
            [
              822.596,
              638.78
            ],
            [
              822.596,
              581.644
            ]
          ]
        ]
      },
      "properties": {
        "footprint": 1237.79,
        "floors": 3,
        "height": 9.6,
        "roof": "hip",
        "setback": 2.71,
        "use": "commercial",
        "material": "concrete",
        "editable_volume": {
          "width": 21.66,
          "depth": 57.14,
          "height": 9.6
        },
        "feature_type": "Building",
        "parent_id": "lot-block-district-commercial-33-23-1",
        "stage": "buildings",
        "seed": 7043210347868971060
      }
    },
    {
      "type": "Feature",
      "id": "building-lot-block-district-commercial-33-23-2",
      "geometry": {
        "type": "Polygon",
        "coordinates": [
          [
            [
              852.676,
              581.644
            ],
            [
              874.34,
              581.644
            ],
            [
              874.34,
              638.78
            ],
            [
              852.676,
              638.78
            ],
            [
              852.676,
              581.644
            ]
          ]
        ]
      },
      "properties": {
        "footprint": 1237.79,
        "floors": 5,
        "height": 16.0,
        "roof": "flat",
        "setback": 2.71,
        "use": "commercial",
        "material": "concrete",
        "editable_volume": {
          "width": 21.66,
          "depth": 57.14,
          "height": 16.0
        },
        "feature_type": "Building",
        "parent_id": "lot-block-district-commercial-33-23-2",
        "stage": "buildings",
        "seed": 7043210347868971060
      }
    },
    {
      "type": "Feature",
      "id": "building-lot-block-district-commercial-33-23-3",
      "geometry": {
        "type": "Polygon",
        "coordinates": [
          [
            [
              882.756,
              581.644
            ],
            [
              904.42,
              581.644
            ],
            [
              904.42,
              638.78
            ],
            [
              882.756,
              638.78
            ],
            [
              882.756,
              581.644
            ]
          ]
        ]
      },
      "properties": {
        "footprint": 1237.79,
        "floors": 7,
        "height": 22.4,
        "roof": "flat",
        "setback": 2.71,
        "use": "commercial",
        "material": "concrete",
        "editable_volume": {
          "width": 21.66,
          "depth": 57.14,
          "height": 22.4
        },
        "feature_type": "Building",
        "parent_id": "lot-block-district-commercial-33-23-3",
        "stage": "buildings",
        "seed": 7043210347868971060
      }
    },
    {
      "type": "Feature",
      "id": "building-lot-block-district-commercial-33-31-1",
      "geometry": {
        "type": "Polygon",
        "coordinates": [
          [
            [
              630.596,
              648.162
            ],
            [
              652.26,
              648.162
            ],
            [
              652.26,
              704.262
            ],
            [
              630.596,
              704.262
            ],
            [
              630.596,
              648.162
            ]
          ]
        ]
      },
      "properties": {
        "footprint": 1215.35,
        "floors": 4,
        "height": 12.8,
        "roof": "flat",
        "setback": 2.71,
        "use": "commercial",
        "material": "concrete",
        "editable_volume": {
          "width": 21.66,
          "depth": 56.1,
          "height": 12.8
        },
        "feature_type": "Building",
        "parent_id": "lot-block-district-commercial-33-31-1",
        "stage": "buildings",
        "seed": 7043210347868971060
      }
    },
    {
      "type": "Feature",
      "id": "building-lot-block-district-commercial-33-31-3",
      "geometry": {
        "type": "Polygon",
        "coordinates": [
          [
            [
              690.756,
              648.162
            ],
            [
              712.42,
              648.162
            ],
            [
              712.42,
              704.262
            ],
            [
              690.756,
              704.262
            ],
            [
              690.756,
              648.162
            ]
          ]
        ]
      },
      "properties": {
        "footprint": 1215.35,
        "floors": 5,
        "height": 16.0,
        "roof": "flat",
        "setback": 2.71,
        "use": "commercial",
        "material": "concrete",
        "editable_volume": {
          "width": 21.66,
          "depth": 56.1,
          "height": 16.0
        },
        "feature_type": "Building",
        "parent_id": "lot-block-district-commercial-33-31-3",
        "stage": "buildings",
        "seed": 7043210347868971060
      }
    },
    {
      "type": "Feature",
      "id": "building-lot-block-district-commercial-33-32-1",
      "geometry": {
        "type": "Polygon",
        "coordinates": [
          [
            [
              726.596,
              649.452
            ],
            [
              748.26,
              649.452
            ],
            [
              748.26,
              702.972
            ],
            [
              726.596,
              702.972
            ],
            [
              726.596,
              649.452
            ]
          ]
        ]
      },
      "properties": {
        "footprint": 1159.46,
        "floors": 6,
        "height": 19.2,
        "roof": "flat",
        "setback": 2.71,
        "use": "commercial",
        "material": "concrete",
        "editable_volume": {
          "width": 21.66,
          "depth": 53.52,
          "height": 19.2
        },
        "feature_type": "Building",
        "parent_id": "lot-block-district-commercial-33-32-1",
        "stage": "buildings",
        "seed": 7043210347868971060
      }
    },
    {
      "type": "Feature",
      "id": "building-lot-block-district-commercial-33-32-2",
      "geometry": {
        "type": "Polygon",
        "coordinates": [
          [
            [
              756.676,
              649.452
            ],
            [
              778.34,
              649.452
            ],
            [
              778.34,
              702.972
            ],
            [
              756.676,
              702.972
            ],
            [
              756.676,
              649.452
            ]
          ]
        ]
      },
      "properties": {
        "footprint": 1159.46,
        "floors": 9,
        "height": 28.8,
        "roof": "flat",
        "setback": 2.71,
        "use": "commercial",
        "material": "concrete",
        "editable_volume": {
          "width": 21.66,
          "depth": 53.52,
          "height": 28.8
        },
        "feature_type": "Building",
        "parent_id": "lot-block-district-commercial-33-32-2",
        "stage": "buildings",
        "seed": 7043210347868971060
      }
    },
    {
      "type": "Feature",
      "id": "building-lot-block-district-commercial-33-32-3",
      "geometry": {
        "type": "Polygon",
        "coordinates": [
          [
            [
              786.756,
              649.452
            ],
            [
              808.42,
              649.452
            ],
            [
              808.42,
              702.972
            ],
            [
              786.756,
              702.972
            ],
            [
              786.756,
              649.452
            ]
          ]
        ]
      },
      "properties": {
        "footprint": 1159.46,
        "floors": 7,
        "height": 22.4,
        "roof": "flat",
        "setback": 2.71,
        "use": "commercial",
        "material": "concrete",
        "editable_volume": {
          "width": 21.66,
          "depth": 53.52,
          "height": 22.4
        },
        "feature_type": "Building",
        "parent_id": "lot-block-district-commercial-33-32-3",
        "stage": "buildings",
        "seed": 7043210347868971060
      }
    },
    {
      "type": "Feature",
      "id": "building-lot-block-district-commercial-33-33-1",
      "geometry": {
        "type": "Polygon",
        "coordinates": [
          [
            [
              822.596,
              650.3
            ],
            [
              844.26,
              650.3
            ],
            [
              844.26,
              702.124
            ],
            [
              822.596,
              702.124
            ],
            [
              822.596,
              650.3
            ]
          ]
        ]
      },
      "properties": {
        "footprint": 1122.72,
        "floors": 8,
        "height": 25.6,
        "roof": "flat",
        "setback": 2.71,
        "use": "commercial",
        "material": "concrete",
        "editable_volume": {
          "width": 21.66,
          "depth": 51.82,
          "height": 25.6
        },
        "feature_type": "Building",
        "parent_id": "lot-block-district-commercial-33-33-1",
        "stage": "buildings",
        "seed": 7043210347868971060
      }
    },
    {
      "type": "Feature",
      "id": "building-lot-block-district-commercial-33-33-2",
      "geometry": {
        "type": "Polygon",
        "coordinates": [
          [
            [
              852.676,
              650.3
            ],
            [
              874.34,
              650.3
            ],
            [
              874.34,
              702.124
            ],
            [
              852.676,
              702.124
            ],
            [
              852.676,
              650.3
            ]
          ]
        ]
      },
      "properties": {
        "footprint": 1122.72,
        "floors": 8,
        "height": 25.6,
        "roof": "flat",
        "setback": 2.71,
        "use": "commercial",
        "material": "concrete",
        "editable_volume": {
          "width": 21.66,
          "depth": 51.82,
          "height": 25.6
        },
        "feature_type": "Building",
        "parent_id": "lot-block-district-commercial-33-33-2",
        "stage": "buildings",
        "seed": 7043210347868971060
      }
    },
    {
      "type": "Feature",
      "id": "building-lot-block-district-commercial-33-33-3",
      "geometry": {
        "type": "Polygon",
        "coordinates": [
          [
            [
              882.756,
              650.3
            ],
            [
              904.42,
              650.3
            ],
            [
              904.42,
              702.124
            ],
            [
              882.756,
              702.124
            ],
            [
              882.756,
              650.3
            ]
          ]
        ]
      },
      "properties": {
        "footprint": 1122.72,
        "floors": 5,
        "height": 16.0,
        "roof": "flat",
        "setback": 2.71,
        "use": "commercial",
        "material": "concrete",
        "editable_volume": {
          "width": 21.66,
          "depth": 51.82,
          "height": 16.0
        },
        "feature_type": "Building",
        "parent_id": "lot-block-district-commercial-33-33-3",
        "stage": "buildings",
        "seed": 7043210347868971060
      }
    },
    {
      "type": "Feature",
      "id": "building-lot-block-district-residential-34-11-1",
      "geometry": {
        "type": "Polygon",
        "coordinates": [
          [
            [
              919.088,
              504.039
            ],
            [
              940.752,
              504.039
            ],
            [
              940.752,
              559.755
            ],
            [
              919.088,
              559.755
            ],
            [
              919.088,
              504.039
            ]
          ]
        ]
      },
      "properties": {
        "footprint": 1207.03,
        "floors": 6,
        "height": 19.2,
        "roof": "flat",
        "setback": 2.71,
        "use": "residential",
        "material": "mixed",
        "editable_volume": {
          "width": 21.66,
          "depth": 55.72,
          "height": 19.2
        },
        "feature_type": "Building",
        "parent_id": "lot-block-district-residential-34-11-1",
        "stage": "buildings",
        "seed": 7043210347868971060
      }
    },
    {
      "type": "Feature",
      "id": "building-lot-block-district-residential-34-11-2",
      "geometry": {
        "type": "Polygon",
        "coordinates": [
          [
            [
              949.168,
              504.039
            ],
            [
              970.832,
              504.039
            ],
            [
              970.832,
              559.755
            ],
            [
              949.168,
              559.755
            ],
            [
              949.168,
              504.039
            ]
          ]
        ]
      },
      "properties": {
        "footprint": 1207.03,
        "floors": 5,
        "height": 16.0,
        "roof": "flat",
        "setback": 2.71,
        "use": "residential",
        "material": "mixed",
        "editable_volume": {
          "width": 21.66,
          "depth": 55.72,
          "height": 16.0
        },
        "feature_type": "Building",
        "parent_id": "lot-block-district-residential-34-11-2",
        "stage": "buildings",
        "seed": 7043210347868971060
      }
    },
    {
      "type": "Feature",
      "id": "building-lot-block-district-residential-34-11-3",
      "geometry": {
        "type": "Polygon",
        "coordinates": [
          [
            [
              979.248,
              504.039
            ],
            [
              1000.912,
              504.039
            ],
            [
              1000.912,
              559.755
            ],
            [
              979.248,
              559.755
            ],
            [
              979.248,
              504.039
            ]
          ]
        ]
      },
      "properties": {
        "footprint": 1207.03,
        "floors": 2,
        "height": 6.4,
        "roof": "hip",
        "setback": 2.71,
        "use": "residential",
        "material": "mixed",
        "editable_volume": {
          "width": 21.66,
          "depth": 55.72,
          "height": 6.4
        },
        "feature_type": "Building",
        "parent_id": "lot-block-district-residential-34-11-3",
        "stage": "buildings",
        "seed": 7043210347868971060
      }
    },
    {
      "type": "Feature",
      "id": "building-lot-block-district-residential-34-12-1",
      "geometry": {
        "type": "Polygon",
        "coordinates": [
          [
            [
              1015.088,
              504.536
            ],
            [
              1036.752,
              504.536
            ],
            [
              1036.752,
              559.258
            ],
            [
              1015.088,
              559.258
            ],
            [
              1015.088,
              504.536
            ]
          ]
        ]
      },
      "properties": {
        "footprint": 1185.5,
        "floors": 5,
        "height": 16.0,
        "roof": "flat",
        "setback": 2.71,
        "use": "residential",
        "material": "mixed",
        "editable_volume": {
          "width": 21.66,
          "depth": 54.72,
          "height": 16.0
        },
        "feature_type": "Building",
        "parent_id": "lot-block-district-residential-34-12-1",
        "stage": "buildings",
        "seed": 7043210347868971060
      }
    },
    {
      "type": "Feature",
      "id": "building-lot-block-district-residential-34-12-3",
      "geometry": {
        "type": "Polygon",
        "coordinates": [
          [
            [
              1075.248,
              504.536
            ],
            [
              1096.912,
              504.536
            ],
            [
              1096.912,
              559.258
            ],
            [
              1075.248,
              559.258
            ],
            [
              1075.248,
              504.536
            ]
          ]
        ]
      },
      "properties": {
        "footprint": 1185.5,
        "floors": 3,
        "height": 9.6,
        "roof": "gable",
        "setback": 2.71,
        "use": "residential",
        "material": "mixed",
        "editable_volume": {
          "width": 21.66,
          "depth": 54.72,
          "height": 9.6
        },
        "feature_type": "Building",
        "parent_id": "lot-block-district-residential-34-12-3",
        "stage": "buildings",
        "seed": 7043210347868971060
      }
    },
    {
      "type": "Feature",
      "id": "building-lot-block-district-residential-34-13-2",
      "geometry": {
        "type": "Polygon",
        "coordinates": [
          [
            [
              1141.168,
              505.985
            ],
            [
              1162.832,
              505.985
            ],
            [
              1162.832,
              557.809
            ],
            [
              1141.168,
              557.809
            ],
            [
              1141.168,
              505.985
            ]
          ]
        ]
      },
      "properties": {
        "footprint": 1122.72,
        "floors": 4,
        "height": 12.8,
        "roof": "flat",
        "setback": 2.71,
        "use": "residential",
        "material": "mixed",
        "editable_volume": {
          "width": 21.66,
          "depth": 51.82,
          "height": 12.8
        },
        "feature_type": "Building",
        "parent_id": "lot-block-district-residential-34-13-2",
        "stage": "buildings",
        "seed": 7043210347868971060
      }
    },
    {
      "type": "Feature",
      "id": "building-lot-block-district-residential-34-13-3",
      "geometry": {
        "type": "Polygon",
        "coordinates": [
          [
            [
              1171.248,
              505.985
            ],
            [
              1192.912,
              505.985
            ],
            [
              1192.912,
              557.809
            ],
            [
              1171.248,
              557.809
            ],
            [
              1171.248,
              505.985
            ]
          ]
        ]
      },
      "properties": {
        "footprint": 1122.72,
        "floors": 2,
        "height": 6.4,
        "roof": "gable",
        "setback": 2.71,
        "use": "residential",
        "material": "mixed",
        "editable_volume": {
          "width": 21.66,
          "depth": 51.82,
          "height": 6.4
        },
        "feature_type": "Building",
        "parent_id": "lot-block-district-residential-34-13-3",
        "stage": "buildings",
        "seed": 7043210347868971060
      }
    },
    {
      "type": "Feature",
      "id": "building-lot-block-district-residential-34-21-3",
      "geometry": {
        "type": "Polygon",
        "coordinates": [
          [
            [
              979.248,
              571.985
            ],
            [
              1000.912,
              571.985
            ],
            [
              1000.912,
              623.809
            ],
            [
              979.248,
              623.809
            ],
            [
              979.248,
              571.985
            ]
          ]
        ]
      },
      "properties": {
        "footprint": 1122.72,
        "floors": 2,
        "height": 6.4,
        "roof": "gable",
        "setback": 2.71,
        "use": "residential",
        "material": "mixed",
        "editable_volume": {
          "width": 21.66,
          "depth": 51.82,
          "height": 6.4
        },
        "feature_type": "Building",
        "parent_id": "lot-block-district-residential-34-21-3",
        "stage": "buildings",
        "seed": 7043210347868971060
      }
    },
    {
      "type": "Feature",
      "id": "building-lot-block-district-residential-34-22-1",
      "geometry": {
        "type": "Polygon",
        "coordinates": [
          [
            [
              1015.088,
              571.985
            ],
            [
              1036.752,
              571.985
            ],
            [
              1036.752,
              623.809
            ],
            [
              1015.088,
              623.809
            ],
            [
              1015.088,
              571.985
            ]
          ]
        ]
      },
      "properties": {
        "footprint": 1122.72,
        "floors": 7,
        "height": 22.4,
        "roof": "flat",
        "setback": 2.71,
        "use": "residential",
        "material": "mixed",
        "editable_volume": {
          "width": 21.66,
          "depth": 51.82,
          "height": 22.4
        },
        "feature_type": "Building",
        "parent_id": "lot-block-district-residential-34-22-1",
        "stage": "buildings",
        "seed": 7043210347868971060
      }
    },
    {
      "type": "Feature",
      "id": "building-lot-block-district-residential-34-22-2",
      "geometry": {
        "type": "Polygon",
        "coordinates": [
          [
            [
              1045.168,
              571.985
            ],
            [
              1066.832,
              571.985
            ],
            [
              1066.832,
              623.809
            ],
            [
              1045.168,
              623.809
            ],
            [
              1045.168,
              571.985
            ]
          ]
        ]
      },
      "properties": {
        "footprint": 1122.72,
        "floors": 7,
        "height": 22.4,
        "roof": "flat",
        "setback": 2.71,
        "use": "residential",
        "material": "mixed",
        "editable_volume": {
          "width": 21.66,
          "depth": 51.82,
          "height": 22.4
        },
        "feature_type": "Building",
        "parent_id": "lot-block-district-residential-34-22-2",
        "stage": "buildings",
        "seed": 7043210347868971060
      }
    },
    {
      "type": "Feature",
      "id": "building-lot-block-district-residential-34-22-3",
      "geometry": {
        "type": "Polygon",
        "coordinates": [
          [
            [
              1075.248,
              571.985
            ],
            [
              1096.912,
              571.985
            ],
            [
              1096.912,
              623.809
            ],
            [
              1075.248,
              623.809
            ],
            [
              1075.248,
              571.985
            ]
          ]
        ]
      },
      "properties": {
        "footprint": 1122.72,
        "floors": 7,
        "height": 22.4,
        "roof": "flat",
        "setback": 2.71,
        "use": "residential",
        "material": "mixed",
        "editable_volume": {
          "width": 21.66,
          "depth": 51.82,
          "height": 22.4
        },
        "feature_type": "Building",
        "parent_id": "lot-block-district-residential-34-22-3",
        "stage": "buildings",
        "seed": 7043210347868971060
      }
    },
    {
      "type": "Feature",
      "id": "building-lot-block-district-residential-34-23-1",
      "geometry": {
        "type": "Polygon",
        "coordinates": [
          [
            [
              1111.088,
              571.897
            ],
            [
              1132.752,
              571.897
            ],
            [
              1132.752,
              623.897
            ],
            [
              1111.088,
              623.897
            ],
            [
              1111.088,
              571.897
            ]
          ]
        ]
      },
      "properties": {
        "footprint": 1126.53,
        "floors": 3,
        "height": 9.6,
        "roof": "gable",
        "setback": 2.71,
        "use": "residential",
        "material": "mixed",
        "editable_volume": {
          "width": 21.66,
          "depth": 52.0,
          "height": 9.6
        },
        "feature_type": "Building",
        "parent_id": "lot-block-district-residential-34-23-1",
        "stage": "buildings",
        "seed": 7043210347868971060
      }
    },
    {
      "type": "Feature",
      "id": "building-lot-block-district-residential-34-31-1",
      "geometry": {
        "type": "Polygon",
        "coordinates": [
          [
            [
              919.088,
              635.356
            ],
            [
              940.752,
              635.356
            ],
            [
              940.752,
              692.438
            ],
            [
              919.088,
              692.438
            ],
            [
              919.088,
              635.356
            ]
          ]
        ]
      },
      "properties": {
        "footprint": 1236.62,
        "floors": 7,
        "height": 22.4,
        "roof": "flat",
        "setback": 2.71,
        "use": "residential",
        "material": "mixed",
        "editable_volume": {
          "width": 21.66,
          "depth": 57.08,
          "height": 22.4
        },
        "feature_type": "Building",
        "parent_id": "lot-block-district-residential-34-31-1",
        "stage": "buildings",
        "seed": 7043210347868971060
      }
    },
    {
      "type": "Feature",
      "id": "building-lot-block-district-residential-34-32-2",
      "geometry": {
        "type": "Polygon",
        "coordinates": [
          [
            [
              1045.168,
              637.985
            ],
            [
              1066.832,
              637.985
            ],
            [
              1066.832,
              689.809
            ],
            [
              1045.168,
              689.809
            ],
            [
              1045.168,
              637.985
            ]
          ]
        ]
      },
      "properties": {
        "footprint": 1122.72,
        "floors": 3,
        "height": 9.6,
        "roof": "hip",
        "setback": 2.71,
        "use": "residential",
        "material": "mixed",
        "editable_volume": {
          "width": 21.66,
          "depth": 51.82,
          "height": 9.6
        },
        "feature_type": "Building",
        "parent_id": "lot-block-district-residential-34-32-2",
        "stage": "buildings",
        "seed": 7043210347868971060
      }
    },
    {
      "type": "Feature",
      "id": "building-lot-block-district-residential-34-32-3",
      "geometry": {
        "type": "Polygon",
        "coordinates": [
          [
            [
              1075.248,
              637.985
            ],
            [
              1096.912,
              637.985
            ],
            [
              1096.912,
              689.809
            ],
            [
              1075.248,
              689.809
            ],
            [
              1075.248,
              637.985
            ]
          ]
        ]
      },
      "properties": {
        "footprint": 1122.72,
        "floors": 7,
        "height": 22.4,
        "roof": "flat",
        "setback": 2.71,
        "use": "residential",
        "material": "mixed",
        "editable_volume": {
          "width": 21.66,
          "depth": 51.82,
          "height": 22.4
        },
        "feature_type": "Building",
        "parent_id": "lot-block-district-residential-34-32-3",
        "stage": "buildings",
        "seed": 7043210347868971060
      }
    },
    {
      "type": "Feature",
      "id": "building-lot-block-district-residential-34-33-1",
      "geometry": {
        "type": "Polygon",
        "coordinates": [
          [
            [
              1111.088,
              637.06
            ],
            [
              1132.752,
              637.06
            ],
            [
              1132.752,
              690.734
            ],
            [
              1111.088,
              690.734
            ],
            [
              1111.088,
              637.06
            ]
          ]
        ]
      },
      "properties": {
        "footprint": 1162.79,
        "floors": 7,
        "height": 22.4,
        "roof": "flat",
        "setback": 2.71,
        "use": "residential",
        "material": "mixed",
        "editable_volume": {
          "width": 21.66,
          "depth": 53.67,
          "height": 22.4
        },
        "feature_type": "Building",
        "parent_id": "lot-block-district-residential-34-33-1",
        "stage": "buildings",
        "seed": 7043210347868971060
      }
    },
    {
      "type": "Feature",
      "id": "building-lot-block-district-residential-34-33-2",
      "geometry": {
        "type": "Polygon",
        "coordinates": [
          [
            [
              1141.168,
              637.06
            ],
            [
              1162.832,
              637.06
            ],
            [
              1162.832,
              690.734
            ],
            [
              1141.168,
              690.734
            ],
            [
              1141.168,
              637.06
            ]
          ]
        ]
      },
      "properties": {
        "footprint": 1162.79,
        "floors": 4,
        "height": 12.8,
        "roof": "flat",
        "setback": 2.71,
        "use": "residential",
        "material": "mixed",
        "editable_volume": {
          "width": 21.66,
          "depth": 53.67,
          "height": 12.8
        },
        "feature_type": "Building",
        "parent_id": "lot-block-district-residential-34-33-2",
        "stage": "buildings",
        "seed": 7043210347868971060
      }
    },
    {
      "type": "Feature",
      "id": "building-lot-block-district-residential-34-33-3",
      "geometry": {
        "type": "Polygon",
        "coordinates": [
          [
            [
              1171.248,
              637.06
            ],
            [
              1192.912,
              637.06
            ],
            [
              1192.912,
              690.734
            ],
            [
              1171.248,
              690.734
            ],
            [
              1171.248,
              637.06
            ]
          ]
        ]
      },
      "properties": {
        "footprint": 1162.79,
        "floors": 4,
        "height": 12.8,
        "roof": "flat",
        "setback": 2.71,
        "use": "residential",
        "material": "mixed",
        "editable_volume": {
          "width": 21.66,
          "depth": 53.67,
          "height": 12.8
        },
        "feature_type": "Building",
        "parent_id": "lot-block-district-residential-34-33-3",
        "stage": "buildings",
        "seed": 7043210347868971060
      }
    },
    {
      "type": "Feature",
      "id": "building-lot-block-district-residential-42-11-1",
      "geometry": {
        "type": "Polygon",
        "coordinates": [
          [
            [
              316.394,
              709.579
            ],
            [
              340.063,
              709.579
            ],
            [
              340.063,
              760.421
            ],
            [
              316.394,
              760.421
            ],
            [
              316.394,
              709.579
            ]
          ]
        ]
      },
      "properties": {
        "footprint": 1203.42,
        "floors": 2,
        "height": 6.4,
        "roof": "flat",
        "setback": 2.96,
        "use": "residential",
        "material": "mixed",
        "editable_volume": {
          "width": 23.67,
          "depth": 50.84,
          "height": 6.4
        },
        "feature_type": "Building",
        "parent_id": "lot-block-district-residential-42-11-1",
        "stage": "buildings",
        "seed": 7043210347868971060
      }
    },
    {
      "type": "Feature",
      "id": "building-lot-block-district-residential-42-11-2",
      "geometry": {
        "type": "Polygon",
        "coordinates": [
          [
            [
              348.981,
              709.579
            ],
            [
              372.649,
              709.579
            ],
            [
              372.649,
              760.421
            ],
            [
              348.981,
              760.421
            ],
            [
              348.981,
              709.579
            ]
          ]
        ]
      },
      "properties": {
        "footprint": 1203.39,
        "floors": 5,
        "height": 16.0,
        "roof": "flat",
        "setback": 2.96,
        "use": "residential",
        "material": "mixed",
        "editable_volume": {
          "width": 23.67,
          "depth": 50.84,
          "height": 16.0
        },
        "feature_type": "Building",
        "parent_id": "lot-block-district-residential-42-11-2",
        "stage": "buildings",
        "seed": 7043210347868971060
      }
    },
    {
      "type": "Feature",
      "id": "building-lot-block-district-residential-42-11-3",
      "geometry": {
        "type": "Polygon",
        "coordinates": [
          [
            [
              381.567,
              709.579
            ],
            [
              405.236,
              709.579
            ],
            [
              405.236,
              760.421
            ],
            [
              381.567,
              760.421
            ],
            [
              381.567,
              709.579
            ]
          ]
        ]
      },
      "properties": {
        "footprint": 1203.42,
        "floors": 5,
        "height": 16.0,
        "roof": "flat",
        "setback": 2.96,
        "use": "residential",
        "material": "mixed",
        "editable_volume": {
          "width": 23.67,
          "depth": 50.84,
          "height": 16.0
        },
        "feature_type": "Building",
        "parent_id": "lot-block-district-residential-42-11-3",
        "stage": "buildings",
        "seed": 7043210347868971060
      }
    },
    {
      "type": "Feature",
      "id": "building-lot-block-district-residential-42-12-1",
      "geometry": {
        "type": "Polygon",
        "coordinates": [
          [
            [
              420.394,
              709.579
            ],
            [
              444.063,
              709.579
            ],
            [
              444.063,
              760.421
            ],
            [
              420.394,
              760.421
            ],
            [
              420.394,
              709.579
            ]
          ]
        ]
      },
      "properties": {
        "footprint": 1203.42,
        "floors": 7,
        "height": 22.4,
        "roof": "flat",
        "setback": 2.96,
        "use": "residential",
        "material": "mixed",
        "editable_volume": {
          "width": 23.67,
          "depth": 50.84,
          "height": 22.4
        },
        "feature_type": "Building",
        "parent_id": "lot-block-district-residential-42-12-1",
        "stage": "buildings",
        "seed": 7043210347868971060
      }
    },
    {
      "type": "Feature",
      "id": "building-lot-block-district-residential-42-12-2",
      "geometry": {
        "type": "Polygon",
        "coordinates": [
          [
            [
              452.981,
              709.579
            ],
            [
              476.649,
              709.579
            ],
            [
              476.649,
              760.421
            ],
            [
              452.981,
              760.421
            ],
            [
              452.981,
              709.579
            ]
          ]
        ]
      },
      "properties": {
        "footprint": 1203.39,
        "floors": 5,
        "height": 16.0,
        "roof": "flat",
        "setback": 2.96,
        "use": "residential",
        "material": "mixed",
        "editable_volume": {
          "width": 23.67,
          "depth": 50.84,
          "height": 16.0
        },
        "feature_type": "Building",
        "parent_id": "lot-block-district-residential-42-12-2",
        "stage": "buildings",
        "seed": 7043210347868971060
      }
    },
    {
      "type": "Feature",
      "id": "building-lot-block-district-residential-42-12-3",
      "geometry": {
        "type": "Polygon",
        "coordinates": [
          [
            [
              485.567,
              709.579
            ],
            [
              509.236,
              709.579
            ],
            [
              509.236,
              760.421
            ],
            [
              485.567,
              760.421
            ],
            [
              485.567,
              709.579
            ]
          ]
        ]
      },
      "properties": {
        "footprint": 1203.42,
        "floors": 4,
        "height": 12.8,
        "roof": "flat",
        "setback": 2.96,
        "use": "residential",
        "material": "mixed",
        "editable_volume": {
          "width": 23.67,
          "depth": 50.84,
          "height": 12.8
        },
        "feature_type": "Building",
        "parent_id": "lot-block-district-residential-42-12-3",
        "stage": "buildings",
        "seed": 7043210347868971060
      }
    },
    {
      "type": "Feature",
      "id": "building-lot-block-district-residential-42-13-1",
      "geometry": {
        "type": "Polygon",
        "coordinates": [
          [
            [
              524.394,
              709.579
            ],
            [
              548.063,
              709.579
            ],
            [
              548.063,
              760.421
            ],
            [
              524.394,
              760.421
            ],
            [
              524.394,
              709.579
            ]
          ]
        ]
      },
      "properties": {
        "footprint": 1203.42,
        "floors": 7,
        "height": 22.4,
        "roof": "flat",
        "setback": 2.96,
        "use": "residential",
        "material": "mixed",
        "editable_volume": {
          "width": 23.67,
          "depth": 50.84,
          "height": 22.4
        },
        "feature_type": "Building",
        "parent_id": "lot-block-district-residential-42-13-1",
        "stage": "buildings",
        "seed": 7043210347868971060
      }
    },
    {
      "type": "Feature",
      "id": "building-lot-block-district-residential-42-13-3",
      "geometry": {
        "type": "Polygon",
        "coordinates": [
          [
            [
              589.567,
              709.579
            ],
            [
              613.236,
              709.579
            ],
            [
              613.236,
              760.421
            ],
            [
              589.567,
              760.421
            ],
            [
              589.567,
              709.579
            ]
          ]
        ]
      },
      "properties": {
        "footprint": 1203.42,
        "floors": 5,
        "height": 16.0,
        "roof": "flat",
        "setback": 2.96,
        "use": "residential",
        "material": "mixed",
        "editable_volume": {
          "width": 23.67,
          "depth": 50.84,
          "height": 16.0
        },
        "feature_type": "Building",
        "parent_id": "lot-block-district-residential-42-13-3",
        "stage": "buildings",
        "seed": 7043210347868971060
      }
    },
    {
      "type": "Feature",
      "id": "building-lot-block-district-residential-42-21-1",
      "geometry": {
        "type": "Polygon",
        "coordinates": [
          [
            [
              316.394,
              773.473
            ],
            [
              340.063,
              773.473
            ],
            [
              340.063,
              828.527
            ],
            [
              316.394,
              828.527
            ],
            [
              316.394,
              773.473
            ]
          ]
        ]
      },
      "properties": {
        "footprint": 1303.12,
        "floors": 2,
        "height": 6.4,
        "roof": "gable",
        "setback": 2.96,
        "use": "residential",
        "material": "mixed",
        "editable_volume": {
          "width": 23.67,
          "depth": 55.05,
          "height": 6.4
        },
        "feature_type": "Building",
        "parent_id": "lot-block-district-residential-42-21-1",
        "stage": "buildings",
        "seed": 7043210347868971060
      }
    },
    {
      "type": "Feature",
      "id": "building-lot-block-district-residential-42-21-3",
      "geometry": {
        "type": "Polygon",
        "coordinates": [
          [
            [
              381.567,
              773.473
            ],
            [
              405.236,
              773.473
            ],
            [
              405.236,
              828.527
            ],
            [
              381.567,
              828.527
            ],
            [
              381.567,
              773.473
            ]
          ]
        ]
      },
      "properties": {
        "footprint": 1303.12,
        "floors": 2,
        "height": 6.4,
        "roof": "hip",
        "setback": 2.96,
        "use": "residential",
        "material": "mixed",
        "editable_volume": {
          "width": 23.67,
          "depth": 55.05,
          "height": 6.4
        },
        "feature_type": "Building",
        "parent_id": "lot-block-district-residential-42-21-3",
        "stage": "buildings",
        "seed": 7043210347868971060
      }
    },
    {
      "type": "Feature",
      "id": "building-lot-block-district-residential-42-22-1",
      "geometry": {
        "type": "Polygon",
        "coordinates": [
          [
            [
              420.394,
              773.247
            ],
            [
              444.063,
              773.247
            ],
            [
              444.063,
              828.753
            ],
            [
              420.394,
              828.753
            ],
            [
              420.394,
              773.247
            ]
          ]
        ]
      },
      "properties": {
        "footprint": 1313.82,
        "floors": 3,
        "height": 9.6,
        "roof": "flat",
        "setback": 2.96,
        "use": "residential",
        "material": "mixed",
        "editable_volume": {
          "width": 23.67,
          "depth": 55.51,
          "height": 9.6
        },
        "feature_type": "Building",
        "parent_id": "lot-block-district-residential-42-22-1",
        "stage": "buildings",
        "seed": 7043210347868971060
      }
    },
    {
      "type": "Feature",
      "id": "building-lot-block-district-residential-42-22-2",
      "geometry": {
        "type": "Polygon",
        "coordinates": [
          [
            [
              452.981,
              773.247
            ],
            [
              476.649,
              773.247
            ],
            [
              476.649,
              828.753
            ],
            [
              452.981,
              828.753
            ],
            [
              452.981,
              773.247
            ]
          ]
        ]
      },
      "properties": {
        "footprint": 1313.78,
        "floors": 6,
        "height": 19.2,
        "roof": "flat",
        "setback": 2.96,
        "use": "residential",
        "material": "mixed",
        "editable_volume": {
          "width": 23.67,
          "depth": 55.51,
          "height": 19.2
        },
        "feature_type": "Building",
        "parent_id": "lot-block-district-residential-42-22-2",
        "stage": "buildings",
        "seed": 7043210347868971060
      }
    },
    {
      "type": "Feature",
      "id": "building-lot-block-district-residential-42-23-3",
      "geometry": {
        "type": "Polygon",
        "coordinates": [
          [
            [
              589.567,
              772.683
            ],
            [
              613.236,
              772.683
            ],
            [
              613.236,
              829.317
            ],
            [
              589.567,
              829.317
            ],
            [
              589.567,
              772.683
            ]
          ]
        ]
      },
      "properties": {
        "footprint": 1340.52,
        "floors": 6,
        "height": 19.2,
        "roof": "flat",
        "setback": 2.96,
        "use": "residential",
        "material": "mixed",
        "editable_volume": {
          "width": 23.67,
          "depth": 56.63,
          "height": 19.2
        },
        "feature_type": "Building",
        "parent_id": "lot-block-district-residential-42-23-3",
        "stage": "buildings",
        "seed": 7043210347868971060
      }
    },
    {
      "type": "Feature",
      "id": "building-lot-block-district-residential-42-31-2",
      "geometry": {
        "type": "Polygon",
        "coordinates": [
          [
            [
              348.981,
              841.579
            ],
            [
              372.649,
              841.579
            ],
            [
              372.649,
              892.421
            ],
            [
              348.981,
              892.421
            ],
            [
              348.981,
              841.579
            ]
          ]
        ]
      },
      "properties": {
        "footprint": 1203.39,
        "floors": 4,
        "height": 12.8,
        "roof": "flat",
        "setback": 2.96,
        "use": "residential",
        "material": "mixed",
        "editable_volume": {
          "width": 23.67,
          "depth": 50.84,
          "height": 12.8
        },
        "feature_type": "Building",
        "parent_id": "lot-block-district-residential-42-31-2",
        "stage": "buildings",
        "seed": 7043210347868971060
      }
    },
    {
      "type": "Feature",
      "id": "building-lot-block-district-residential-42-32-1",
      "geometry": {
        "type": "Polygon",
        "coordinates": [
          [
            [
              420.394,
              841.579
            ],
            [
              444.063,
              841.579
            ],
            [
              444.063,
              892.421
            ],
            [
              420.394,
              892.421
            ],
            [
              420.394,
              841.579
            ]
          ]
        ]
      },
      "properties": {
        "footprint": 1203.42,
        "floors": 4,
        "height": 12.8,
        "roof": "flat",
        "setback": 2.96,
        "use": "residential",
        "material": "mixed",
        "editable_volume": {
          "width": 23.67,
          "depth": 50.84,
          "height": 12.8
        },
        "feature_type": "Building",
        "parent_id": "lot-block-district-residential-42-32-1",
        "stage": "buildings",
        "seed": 7043210347868971060
      }
    },
    {
      "type": "Feature",
      "id": "building-lot-block-district-residential-42-33-1",
      "geometry": {
        "type": "Polygon",
        "coordinates": [
          [
            [
              524.394,
              841.579
            ],
            [
              548.063,
              841.579
            ],
            [
              548.063,
              892.421
            ],
            [
              524.394,
              892.421
            ],
            [
              524.394,
              841.579
            ]
          ]
        ]
      },
      "properties": {
        "footprint": 1203.42,
        "floors": 2,
        "height": 6.4,
        "roof": "hip",
        "setback": 2.96,
        "use": "residential",
        "material": "mixed",
        "editable_volume": {
          "width": 23.67,
          "depth": 50.84,
          "height": 6.4
        },
        "feature_type": "Building",
        "parent_id": "lot-block-district-residential-42-33-1",
        "stage": "buildings",
        "seed": 7043210347868971060
      }
    },
    {
      "type": "Feature",
      "id": "building-lot-block-district-residential-42-33-2",
      "geometry": {
        "type": "Polygon",
        "coordinates": [
          [
            [
              556.981,
              841.579
            ],
            [
              580.649,
              841.579
            ],
            [
              580.649,
              892.421
            ],
            [
              556.981,
              892.421
            ],
            [
              556.981,
              841.579
            ]
          ]
        ]
      },
      "properties": {
        "footprint": 1203.39,
        "floors": 6,
        "height": 19.2,
        "roof": "flat",
        "setback": 2.96,
        "use": "residential",
        "material": "mixed",
        "editable_volume": {
          "width": 23.67,
          "depth": 50.84,
          "height": 19.2
        },
        "feature_type": "Building",
        "parent_id": "lot-block-district-residential-42-33-2",
        "stage": "buildings",
        "seed": 7043210347868971060
      }
    },
    {
      "type": "Feature",
      "id": "building-lot-block-district-residential-42-33-3",
      "geometry": {
        "type": "Polygon",
        "coordinates": [
          [
            [
              589.567,
              841.579
            ],
            [
              613.236,
              841.579
            ],
            [
              613.236,
              892.421
            ],
            [
              589.567,
              892.421
            ],
            [
              589.567,
              841.579
            ]
          ]
        ]
      },
      "properties": {
        "footprint": 1203.42,
        "floors": 4,
        "height": 12.8,
        "roof": "flat",
        "setback": 2.96,
        "use": "residential",
        "material": "mixed",
        "editable_volume": {
          "width": 23.67,
          "depth": 50.84,
          "height": 12.8
        },
        "feature_type": "Building",
        "parent_id": "lot-block-district-residential-42-33-3",
        "stage": "buildings",
        "seed": 7043210347868971060
      }
    },
    {
      "type": "Feature",
      "id": "building-lot-block-district-residential-43-11-1",
      "geometry": {
        "type": "Polygon",
        "coordinates": [
          [
            [
              629.934,
              708.735
            ],
            [
              651.598,
              708.735
            ],
            [
              651.598,
              761.265
            ],
            [
              629.934,
              761.265
            ],
            [
              629.934,
              708.735
            ]
          ]
        ]
      },
      "properties": {
        "footprint": 1138.01,
        "floors": 5,
        "height": 16.0,
        "roof": "flat",
        "setback": 2.71,
        "use": "residential",
        "material": "mixed",
        "editable_volume": {
          "width": 21.66,
          "depth": 52.53,
          "height": 16.0
        },
        "feature_type": "Building",
        "parent_id": "lot-block-district-residential-43-11-1",
        "stage": "buildings",
        "seed": 7043210347868971060
      }
    },
    {
      "type": "Feature",
      "id": "building-lot-block-district-residential-43-11-2",
      "geometry": {
        "type": "Polygon",
        "coordinates": [
          [
            [
              660.014,
              708.735
            ],
            [
              681.678,
              708.735
            ],
            [
              681.678,
              761.265
            ],
            [
              660.014,
              761.265
            ],
            [
              660.014,
              708.735
            ]
          ]
        ]
      },
      "properties": {
        "footprint": 1138.01,
        "floors": 3,
        "height": 9.6,
        "roof": "flat",
        "setback": 2.71,
        "use": "residential",
        "material": "mixed",
        "editable_volume": {
          "width": 21.66,
          "depth": 52.53,
          "height": 9.6
        },
        "feature_type": "Building",
        "parent_id": "lot-block-district-residential-43-11-2",
        "stage": "buildings",
        "seed": 7043210347868971060
      }
    },
    {
      "type": "Feature",
      "id": "building-lot-block-district-residential-43-11-3",
      "geometry": {
        "type": "Polygon",
        "coordinates": [
          [
            [
              690.094,
              708.735
            ],
            [
              711.758,
              708.735
            ],
            [
              711.758,
              761.265
            ],
            [
              690.094,
              761.265
            ],
            [
              690.094,
              708.735
            ]
          ]
        ]
      },
      "properties": {
        "footprint": 1138.01,
        "floors": 5,
        "height": 16.0,
        "roof": "flat",
        "setback": 2.71,
        "use": "residential",
        "material": "mixed",
        "editable_volume": {
          "width": 21.66,
          "depth": 52.53,
          "height": 16.0
        },
        "feature_type": "Building",
        "parent_id": "lot-block-district-residential-43-11-3",
        "stage": "buildings",
        "seed": 7043210347868971060
      }
    },
    {
      "type": "Feature",
      "id": "building-lot-block-district-residential-43-12-2",
      "geometry": {
        "type": "Polygon",
        "coordinates": [
          [
            [
              756.014,
              709.088
            ],
            [
              777.678,
              709.088
            ],
            [
              777.678,
              760.912
            ],
            [
              756.014,
              760.912
            ],
            [
              756.014,
              709.088
            ]
          ]
        ]
      },
      "properties": {
        "footprint": 1122.72,
        "floors": 2,
        "height": 6.4,
        "roof": "hip",
        "setback": 2.71,
        "use": "residential",
        "material": "mixed",
        "editable_volume": {
          "width": 21.66,
          "depth": 51.82,
          "height": 6.4
        },
        "feature_type": "Building",
        "parent_id": "lot-block-district-residential-43-12-2",
        "stage": "buildings",
        "seed": 7043210347868971060
      }
    },
    {
      "type": "Feature",
      "id": "building-lot-block-district-residential-43-13-2",
      "geometry": {
        "type": "Polygon",
        "coordinates": [
          [
            [
              852.014,
              709.088
            ],
            [
              873.678,
              709.088
            ],
            [
              873.678,
              760.912
            ],
            [
              852.014,
              760.912
            ],
            [
              852.014,
              709.088
            ]
          ]
        ]
      },
      "properties": {
        "footprint": 1122.72,
        "floors": 6,
        "height": 19.2,
        "roof": "flat",
        "setback": 2.71,
        "use": "residential",
        "material": "mixed",
        "editable_volume": {
          "width": 21.66,
          "depth": 51.82,
          "height": 19.2
        },
        "feature_type": "Building",
        "parent_id": "lot-block-district-residential-43-13-2",
        "stage": "buildings",
        "seed": 7043210347868971060
      }
    },
    {
      "type": "Feature",
      "id": "building-lot-block-district-residential-43-13-3",
      "geometry": {
        "type": "Polygon",
        "coordinates": [
          [
            [
              882.094,
              709.088
            ],
            [
              903.758,
              709.088
            ],
            [
              903.758,
              760.912
            ],
            [
              882.094,
              760.912
            ],
            [
              882.094,
              709.088
            ]
          ]
        ]
      },
      "properties": {
        "footprint": 1122.72,
        "floors": 3,
        "height": 9.6,
        "roof": "flat",
        "setback": 2.71,
        "use": "residential",
        "material": "mixed",
        "editable_volume": {
          "width": 21.66,
          "depth": 51.82,
          "height": 9.6
        },
        "feature_type": "Building",
        "parent_id": "lot-block-district-residential-43-13-3",
        "stage": "buildings",
        "seed": 7043210347868971060
      }
    },
    {
      "type": "Feature",
      "id": "building-lot-block-district-residential-43-21-1",
      "geometry": {
        "type": "Polygon",
        "coordinates": [
          [
            [
              629.934,
              774.389
            ],
            [
              651.598,
              774.389
            ],
            [
              651.598,
              827.611
            ],
            [
              629.934,
              827.611
            ],
            [
              629.934,
              774.389
            ]
          ]
        ]
      },
      "properties": {
        "footprint": 1153.0,
        "floors": 5,
        "height": 16.0,
        "roof": "flat",
        "setback": 2.71,
        "use": "residential",
        "material": "mixed",
        "editable_volume": {
          "width": 21.66,
          "depth": 53.22,
          "height": 16.0
        },
        "feature_type": "Building",
        "parent_id": "lot-block-district-residential-43-21-1",
        "stage": "buildings",
        "seed": 7043210347868971060
      }
    },
    {
      "type": "Feature",
      "id": "building-lot-block-district-residential-43-21-2",
      "geometry": {
        "type": "Polygon",
        "coordinates": [
          [
            [
              660.014,
              774.389
            ],
            [
              681.678,
              774.389
            ],
            [
              681.678,
              827.611
            ],
            [
              660.014,
              827.611
            ],
            [
              660.014,
              774.389
            ]
          ]
        ]
      },
      "properties": {
        "footprint": 1153.0,
        "floors": 4,
        "height": 12.8,
        "roof": "flat",
        "setback": 2.71,
        "use": "residential",
        "material": "mixed",
        "editable_volume": {
          "width": 21.66,
          "depth": 53.22,
          "height": 12.8
        },
        "feature_type": "Building",
        "parent_id": "lot-block-district-residential-43-21-2",
        "stage": "buildings",
        "seed": 7043210347868971060
      }
    },
    {
      "type": "Feature",
      "id": "building-lot-block-district-residential-43-22-1",
      "geometry": {
        "type": "Polygon",
        "coordinates": [
          [
            [
              725.934,
              773.546
            ],
            [
              747.598,
              773.546
            ],
            [
              747.598,
              828.454
            ],
            [
              725.934,
              828.454
            ],
            [
              725.934,
              773.546
            ]
          ]
        ]
      },
      "properties": {
        "footprint": 1189.53,
        "floors": 5,
        "height": 16.0,
        "roof": "flat",
        "setback": 2.71,
        "use": "residential",
        "material": "mixed",
        "editable_volume": {
          "width": 21.66,
          "depth": 54.91,
          "height": 16.0
        },
        "feature_type": "Building",
        "parent_id": "lot-block-district-residential-43-22-1",
        "stage": "buildings",
        "seed": 7043210347868971060
      }
    },
    {
      "type": "Feature",
      "id": "building-lot-block-district-residential-43-22-3",
      "geometry": {
        "type": "Polygon",
        "coordinates": [
          [
            [
              786.094,
              773.546
            ],
            [
              807.758,
              773.546
            ],
            [
              807.758,
              828.454
            ],
            [
              786.094,
              828.454
            ],
            [
              786.094,
              773.546
            ]
          ]
        ]
      },
      "properties": {
        "footprint": 1189.53,
        "floors": 2,
        "height": 6.4,
        "roof": "gable",
        "setback": 2.71,
        "use": "residential",
        "material": "mixed",
        "editable_volume": {
          "width": 21.66,
          "depth": 54.91,
          "height": 6.4
        },
        "feature_type": "Building",
        "parent_id": "lot-block-district-residential-43-22-3",
        "stage": "buildings",
        "seed": 7043210347868971060
      }
    },
    {
      "type": "Feature",
      "id": "building-lot-block-district-residential-43-23-2",
      "geometry": {
        "type": "Polygon",
        "coordinates": [
          [
            [
              852.014,
              775.088
            ],
            [
              873.678,
              775.088
            ],
            [
              873.678,
              826.912
            ],
            [
              852.014,
              826.912
            ],
            [
              852.014,
              775.088
            ]
          ]
        ]
      },
      "properties": {
        "footprint": 1122.72,
        "floors": 6,
        "height": 19.2,
        "roof": "flat",
        "setback": 2.71,
        "use": "residential",
        "material": "mixed",
        "editable_volume": {
          "width": 21.66,
          "depth": 51.82,
          "height": 19.2
        },
        "feature_type": "Building",
        "parent_id": "lot-block-district-residential-43-23-2",
        "stage": "buildings",
        "seed": 7043210347868971060
      }
    },
    {
      "type": "Feature",
      "id": "building-lot-block-district-residential-43-23-3",
      "geometry": {
        "type": "Polygon",
        "coordinates": [
          [
            [
              882.094,
              775.088
            ],
            [
              903.758,
              775.088
            ],
            [
              903.758,
              826.912
            ],
            [
              882.094,
              826.912
            ],
            [
              882.094,
              775.088
            ]
          ]
        ]
      },
      "properties": {
        "footprint": 1122.72,
        "floors": 5,
        "height": 16.0,
        "roof": "flat",
        "setback": 2.71,
        "use": "residential",
        "material": "mixed",
        "editable_volume": {
          "width": 21.66,
          "depth": 51.82,
          "height": 16.0
        },
        "feature_type": "Building",
        "parent_id": "lot-block-district-residential-43-23-3",
        "stage": "buildings",
        "seed": 7043210347868971060
      }
    },
    {
      "type": "Feature",
      "id": "building-lot-block-district-residential-43-32-2",
      "geometry": {
        "type": "Polygon",
        "coordinates": [
          [
            [
              756.014,
              840.421
            ],
            [
              777.678,
              840.421
            ],
            [
              777.678,
              893.579
            ],
            [
              756.014,
              893.579
            ],
            [
              756.014,
              840.421
            ]
          ]
        ]
      },
      "properties": {
        "footprint": 1151.61,
        "floors": 3,
        "height": 9.6,
        "roof": "flat",
        "setback": 2.71,
        "use": "residential",
        "material": "mixed",
        "editable_volume": {
          "width": 21.66,
          "depth": 53.16,
          "height": 9.6
        },
        "feature_type": "Building",
        "parent_id": "lot-block-district-residential-43-32-2",
        "stage": "buildings",
        "seed": 7043210347868971060
      }
    },
    {
      "type": "Feature",
      "id": "building-lot-block-district-residential-43-32-3",
      "geometry": {
        "type": "Polygon",
        "coordinates": [
          [
            [
              786.094,
              840.421
            ],
            [
              807.758,
              840.421
            ],
            [
              807.758,
              893.579
            ],
            [
              786.094,
              893.579
            ],
            [
              786.094,
              840.421
            ]
          ]
        ]
      },
      "properties": {
        "footprint": 1151.61,
        "floors": 3,
        "height": 9.6,
        "roof": "flat",
        "setback": 2.71,
        "use": "residential",
        "material": "mixed",
        "editable_volume": {
          "width": 21.66,
          "depth": 53.16,
          "height": 9.6
        },
        "feature_type": "Building",
        "parent_id": "lot-block-district-residential-43-32-3",
        "stage": "buildings",
        "seed": 7043210347868971060
      }
    },
    {
      "type": "Feature",
      "id": "building-lot-block-district-residential-43-33-1",
      "geometry": {
        "type": "Polygon",
        "coordinates": [
          [
            [
              821.934,
              839.043
            ],
            [
              843.598,
              839.043
            ],
            [
              843.598,
              894.957
            ],
            [
              821.934,
              894.957
            ],
            [
              821.934,
              839.043
            ]
          ]
        ]
      },
      "properties": {
        "footprint": 1211.32,
        "floors": 2,
        "height": 6.4,
        "roof": "gable",
        "setback": 2.71,
        "use": "residential",
        "material": "mixed",
        "editable_volume": {
          "width": 21.66,
          "depth": 55.91,
          "height": 6.4
        },
        "feature_type": "Building",
        "parent_id": "lot-block-district-residential-43-33-1",
        "stage": "buildings",
        "seed": 7043210347868971060
      }
    },
    {
      "type": "Feature",
      "id": "building-lot-block-district-residential-43-33-2",
      "geometry": {
        "type": "Polygon",
        "coordinates": [
          [
            [
              852.014,
              839.043
            ],
            [
              873.678,
              839.043
            ],
            [
              873.678,
              894.957
            ],
            [
              852.014,
              894.957
            ],
            [
              852.014,
              839.043
            ]
          ]
        ]
      },
      "properties": {
        "footprint": 1211.32,
        "floors": 6,
        "height": 19.2,
        "roof": "flat",
        "setback": 2.71,
        "use": "residential",
        "material": "mixed",
        "editable_volume": {
          "width": 21.66,
          "depth": 55.91,
          "height": 19.2
        },
        "feature_type": "Building",
        "parent_id": "lot-block-district-residential-43-33-2",
        "stage": "buildings",
        "seed": 7043210347868971060
      }
    },
    {
      "type": "Feature",
      "id": "building-lot-block-district-residential-43-33-3",
      "geometry": {
        "type": "Polygon",
        "coordinates": [
          [
            [
              882.094,
              839.043
            ],
            [
              903.758,
              839.043
            ],
            [
              903.758,
              894.957
            ],
            [
              882.094,
              894.957
            ],
            [
              882.094,
              839.043
            ]
          ]
        ]
      },
      "properties": {
        "footprint": 1211.32,
        "floors": 6,
        "height": 19.2,
        "roof": "flat",
        "setback": 2.71,
        "use": "residential",
        "material": "mixed",
        "editable_volume": {
          "width": 21.66,
          "depth": 55.91,
          "height": 19.2
        },
        "feature_type": "Building",
        "parent_id": "lot-block-district-residential-43-33-3",
        "stage": "buildings",
        "seed": 7043210347868971060
      }
    },
    {
      "type": "Feature",
      "id": "building-lot-block-district-business-44-11-1",
      "geometry": {
        "type": "Polygon",
        "coordinates": [
          [
            [
              919.088,
              709.088
            ],
            [
              940.752,
              709.088
            ],
            [
              940.752,
              760.912
            ],
            [
              919.088,
              760.912
            ],
            [
              919.088,
              709.088
            ]
          ]
        ]
      },
      "properties": {
        "footprint": 1122.72,
        "floors": 15,
        "height": 48.0,
        "roof": "flat",
        "setback": 2.71,
        "use": "business",
        "material": "concrete",
        "editable_volume": {
          "width": 21.66,
          "depth": 51.82,
          "height": 48.0
        },
        "feature_type": "Building",
        "parent_id": "lot-block-district-business-44-11-1",
        "stage": "buildings",
        "seed": 7043210347868971060
      }
    },
    {
      "type": "Feature",
      "id": "building-lot-block-district-business-44-11-2",
      "geometry": {
        "type": "Polygon",
        "coordinates": [
          [
            [
              949.168,
              709.088
            ],
            [
              970.832,
              709.088
            ],
            [
              970.832,
              760.912
            ],
            [
              949.168,
              760.912
            ],
            [
              949.168,
              709.088
            ]
          ]
        ]
      },
      "properties": {
        "footprint": 1122.72,
        "floors": 6,
        "height": 19.2,
        "roof": "flat",
        "setback": 2.71,
        "use": "business",
        "material": "concrete",
        "editable_volume": {
          "width": 21.66,
          "depth": 51.82,
          "height": 19.2
        },
        "feature_type": "Building",
        "parent_id": "lot-block-district-business-44-11-2",
        "stage": "buildings",
        "seed": 7043210347868971060
      }
    },
    {
      "type": "Feature",
      "id": "building-lot-block-district-business-44-11-3",
      "geometry": {
        "type": "Polygon",
        "coordinates": [
          [
            [
              979.248,
              709.088
            ],
            [
              1000.912,
              709.088
            ],
            [
              1000.912,
              760.912
            ],
            [
              979.248,
              760.912
            ],
            [
              979.248,
              709.088
            ]
          ]
        ]
      },
      "properties": {
        "footprint": 1122.72,
        "floors": 17,
        "height": 54.4,
        "roof": "flat",
        "setback": 2.71,
        "use": "business",
        "material": "concrete",
        "editable_volume": {
          "width": 21.66,
          "depth": 51.82,
          "height": 54.4
        },
        "feature_type": "Building",
        "parent_id": "lot-block-district-business-44-11-3",
        "stage": "buildings",
        "seed": 7043210347868971060
      }
    },
    {
      "type": "Feature",
      "id": "building-lot-block-district-business-44-12-1",
      "geometry": {
        "type": "Polygon",
        "coordinates": [
          [
            [
              1015.088,
              709.088
            ],
            [
              1036.752,
              709.088
            ],
            [
              1036.752,
              760.912
            ],
            [
              1015.088,
              760.912
            ],
            [
              1015.088,
              709.088
            ]
          ]
        ]
      },
      "properties": {
        "footprint": 1122.72,
        "floors": 11,
        "height": 35.2,
        "roof": "flat",
        "setback": 2.71,
        "use": "business",
        "material": "concrete",
        "editable_volume": {
          "width": 21.66,
          "depth": 51.82,
          "height": 35.2
        },
        "feature_type": "Building",
        "parent_id": "lot-block-district-business-44-12-1",
        "stage": "buildings",
        "seed": 7043210347868971060
      }
    },
    {
      "type": "Feature",
      "id": "building-lot-block-district-business-44-12-3",
      "geometry": {
        "type": "Polygon",
        "coordinates": [
          [
            [
              1075.248,
              709.088
            ],
            [
              1096.912,
              709.088
            ],
            [
              1096.912,
              760.912
            ],
            [
              1075.248,
              760.912
            ],
            [
              1075.248,
              709.088
            ]
          ]
        ]
      },
      "properties": {
        "footprint": 1122.72,
        "floors": 10,
        "height": 32.0,
        "roof": "flat",
        "setback": 2.71,
        "use": "business",
        "material": "concrete",
        "editable_volume": {
          "width": 21.66,
          "depth": 51.82,
          "height": 32.0
        },
        "feature_type": "Building",
        "parent_id": "lot-block-district-business-44-12-3",
        "stage": "buildings",
        "seed": 7043210347868971060
      }
    },
    {
      "type": "Feature",
      "id": "building-lot-block-district-business-44-13-1",
      "geometry": {
        "type": "Polygon",
        "coordinates": [
          [
            [
              1111.088,
              707.572
            ],
            [
              1132.752,
              707.572
            ],
            [
              1132.752,
              762.428
            ],
            [
              1111.088,
              762.428
            ],
            [
              1111.088,
              707.572
            ]
          ]
        ]
      },
      "properties": {
        "footprint": 1188.4,
        "floors": 6,
        "height": 19.2,
        "roof": "flat",
        "setback": 2.71,
        "use": "business",
        "material": "concrete",
        "editable_volume": {
          "width": 21.66,
          "depth": 54.86,
          "height": 19.2
        },
        "feature_type": "Building",
        "parent_id": "lot-block-district-business-44-13-1",
        "stage": "buildings",
        "seed": 7043210347868971060
      }
    },
    {
      "type": "Feature",
      "id": "building-lot-block-district-business-44-13-2",
      "geometry": {
        "type": "Polygon",
        "coordinates": [
          [
            [
              1141.168,
              707.572
            ],
            [
              1162.832,
              707.572
            ],
            [
              1162.832,
              762.428
            ],
            [
              1141.168,
              762.428
            ],
            [
              1141.168,
              707.572
            ]
          ]
        ]
      },
      "properties": {
        "footprint": 1188.4,
        "floors": 11,
        "height": 35.2,
        "roof": "flat",
        "setback": 2.71,
        "use": "business",
        "material": "concrete",
        "editable_volume": {
          "width": 21.66,
          "depth": 54.86,
          "height": 35.2
        },
        "feature_type": "Building",
        "parent_id": "lot-block-district-business-44-13-2",
        "stage": "buildings",
        "seed": 7043210347868971060
      }
    },
    {
      "type": "Feature",
      "id": "building-lot-block-district-business-44-13-3",
      "geometry": {
        "type": "Polygon",
        "coordinates": [
          [
            [
              1171.248,
              707.572
            ],
            [
              1192.912,
              707.572
            ],
            [
              1192.912,
              762.428
            ],
            [
              1171.248,
              762.428
            ],
            [
              1171.248,
              707.572
            ]
          ]
        ]
      },
      "properties": {
        "footprint": 1188.4,
        "floors": 16,
        "height": 51.2,
        "roof": "flat",
        "setback": 2.71,
        "use": "business",
        "material": "concrete",
        "editable_volume": {
          "width": 21.66,
          "depth": 54.86,
          "height": 51.2
        },
        "feature_type": "Building",
        "parent_id": "lot-block-district-business-44-13-3",
        "stage": "buildings",
        "seed": 7043210347868971060
      }
    },
    {
      "type": "Feature",
      "id": "building-lot-block-district-business-44-21-1",
      "geometry": {
        "type": "Polygon",
        "coordinates": [
          [
            [
              919.088,
              775.088
            ],
            [
              940.752,
              775.088
            ],
            [
              940.752,
              826.912
            ],
            [
              919.088,
              826.912
            ],
            [
              919.088,
              775.088
            ]
          ]
        ]
      },
      "properties": {
        "footprint": 1122.72,
        "floors": 7,
        "height": 22.4,
        "roof": "flat",
        "setback": 2.71,
        "use": "business",
        "material": "concrete",
        "editable_volume": {
          "width": 21.66,
          "depth": 51.82,
          "height": 22.4
        },
        "feature_type": "Building",
        "parent_id": "lot-block-district-business-44-21-1",
        "stage": "buildings",
        "seed": 7043210347868971060
      }
    },
    {
      "type": "Feature",
      "id": "building-lot-block-district-business-44-21-2",
      "geometry": {
        "type": "Polygon",
        "coordinates": [
          [
            [
              949.168,
              775.088
            ],
            [
              970.832,
              775.088
            ],
            [
              970.832,
              826.912
            ],
            [
              949.168,
              826.912
            ],
            [
              949.168,
              775.088
            ]
          ]
        ]
      },
      "properties": {
        "footprint": 1122.72,
        "floors": 11,
        "height": 35.2,
        "roof": "flat",
        "setback": 2.71,
        "use": "business",
        "material": "concrete",
        "editable_volume": {
          "width": 21.66,
          "depth": 51.82,
          "height": 35.2
        },
        "feature_type": "Building",
        "parent_id": "lot-block-district-business-44-21-2",
        "stage": "buildings",
        "seed": 7043210347868971060
      }
    },
    {
      "type": "Feature",
      "id": "building-lot-block-district-business-44-21-3",
      "geometry": {
        "type": "Polygon",
        "coordinates": [
          [
            [
              979.248,
              775.088
            ],
            [
              1000.912,
              775.088
            ],
            [
              1000.912,
              826.912
            ],
            [
              979.248,
              826.912
            ],
            [
              979.248,
              775.088
            ]
          ]
        ]
      },
      "properties": {
        "footprint": 1122.72,
        "floors": 10,
        "height": 32.0,
        "roof": "flat",
        "setback": 2.71,
        "use": "business",
        "material": "concrete",
        "editable_volume": {
          "width": 21.66,
          "depth": 51.82,
          "height": 32.0
        },
        "feature_type": "Building",
        "parent_id": "lot-block-district-business-44-21-3",
        "stage": "buildings",
        "seed": 7043210347868971060
      }
    },
    {
      "type": "Feature",
      "id": "building-lot-block-district-business-44-22-1",
      "geometry": {
        "type": "Polygon",
        "coordinates": [
          [
            [
              1015.088,
              775.088
            ],
            [
              1036.752,
              775.088
            ],
            [
              1036.752,
              826.912
            ],
            [
              1015.088,
              826.912
            ],
            [
              1015.088,
              775.088
            ]
          ]
        ]
      },
      "properties": {
        "footprint": 1122.72,
        "floors": 6,
        "height": 19.2,
        "roof": "flat",
        "setback": 2.71,
        "use": "business",
        "material": "concrete",
        "editable_volume": {
          "width": 21.66,
          "depth": 51.82,
          "height": 19.2
        },
        "feature_type": "Building",
        "parent_id": "lot-block-district-business-44-22-1",
        "stage": "buildings",
        "seed": 7043210347868971060
      }
    },
    {
      "type": "Feature",
      "id": "building-lot-block-district-business-44-22-2",
      "geometry": {
        "type": "Polygon",
        "coordinates": [
          [
            [
              1045.168,
              775.088
            ],
            [
              1066.832,
              775.088
            ],
            [
              1066.832,
              826.912
            ],
            [
              1045.168,
              826.912
            ],
            [
              1045.168,
              775.088
            ]
          ]
        ]
      },
      "properties": {
        "footprint": 1122.72,
        "floors": 14,
        "height": 44.8,
        "roof": "flat",
        "setback": 2.71,
        "use": "business",
        "material": "concrete",
        "editable_volume": {
          "width": 21.66,
          "depth": 51.82,
          "height": 44.8
        },
        "feature_type": "Building",
        "parent_id": "lot-block-district-business-44-22-2",
        "stage": "buildings",
        "seed": 7043210347868971060
      }
    },
    {
      "type": "Feature",
      "id": "building-lot-block-district-business-44-22-3",
      "geometry": {
        "type": "Polygon",
        "coordinates": [
          [
            [
              1075.248,
              775.088
            ],
            [
              1096.912,
              775.088
            ],
            [
              1096.912,
              826.912
            ],
            [
              1075.248,
              826.912
            ],
            [
              1075.248,
              775.088
            ]
          ]
        ]
      },
      "properties": {
        "footprint": 1122.72,
        "floors": 14,
        "height": 44.8,
        "roof": "flat",
        "setback": 2.71,
        "use": "business",
        "material": "concrete",
        "editable_volume": {
          "width": 21.66,
          "depth": 51.82,
          "height": 44.8
        },
        "feature_type": "Building",
        "parent_id": "lot-block-district-business-44-22-3",
        "stage": "buildings",
        "seed": 7043210347868971060
      }
    },
    {
      "type": "Feature",
      "id": "building-lot-block-district-business-44-23-1",
      "geometry": {
        "type": "Polygon",
        "coordinates": [
          [
            [
              1111.088,
              773.023
            ],
            [
              1132.752,
              773.023
            ],
            [
              1132.752,
              828.977
            ],
            [
              1111.088,
              828.977
            ],
            [
              1111.088,
              773.023
            ]
          ]
        ]
      },
      "properties": {
        "footprint": 1212.19,
        "floors": 11,
        "height": 35.2,
        "roof": "flat",
        "setback": 2.71,
        "use": "business",
        "material": "concrete",
        "editable_volume": {
          "width": 21.66,
          "depth": 55.95,
          "height": 35.2
        },
        "feature_type": "Building",
        "parent_id": "lot-block-district-business-44-23-1",
        "stage": "buildings",
        "seed": 7043210347868971060
      }
    },
    {
      "type": "Feature",
      "id": "building-lot-block-district-business-44-23-2",
      "geometry": {
        "type": "Polygon",
        "coordinates": [
          [
            [
              1141.168,
              773.023
            ],
            [
              1162.832,
              773.023
            ],
            [
              1162.832,
              828.977
            ],
            [
              1141.168,
              828.977
            ],
            [
              1141.168,
              773.023
            ]
          ]
        ]
      },
      "properties": {
        "footprint": 1212.19,
        "floors": 16,
        "height": 51.2,
        "roof": "flat",
        "setback": 2.71,
        "use": "business",
        "material": "concrete",
        "editable_volume": {
          "width": 21.66,
          "depth": 55.95,
          "height": 51.2
        },
        "feature_type": "Building",
        "parent_id": "lot-block-district-business-44-23-2",
        "stage": "buildings",
        "seed": 7043210347868971060
      }
    },
    {
      "type": "Feature",
      "id": "building-lot-block-district-business-44-31-1",
      "geometry": {
        "type": "Polygon",
        "coordinates": [
          [
            [
              919.088,
              841.088
            ],
            [
              940.752,
              841.088
            ],
            [
              940.752,
              892.912
            ],
            [
              919.088,
              892.912
            ],
            [
              919.088,
              841.088
            ]
          ]
        ]
      },
      "properties": {
        "footprint": 1122.72,
        "floors": 16,
        "height": 51.2,
        "roof": "flat",
        "setback": 2.71,
        "use": "business",
        "material": "concrete",
        "editable_volume": {
          "width": 21.66,
          "depth": 51.82,
          "height": 51.2
        },
        "feature_type": "Building",
        "parent_id": "lot-block-district-business-44-31-1",
        "stage": "buildings",
        "seed": 7043210347868971060
      }
    },
    {
      "type": "Feature",
      "id": "building-lot-block-district-business-44-31-2",
      "geometry": {
        "type": "Polygon",
        "coordinates": [
          [
            [
              949.168,
              841.088
            ],
            [
              970.832,
              841.088
            ],
            [
              970.832,
              892.912
            ],
            [
              949.168,
              892.912
            ],
            [
              949.168,
              841.088
            ]
          ]
        ]
      },
      "properties": {
        "footprint": 1122.72,
        "floors": 9,
        "height": 28.8,
        "roof": "flat",
        "setback": 2.71,
        "use": "business",
        "material": "concrete",
        "editable_volume": {
          "width": 21.66,
          "depth": 51.82,
          "height": 28.8
        },
        "feature_type": "Building",
        "parent_id": "lot-block-district-business-44-31-2",
        "stage": "buildings",
        "seed": 7043210347868971060
      }
    },
    {
      "type": "Feature",
      "id": "building-lot-block-district-business-44-31-3",
      "geometry": {
        "type": "Polygon",
        "coordinates": [
          [
            [
              979.248,
              841.088
            ],
            [
              1000.912,
              841.088
            ],
            [
              1000.912,
              892.912
            ],
            [
              979.248,
              892.912
            ],
            [
              979.248,
              841.088
            ]
          ]
        ]
      },
      "properties": {
        "footprint": 1122.72,
        "floors": 10,
        "height": 32.0,
        "roof": "flat",
        "setback": 2.71,
        "use": "business",
        "material": "concrete",
        "editable_volume": {
          "width": 21.66,
          "depth": 51.82,
          "height": 32.0
        },
        "feature_type": "Building",
        "parent_id": "lot-block-district-business-44-31-3",
        "stage": "buildings",
        "seed": 7043210347868971060
      }
    },
    {
      "type": "Feature",
      "id": "building-lot-block-district-business-44-32-1",
      "geometry": {
        "type": "Polygon",
        "coordinates": [
          [
            [
              1015.088,
              839.208
            ],
            [
              1036.752,
              839.208
            ],
            [
              1036.752,
              894.792
            ],
            [
              1015.088,
              894.792
            ],
            [
              1015.088,
              839.208
            ]
          ]
        ]
      },
      "properties": {
        "footprint": 1204.17,
        "floors": 11,
        "height": 35.2,
        "roof": "flat",
        "setback": 2.71,
        "use": "business",
        "material": "concrete",
        "editable_volume": {
          "width": 21.66,
          "depth": 55.58,
          "height": 35.2
        },
        "feature_type": "Building",
        "parent_id": "lot-block-district-business-44-32-1",
        "stage": "buildings",
        "seed": 7043210347868971060
      }
    },
    {
      "type": "Feature",
      "id": "building-lot-block-district-business-44-32-2",
      "geometry": {
        "type": "Polygon",
        "coordinates": [
          [
            [
              1045.168,
              839.208
            ],
            [
              1066.832,
              839.208
            ],
            [
              1066.832,
              894.792
            ],
            [
              1045.168,
              894.792
            ],
            [
              1045.168,
              839.208
            ]
          ]
        ]
      },
      "properties": {
        "footprint": 1204.17,
        "floors": 6,
        "height": 19.2,
        "roof": "flat",
        "setback": 2.71,
        "use": "business",
        "material": "concrete",
        "editable_volume": {
          "width": 21.66,
          "depth": 55.58,
          "height": 19.2
        },
        "feature_type": "Building",
        "parent_id": "lot-block-district-business-44-32-2",
        "stage": "buildings",
        "seed": 7043210347868971060
      }
    },
    {
      "type": "Feature",
      "id": "building-lot-block-district-business-44-33-1",
      "geometry": {
        "type": "Polygon",
        "coordinates": [
          [
            [
              1111.088,
              840.574
            ],
            [
              1132.752,
              840.574
            ],
            [
              1132.752,
              893.426
            ],
            [
              1111.088,
              893.426
            ],
            [
              1111.088,
              840.574
            ]
          ]
        ]
      },
      "properties": {
        "footprint": 1144.99,
        "floors": 11,
        "height": 35.2,
        "roof": "flat",
        "setback": 2.71,
        "use": "business",
        "material": "concrete",
        "editable_volume": {
          "width": 21.66,
          "depth": 52.85,
          "height": 35.2
        },
        "feature_type": "Building",
        "parent_id": "lot-block-district-business-44-33-1",
        "stage": "buildings",
        "seed": 7043210347868971060
      }
    },
    {
      "type": "Feature",
      "id": "building-lot-block-district-business-44-33-2",
      "geometry": {
        "type": "Polygon",
        "coordinates": [
          [
            [
              1141.168,
              840.574
            ],
            [
              1162.832,
              840.574
            ],
            [
              1162.832,
              893.426
            ],
            [
              1141.168,
              893.426
            ],
            [
              1141.168,
              840.574
            ]
          ]
        ]
      },
      "properties": {
        "footprint": 1144.99,
        "floors": 13,
        "height": 41.6,
        "roof": "flat",
        "setback": 2.71,
        "use": "business",
        "material": "concrete",
        "editable_volume": {
          "width": 21.66,
          "depth": 52.85,
          "height": 41.6
        },
        "feature_type": "Building",
        "parent_id": "lot-block-district-business-44-33-2",
        "stage": "buildings",
        "seed": 7043210347868971060
      }
    },
    {
      "type": "Feature",
      "id": "building-lot-block-district-business-44-33-3",
      "geometry": {
        "type": "Polygon",
        "coordinates": [
          [
            [
              1171.248,
              840.574
            ],
            [
              1192.912,
              840.574
            ],
            [
              1192.912,
              893.426
            ],
            [
              1171.248,
              893.426
            ],
            [
              1171.248,
              840.574
            ]
          ]
        ]
      },
      "properties": {
        "footprint": 1144.99,
        "floors": 14,
        "height": 44.8,
        "roof": "flat",
        "setback": 2.71,
        "use": "business",
        "material": "concrete",
        "editable_volume": {
          "width": 21.66,
          "depth": 52.85,
          "height": 44.8
        },
        "feature_type": "Building",
        "parent_id": "lot-block-district-business-44-33-3",
        "stage": "buildings",
        "seed": 7043210347868971060
      }
    },
    {
      "type": "Feature",
      "id": "harbor-coastline",
      "geometry": {
        "type": "LineString",
        "coordinates": [
          [
            0.0,
            216.0
          ],
          [
            1200.0,
            216.0
          ]
        ]
      },
      "properties": {
        "edge": "south",
        "orientation": "east_west",
        "water_id": "water-sea",
        "feature_type": "Coastline",
        "parent_id": null,
        "stage": "harbor",
        "seed": 13170775257514813737
      }
    },
    {
      "type": "Feature",
      "id": "harbor-dock-1",
      "geometry": {
        "type": "LineString",
        "coordinates": [
          [
            232.007,
            216.0
          ],
          [
            229.388,
            31.5
          ]
        ]
      },
      "properties": {
        "orientation": "south",
        "berths": 2,
        "length": 184.52,
        "access": "industrial_road",
        "feature_type": "Dock",
        "parent_id": null,
        "stage": "harbor",
        "seed": 13170775257514813737
      }
    },
    {
      "type": "Feature",
      "id": "harbor-dock-2",
      "geometry": {
        "type": "LineString",
        "coordinates": [
          [
            296.978,
            216.0
          ],
          [
            299.052,
            31.5
          ]
        ]
      },
      "properties": {
        "orientation": "south",
        "berths": 3,
        "length": 184.51,
        "access": "industrial_road",
        "feature_type": "Dock",
        "parent_id": null,
        "stage": "harbor",
        "seed": 13170775257514813737
      }
    },
    {
      "type": "Feature",
      "id": "harbor-dock-3",
      "geometry": {
        "type": "LineString",
        "coordinates": [
          [
            362.237,
            216.0
          ],
          [
            361.417,
            31.5
          ]
        ]
      },
      "properties": {
        "orientation": "south",
        "berths": 4,
        "length": 184.5,
        "access": "industrial_road",
        "feature_type": "Dock",
        "parent_id": null,
        "stage": "harbor",
        "seed": 13170775257514813737
      }
    },
    {
      "type": "Feature",
      "id": "harbor-dock-4",
      "geometry": {
        "type": "LineString",
        "coordinates": [
          [
            425.402,
            216.0
          ],
          [
            423.139,
            31.5
          ]
        ]
      },
      "properties": {
        "orientation": "south",
        "berths": 2,
        "length": 184.51,
        "access": "industrial_road",
        "feature_type": "Dock",
        "parent_id": null,
        "stage": "harbor",
        "seed": 13170775257514813737
      }
    },
    {
      "type": "Feature",
      "id": "harbor-warehouse-1",
      "geometry": {
        "type": "Polygon",
        "coordinates": [
          [
            [
              198.0,
              234.0
            ],
            [
              252.0,
              234.0
            ],
            [
              252.0,
              315.0
            ],
            [
              198.0,
              315.0
            ],
            [
              198.0,
              234.0
            ]
          ]
        ]
      },
      "properties": {
        "use": "warehouse",
        "loading_side": "south",
        "rail_spur_reserved": true,
        "feature_type": "Warehouse",
        "parent_id": null,
        "stage": "harbor",
        "seed": 13170775257514813737
      }
    },
    {
      "type": "Feature",
      "id": "harbor-warehouse-2",
      "geometry": {
        "type": "Polygon",
        "coordinates": [
          [
            [
              267.6,
              234.0
            ],
            [
              321.6,
              234.0
            ],
            [
              321.6,
              315.0
            ],
            [
              267.6,
              315.0
            ],
            [
              267.6,
              234.0
            ]
          ]
        ]
      },
      "properties": {
        "use": "warehouse",
        "loading_side": "south",
        "rail_spur_reserved": true,
        "feature_type": "Warehouse",
        "parent_id": null,
        "stage": "harbor",
        "seed": 13170775257514813737
      }
    },
    {
      "type": "Feature",
      "id": "harbor-warehouse-3",
      "geometry": {
        "type": "Polygon",
        "coordinates": [
          [
            [
              337.2,
              234.0
            ],
            [
              391.2,
              234.0
            ],
            [
              391.2,
              315.0
            ],
            [
              337.2,
              315.0
            ],
            [
              337.2,
              234.0
            ]
          ]
        ]
      },
      "properties": {
        "use": "warehouse",
        "loading_side": "south",
        "rail_spur_reserved": true,
        "feature_type": "Warehouse",
        "parent_id": null,
        "stage": "harbor",
        "seed": 13170775257514813737
      }
    },
    {
      "type": "Feature",
      "id": "harbor-warehouse-4",
      "geometry": {
        "type": "Polygon",
        "coordinates": [
          [
            [
              406.8,
              234.0
            ],
            [
              460.8,
              234.0
            ],
            [
              460.8,
              315.0
            ],
            [
              406.8,
              315.0
            ],
            [
              406.8,
              234.0
            ]
          ]
        ]
      },
      "properties": {
        "use": "warehouse",
        "loading_side": "south",
        "rail_spur_reserved": true,
        "feature_type": "Warehouse",
        "parent_id": null,
        "stage": "harbor",
        "seed": 13170775257514813737
      }
    },
    {
      "type": "Feature",
      "id": "harbor-warehouse-5",
      "geometry": {
        "type": "Polygon",
        "coordinates": [
          [
            [
              476.4,
              234.0
            ],
            [
              530.4,
              234.0
            ],
            [
              530.4,
              315.0
            ],
            [
              476.4,
              315.0
            ],
            [
              476.4,
              234.0
            ]
          ]
        ]
      },
      "properties": {
        "use": "warehouse",
        "loading_side": "south",
        "rail_spur_reserved": true,
        "feature_type": "Warehouse",
        "parent_id": null,
        "stage": "harbor",
        "seed": 13170775257514813737
      }
    },
    {
      "type": "Feature",
      "id": "harbor-industrial-road",
      "geometry": {
        "type": "LineString",
        "coordinates": [
          [
            156.0,
            333.0
          ],
          [
            576.0,
            333.0
          ]
        ]
      },
      "properties": {
        "road_class": "industrial",
        "width": 14,
        "connects": [
          "warehouse",
          "dock",
          "station"
        ],
        "feature_type": "HarborRoad",
        "parent_id": null,
        "stage": "harbor",
        "seed": 13170775257514813737
      }
    },
    {
      "type": "Feature",
      "id": "harbor-station-reserve",
      "geometry": {
        "type": "Polygon",
        "coordinates": [
          [
            [
              468.0,
              351.0
            ],
            [
              552.0,
              351.0
            ],
            [
              552.0,
              414.0
            ],
            [
              468.0,
              414.0
            ],
            [
              468.0,
              351.0
            ]
          ]
        ]
      },
      "properties": {
        "rail_connection": "northwest",
        "platforms": 2,
        "future_use": "station",
        "feature_type": "StationReserve",
        "parent_id": null,
        "stage": "harbor",
        "seed": 13170775257514813737
      }
    },
    {
      "type": "Feature",
      "id": "harbor-commercial-area",
      "geometry": {
        "type": "Polygon",
        "coordinates": [
          [
            [
              588.0,
              234.0
            ],
            [
              804.0,
              234.0
            ],
            [
              804.0,
              351.0
            ],
            [
              588.0,
              351.0
            ],
            [
              588.0,
              234.0
            ]
          ]
        ]
      },
      "properties": {
        "district_type": "commercial",
        "position": "east_of_warehouses",
        "road_access": "harbor-industrial-road",
        "station_access": "harbor-station-reserve",
        "area": 25272.0,
        "feature_type": "CommercialArea",
        "parent_id": "district-commercial-13",
        "stage": "harbor",
        "seed": 13170775257514813737
      }
    },
    {
      "type": "Feature",
      "id": "poi-warehouse-11",
      "geometry": {
        "type": "Point",
        "coordinates": [
          151.95,
          125.571
        ]
      },
      "properties": {
        "poi_type": "Warehouse",
        "district": "industrial",
        "service_radius": 200,
        "feature_type": "POI",
        "parent_id": "district-industrial-11",
        "stage": "poi",
        "seed": 12333683619362114465
      }
    },
    {
      "type": "Feature",
      "id": "poi-mall-13",
      "geometry": {
        "type": "Point",
        "coordinates": [
          766.383,
          134.385
        ]
      },
      "properties": {
        "poi_type": "Mall",
        "district": "commercial",
        "service_radius": 260,
        "feature_type": "POI",
        "parent_id": "district-commercial-13",
        "stage": "poi",
        "seed": 12333683619362114465
      }
    },
    {
      "type": "Feature",
      "id": "poi-warehouse-21",
      "geometry": {
        "type": "Point",
        "coordinates": [
          148.81,
          399.635
        ]
      },
      "properties": {
        "poi_type": "Warehouse",
        "district": "industrial",
        "service_radius": 200,
        "feature_type": "POI",
        "parent_id": "district-industrial-21",
        "stage": "poi",
        "seed": 12333683619362114465
      }
    },
    {
      "type": "Feature",
      "id": "poi-government-22",
      "geometry": {
        "type": "Point",
        "coordinates": [
          456.415,
          397.955
        ]
      },
      "properties": {
        "poi_type": "Government",
        "district": "business",
        "service_radius": 220,
        "feature_type": "POI",
        "parent_id": "district-business-22",
        "stage": "poi",
        "seed": 12333683619362114465
      }
    },
    {
      "type": "Feature",
      "id": "poi-temple-23",
      "geometry": {
        "type": "Point",
        "coordinates": [
          769.45,
          381.497
        ]
      },
      "properties": {
        "poi_type": "Temple",
        "district": "old_town",
        "service_radius": 140,
        "feature_type": "POI",
        "parent_id": "district-old_town-23",
        "stage": "poi",
        "seed": 12333683619362114465
      }
    },
    {
      "type": "Feature",
      "id": "poi-park-31",
      "geometry": {
        "type": "Point",
        "coordinates": [
          146.019,
          618.346
        ]
      },
      "properties": {
        "poi_type": "Park",
        "district": "park",
        "service_radius": 160,
        "feature_type": "POI",
        "parent_id": "district-park-31",
        "stage": "poi",
        "seed": 12333683619362114465
      }
    },
    {
      "type": "Feature",
      "id": "poi-station-32",
      "geometry": {
        "type": "Point",
        "coordinates": [
          471.144,
          621.721
        ]
      },
      "properties": {
        "poi_type": "Station",
        "district": "station_area",
        "service_radius": 240,
        "feature_type": "POI",
        "parent_id": "district-station_area-32",
        "stage": "poi",
        "seed": 12333683619362114465
      }
    },
    {
      "type": "Feature",
      "id": "poi-mall-33",
      "geometry": {
        "type": "Point",
        "coordinates": [
          763.254,
          611.141
        ]
      },
      "properties": {
        "poi_type": "Mall",
        "district": "commercial",
        "service_radius": 260,
        "feature_type": "POI",
        "parent_id": "district-commercial-33",
        "stage": "poi",
        "seed": 12333683619362114465
      }
    },
    {
      "type": "Feature",
      "id": "poi-park-41",
      "geometry": {
        "type": "Point",
        "coordinates": [
          151.017,
          803.455
        ]
      },
      "properties": {
        "poi_type": "Park",
        "district": "park",
        "service_radius": 160,
        "feature_type": "POI",
        "parent_id": "district-park-41",
        "stage": "poi",
        "seed": 12333683619362114465
      }
    },
    {
      "type": "Feature",
      "id": "poi-government-44",
      "geometry": {
        "type": "Point",
        "coordinates": [
          1061.277,
          792.402
        ]
      },
      "properties": {
        "poi_type": "Government",
        "district": "business",
        "service_radius": 220,
        "feature_type": "POI",
        "parent_id": "district-business-44",
        "stage": "poi",
        "seed": 12333683619362114465
      }
    },
    {
      "type": "Feature",
      "id": "poi-school-central",
      "geometry": {
        "type": "Point",
        "coordinates": [
          1055.254,
          146.416
        ]
      },
      "properties": {
        "poi_type": "School",
        "district": "residential",
        "service_radius": 180,
        "feature_type": "POI",
        "parent_id": "district-residential-14",
        "stage": "poi",
        "seed": 12333683619362114465
      }
    },
    {
      "type": "Feature",
      "id": "poi-hospital-central",
      "geometry": {
        "type": "Point",
        "coordinates": [
          454.014,
          592.901
        ]
      },
      "properties": {
        "poi_type": "Hospital",
        "district": "station_area",
        "service_radius": 180,
        "feature_type": "POI",
        "parent_id": "district-station_area-32",
        "stage": "poi",
        "seed": 12333683619362114465
      }
    },
    {
      "type": "Feature",
      "id": "poi-cafe-central",
      "geometry": {
        "type": "Point",
        "coordinates": [
          766.042,
          145.714
        ]
      },
      "properties": {
        "poi_type": "Cafe",
        "district": "commercial",
        "service_radius": 180,
        "feature_type": "POI",
        "parent_id": "district-commercial-13",
        "stage": "poi",
        "seed": 12333683619362114465
      }
    }
  ]
}
